mtllib blub.mtl
v 0.30383 -0.33446 -0.33987
v 0.40702 -0.33528 0.28328
v 0.3118 0.28154 -0.35383
v 0.36385 0.29569 0.31923
v 0.20165 -0.15011 0.90507
v 0.20165 0.04949 0.90507
v 0.0717 -0.15546 -0.81181
v 0.07569 0.07038 -0.8195
v 0 -0.45549 -0.35097
v 0 -0.44144 0.29984
v 0 -0.47588 -0.02093
v 0.36672 0.31382 -0.02349
v 0.49754 -0.04028 0.30809
v 0.40061 -0.03758 -0.34354
v 0 0.48847 0.39977
v 0.30415 -0.24967 0.71379
v 0 -0.14533 0.93514
v 0 -0.32259 0.71675
v 0.30415 0.18287 0.7187
v 0.23216 -0.05828 0.93514
v 0.4126 -0.04 0.71675
v 0 0.05415 0.93514
v 0 0.29334 0.73685
v 0 -0.06264 0.99732
v 0.20718 0.19576 -0.64784
v 0 0.08831 -0.85893
v 0.18096 -0.27342 -0.64209
v 0.08851 -0.04232 -0.8182
v 0.24356 -0.03045 -0.64353
v 0 -0.18361 -0.81919
v 0 -0.36084 -0.64353
v 0 -0.01624 -1.61128
v 0.11314 0.45909 -0.37452
v 0 0.61402 0.17452
v 0.10801 0.57351 -0.01363
v 0.16284 0.27825 -0.69236
v 0 0.24038 -0.91916
v 0.05169 0.68883 -0.48391
v 0 1.00763 0.03191
v 0.06043 0.94304 -0.12185
v 0.08301 0.44199 -0.77536
v 0 0.37615 -0.90891
v 0.02613 -0.14496 -1.01487
v 0.03134 0.03472 -1.02902
v 0 0.08362 -1.039
v 0.04165 -0.06609 -1.01448
v 0 -0.18438 -1.04012
v 0.03119 -0.2202 -1.19232
v 0.04292 0.11621 -1.22935
v 0 0.23212 -1.34016
v 0.05548 0.00063 -1.28859
v 0 -0.31376 -1.30218
v 0 0.32705 -1.89369
v 0.09965 0.27345 -1.51279
v 0 0.47038 -1.75546
v 0.10493 0.1875 -1.55025
v 0 -0.25704 -1.65046
v 0.06767 -0.20768 -1.2396
v 0.07204 -0.10146 -1.25726
v 0 -0.41857 -1.52422
v 0.44065 -0.37427 -0.00925
v 0.60129 -0.37855 0.0025
v 0.61097 -0.57647 -0.48302
v 0.69681 -0.57498 -0.46961
v 0.69091 -0.1484 -0.50336
v 0.62119 -0.14883 -0.51413
v 0.54079 -0.10824 -0.04948
v 0 0.48304 -0.79204
v 0 0.74191 -0.51117
v 0 1.02863 -0.15218
v -0.30383 -0.33446 -0.33987
v -0.40702 -0.33528 0.28328
v -0.3118 0.28154 -0.35383
v -0.36385 0.29569 0.31923
v -0.20165 -0.15011 0.90507
v -0.20165 0.04949 0.90507
v -0.0717 -0.15546 -0.81181
v -0.07569 0.07038 -0.8195
v -0.36672 0.31382 -0.02349
v -0.49754 -0.04028 0.30809
v -0.40061 -0.03758 -0.34354
v -0.30415 -0.24967 0.71379
v -0.30415 0.18287 0.7187
v -0.23216 -0.05828 0.93514
v -0.4126 -0.04 0.71675
v -0.20718 0.19576 -0.64784
v -0.18096 -0.27342 -0.64209
v -0.08851 -0.04232 -0.8182
v -0.24356 -0.03045 -0.64353
v -0.11314 0.45909 -0.37452
v -0.10801 0.57351 -0.01363
v -0.16284 0.27825 -0.69236
v -0.05169 0.68883 -0.48391
v -0.06043 0.94304 -0.12185
v -0.08301 0.44199 -0.77536
v -0.02613 -0.14496 -1.01487
v -0.03134 0.03472 -1.02902
v -0.04165 -0.06609 -1.01448
v -0.03119 -0.2202 -1.19232
v -0.04292 0.11621 -1.22935
v -0.05548 0.00063 -1.28859
v -0.09965 0.27345 -1.51279
v -0.10493 0.1875 -1.55025
v -0.06767 -0.20768 -1.2396
v -0.07204 -0.10146 -1.25726
v -0.44065 -0.37427 -0.00925
v -0.60129 -0.37855 0.0025
v -0.61097 -0.57647 -0.48302
v -0.69681 -0.57498 -0.46961
v -0.69091 -0.1484 -0.50336
v -0.62119 -0.14883 -0.51413
v -0.54079 -0.10824 -0.04948
v 0.20857 -0.41235 0.30175
v 0.34796 -0.29732 0.51195
v 0.16715 -0.30514 0.71527
v 0 -0.39433 0.51346
v 0.19042 -0.36991 0.51325
v 0.25062 -0.19348 0.84346
v 0.11787 -0.14792 0.92514
v 0 -0.22956 0.8539
v 0.13919 -0.22277 0.84904
v 0.48282 -0.19756 0.3113
v 0.46506 -0.03504 0.51445
v 0.38627 -0.15562 0.71527
v 0.43787 -0.1783 0.51434
v 0.46258 0.12996 0.30355
v 0.34357 0.24968 0.5274
v 0.38627 0.07751 0.71586
v 0.43549 0.11169 0.51516
v 0.25062 0.10597 0.84404
v 0.22249 -0.00114 0.92514
v 0.33291 -0.04956 0.8539
v 0.3134 0.03442 0.84911
v 0.22249 -0.11051 0.92514
v 0.3134 -0.13104 0.84904
v 0.19566 0.43195 0.36578
v 0 0.4109 0.57442
v 0.16715 0.26184 0.72964
v 0.18854 0.36287 0.55622
v 0 0.16509 0.85629
v 0.11787 0.05194 0.92514
v 0.13919 0.14977 0.85075
v 0 -0.01866 0.98172
v 0.11904 -0.06207 0.98172
v 0.11625 -0.01591 0.96739
v 0 -0.09591 0.98172
v 0.11625 -0.0996 0.96739
v 0.37822 0.13587 -0.35001
v 0.32754 -0.02931 -0.51013
v 0.23177 0.10119 -0.6435
v 0.2665 0.24624 -0.51112
v 0.31051 0.12682 -0.51081
v 0.37928 -0.20092 -0.33913
v 0.24473 -0.31505 -0.50952
v 0.22865 -0.16391 -0.64281
v 0.30816 -0.18574 -0.50952
v 0.12067 -0.21075 -0.73262
v 0.08577 -0.10667 -0.8149
v 0.1583 -0.0362 -0.7369
v 0.14998 -0.13343 -0.73475
v 0.08619 0.0227 -0.8159
v 0.13437 0.13176 -0.74979
v 0.1516 0.06076 -0.7368
v 0.16865 -0.4233 -0.34648
v 0 -0.42276 -0.51101
v 0.09975 -0.33948 -0.64281
v 0.13518 -0.39566 -0.51039
v 0 -0.26581 -0.73701
v 0.04078 -0.17857 -0.81559
v 0.06716 -0.25349 -0.73483
v 0 0.52244 0.25506
v 0.36684 0.3157 0.14077
v 0.22228 0.44619 -0.0036
v 0.07667 0.59965 0.12239
v 0.18013 0.4714 0.18449
v 0.34744 0.30275 -0.18902
v 0.20779 0.37381 -0.35485
v 0.10735 0.52962 -0.19151
v 0.21916 0.41797 -0.18197
v 0.18379 0.23496 -0.66262
v 0.14925 0.36264 -0.53689
v 0.20689 0.30744 -0.51397
v 0.04974 0.08776 -0.83976
v 0 0.16114 -0.86807
v 0.10273 0.24214 -0.8454
v 0.10208 0.16723 -0.80184
v 0.06768 0.76583 -0.06453
v 0.04021 0.99632 -0.00652
v 0 0.81328 0.10248
v 0.04438 0.8036 0.05786
v 0.06913 0.57981 -0.42834
v 0.05541 0.83172 -0.29572
v 0.06479 0.68847 -0.24072
v 0.12682 0.36062 -0.73719
v 0.07089 0.54913 -0.64534
v 0.10587 0.4576 -0.59114
v 0 0.31548 -0.93139
v 0.05574 0.38837 -0.87174
v 0.08358 0.32046 -0.87031
v 0.04108 0.04254 -0.91186
v 0.0139 0.07327 -1.03085
v 0 0.06391 -0.92499
v 0.02401 0.06072 -0.91871
v 0.04934 -0.04791 -0.91456
v 0.04215 -0.01804 -1.01288
v 0.04844 0.0027 -0.91201
v 0.04031 -0.13494 -0.90935
v 0.03575 -0.10878 -1.01239
v 0.04784 -0.09711 -0.91141
v 0 -0.15934 -0.92002
v 0.01377 -0.17287 -1.02986
v 0.02303 -0.15436 -0.9152
v 0.02866 0.0664 -1.12307
v 0.02282 0.19387 -1.29908
v 0 0.13563 -1.17269
v 0.01269 0.11487 -1.15183
v 0.05787 -0.11346 -1.10909
v 0.07697 -0.16037 -1.25565
v 0.05881 -0.02213 -1.11065
v 0.06379 -0.06759 -1.10717
v 0.02614 -0.17621 -1.11252
v 0.04812 -0.22017 -1.21301
v 0.04299 -0.14558 -1.10505
v 0 -0.23965 -1.17204
v 0.01809 -0.27557 -1.25798
v 0.01226 -0.21703 -1.1482
v 0.07909 0.19661 -1.37391
v 0.06744 0.39288 -1.65972
v 0 0.37184 -1.55138
v 0.04572 0.31019 -1.48534
v 0.05656 0.04623 -1.20562
v 0.08642 0.08922 -1.4064
v 0.11699 0.22529 -1.51831
v 0.09561 0.11547 -1.3296
v 0.03374 -0.01532 -1.48896
v 0 0.15518 -1.75112
v 0.0724 0.26817 -1.75246
v 0.05228 0.12425 -1.61766
v 0 0.44785 -1.88894
v 0.07915 0.36841 -1.7576
v 0.05611 -0.05486 -1.25233
v 0.04761 -0.2033 -1.50684
v 0 -0.14771 -1.60982
v 0.03631 -0.11781 -1.47699
v 0.04868 0.00843 -1.13887
v 0 -0.38974 -1.41876
v 0.04432 -0.34408 -1.42354
v 0.03089 -0.3291 -1.34698
v 0 -0.36149 -1.61542
v 0.05085 -0.29083 -1.48591
v 0.55255 -0.42335 -0.00166
v 0.52519 -0.31544 0.16474
v 0.40023 -0.3727 0.15295
v 0.5031 -0.35416 0.13379
v 0.35612 -0.34081 -0.15448
v 0.21652 -0.43603 -0.00396
v 0 -0.47208 -0.18274
v 0.19648 -0.43337 -0.1699
v 0 -0.46704 0.12933
v 0.21591 -0.43229 0.1414
v 0.55779 -0.52494 -0.2824
v 0.66219 -0.6536 -0.51918
v 0.66779 -0.52458 -0.26555
v 0.61627 -0.60675 -0.27415
v 0.61228 -0.37629 -0.53657
v 0.667 -0.08657 -0.56416
v 0.71146 -0.375 -0.52117
v 0.67876 -0.39596 -0.61602
v 0.46278 0.1234 -0.01927
v 0.4602 -0.06044 -0.16726
v 0.42904 0.13106 -0.18045
v 0.51984 -0.06139 0.14886
v 0.47121 0.12988 0.13394
v 0.59881 -0.25327 -0.01035
v 0.53635 -0.21361 0.16522
v 0.49544 -0.2533 -0.1068
v 0.43799 -0.21721 -0.16181
v 0.65107 -0.0977 -0.32785
v 0.67514 -0.31762 -0.28297
v 0.58556 -0.09773 -0.3398
v 0.55281 -0.31856 -0.30961
v 0.63661 -0.00891 -0.4216
v 0 0.41953 -0.8689
v 0.04195 0.47873 -0.7887
v 0.03467 0.42417 -0.85665
v 0 0.5944 -0.67154
v 0.02894 0.73537 -0.50793
v 0.03604 0.58888 -0.66829
v 0 0.90113 -0.32328
v 0.03841 1.01785 -0.15057
v 0.03365 0.89261 -0.32023
v 0 1.07769 -0.03849
v 0.03109 1.06523 -0.05238
v -0.16715 -0.30514 0.71527
v -0.34796 -0.29732 0.51195
v -0.20857 -0.41235 0.30175
v -0.19042 -0.36991 0.51325
v -0.11787 -0.14792 0.92514
v -0.25062 -0.19348 0.84346
v -0.13919 -0.22277 0.84904
v -0.38627 -0.15562 0.71527
v -0.46506 -0.03504 0.51445
v -0.48282 -0.19756 0.3113
v -0.43787 -0.1783 0.51434
v -0.38627 0.07751 0.71586
v -0.34357 0.24968 0.5274
v -0.46258 0.12996 0.30355
v -0.43549 0.11169 0.51516
v -0.33291 -0.04956 0.8539
v -0.22249 -0.00114 0.92514
v -0.25062 0.10597 0.84404
v -0.3134 0.03442 0.84911
v -0.22249 -0.11051 0.92514
v -0.3134 -0.13104 0.84904
v -0.16715 0.26184 0.72964
v -0.19566 0.43195 0.36578
v -0.18854 0.36287 0.55622
v -0.11787 0.05194 0.92514
v -0.13919 0.14977 0.85075
v -0.11904 -0.06207 0.98172
v -0.11625 -0.01591 0.96739
v -0.11625 -0.0996 0.96739
v -0.2665 0.24624 -0.51112
v -0.23177 0.10119 -0.6435
v -0.32754 -0.02931 -0.51013
v -0.37822 0.13587 -0.35001
v -0.31051 0.12682 -0.51081
v -0.22865 -0.16391 -0.64281
v -0.24473 -0.31505 -0.50952
v -0.37928 -0.20092 -0.33913
v -0.30816 -0.18574 -0.50952
v -0.1583 -0.0362 -0.7369
v -0.08577 -0.10667 -0.8149
v -0.12067 -0.21075 -0.73262
v -0.14998 -0.13343 -0.73475
v -0.13437 0.13176 -0.74979
v -0.08619 0.0227 -0.8159
v -0.1516 0.06076 -0.7368
v -0.09975 -0.33948 -0.64281
v -0.16865 -0.4233 -0.34648
v -0.13518 -0.39566 -0.51039
v -0.04078 -0.17857 -0.81559
v -0.06716 -0.25349 -0.73483
v -0.07667 0.59965 0.12239
v -0.22228 0.44619 -0.0036
v -0.36684 0.3157 0.14077
v -0.18013 0.4714 0.18449
v -0.10735 0.52962 -0.19151
v -0.20779 0.37381 -0.35485
v -0.34744 0.30275 -0.18902
v -0.21916 0.41797 -0.18197
v -0.14925 0.36264 -0.53689
v -0.18379 0.23496 -0.66262
v -0.20689 0.30744 -0.51397
v -0.10273 0.24214 -0.8454
v -0.04974 0.08776 -0.83976
v -0.10208 0.16723 -0.80184
v -0.04021 0.99632 -0.00652
v -0.06768 0.76583 -0.06453
v -0.04438 0.8036 0.05786
v -0.05541 0.83172 -0.29572
v -0.06913 0.57981 -0.42834
v -0.06479 0.68847 -0.24072
v -0.07089 0.54913 -0.64534
v -0.12682 0.36062 -0.73719
v -0.10587 0.4576 -0.59114
v -0.05574 0.38837 -0.87174
v -0.08358 0.32046 -0.87031
v -0.0139 0.07327 -1.03085
v -0.04108 0.04254 -0.91186
v -0.02401 0.06072 -0.91871
v -0.04215 -0.01804 -1.01288
v -0.04934 -0.04791 -0.91456
v -0.04844 0.0027 -0.91201
v -0.03575 -0.10878 -1.01239
v -0.04031 -0.13494 -0.90935
v -0.04784 -0.09711 -0.91141
v -0.01377 -0.17287 -1.02986
v -0.02303 -0.15436 -0.9152
v -0.02282 0.19387 -1.29908
v -0.02866 0.0664 -1.12307
v -0.01269 0.11487 -1.15183
v -0.05656 0.04623 -1.20562
v -0.05611 -0.05486 -1.25233
v -0.05881 -0.02213 -1.11065
v -0.04868 0.00843 -1.13887
v -0.05787 -0.11346 -1.10909
v -0.04812 -0.22017 -1.21301
v -0.02614 -0.17621 -1.11252
v -0.04299 -0.14558 -1.10505
v -0.01809 -0.27557 -1.25798
v -0.01226 -0.21703 -1.1482
v -0.06744 0.39288 -1.65972
v -0.07909 0.19661 -1.37391
v -0.04572 0.31019 -1.48534
v -0.11699 0.22529 -1.51831
v -0.08642 0.08922 -1.4064
v -0.09561 0.11547 -1.3296
v -0.0724 0.26817 -1.75246
v -0.03374 -0.01532 -1.48896
v -0.05228 0.12425 -1.61766
v -0.07915 0.36841 -1.7576
v -0.04761 -0.2033 -1.50684
v -0.03631 -0.11781 -1.47699
v -0.07697 -0.16037 -1.25565
v -0.06379 -0.06759 -1.10717
v -0.04432 -0.34408 -1.42354
v -0.03089 -0.3291 -1.34698
v -0.05085 -0.29083 -1.48591
v -0.40023 -0.3727 0.15295
v -0.52519 -0.31544 0.16474
v -0.55255 -0.42335 -0.00166
v -0.5031 -0.35416 0.13379
v -0.21652 -0.43603 -0.00396
v -0.35612 -0.34081 -0.15448
v -0.19648 -0.43337 -0.1699
v -0.21591 -0.43229 0.1414
v -0.66779 -0.52458 -0.26555
v -0.66219 -0.6536 -0.51918
v -0.55779 -0.52494 -0.2824
v -0.61627 -0.60675 -0.27415
v -0.71146 -0.375 -0.52117
v -0.667 -0.08657 -0.56416
v -0.61228 -0.37629 -0.53657
v -0.67876 -0.39596 -0.61602
v -0.4602 -0.06044 -0.16726
v -0.46278 0.1234 -0.01927
v -0.42904 0.13106 -0.18045
v -0.51984 -0.06139 0.14886
v -0.47121 0.12988 0.13394
v -0.59881 -0.25327 -0.01035
v -0.53635 -0.21361 0.16522
v -0.49544 -0.2533 -0.1068
v -0.43799 -0.21721 -0.16181
v -0.65107 -0.0977 -0.32785
v -0.67514 -0.31762 -0.28297
v -0.58556 -0.09773 -0.3398
v -0.55281 -0.31856 -0.30961
v -0.63661 -0.00891 -0.4216
v -0.04195 0.47873 -0.7887
v -0.03467 0.42417 -0.85665
v -0.02894 0.73537 -0.50793
v -0.03604 0.58888 -0.66829
v -0.03841 1.01785 -0.15057
v -0.03365 0.89261 -0.32023
v -0.03109 1.06523 -0.05238
v 0.1054 -0.43361 0.30094
v 0.20059 -0.39399 0.40358
v 0.09709 -0.38816 0.51351
v 0 -0.42079 0.40352
v 0.1017 -0.41384 0.4039
v 0.3077 -0.38024 0.29859
v 0.37203 -0.31726 0.39909
v 0.27592 -0.33978 0.51236
v 0.29328 -0.36221 0.40113
v 0.3265 -0.27489 0.61947
v 0.2413 -0.28244 0.71426
v 0.17939 -0.3403 0.62021
v 0.25905 -0.31323 0.61971
v 0.08546 -0.31834 0.71628
v 0 -0.36171 0.62083
v 0.0917 -0.3564 0.62064
v 0.15331 -0.26485 0.791
v 0.07134 -0.22814 0.85242
v 0 -0.27724 0.79389
v 0.07842 -0.27434 0.79298
v 0.27841 -0.22172 0.78804
v 0.20008 -0.21192 0.8453
v 0.22115 -0.24768 0.78899
v 0.22309 -0.16795 0.88244
v 0.16755 -0.14943 0.91483
v 0.12652 -0.18268 0.89259
v 0.1805 -0.17842 0.8861
v 0.06071 -0.14619 0.93241
v 0 -0.18409 0.89993
v 0.06511 -0.18401 0.89782
v 0.45567 -0.26784 0.30499
v 0.45994 -0.18873 0.40744
v 0.40159 -0.24248 0.51299
v 0.42602 -0.25772 0.40344
v 0.49633 -0.12136 0.31124
v 0.48316 -0.03603 0.40696
v 0.4587 -0.10822 0.51474
v 0.4785 -0.1141 0.40818
v 0.44198 -0.03659 0.62092
v 0.40613 -0.09919 0.71628
v 0.4141 -0.16727 0.62031
v 0.43516 -0.10339 0.62076
v 0.35246 -0.20665 0.71426
v 0.37813 -0.2254 0.61977
v 0.48691 0.04423 0.30463
v 0.45159 0.12312 0.40624
v 0.45758 0.03876 0.51412
v 0.47458 0.04358 0.40563
v 0.4223 0.21456 0.30752
v 0.35629 0.2757 0.42159
v 0.39781 0.18243 0.51907
v 0.41266 0.20101 0.41087
v 0.32606 0.21845 0.62899
v 0.35246 0.1325 0.71631
v 0.41386 0.09628 0.62134
v 0.37775 0.1594 0.6237
v 0.40613 0.01948 0.71634
v 0.43504 0.03049 0.6208
v 0.35248 0.05618 0.79124
v 0.32813 -0.00699 0.85243
v 0.37597 -0.04455 0.79389
v 0.37021 0.00653 0.793
v 0.27841 0.14418 0.79009
v 0.28806 0.07288 0.84554
v 0.32212 0.10267 0.78984
v 0.22309 0.07236 0.8825
v 0.21197 0.02723 0.91483
v 0.26999 0.01454 0.8926
v 0.25155 0.04652 0.88612
v 0.22958 -0.03003 0.93241
v 0.28459 -0.05437 0.89993
v 0.28093 -0.01965 0.89782
v 0.35248 -0.14329 0.791
v 0.28806 -0.16585 0.8453
v 0.32212 -0.18625 0.78899
v 0.32813 -0.09158 0.85242
v 0.37021 -0.09526 0.79298
v 0.22958 -0.08527 0.93241
v 0.26999 -0.11979 0.89259
v 0.28093 -0.08822 0.89782
v 0.21197 -0.13331 0.91483
v 0.25155 -0.14741 0.8861
v 0.28619 0.37038 0.34027
v 0.1943 0.40263 0.46035
v 0.27249 0.31156 0.54095
v 0.2819 0.34497 0.43956
v 0.09917 0.47327 0.38915
v 0 0.45654 0.48623
v 0.09632 0.39785 0.56897
v 0.09901 0.4419 0.47834
v 0 0.35527 0.65956
v 0.08546 0.28493 0.73469
v 0.1792 0.31512 0.64784
v 0.09162 0.34442 0.65607
v 0.2413 0.22688 0.72367
v 0.25871 0.27168 0.63784
v 0.15331 0.20561 0.79699
v 0.20008 0.13153 0.84642
v 0.22115 0.17897 0.79291
v 0 0.22878 0.80227
v 0.07134 0.16114 0.85461
v 0.07842 0.22271 0.80065
v 0 0.10573 0.90017
v 0.06071 0.05344 0.93241
v 0.12652 0.09768 0.89276
v 0.06511 0.10361 0.89803
v 0.16755 0.05042 0.91483
v 0.1805 0.08813 0.88621
v 0.11523 0.01448 0.94983
v 0.17105 -0.01083 0.94983
v 0.16667 0.01802 0.93529
v 0 0.01313 0.96229
v 0.05881 -0.01816 0.97809
v 0.05888 0.01328 0.95903
v 0 -0.04324 0.99341
v 0.05989 -0.06257 0.99341
v 0.11807 -0.04095 0.97809
v 0.05945 -0.0428 0.98957
v 0.17671 -0.06077 0.96229
v 0.17504 -0.03695 0.95903
v 0.11807 -0.08083 0.97809
v 0.17105 -0.10395 0.94983
v 0.17504 -0.08277 0.95903
v 0 -0.07906 0.99341
v 0.05881 -0.09688 0.97809
v 0.05945 -0.07954 0.98957
v 0 -0.1168 0.96229
v 0.11523 -0.12097 0.94983
v 0.05888 -0.11797 0.95903
v 0.16667 -0.12548 0.93529
v 0.35069 0.2148 -0.35257
v 0.34625 0.13331 -0.43273
v 0.29126 0.19352 -0.51103
v 0.29047 0.26576 -0.43414
v 0.32266 0.20606 -0.43373
v 0.39475 0.04999 -0.34679
v 0.36594 -0.03196 -0.43006
v 0.32302 0.05094 -0.51049
v 0.36081 0.05236 -0.43141
v 0.28642 -0.02901 -0.5819
v 0.24025 0.03767 -0.64337
v 0.27202 0.11618 -0.58186
v 0.28247 0.04597 -0.58186
v 0.22009 0.15545 -0.64472
v 0.23902 0.22292 -0.58295
v 0.25692 0.17678 -0.58214
v 0.39591 -0.122 -0.34086
v 0.34528 -0.19384 -0.42821
v 0.32291 -0.10933 -0.50978
v 0.36115 -0.11505 -0.42894
v 0.34912 -0.27238 -0.33869
v 0.27538 -0.32722 -0.42851
v 0.2824 -0.25538 -0.50941
v 0.31711 -0.2655 -0.42802
v 0.21291 -0.29733 -0.58126
v 0.20917 -0.22314 -0.64232
v 0.26894 -0.17599 -0.58155
v 0.24607 -0.24145 -0.58134
v 0.23993 -0.0987 -0.6433
v 0.28217 -0.10412 -0.58178
v 0.18842 -0.14918 -0.69258
v 0.15637 -0.08612 -0.73621
v 0.20014 -0.03302 -0.69397
v 0.19733 -0.09252 -0.69352
v 0.14988 -0.24333 -0.6912
v 0.13834 -0.17576 -0.73329
v 0.17281 -0.20034 -0.69164
v 0.09428 -0.18002 -0.77121
v 0.08067 -0.13389 -0.81272
v 0.11515 -0.11861 -0.77397
v 0.10716 -0.15256 -0.77206
v 0.08803 -0.07556 -0.81713
v 0.12032 -0.03947 -0.77681
v 0.11921 -0.08023 -0.7759
v 0.19092 0.082 -0.69411
v 0.14405 0.10118 -0.74045
v 0.17086 0.1649 -0.704
v 0.18155 0.12952 -0.69697
v 0.15653 0.01384 -0.73642
v 0.19758 0.02646 -0.69368
v 0.08805 -0.00881 -0.81728
v 0.11608 0.04001 -0.77567
v 0.11929 0.00151 -0.77609
v 0.08229 0.04988 -0.816
v 0.10224 0.09846 -0.78519
v 0.11046 0.07326 -0.77791
v 0.24252 -0.38525 -0.34281
v 0.15248 -0.41237 -0.43128
v 0.19476 -0.36199 -0.5099
v 0.21948 -0.37647 -0.42974
v 0.08642 -0.44718 -0.34961
v 0 -0.44182 -0.43316
v 0.06919 -0.41596 -0.51082
v 0.07809 -0.43435 -0.43259
v 0 -0.3964 -0.58199
v 0.05103 -0.35557 -0.6433
v 0.11739 -0.37182 -0.58164
v 0.06006 -0.39028 -0.58188
v 0.14383 -0.31222 -0.64232
v 0.16925 -0.34088 -0.58139
v 0.08287 -0.29825 -0.69259
v 0.09647 -0.23645 -0.73333
v 0.11935 -0.27587 -0.69164
v 0 -0.3153 -0.69398
v 0.03443 -0.26292 -0.73632
v 0.04243 -0.31117 -0.69354
v 0 -0.21952 -0.77723
v 0.021 -0.18263 -0.81805
v 0.053 -0.21149 -0.77426
v 0.02724 -0.21777 -0.77628
v 0.05808 -0.17 -0.81309
v 0.07584 -0.19936 -0.77221
v 0 0.55512 0.20973
v 0.08548 0.51021 0.23823
v 0.11613 0.53131 0.14944
v 0.04196 0.60957 0.16092
v 0.06313 0.5475 0.19409
v 0.19172 0.45038 0.27664
v 0 0.5056 0.3202
v 0.09588 0.49117 0.30659
v 0.36634 0.30894 0.2265
v 0.28467 0.39475 0.16027
v 0.28538 0.3867 0.24825
v 0.29654 0.38548 -0.01371
v 0.21089 0.45793 0.08526
v 0.36799 0.31663 0.05821
v 0.29159 0.39251 0.07274
v 0.09814 0.58799 0.06235
v 0.15698 0.50437 -0.00292
v 0.14503 0.51767 0.07972
v 0.22365 0.43336 -0.09279
v 0.15658 0.46951 -0.18234
v 0.10945 0.55441 -0.09976
v 0.15917 0.48885 -0.09136
v 0.3597 0.30926 -0.10601
v 0.28603 0.36539 -0.18598
v 0.29418 0.37658 -0.10008
v 0.33109 0.2937 -0.27186
v 0.26214 0.33248 -0.35366
v 0.21261 0.3986 -0.26977
v 0.27453 0.351 -0.27073
v 0.15579 0.4134 -0.3607
v 0.10685 0.49817 -0.28454
v 0.15389 0.44485 -0.27305
v 0.2376 0.28186 -0.51134
v 0.20734 0.34272 -0.43609
v 0.25062 0.30917 -0.43408
v 0.19481 0.21936 -0.65363
v 0.20089 0.27064 -0.58924
v 0.22002 0.25159 -0.58475
v 0.1742 0.25253 -0.67531
v 0.16326 0.31604 -0.61407
v 0.17677 0.33163 -0.52161
v 0.18222 0.28951 -0.59835
v 0.12962 0.41226 -0.45798
v 0.16543 0.37442 -0.44307
v 0.15109 0.20219 -0.73421
v 0.10448 0.20674 -0.82306
v 0.14114 0.25406 -0.77278
v 0.14681 0.22459 -0.75306
v 0.12241 0.15071 -0.7676
v 0.16018 0.18598 -0.71664
v 0.06553 0.08244 -0.82786
v 0.07094 0.12096 -0.82017
v 0.09061 0.1136 -0.79946
v 0 0.12116 -0.85467
v 0.04942 0.16201 -0.851
v 0.02684 0.08874 -0.85259
v 0.03832 0.12177 -0.84356
v 0.05392 0.23959 -0.89836
v 0 0.20114 -0.89398
v 0.05397 0.20128 -0.87408
v 0.05439 0.69454 0.09151
v 0.02361 0.81113 0.09096
v 0 0.70505 0.13892
v 0.02932 0.70227 0.12661
v 0.08009 0.6643 -0.03566
v 0.05962 0.78918 0.00519
v 0.07149 0.68239 0.03624
v 0.06354 0.86358 -0.095
v 0.05368 0.97657 -0.05519
v 0.04139 0.90985 0.02425
v 0.05589 0.89253 -0.02666
v 0.02147 1.00549 0.02242
v 0 0.92028 0.0664
v 0.02196 0.91819 0.05566
v 0.07842 0.60544 -0.21249
v 0.06794 0.73187 -0.14829
v 0.08084 0.63868 -0.12027
v 0.08538 0.51669 -0.3985
v 0.06344 0.63724 -0.336
v 0.07815 0.56473 -0.307
v 0.05952 0.64 -0.45862
v 0.05131 0.76198 -0.39111
v 0.05945 0.76759 -0.27039
v 0.05655 0.70616 -0.36591
v 0.05984 0.89357 -0.20391
v 0.06339 0.82112 -0.17809
v 0.1259 0.4066 -0.56145
v 0.08542 0.51827 -0.51297
v 0.10366 0.46222 -0.48271
v 0.14669 0.31608 -0.71393
v 0.12237 0.40324 -0.66512
v 0.1432 0.35588 -0.63758
v 0.105 0.40491 -0.75878
v 0.08044 0.48973 -0.71405
v 0.08794 0.50775 -0.62081
v 0.10128 0.45042 -0.69213
v 0.05957 0.61667 -0.56878
v 0.07176 0.57243 -0.54343
v 0.09527 0.28081 -0.86125
v 0.11276 0.334 -0.80817
v 0.12935 0.29198 -0.79162
v 0 0.27894 -0.93127
v 0.04431 0.31584 -0.91442
v 0.05033 0.27832 -0.91161
v 0 0.34841 -0.92283
v 0.02977 0.37858 -0.89918
v 0.06972 0.3575 -0.87351
v 0.03706 0.34997 -0.9094
v 0.07432 0.40871 -0.82913
v 0.09366 0.37471 -0.82112
v 0.03445 0.06822 -0.87315
v 0.01248 0.06342 -0.92295
v 0 0.06952 -0.88359
v 0.01827 0.06962 -0.88018
v 0.05532 0.05235 -0.86195
v 0.0337 0.0542 -0.91463
v 0.04675 0.06312 -0.86645
v 0.03289 0.03794 -0.9671
v 0.02148 0.05924 -1.02638
v 0.01753 0.063 -0.97271
v 0.0257 0.05326 -0.9694
v 0.00685 0.08113 -1.03631
v 0 0.06933 -0.97837
v 0.00888 0.06797 -0.97648
v 0.06353 0.01107 -0.86189
v 0.04587 0.02487 -0.91115
v 0.06067 0.0345 -0.8608
v 0.06484 -0.04456 -0.86467
v 0.04935 -0.02207 -0.91365
v 0.06466 -0.01594 -0.8637
v 0.04171 -0.0544 -0.96534
v 0.04284 -0.04249 -1.01351
v 0.04114 -0.00567 -0.96353
v 0.04208 -0.02998 -0.96449
v 0.03883 0.00679 -1.01561
v 0.03814 0.01752 -0.96437
v 0.06337 -0.09935 -0.86128
v 0.049 -0.07333 -0.9135
v 0.06466 -0.07289 -0.86355
v 0.05373 -0.14067 -0.85837
v 0.04517 -0.11804 -0.9096
v 0.06004 -0.12245 -0.85913
v 0.03118 -0.13685 -0.96233
v 0.03135 -0.1277 -1.01221
v 0.03877 -0.10017 -0.96266
v 0.03571 -0.12001 -0.9615
v 0.03922 -0.08823 -1.01372
v 0.04066 -0.07805 -0.96441
v 0.03079 -0.15995 -0.8628
v 0.03275 -0.14686 -0.91162
v 0.04374 -0.15286 -0.85994
v 0 -0.16401 -0.86682
v 0.01187 -0.15825 -0.91852
v 0.01589 -0.16324 -0.86555
v 0 -0.167 -0.97804
v 0.00697 -0.18128 -1.03702
v 0.01738 -0.15945 -0.97137
v 0.00892 -0.16511 -0.976
v 0.02021 -0.16037 -1.02152
v 0.02496 -0.15003 -0.96615
v 0.01218 0.09021 -1.08974
v 0.00616 0.12998 -1.16635
v 0 0.10517 -1.10311
v 0.00589 0.10129 -1.09889
v 0.02869 0.04992 -1.07842
v 0.01998 0.09278 -1.13518
v 0.01938 0.07272 -1.08058
v 0.03272 0.08767 -1.17198
v 0.03338 0.15659 -1.26294
v 0.01601 0.14877 -1.2205
v 0.02423 0.12009 -1.19468
v 0.01158 0.2213 -1.32807
v 0 0.17722 -1.25071
v 0.00796 0.16928 -1.24173
v 0.05131 -0.03816 -1.05807
v 0.06258 -0.04341 -1.10696
v 0.04495 0.00775 -1.06906
v 0.04904 -0.01393 -1.05966
v 0.04834 -0.08504 -1.06059
v 0.06218 -0.09176 -1.1086
v 0.05098 -0.06236 -1.05933
v 0.06579 -0.1536 -1.16657
v 0.07397 -0.1876 -1.24936
v 0.07404 -0.10767 -1.1699
v 0.07148 -0.13279 -1.16929
v 0.07641 -0.13023 -1.25833
v 0.06919 -0.05792 -1.16965
v 0.07332 -0.08158 -1.1696
v 0.03806 -0.12337 -1.05881
v 0.05116 -0.13087 -1.10719
v 0.04385 -0.10515 -1.05986
v 0.0248 -0.15806 -1.0649
v 0.03439 -0.15982 -1.10556
v 0.03153 -0.14066 -1.05971
v 0.02891 -0.19903 -1.15744
v 0.03834 -0.22015 -1.20056
v 0.04748 -0.17726 -1.15508
v 0.03773 -0.18619 -1.15189
v 0.0585 -0.21742 -1.2268
v 0.05733 -0.16757 -1.16105
v 0.01209 -0.19245 -1.08926
v 0.01884 -0.19652 -1.12853
v 0.01832 -0.17608 -1.07593
v 0 -0.20906 -1.10537
v 0.00604 -0.23306 -1.16487
v 0.00601 -0.20438 -1.10053
v 0 -0.27495 -1.23827
v 0.00926 -0.30225 -1.28895
v 0.01422 -0.24546 -1.20519
v 0.00711 -0.26612 -1.22829
v 0.02594 -0.2442 -1.22102
v 0.02135 -0.22069 -1.17819
v 0.03344 0.25064 -1.38948
v 0.02378 0.35395 -1.53192
v 0 0.30067 -1.44262
v 0.01715 0.28635 -1.42702
v 0.06025 0.15362 -1.29793
v 0.06424 0.25363 -1.42737
v 0.04804 0.2032 -1.34234
v 0.09325 0.24035 -1.45128
v 0.08923 0.32684 -1.5778
v 0.05736 0.36178 -1.57863
v 0.07793 0.29955 -1.51033
v 0.0362 0.44733 -1.72706
v 0 0.43271 -1.65836
v 0.03042 0.41178 -1.63469
v 0.051 0.07879 -1.20774
v 0.07446 0.07622 -1.25994
v 0.09004 0.14989 -1.33945
v 0.06935 0.11046 -1.26793
v 0.05844 0.01977 -1.23017
v 0.06922 0.04081 -1.33827
v 0.09436 0.09424 -1.34915
v 0.07467 0.05243 -1.28094
v 0.09949 0.14274 -1.48501
v 0.11366 0.20212 -1.53316
v 0.11202 0.16464 -1.41497
v 0.10929 0.14483 -1.43329
v 0.11043 0.25233 -1.51259
v 0.10564 0.1964 -1.42077
v 0.04686 -0.01042 -1.38339
v 0.04126 0.05102 -1.54272
v 0.07221 0.10207 -1.50507
v 0.05768 0.04212 -1.43443
v 0.01762 -0.01646 -1.57502
v 0 0.06613 -1.66909
v 0.02743 0.14547 -1.71122
v 0.02148 0.06116 -1.63153
v 0 0.24434 -1.83384
v 0.03907 0.30903 -1.85089
v 0.0633 0.19889 -1.69499
v 0.0338 0.23022 -1.79185
v 0.09488 0.22183 -1.63809
v 0.0849 0.16498 -1.58133
v 0.0752 0.39327 -1.71987
v 0.04231 0.42455 -1.85053
v 0 0.47428 -1.83474
v 0.0403 0.4504 -1.80108
v 0.10529 0.29718 -1.63901
v 0.09963 0.32187 -1.61678
v 0.07802 0.32567 -1.77138
v 0.10282 0.26424 -1.65112
v 0 0.39685 -1.91096
v 0.04194 0.37563 -1.86938
v 0.03267 -0.07066 -1.47051
v 0.01918 -0.13932 -1.57068
v 0 -0.08667 -1.59597
v 0.01717 -0.08241 -1.55889
v 0.05192 -0.03019 -1.26176
v 0.0493 -0.08803 -1.36034
v 0.04481 -0.0528 -1.36131
v 0.06414 -0.07731 -1.2532
v 0.06417 -0.153 -1.37882
v 0.04213 -0.1607 -1.49392
v 0.05691 -0.12011 -1.36975
v 0.02525 -0.24158 -1.60837
v 0 -0.20321 -1.63418
v 0.02232 -0.19108 -1.59298
v 0.04864 0.02464 -1.16617
v 0.05525 -0.02254 -1.17959
v 0.05275 -0.00413 -1.19761
v 0.03895 0.03812 -1.1222
v 0.04138 0.05547 -1.16005
v 0.05319 -0.00588 -1.12084
v 0.04093 0.02366 -1.09145
v 0.06203 -0.03921 -1.17169
v 0.02391 -0.30478 -1.30475
v 0.04215 -0.27431 -1.28075
v 0.03319 -0.26184 -1.2533
v 0 -0.35412 -1.36221
v 0.01627 -0.37204 -1.39797
v 0.01247 -0.3395 -1.34535
v 0 -0.41357 -1.47252
v 0.02347 -0.39698 -1.49502
v 0.03805 -0.34407 -1.38645
v 0.02012 -0.3934 -1.44764
v 0.05993 -0.2757 -1.33125
v 0.05159 -0.28048 -1.3069
v 0.05056 -0.24829 -1.50359
v 0.02697 -0.34105 -1.57765
v 0 -0.31168 -1.64313
v 0.02682 -0.29338 -1.60233
v 0.06854 -0.22565 -1.36899
v 0.06812 -0.18954 -1.37842
v 0.0487 -0.32479 -1.45788
v 0.06573 -0.25612 -1.35258
v 0 -0.39946 -1.57367
v 0.02581 -0.37783 -1.53999
v 0.50706 -0.41238 -0.00324
v 0.52465 -0.37202 0.08774
v 0.46491 -0.35706 0.14773
v 0.41253 -0.37702 0.08664
v 0.47958 -0.37269 0.08796
v 0.5652 -0.33372 0.097
v 0.51446 -0.34039 0.15258
v 0.58366 -0.41219 0.00128
v 0.55127 -0.36047 0.09308
v 0.39883 -0.36279 0.21168
v 0.47612 -0.31729 0.21887
v 0.46555 -0.34316 0.18976
v 0.32966 -0.3378 -0.24605
v 0.28417 -0.39199 -0.16012
v 0.1832 -0.42981 -0.25832
v 0.26341 -0.38952 -0.25139
v 0.38788 -0.34839 -0.07346
v 0.32302 -0.40013 0.0061
v 0.20853 -0.43532 -0.08432
v 0.30621 -0.39539 -0.07365
v 0.10879 -0.46434 -0.01552
v 0 -0.47551 -0.10018
v 0.10026 -0.46155 -0.1788
v 0.10539 -0.46419 -0.0952
v 0 -0.46546 -0.2669
v 0.09387 -0.45603 -0.2643
v 0.31499 -0.40084 0.14945
v 0.21804 -0.43549 0.06986
v 0.32129 -0.40242 0.08067
v 0.21318 -0.42488 0.21619
v 0.31207 -0.39377 0.21811
v 0 -0.45666 0.20954
v 0.10964 -0.45696 0.13319
v 0.10806 -0.44772 0.21194
v 0 -0.47324 0.05418
v 0.11006 -0.46219 0.05915
v 0.58464 -0.51314 -0.12984
v 0.64623 -0.58528 -0.26847
v 0.63697 -0.45159 -0.12588
v 0.61646 -0.49804 -0.12664
v 0.51491 -0.44862 -0.14317
v 0.58332 -0.58539 -0.27701
v 0.54593 -0.49622 -0.13332
v 0.58972 -0.56945 -0.40482
v 0.63357 -0.62775 -0.50906
v 0.64262 -0.66432 -0.4099
v 0.6132 -0.63806 -0.40761
v 0.68535 -0.62682 -0.50097
v 0.68848 -0.56784 -0.3894
v 0.66897 -0.6371 -0.399
v 0.6105 -0.50054 -0.51592
v 0.64655 -0.39135 -0.59825
v 0.67418 -0.55288 -0.5877
v 0.643 -0.53542 -0.57184
v 0.61662 -0.24318 -0.53184
v 0.64246 -0.1083 -0.54793
v 0.67627 -0.226 -0.60719
v 0.64727 -0.23531 -0.58925
v 0.68379 -0.10806 -0.54155
v 0.7034 -0.24234 -0.51841
v 0.7024 -0.39059 -0.58958
v 0.69664 -0.23479 -0.58161
v 0.70774 -0.49902 -0.50077
v 0.69769 -0.53455 -0.56333
v 0.42123 0.22524 -0.024
v 0.44867 0.1261 -0.0984
v 0.395 0.22307 -0.18663
v 0.41063 0.22437 -0.10438
v 0.49723 0.01308 -0.0173
v 0.49199 -0.07939 -0.09475
v 0.45099 0.03369 -0.17316
v 0.47672 0.02113 -0.09311
v 0.43109 -0.0468 -0.25328
v 0.40567 0.13479 -0.26507
v 0.42419 0.04368 -0.25914
v 0.37491 0.22019 -0.26975
v 0.46891 0.13185 0.21415
v 0.42798 0.22626 0.13285
v 0.42695 0.2227 0.21583
v 0.50945 -0.04849 0.22489
v 0.50064 0.03172 0.1401
v 0.49538 0.04015 0.21821
v 0.52968 -0.07978 0.06759
v 0.46976 0.12576 0.05728
v 0.50273 0.02026 0.06243
v 0.42652 0.22645 0.0541
v 0.50856 -0.20442 0.23449
v 0.53179 -0.1433 0.15799
v 0.51381 -0.13049 0.2312
v 0.53334 -0.2723 0.16824
v 0.49409 -0.26861 0.23196
v 0.60615 -0.32296 -0.00148
v 0.56551 -0.22965 0.0884
v 0.56995 -0.28872 0.09518
v 0.5794 -0.17846 -0.02394
v 0.55162 -0.16091 0.07825
v 0.51593 -0.17874 -0.10153
v 0.46661 -0.2315 -0.10579
v 0.45584 -0.14381 -0.16449
v 0.48583 -0.1613 -0.10439
v 0.4728 -0.32149 -0.08244
v 0.40622 -0.2826 -0.15673
v 0.43714 -0.29384 -0.09152
v 0.40954 -0.2079 -0.24558
v 0.37792 -0.27699 -0.24435
v 0.42668 -0.13104 -0.24865
v 0.638 -0.28399 -0.14056
v 0.66421 -0.20062 -0.29836
v 0.60681 -0.10454 -0.19907
v 0.62252 -0.18831 -0.15798
v 0.67713 -0.43077 -0.27131
v 0.64373 -0.37628 -0.13046
v 0.70132 -0.34942 -0.41485
v 0.6999 -0.46919 -0.40002
v 0.67877 -0.11546 -0.43524
v 0.69221 -0.22406 -0.42209
v 0.52421 -0.28405 -0.18652
v 0.54879 -0.43153 -0.29551
v 0.51244 -0.37474 -0.16769
v 0.56731 -0.10457 -0.21073
v 0.56504 -0.20116 -0.31939
v 0.54151 -0.18865 -0.19209
v 0.60506 -0.11568 -0.4468
v 0.58147 -0.35081 -0.43425
v 0.58963 -0.22484 -0.43854
v 0.58038 -0.47091 -0.41909
v 0.64203 -0.0278 -0.37842
v 0.61354 -0.02773 -0.38298
v 0.60574 -0.04986 -0.28487
v 0.65186 -0.01534 -0.49279
v 0.66697 -0.04218 -0.46949
v 0.62862 -0.0422 -0.47541
v 0.04355 0.41027 -0.86575
v 0.03925 0.44374 -0.83165
v 0.06225 0.46609 -0.78445
v 0.05657 0.4315 -0.83152
v 0 0.39811 -0.89201
v 0.01999 0.42095 -0.86539
v 0.02363 0.40053 -0.88558
v 0.02114 0.48286 -0.79116
v 0 0.44635 -0.83587
v 0.02026 0.44668 -0.83429
v 0.04031 0.5279 -0.73381
v 0.05364 0.57533 -0.66058
v 0.06024 0.51485 -0.72726
v 0 0.53295 -0.73709
v 0.01811 0.59382 -0.67116
v 0.02021 0.53251 -0.73654
v 0 0.66489 -0.59602
v 0.01486 0.74119 -0.51085
v 0.03147 0.65894 -0.59278
v 0.01595 0.66424 -0.5957
v 0.04147 0.71955 -0.49982
v 0.04615 0.64455 -0.58469
v 0.04671 0.87195 -0.31191
v 0.03711 0.96214 -0.22984
v 0.05211 0.99256 -0.14053
v 0.05101 0.93892 -0.22094
v 0.0302 0.81507 -0.41513
v 0.04245 0.79704 -0.40701
v 0 0.8225 -0.41835
v 0.01758 0.9002 -0.32307
v 0.01567 0.82169 -0.41804
v 0 0.97183 -0.23241
v 0.02034 1.02734 -0.15282
v 0.0195 0.97074 -0.23249
v 0.03584 1.05382 -0.08893
v 0.0364 1.04823 -0.03224
v 0.04724 1.02843 -0.07664
v 0 1.06567 -0.08794
v 0.01841 1.07561 -0.04274
v 0.0194 1.06408 -0.08967
v 0 1.05972 -0.00087
v 0.01984 1.0577 -0.00821
v -0.09709 -0.38816 0.51351
v -0.20059 -0.39399 0.40358
v -0.1054 -0.43361 0.30094
v -0.1017 -0.41384 0.4039
v -0.08546 -0.31834 0.71628
v -0.17939 -0.3403 0.62021
v -0.0917 -0.3564 0.62064
v -0.2413 -0.28244 0.71426
v -0.3265 -0.27489 0.61947
v -0.27592 -0.33978 0.51236
v -0.25905 -0.31323 0.61971
v -0.37203 -0.31726 0.39909
v -0.3077 -0.38024 0.29859
v -0.29328 -0.36221 0.40113
v -0.07134 -0.22814 0.85242
v -0.15331 -0.26485 0.791
v -0.07842 -0.27434 0.79298
v -0.06071 -0.14619 0.93241
v -0.12652 -0.18268 0.89259
v -0.06511 -0.18401 0.89782
v -0.16755 -0.14943 0.91483
v -0.22309 -0.16795 0.88244
v -0.20008 -0.21192 0.8453
v -0.1805 -0.17842 0.8861
v -0.27841 -0.22172 0.78804
v -0.22115 -0.24768 0.78899
v -0.40159 -0.24248 0.51299
v -0.45994 -0.18873 0.40744
v -0.45567 -0.26784 0.30499
v -0.42602 -0.25772 0.40344
v -0.35246 -0.20665 0.71426
v -0.4141 -0.16727 0.62031
v -0.37813 -0.2254 0.61977
v -0.40613 -0.09919 0.71628
v -0.44198 -0.03659 0.62092
v -0.4587 -0.10822 0.51474
v -0.43516 -0.10339 0.62076
v -0.48316 -0.03603 0.40696
v -0.49633 -0.12136 0.31124
v -0.4785 -0.1141 0.40818
v -0.45758 0.03876 0.51412
v -0.45159 0.12312 0.40624
v -0.48691 0.04423 0.30463
v -0.47458 0.04358 0.40563
v -0.40613 0.01948 0.71634
v -0.41386 0.09628 0.62134
v -0.43504 0.03049 0.6208
v -0.35246 0.1325 0.71631
v -0.32606 0.21845 0.62899
v -0.39781 0.18243 0.51907
v -0.37775 0.1594 0.6237
v -0.35629 0.2757 0.42159
v -0.4223 0.21456 0.30752
v -0.41266 0.20101 0.41087
v -0.37597 -0.04455 0.79389
v -0.32813 -0.00699 0.85243
v -0.35248 0.05618 0.79124
v -0.37021 0.00653 0.793
v -0.28459 -0.05437 0.89993
v -0.22958 -0.03003 0.93241
v -0.26999 0.01454 0.8926
v -0.28093 -0.01965 0.89782
v -0.21197 0.02723 0.91483
v -0.22309 0.07236 0.8825
v -0.28806 0.07288 0.84554
v -0.25155 0.04652 0.88612
v -0.27841 0.14418 0.79009
v -0.32212 0.10267 0.78984
v -0.28806 -0.16585 0.8453
v -0.35248 -0.14329 0.791
v -0.32212 -0.18625 0.78899
v -0.21197 -0.13331 0.91483
v -0.26999 -0.11979 0.89259
v -0.25155 -0.14741 0.8861
v -0.22958 -0.08527 0.93241
v -0.32813 -0.09158 0.85242
v -0.28093 -0.08822 0.89782
v -0.37021 -0.09526 0.79298
v -0.27249 0.31156 0.54095
v -0.1943 0.40263 0.46035
v -0.28619 0.37038 0.34027
v -0.2819 0.34497 0.43956
v -0.2413 0.22688 0.72367
v -0.1792 0.31512 0.64784
v -0.25871 0.27168 0.63784
v -0.08546 0.28493 0.73469
v -0.09632 0.39785 0.56897
v -0.09162 0.34442 0.65607
v -0.09917 0.47327 0.38915
v -0.09901 0.4419 0.47834
v -0.20008 0.13153 0.84642
v -0.15331 0.20561 0.79699
v -0.22115 0.17897 0.79291
v -0.16755 0.05042 0.91483
v -0.12652 0.09768 0.89276
v -0.1805 0.08813 0.88621
v -0.06071 0.05344 0.93241
v -0.07134 0.16114 0.85461
v -0.06511 0.10361 0.89803
v -0.07842 0.22271 0.80065
v -0.17105 -0.01083 0.94983
v -0.11523 0.01448 0.94983
v -0.16667 0.01802 0.93529
v -0.17671 -0.06077 0.96229
v -0.11807 -0.04095 0.97809
v -0.17504 -0.03695 0.95903
v -0.05989 -0.06257 0.99341
v -0.05881 -0.01816 0.97809
v -0.05945 -0.0428 0.98957
v -0.05888 0.01328 0.95903
v -0.17105 -0.10395 0.94983
v -0.11807 -0.08083 0.97809
v -0.17504 -0.08277 0.95903
v -0.11523 -0.12097 0.94983
v -0.16667 -0.12548 0.93529
v -0.05881 -0.09688 0.97809
v -0.05888 -0.11797 0.95903
v -0.05945 -0.07954 0.98957
v -0.29047 0.26576 -0.43414
v -0.29126 0.19352 -0.51103
v -0.34625 0.13331 -0.43273
v -0.35069 0.2148 -0.35257
v -0.32266 0.20606 -0.43373
v -0.23902 0.22292 -0.58295
v -0.22009 0.15545 -0.64472
v -0.27202 0.11618 -0.58186
v -0.25692 0.17678 -0.58214
v -0.24025 0.03767 -0.64337
v -0.28642 -0.02901 -0.5819
v -0.32302 0.05094 -0.51049
v -0.28247 0.04597 -0.58186
v -0.36594 -0.03196 -0.43006
v -0.39475 0.04999 -0.34679
v -0.36081 0.05236 -0.43141
v -0.32291 -0.10933 -0.50978
v -0.34528 -0.19384 -0.42821
v -0.39591 -0.122 -0.34086
v -0.36115 -0.11505 -0.42894
v -0.23993 -0.0987 -0.6433
v -0.26894 -0.17599 -0.58155
v -0.28217 -0.10412 -0.58178
v -0.20917 -0.22314 -0.64232
v -0.21291 -0.29733 -0.58126
v -0.2824 -0.25538 -0.50941
v -0.24607 -0.24145 -0.58134
v -0.27538 -0.32722 -0.42851
v -0.34912 -0.27238 -0.33869
v -0.31711 -0.2655 -0.42802
v -0.20014 -0.03302 -0.69397
v -0.15637 -0.08612 -0.73621
v -0.18842 -0.14918 -0.69258
v -0.19733 -0.09252 -0.69352
v -0.12032 -0.03947 -0.77681
v -0.08803 -0.07556 -0.81713
v -0.11515 -0.11861 -0.77397
v -0.11921 -0.08023 -0.7759
v -0.08067 -0.13389 -0.81272
v -0.09428 -0.18002 -0.77121
v -0.13834 -0.17576 -0.73329
v -0.10716 -0.15256 -0.77206
v -0.14988 -0.24333 -0.6912
v -0.17281 -0.20034 -0.69164
v -0.17086 0.1649 -0.704
v -0.14405 0.10118 -0.74045
v -0.19092 0.082 -0.69411
v -0.18155 0.12952 -0.69697
v -0.10224 0.09846 -0.78519
v -0.08229 0.04988 -0.816
v -0.11608 0.04001 -0.77567
v -0.11046 0.07326 -0.77791
v -0.08805 -0.00881 -0.81728
v -0.15653 0.01384 -0.73642
v -0.11929 0.00151 -0.77609
v -0.19758 0.02646 -0.69368
v -0.19476 -0.36199 -0.5099
v -0.15248 -0.41237 -0.43128
v -0.24252 -0.38525 -0.34281
v -0.21948 -0.37647 -0.42974
v -0.14383 -0.31222 -0.64232
v -0.11739 -0.37182 -0.58164
v -0.16925 -0.34088 -0.58139
v -0.05103 -0.35557 -0.6433
v -0.06919 -0.41596 -0.51082
v -0.06006 -0.39028 -0.58188
v -0.08642 -0.44718 -0.34961
v -0.07809 -0.43435 -0.43259
v -0.09647 -0.23645 -0.73333
v -0.08287 -0.29825 -0.69259
v -0.11935 -0.27587 -0.69164
v -0.05808 -0.17 -0.81309
v -0.053 -0.21149 -0.77426
v -0.07584 -0.19936 -0.77221
v -0.021 -0.18263 -0.81805
v -0.03443 -0.26292 -0.73632
v -0.02724 -0.21777 -0.77628
v -0.04243 -0.31117 -0.69354
v -0.04196 0.60957 0.16092
v -0.11613 0.53131 0.14944
v -0.08548 0.51021 0.23823
v -0.06313 0.5475 0.19409
v -0.15698 0.50437 -0.00292
v -0.21089 0.45793 0.08526
v -0.09814 0.58799 0.06235
v -0.14503 0.51767 0.07972
v -0.36799 0.31663 0.05821
v -0.28467 0.39475 0.16027
v -0.29654 0.38548 -0.01371
v -0.29159 0.39251 0.07274
v -0.19172 0.45038 0.27664
v -0.36634 0.30894 0.2265
v -0.28538 0.3867 0.24825
v -0.09588 0.49117 0.30659
v -0.10945 0.55441 -0.09976
v -0.15658 0.46951 -0.18234
v -0.22365 0.43336 -0.09279
v -0.15917 0.48885 -0.09136
v -0.10685 0.49817 -0.28454
v -0.15579 0.4134 -0.3607
v -0.21261 0.3986 -0.26977
v -0.15389 0.44485 -0.27305
v -0.26214 0.33248 -0.35366
v -0.33109 0.2937 -0.27186
v -0.28603 0.36539 -0.18598
v -0.27453 0.351 -0.27073
v -0.3597 0.30926 -0.10601
v -0.29418 0.37658 -0.10008
v -0.20734 0.34272 -0.43609
v -0.2376 0.28186 -0.51134
v -0.25062 0.30917 -0.43408
v -0.12962 0.41226 -0.45798
v -0.17677 0.33163 -0.52161
v -0.16543 0.37442 -0.44307
v -0.16326 0.31604 -0.61407
v -0.1742 0.25253 -0.67531
v -0.20089 0.27064 -0.58924
v -0.18222 0.28951 -0.59835
v -0.19481 0.21936 -0.65363
v -0.22002 0.25159 -0.58475
v -0.14114 0.25406 -0.77278
v -0.10448 0.20674 -0.82306
v -0.15109 0.20219 -0.73421
v -0.14681 0.22459 -0.75306
v -0.04942 0.16201 -0.851
v -0.05392 0.23959 -0.89836
v -0.05397 0.20128 -0.87408
v -0.02684 0.08874 -0.85259
v -0.07094 0.12096 -0.82017
v -0.03832 0.12177 -0.84356
v -0.12241 0.15071 -0.7676
v -0.06553 0.08244 -0.82786
v -0.09061 0.1136 -0.79946
v -0.16018 0.18598 -0.71664
v -0.02361 0.81113 0.09096
v -0.05439 0.69454 0.09151
v -0.02932 0.70227 0.12661
v -0.02147 1.00549 0.02242
v -0.04139 0.90985 0.02425
v -0.02196 0.91819 0.05566
v -0.05368 0.97657 -0.05519
v -0.06354 0.86358 -0.095
v -0.05962 0.78918 0.00519
v -0.05589 0.89253 -0.02666
v -0.08009 0.6643 -0.03566
v -0.07149 0.68239 0.03624
v -0.06794 0.73187 -0.14829
v -0.07842 0.60544 -0.21249
v -0.08084 0.63868 -0.12027
v -0.05984 0.89357 -0.20391
v -0.05945 0.76759 -0.27039
v -0.06339 0.82112 -0.17809
v -0.05131 0.76198 -0.39111
v -0.05952 0.64 -0.45862
v -0.06344 0.63724 -0.336
v -0.05655 0.70616 -0.36591
v -0.08538 0.51669 -0.3985
v -0.07815 0.56473 -0.307
v -0.08542 0.51827 -0.51297
v -0.1259 0.4066 -0.56145
v -0.10366 0.46222 -0.48271
v -0.05957 0.61667 -0.56878
v -0.08794 0.50775 -0.62081
v -0.07176 0.57243 -0.54343
v -0.08044 0.48973 -0.71405
v -0.105 0.40491 -0.75878
v -0.12237 0.40324 -0.66512
v -0.10128 0.45042 -0.69213
v -0.14669 0.31608 -0.71393
v -0.1432 0.35588 -0.63758
v -0.11276 0.334 -0.80817
v -0.09527 0.28081 -0.86125
v -0.12935 0.29198 -0.79162
v -0.07432 0.40871 -0.82913
v -0.06972 0.3575 -0.87351
v -0.09366 0.37471 -0.82112
v -0.02977 0.37858 -0.89918
v -0.04431 0.31584 -0.91442
v -0.03706 0.34997 -0.9094
v -0.05033 0.27832 -0.91161
v -0.01248 0.06342 -0.92295
v -0.03445 0.06822 -0.87315
v -0.01827 0.06962 -0.88018
v -0.00685 0.08113 -1.03631
v -0.01753 0.063 -0.97271
v -0.00888 0.06797 -0.97648
v -0.02148 0.05924 -1.02638
v -0.03289 0.03794 -0.9671
v -0.0337 0.0542 -0.91463
v -0.0257 0.05326 -0.9694
v -0.05532 0.05235 -0.86195
v -0.04675 0.06312 -0.86645
v -0.04587 0.02487 -0.91115
v -0.06353 0.01107 -0.86189
v -0.06067 0.0345 -0.8608
v -0.03883 0.00679 -1.01561
v -0.04114 -0.00567 -0.96353
v -0.03814 0.01752 -0.96437
v -0.04284 -0.04249 -1.01351
v -0.04171 -0.0544 -0.96534
v -0.04935 -0.02207 -0.91365
v -0.04208 -0.02998 -0.96449
v -0.06484 -0.04456 -0.86467
v -0.06466 -0.01594 -0.8637
v -0.049 -0.07333 -0.9135
v -0.06337 -0.09935 -0.86128
v -0.06466 -0.07289 -0.86355
v -0.03922 -0.08823 -1.01372
v -0.03877 -0.10017 -0.96266
v -0.04066 -0.07805 -0.96441
v -0.03135 -0.1277 -1.01221
v -0.03118 -0.13685 -0.96233
v -0.04517 -0.11804 -0.9096
v -0.03571 -0.12001 -0.9615
v -0.05373 -0.14067 -0.85837
v -0.06004 -0.12245 -0.85913
v -0.03275 -0.14686 -0.91162
v -0.03079 -0.15995 -0.8628
v -0.04374 -0.15286 -0.85994
v -0.02021 -0.16037 -1.02152
v -0.01738 -0.15945 -0.97137
v -0.02496 -0.15003 -0.96615
v -0.00697 -0.18128 -1.03702
v -0.01187 -0.15825 -0.91852
v -0.00892 -0.16511 -0.976
v -0.01589 -0.16324 -0.86555
v -0.00616 0.12998 -1.16635
v -0.01218 0.09021 -1.08974
v -0.00589 0.10129 -1.09889
v -0.01158 0.2213 -1.32807
v -0.01601 0.14877 -1.2205
v -0.00796 0.16928 -1.24173
v -0.03338 0.15659 -1.26294
v -0.03272 0.08767 -1.17198
v -0.01998 0.09278 -1.13518
v -0.02423 0.12009 -1.19468
v -0.02869 0.04992 -1.07842
v -0.01938 0.07272 -1.08058
v -0.03895 0.03812 -1.1222
v -0.05319 -0.00588 -1.12084
v -0.04495 0.00775 -1.06906
v -0.04093 0.02366 -1.09145
v -0.051 0.07879 -1.20774
v -0.04864 0.02464 -1.16617
v -0.04138 0.05547 -1.16005
v -0.05844 0.01977 -1.23017
v -0.05192 -0.03019 -1.26176
v -0.05525 -0.02254 -1.17959
v -0.05275 -0.00413 -1.19761
v -0.06414 -0.07731 -1.2532
v -0.06919 -0.05792 -1.16965
v -0.06203 -0.03921 -1.17169
v -0.04834 -0.08504 -1.06059
v -0.05116 -0.13087 -1.10719
v -0.03806 -0.12337 -1.05881
v -0.04385 -0.10515 -1.05986
v -0.06579 -0.1536 -1.16657
v -0.0585 -0.21742 -1.2268
v -0.04748 -0.17726 -1.15508
v -0.05733 -0.16757 -1.16105
v -0.03834 -0.22015 -1.20056
v -0.02891 -0.19903 -1.15744
v -0.03439 -0.15982 -1.10556
v -0.03773 -0.18619 -1.15189
v -0.0248 -0.15806 -1.0649
v -0.03153 -0.14066 -1.05971
v -0.01884 -0.19652 -1.12853
v -0.01209 -0.19245 -1.08926
v -0.01832 -0.17608 -1.07593
v -0.02594 -0.2442 -1.22102
v -0.01422 -0.24546 -1.20519
v -0.02135 -0.22069 -1.17819
v -0.00926 -0.30225 -1.28895
v -0.00604 -0.23306 -1.16487
v -0.00711 -0.26612 -1.22829
v -0.00601 -0.20438 -1.10053
v -0.02378 0.35395 -1.53192
v -0.03344 0.25064 -1.38948
v -0.01715 0.28635 -1.42702
v -0.0362 0.44733 -1.72706
v -0.05736 0.36178 -1.57863
v -0.03042 0.41178 -1.63469
v -0.08923 0.32684 -1.5778
v -0.09325 0.24035 -1.45128
v -0.06424 0.25363 -1.42737
v -0.07793 0.29955 -1.51033
v -0.06025 0.15362 -1.29793
v -0.04804 0.2032 -1.34234
v -0.09004 0.14989 -1.33945
v -0.07446 0.07622 -1.25994
v -0.06935 0.11046 -1.26793
v -0.11043 0.25233 -1.51259
v -0.11202 0.16464 -1.41497
v -0.10564 0.1964 -1.42077
v -0.11366 0.20212 -1.53316
v -0.09949 0.14274 -1.48501
v -0.09436 0.09424 -1.34915
v -0.10929 0.14483 -1.43329
v -0.06922 0.04081 -1.33827
v -0.07467 0.05243 -1.28094
v -0.07221 0.10207 -1.50507
v -0.04126 0.05102 -1.54272
v -0.04686 -0.01042 -1.38339
v -0.05768 0.04212 -1.43443
v -0.09488 0.22183 -1.63809
v -0.0633 0.19889 -1.69499
v -0.0849 0.16498 -1.58133
v -0.03907 0.30903 -1.85089
v -0.02743 0.14547 -1.71122
v -0.0338 0.23022 -1.79185
v -0.01762 -0.01646 -1.57502
v -0.02148 0.06116 -1.63153
v -0.04231 0.42455 -1.85053
v -0.0752 0.39327 -1.71987
v -0.0403 0.4504 -1.80108
v -0.07802 0.32567 -1.77138
v -0.04194 0.37563 -1.86938
v -0.10529 0.29718 -1.63901
v -0.10282 0.26424 -1.65112
v -0.09963 0.32187 -1.61678
v -0.01918 -0.13932 -1.57068
v -0.03267 -0.07066 -1.47051
v -0.01717 -0.08241 -1.55889
v -0.02525 -0.24158 -1.60837
v -0.04213 -0.1607 -1.49392
v -0.02232 -0.19108 -1.59298
v -0.06417 -0.153 -1.37882
v -0.0493 -0.08803 -1.36034
v -0.05691 -0.12011 -1.36975
v -0.04481 -0.0528 -1.36131
v -0.06258 -0.04341 -1.10696
v -0.05131 -0.03816 -1.05807
v -0.04904 -0.01393 -1.05966
v -0.07641 -0.13023 -1.25833
v -0.07404 -0.10767 -1.1699
v -0.07332 -0.08158 -1.1696
v -0.07397 -0.1876 -1.24936
v -0.06218 -0.09176 -1.1086
v -0.07148 -0.13279 -1.16929
v -0.05098 -0.06236 -1.05933
v -0.04215 -0.27431 -1.28075
v -0.02391 -0.30478 -1.30475
v -0.03319 -0.26184 -1.2533
v -0.05993 -0.2757 -1.33125
v -0.03805 -0.34407 -1.38645
v -0.05159 -0.28048 -1.3069
v -0.02347 -0.39698 -1.49502
v -0.01627 -0.37204 -1.39797
v -0.02012 -0.3934 -1.44764
v -0.01247 -0.3395 -1.34535
v -0.02697 -0.34105 -1.57765
v -0.05056 -0.24829 -1.50359
v -0.02682 -0.29338 -1.60233
v -0.0487 -0.32479 -1.45788
v -0.02581 -0.37783 -1.53999
v -0.06854 -0.22565 -1.36899
v -0.06573 -0.25612 -1.35258
v -0.06812 -0.18954 -1.37842
v -0.41253 -0.37702 0.08664
v -0.46491 -0.35706 0.14773
v -0.52465 -0.37202 0.08774
v -0.50706 -0.41238 -0.00324
v -0.47958 -0.37269 0.08796
v -0.47612 -0.31729 0.21887
v -0.51446 -0.34039 0.15258
v -0.39883 -0.36279 0.21168
v -0.46555 -0.34316 0.18976
v -0.58366 -0.41219 0.00128
v -0.5652 -0.33372 0.097
v -0.55127 -0.36047 0.09308
v -0.1832 -0.42981 -0.25832
v -0.28417 -0.39199 -0.16012
v -0.32966 -0.3378 -0.24605
v -0.26341 -0.38952 -0.25139
v -0.10026 -0.46155 -0.1788
v -0.09387 -0.45603 -0.2643
v -0.10879 -0.46434 -0.01552
v -0.20853 -0.43532 -0.08432
v -0.10539 -0.46419 -0.0952
v -0.32302 -0.40013 0.0061
v -0.38788 -0.34839 -0.07346
v -0.30621 -0.39539 -0.07365
v -0.21804 -0.43549 0.06986
v -0.31499 -0.40084 0.14945
v -0.32129 -0.40242 0.08067
v -0.10964 -0.45696 0.13319
v -0.11006 -0.46219 0.05915
v -0.21318 -0.42488 0.21619
v -0.10806 -0.44772 0.21194
v -0.31207 -0.39377 0.21811
v -0.63697 -0.45159 -0.12588
v -0.64623 -0.58528 -0.26847
v -0.58464 -0.51314 -0.12984
v -0.61646 -0.49804 -0.12664
v -0.68848 -0.56784 -0.3894
v -0.68535 -0.62682 -0.50097
v -0.64262 -0.66432 -0.4099
v -0.66897 -0.6371 -0.399
v -0.63357 -0.62775 -0.50906
v -0.58972 -0.56945 -0.40482
v -0.58332 -0.58539 -0.27701
v -0.6132 -0.63806 -0.40761
v -0.51491 -0.44862 -0.14317
v -0.54593 -0.49622 -0.13332
v -0.67418 -0.55288 -0.5877
v -0.64655 -0.39135 -0.59825
v -0.6105 -0.50054 -0.51592
v -0.643 -0.53542 -0.57184
v -0.70774 -0.49902 -0.50077
v -0.7024 -0.39059 -0.58958
v -0.69769 -0.53455 -0.56333
v -0.7034 -0.24234 -0.51841
v -0.68379 -0.10806 -0.54155
v -0.67627 -0.226 -0.60719
v -0.69664 -0.23479 -0.58161
v -0.64246 -0.1083 -0.54793
v -0.61662 -0.24318 -0.53184
v -0.64727 -0.23531 -0.58925
v -0.395 0.22307 -0.18663
v -0.44867 0.1261 -0.0984
v -0.42123 0.22524 -0.024
v -0.41063 0.22437 -0.10438
v -0.40567 0.13479 -0.26507
v -0.37491 0.22019 -0.26975
v -0.43109 -0.0468 -0.25328
v -0.45099 0.03369 -0.17316
v -0.42419 0.04368 -0.25914
v -0.49199 -0.07939 -0.09475
v -0.49723 0.01308 -0.0173
v -0.47672 0.02113 -0.09311
v -0.42798 0.22626 0.13285
v -0.46891 0.13185 0.21415
v -0.42695 0.2227 0.21583
v -0.46976 0.12576 0.05728
v -0.42652 0.22645 0.0541
v -0.52968 -0.07978 0.06759
v -0.50064 0.03172 0.1401
v -0.50273 0.02026 0.06243
v -0.50945 -0.04849 0.22489
v -0.49538 0.04015 0.21821
v -0.53179 -0.1433 0.15799
v -0.50856 -0.20442 0.23449
v -0.51381 -0.13049 0.2312
v -0.5794 -0.17846 -0.02394
v -0.56551 -0.22965 0.0884
v -0.55162 -0.16091 0.07825
v -0.60615 -0.32296 -0.00148
v -0.53334 -0.2723 0.16824
v -0.56995 -0.28872 0.09518
v -0.49409 -0.26861 0.23196
v -0.45584 -0.14381 -0.16449
v -0.46661 -0.2315 -0.10579
v -0.51593 -0.17874 -0.10153
v -0.48583 -0.1613 -0.10439
v -0.40954 -0.2079 -0.24558
v -0.42668 -0.13104 -0.24865
v -0.40622 -0.2826 -0.15673
v -0.37792 -0.27699 -0.24435
v -0.4728 -0.32149 -0.08244
v -0.43714 -0.29384 -0.09152
v -0.60681 -0.10454 -0.19907
v -0.66421 -0.20062 -0.29836
v -0.638 -0.28399 -0.14056
v -0.62252 -0.18831 -0.15798
v -0.67877 -0.11546 -0.43524
v -0.70132 -0.34942 -0.41485
v -0.69221 -0.22406 -0.42209
v -0.67713 -0.43077 -0.27131
v -0.6999 -0.46919 -0.40002
v -0.64373 -0.37628 -0.13046
v -0.54879 -0.43153 -0.29551
v -0.52421 -0.28405 -0.18652
v -0.51244 -0.37474 -0.16769
v -0.58147 -0.35081 -0.43425
v -0.58038 -0.47091 -0.41909
v -0.60506 -0.11568 -0.4468
v -0.56504 -0.20116 -0.31939
v -0.58963 -0.22484 -0.43854
v -0.56731 -0.10457 -0.21073
v -0.54151 -0.18865 -0.19209
v -0.61354 -0.02773 -0.38298
v -0.64203 -0.0278 -0.37842
v -0.60574 -0.04986 -0.28487
v -0.65186 -0.01534 -0.49279
v -0.62862 -0.0422 -0.47541
v -0.66697 -0.04218 -0.46949
v -0.06225 0.46609 -0.78445
v -0.03925 0.44374 -0.83165
v -0.04355 0.41027 -0.86575
v -0.05657 0.4315 -0.83152
v -0.01999 0.42095 -0.86539
v -0.02114 0.48286 -0.79116
v -0.02026 0.44668 -0.83429
v -0.02363 0.40053 -0.88558
v -0.05364 0.57533 -0.66058
v -0.04031 0.5279 -0.73381
v -0.06024 0.51485 -0.72726
v -0.04147 0.71955 -0.49982
v -0.03147 0.65894 -0.59278
v -0.04615 0.64455 -0.58469
v -0.01486 0.74119 -0.51085
v -0.01811 0.59382 -0.67116
v -0.01595 0.66424 -0.5957
v -0.02021 0.53251 -0.73654
v -0.05211 0.99256 -0.14053
v -0.03711 0.96214 -0.22984
v -0.04671 0.87195 -0.31191
v -0.05101 0.93892 -0.22094
v -0.02034 1.02734 -0.15282
v -0.01758 0.9002 -0.32307
v -0.0195 0.97074 -0.23249
v -0.0302 0.81507 -0.41513
v -0.01567 0.82169 -0.41804
v -0.04245 0.79704 -0.40701
v -0.0364 1.04823 -0.03224
v -0.03584 1.05382 -0.08893
v -0.04724 1.02843 -0.07664
v -0.01841 1.07561 -0.04274
v -0.01984 1.0577 -0.00821
v -0.0194 1.06408 -0.08967
v 0.05284 -0.43939 0.30022
v 0.10367 -0.42445 0.35102
v 0.05103 -0.41901 0.40368
v 0 -0.43182 0.35034
v 0.05199 -0.42992 0.35059
v 0.1574 -0.42447 0.30159
v 0.20496 -0.4039 0.35101
v 0.15167 -0.40545 0.40395
v 0.15477 -0.41569 0.35127
v 0.19568 -0.38265 0.45811
v 0.14446 -0.38053 0.51345
v 0.0995 -0.40175 0.45845
v 0.14821 -0.39372 0.45842
v 0.04878 -0.39278 0.51349
v 0 -0.40831 0.45826
v 0.04996 -0.40665 0.45835
v 0.25863 -0.39761 0.30102
v 0.30142 -0.37177 0.34773
v 0.2481 -0.37964 0.40255
v 0.25396 -0.38932 0.34992
v 0.3559 -0.36025 0.29366
v 0.38682 -0.32632 0.34257
v 0.33519 -0.34154 0.39959
v 0.347 -0.35106 0.34417
v 0.35933 -0.3076 0.45579
v 0.314 -0.32013 0.51201
v 0.28465 -0.35153 0.45652
v 0.32426 -0.33123 0.45589
v 0.23448 -0.35635 0.51283
v 0.24147 -0.36863 0.45737
v 0.26748 -0.32702 0.5671
v 0.22049 -0.32815 0.61994
v 0.18501 -0.3558 0.56765
v 0.22754 -0.34286 0.56738
v 0.33715 -0.28643 0.56685
v 0.29457 -0.29548 0.61954
v 0.30421 -0.30822 0.5669
v 0.31563 -0.26265 0.6688
v 0.27437 -0.26735 0.71393
v 0.25041 -0.29838 0.66911
v 0.28473 -0.28187 0.66889
v 0.2054 -0.29502 0.71473
v 0.17346 -0.32342 0.66978
v 0.21316 -0.31221 0.66943
v 0.09449 -0.37306 0.56795
v 0.0461 -0.36039 0.62077
v 0 -0.37881 0.56802
v 0.0475 -0.37737 0.56801
v 0.13629 -0.34971 0.62044
v 0.1405 -0.36586 0.56784
v 0.12701 -0.31289 0.71581
v 0.08869 -0.33816 0.67046
v 0.13181 -0.33206 0.67014
v 0.04296 -0.32155 0.71662
v 0 -0.34299 0.67077
v 0.04459 -0.34179 0.67068
v 0.082 -0.29688 0.75699
v 0.03943 -0.27655 0.79363
v 0 -0.30049 0.75766
v 0.04123 -0.29961 0.75747
v 0.16036 -0.28546 0.75555
v 0.11653 -0.27048 0.79206
v 0.12186 -0.2922 0.75631
v 0.14619 -0.24379 0.82203
v 0.10592 -0.22604 0.85088
v 0.07483 -0.25125 0.82466
v 0.11116 -0.24826 0.82345
v 0.03589 -0.22925 0.85349
v 0 -0.25341 0.82584
v 0.03763 -0.25291 0.82551
v 0.23146 -0.2654 0.7541
v 0.18833 -0.25729 0.78993
v 0.19705 -0.27656 0.75478
v 0.29166 -0.23591 0.75343
v 0.25132 -0.23587 0.78831
v 0.26315 -0.25189 0.75362
v 0.26465 -0.20746 0.81794
v 0.22686 -0.20378 0.84399
v 0.2106 -0.22971 0.81927
v 0.23914 -0.21971 0.81832
v 0.17072 -0.21816 0.84708
v 0.17948 -0.23768 0.82058
v 0.18983 -0.19472 0.86743
v 0.15468 -0.18109 0.88928
v 0.13252 -0.20226 0.87241
v 0.16229 -0.19919 0.86983
v 0.23657 -0.18013 0.86491
v 0.20347 -0.17426 0.88355
v 0.21473 -0.1885 0.86565
v 0.21078 -0.15744 0.89618
v 0.18769 -0.14988 0.90941
v 0.17274 -0.16328 0.90173
v 0.19377 -0.16148 0.89796
v 0.14401 -0.14874 0.9202
v 0.12153 -0.16443 0.91002
v 0.14842 -0.16417 0.90592
v 0.06806 -0.20555 0.87667
v 0.03279 -0.18411 0.89936
v 0 -0.20627 0.87847
v 0.03425 -0.20613 0.87797
v 0.09651 -0.18359 0.8955
v 0.10096 -0.20432 0.87475
v 0.08996 -0.14702 0.92926
v 0.06262 -0.16405 0.91626
v 0.09277 -0.16433 0.91352
v 0.03058 -0.14558 0.93442
v 0 -0.16359 0.91869
v 0.03154 -0.16374 0.91804
v 0.43562 -0.30092 0.29751
v 0.43985 -0.26384 0.35166
v 0.40198 -0.28904 0.4008
v 0.41701 -0.2967 0.34625
v 0.47119 -0.23343 0.30931
v 0.47112 -0.19342 0.35728
v 0.44514 -0.22413 0.40576
v 0.45764 -0.22937 0.35524
v 0.44896 -0.18364 0.46029
v 0.42177 -0.21133 0.51372
v 0.41344 -0.25047 0.45779
v 0.43331 -0.21801 0.45916
v 0.37707 -0.27129 0.51234
v 0.38892 -0.2805 0.45654
v 0.49116 -0.16015 0.31183
v 0.48755 -0.11754 0.35787
v 0.47102 -0.15197 0.40817
v 0.48105 -0.15607 0.35806
v 0.49842 -0.08134 0.30988
v 0.49073 -0.0377 0.35584
v 0.4825 -0.07538 0.4077
v 0.49074 -0.07802 0.35703
v 0.47465 -0.03517 0.46023
v 0.46364 -0.07185 0.51464
v 0.46896 -0.11101 0.46089
v 0.47353 -0.07334 0.46065
v 0.45014 -0.14381 0.51465
v 0.4608 -0.14787 0.46082
v 0.4475 -0.1057 0.56844
v 0.42645 -0.13587 0.62056
v 0.42634 -0.17285 0.56809
v 0.43878 -0.13983 0.56832
v 0.45422 -0.03554 0.56842
v 0.44031 -0.07018 0.62089
v 0.45262 -0.07082 0.56847
v 0.42816 -0.03811 0.67077
v 0.411 -0.06978 0.71662
v 0.42144 -0.10124 0.67046
v 0.4265 -0.06986 0.67068
v 0.39791 -0.12792 0.71581
v 0.40083 -0.16154 0.66978
v 0.41291 -0.13192 0.67014
v 0.38995 -0.23413 0.56736
v 0.35432 -0.2514 0.61957
v 0.36567 -0.2616 0.56703
v 0.39802 -0.19723 0.62003
v 0.41012 -0.20441 0.56774
v 0.37114 -0.18197 0.71473
v 0.36576 -0.21625 0.66911
v 0.38514 -0.18976 0.66943
v 0.33015 -0.22933 0.71393
v 0.34262 -0.24066 0.66889
v 0.4938 0.00168 0.30623
v 0.48128 0.04447 0.35361
v 0.48058 0.00369 0.40618
v 0.48766 0.00321 0.3546
v 0.47659 0.08709 0.30362
v 0.45769 0.12715 0.35356
v 0.46498 0.08346 0.40556
v 0.47137 0.08587 0.35316
v 0.4442 0.11794 0.46048
v 0.44842 0.07541 0.51437
v 0.46672 0.04165 0.45952
v 0.45736 0.07994 0.45968
v 0.46309 0.00189 0.51421
v 0.47243 0.00322 0.45978
v 0.44457 0.17255 0.30473
v 0.41813 0.20845 0.35806
v 0.43421 0.16237 0.40792
v 0.44002 0.16809 0.35509
v 0.39549 0.2557 0.31224
v 0.36074 0.2865 0.3695
v 0.38675 0.23886 0.41534
v 0.39178 0.248 0.36277
v 0.35056 0.26339 0.47455
v 0.37283 0.21657 0.52259
v 0.40589 0.19231 0.46489
v 0.38043 0.22835 0.46895
v 0.41866 0.14741 0.51666
v 0.4271 0.15545 0.46214
v 0.38844 0.17144 0.57236
v 0.39771 0.12826 0.62223
v 0.42539 0.10444 0.56915
v 0.40887 0.13833 0.57038
v 0.33539 0.23466 0.5792
v 0.3539 0.18952 0.62591
v 0.36397 0.2036 0.57525
v 0.31563 0.20116 0.67581
v 0.33015 0.15837 0.7172
v 0.36576 0.1464 0.67203
v 0.34262 0.17441 0.67356
v 0.37114 0.10548 0.7159
v 0.40083 0.08728 0.67062
v 0.38514 0.11729 0.67109
v 0.44706 0.03501 0.56827
v 0.44025 -0.00298 0.62085
v 0.4524 -0.00021 0.56829
v 0.42627 0.06363 0.62091
v 0.43809 0.06995 0.5685
v 0.39791 0.04877 0.71604
v 0.42144 0.02528 0.67054
v 0.41291 0.05654 0.67048
v 0.411 -0.01018 0.71662
v 0.4265 -0.00633 0.67068
v 0.38901 0.01317 0.75703
v 0.37455 -0.01894 0.79363
v 0.39516 -0.04217 0.75766
v 0.39364 -0.01442 0.75747
v 0.3701 0.06704 0.75594
v 0.36288 0.03165 0.79216
v 0.38119 0.04039 0.75647
v 0.33353 0.04521 0.82217
v 0.32204 0.01397 0.85091
v 0.34988 -0.00024 0.82467
v 0.34312 0.02276 0.8235
v 0.33173 -0.02823 0.85349
v 0.35517 -0.04704 0.82584
v 0.35387 -0.02358 0.82551
v 0.33785 0.11779 0.75547
v 0.33892 0.07993 0.79042
v 0.35568 0.09291 0.75555
v 0.29166 0.16371 0.7567
v 0.30198 0.12416 0.78968
v 0.31654 0.14146 0.7558
v 0.26465 0.12476 0.81911
v 0.27096 0.09025 0.84438
v 0.30546 0.08756 0.81976
v 0.28671 0.10693 0.8191
v 0.30214 0.05417 0.84722
v 0.32102 0.0669 0.82085
v 0.27011 0.05906 0.86753
v 0.26182 0.03102 0.88929
v 0.29221 0.0241 0.87244
v 0.28243 0.04209 0.86988
v 0.23657 0.08829 0.86515
v 0.23888 0.06053 0.88359
v 0.25493 0.07459 0.86581
v 0.21078 0.0588 0.89618
v 0.20628 0.03999 0.90941
v 0.23231 0.03573 0.90173
v 0.22307 0.04865 0.89796
v 0.2175 0.01333 0.9202
v 0.24675 0.00603 0.91002
v 0.24021 0.02132 0.90592
v 0.30511 -0.01352 0.87667
v 0.28367 -0.03703 0.89936
v 0.30934 -0.05203 0.87847
v 0.30829 -0.03276 0.87797
v 0.27637 -0.00241 0.8955
v 0.29976 0.0055 0.87477
v 0.22655 -0.01562 0.92926
v 0.25571 -0.02522 0.91626
v 0.25194 -0.00952 0.91352
v 0.23149 -0.04428 0.93442
v 0.25882 -0.05648 0.91869
v 0.25803 -0.04091 0.91804
v 0.33785 -0.19657 0.7541
v 0.30198 -0.20508 0.78831
v 0.31654 -0.21737 0.75362
v 0.3701 -0.1495 0.75555
v 0.33892 -0.16556 0.78993
v 0.35568 -0.17385 0.75478
v 0.33353 -0.1371 0.82203
v 0.30214 -0.14918 0.84708
v 0.30546 -0.17593 0.81927
v 0.32102 -0.15728 0.82058
v 0.27096 -0.18072 0.84399
v 0.28671 -0.19276 0.81832
v 0.38901 -0.0972 0.75699
v 0.36288 -0.11976 0.79206
v 0.38119 -0.12385 0.75631
v 0.37455 -0.07009 0.79363
v 0.39364 -0.06987 0.75747
v 0.33173 -0.07076 0.85349
v 0.34988 -0.09338 0.82466
v 0.35387 -0.0704 0.82551
v 0.32204 -0.11176 0.85088
v 0.34312 -0.11571 0.82345
v 0.30511 -0.08986 0.87667
v 0.27637 -0.10439 0.8955
v 0.29221 -0.12523 0.87241
v 0.29976 -0.10796 0.87475
v 0.28367 -0.07149 0.89936
v 0.30829 -0.07114 0.87797
v 0.23149 -0.07197 0.93442
v 0.25571 -0.08669 0.91626
v 0.25803 -0.07178 0.91804
v 0.22655 -0.09813 0.92926
v 0.24675 -0.11485 0.91002
v 0.25194 -0.10109 0.91352
v 0.27011 -0.15625 0.86743
v 0.23888 -0.15882 0.88355
v 0.25493 -0.16926 0.86565
v 0.26182 -0.13427 0.88928
v 0.28243 -0.14145 0.86983
v 0.2175 -0.12235 0.9202
v 0.23231 -0.13965 0.90173
v 0.24021 -0.12784 0.90592
v 0.20628 -0.14305 0.90941
v 0.22307 -0.14984 0.89796
v 0.3271 0.33422 0.32882
v 0.28473 0.35878 0.38924
v 0.3211 0.31136 0.42989
v 0.32479 0.32373 0.37857
v 0.24207 0.40326 0.35284
v 0.19559 0.41875 0.41256
v 0.23939 0.37568 0.44994
v 0.24139 0.39075 0.40081
v 0.19192 0.3839 0.50847
v 0.23183 0.3389 0.54863
v 0.27779 0.32917 0.4904
v 0.23617 0.35832 0.49946
v 0.30993 0.28158 0.53369
v 0.31613 0.29727 0.4819
v 0.14791 0.45552 0.37836
v 0.09944 0.45938 0.43326
v 0.14736 0.42496 0.47014
v 0.14813 0.44188 0.42376
v 0.04975 0.48449 0.39676
v 0 0.47445 0.44248
v 0.04974 0.45269 0.48402
v 0.04993 0.47049 0.43989
v 0 0.4352 0.53041
v 0.04841 0.40747 0.57291
v 0.09795 0.42125 0.52378
v 0.04922 0.43153 0.52856
v 0.14319 0.38275 0.56321
v 0.14568 0.40513 0.51684
v 0.09418 0.3721 0.61327
v 0.13617 0.33181 0.65236
v 0.18426 0.33984 0.60291
v 0.13999 0.35819 0.6086
v 0 0.3841 0.61767
v 0.04606 0.35242 0.65859
v 0.04735 0.38095 0.61645
v 0 0.32486 0.69948
v 0.04296 0.29115 0.73625
v 0.08869 0.31523 0.69675
v 0.04459 0.32234 0.69873
v 0.12701 0.27505 0.7324
v 0.17346 0.28902 0.69032
v 0.13181 0.30397 0.69385
v 0.2661 0.29234 0.59037
v 0.29416 0.24602 0.63309
v 0.30258 0.26445 0.58439
v 0.22022 0.2949 0.64288
v 0.22648 0.31767 0.59669
v 0.2054 0.24566 0.72665
v 0.25041 0.2498 0.68255
v 0.21316 0.27081 0.68645
v 0.27437 0.20583 0.72094
v 0.28473 0.22643 0.6789
v 0.23146 0.20311 0.76037
v 0.25132 0.16251 0.79123
v 0.26315 0.18435 0.7583
v 0.16036 0.23389 0.76513
v 0.18833 0.19339 0.7949
v 0.19705 0.21971 0.76272
v 0.14619 0.17743 0.82546
v 0.17072 0.14153 0.8485
v 0.2106 0.15495 0.82151
v 0.17948 0.16718 0.82341
v 0.22686 0.1197 0.84483
v 0.23914 0.14079 0.81999
v 0.082 0.25395 0.76926
v 0.11653 0.21544 0.79897
v 0.12186 0.2454 0.76738
v 0 0.26117 0.77106
v 0.03943 0.22722 0.80181
v 0.04123 0.2593 0.77055
v 0 0.19662 0.83063
v 0.03589 0.16408 0.85582
v 0.07483 0.19163 0.82904
v 0.03763 0.19534 0.83018
v 0.10592 0.15634 0.85285
v 0.11116 0.18562 0.8274
v 0.06806 0.13166 0.87755
v 0.09651 0.10109 0.89569
v 0.13252 0.12309 0.87309
v 0.10096 0.12804 0.87555
v 0 0.13466 0.87943
v 0.03279 0.10518 0.89959
v 0.03425 0.13389 0.87891
v 0 0.07875 0.91869
v 0.03058 0.05395 0.93442
v 0.06262 0.0774 0.91626
v 0.03154 0.07839 0.91804
v 0.08996 0.05274 0.92926
v 0.12153 0.07386 0.91002
v 0.09277 0.07586 0.91352
v 0.18983 0.10919 0.86788
v 0.20347 0.08133 0.88364
v 0.21473 0.09974 0.86599
v 0.15468 0.09348 0.88942
v 0.16229 0.11689 0.87039
v 0.14401 0.05115 0.9202
v 0.17274 0.06856 0.90173
v 0.14842 0.07149 0.90592
v 0.18769 0.04982 0.90941
v 0.19377 0.06488 0.89796
v 0.16592 0.03366 0.92592
v 0.1901 0.02158 0.92592
v 0.1873 0.03555 0.91846
v 0.1159 0.03222 0.93839
v 0.14166 0.01579 0.94324
v 0.14195 0.03265 0.93261
v 0.11547 -0.00149 0.95948
v 0.14403 -0.01383 0.95948
v 0.16862 0.00321 0.94324
v 0.14255 0.00036 0.95216
v 0.19723 -0.00668 0.93839
v 0.19362 0.00742 0.93261
v 0.05951 0.03215 0.94666
v 0.08753 0.01369 0.95512
v 0.08829 0.03209 0.94312
v 0 0.03236 0.94968
v 0.0296 0.01314 0.96145
v 0.02995 0.03228 0.94889
v 0 -0.00379 0.97297
v 0.02949 -0.01856 0.98081
v 0.05869 -0.00341 0.9695
v 0.02946 -0.00373 0.97209
v 0.08778 -0.01731 0.97361
v 0.08744 -0.0027 0.96528
v 0.0591 -0.03121 0.98478
v 0.08892 -0.0421 0.98478
v 0.11718 -0.029 0.97361
v 0.08833 -0.03037 0.98011
v 0 -0.03173 0.98854
v 0.02978 -0.04316 0.99245
v 0.02961 -0.03162 0.98759
v 0 -0.05346 0.99634
v 0.02999 -0.06263 0.99634
v 0.05975 -0.05318 0.99245
v 0.02992 -0.05341 0.99537
v 0.0896 -0.0624 0.98854
v 0.11875 -0.05191 0.98081
v 0.08939 -0.0527 0.98759
v 0.17325 -0.0242 0.95512
v 0.20266 -0.03391 0.94666
v 0.20029 -0.02046 0.94312
v 0.14681 -0.03926 0.9695
v 0.14551 -0.027 0.96528
v 0.14811 -0.06155 0.97297
v 0.17625 -0.04912 0.96145
v 0.14774 -0.05074 0.97209
v 0.20476 -0.0597 0.94968
v 0.2042 -0.04699 0.94889
v 0.17625 -0.07194 0.96145
v 0.20266 -0.08396 0.94666
v 0.2042 -0.07201 0.94889
v 0.11875 -0.07161 0.98081
v 0.14681 -0.08173 0.9695
v 0.14774 -0.0718 0.97209
v 0.11718 -0.09006 0.97361
v 0.14403 -0.10154 0.95948
v 0.17325 -0.0934 0.95512
v 0.14551 -0.09157 0.96528
v 0.19723 -0.10691 0.93839
v 0.20029 -0.09558 0.94312
v 0.05975 -0.07122 0.99245
v 0.08892 -0.08009 0.98478
v 0.08939 -0.0714 0.98759
v 0 -0.07102 0.99634
v 0.02978 -0.07919 0.99245
v 0.02992 -0.07108 0.99537
v 0 -0.08721 0.98854
v 0.02949 -0.09616 0.98081
v 0.0591 -0.08795 0.98478
v 0.02961 -0.0874 0.98759
v 0.08778 -0.09804 0.97361
v 0.08833 -0.08885 0.98011
v 0.05869 -0.10675 0.9695
v 0.08753 -0.11928 0.95512
v 0.11547 -0.10978 0.95948
v 0.08744 -0.10805 0.96528
v 0 -0.10563 0.97297
v 0.0296 -0.11711 0.96145
v 0.02946 -0.10592 0.97209
v 0 -0.12989 0.94968
v 0.05951 -0.13098 0.94666
v 0.02995 -0.13019 0.94889
v 0.1159 -0.13356 0.93839
v 0.08829 -0.13214 0.94312
v 0.16862 -0.11456 0.94324
v 0.1901 -0.12876 0.92592
v 0.19362 -0.11798 0.93261
v 0.14166 -0.12297 0.94324
v 0.14255 -0.11189 0.95216
v 0.16592 -0.13697 0.92592
v 0.14195 -0.13513 0.93261
v 0.1873 -0.13918 0.91846
v 0.33269 0.25002 -0.3534
v 0.33713 0.21088 -0.39348
v 0.30762 0.23785 -0.43403
v 0.30141 0.27412 -0.39429
v 0.32053 0.24438 -0.39403
v 0.36585 0.17653 -0.35141
v 0.36277 0.13507 -0.3918
v 0.33556 0.17102 -0.43328
v 0.35121 0.17424 -0.39272
v 0.32878 0.13057 -0.47249
v 0.30165 0.16161 -0.51093
v 0.30736 0.20029 -0.47301
v 0.31901 0.16682 -0.47279
v 0.27949 0.22193 -0.5111
v 0.27887 0.25647 -0.47316
v 0.29395 0.23037 -0.47314
v 0.38784 0.09347 -0.34844
v 0.37833 0.05166 -0.38965
v 0.35468 0.09356 -0.43209
v 0.37181 0.094 -0.39076
v 0.39899 0.00609 -0.34512
v 0.38381 -0.03436 -0.38749
v 0.36458 0.01031 -0.43072
v 0.38233 0.00866 -0.38855
v 0.34715 -0.03031 -0.47102
v 0.32635 0.01106 -0.51031
v 0.34232 0.05211 -0.47178
v 0.34588 0.01109 -0.47139
v 0.31768 0.08972 -0.51066
v 0.33659 0.09213 -0.47215
v 0.30302 0.04888 -0.54727
v 0.27794 0.08197 -0.58184
v 0.29155 0.12203 -0.54736
v 0.29809 0.08634 -0.54731
v 0.30726 -0.02891 -0.54717
v 0.28537 0.00877 -0.58189
v 0.30614 0.01027 -0.54723
v 0.26514 -0.02955 -0.6141
v 0.24267 0.00389 -0.64347
v 0.2615 0.04222 -0.61399
v 0.26417 0.00663 -0.61406
v 0.23653 0.0703 -0.64335
v 0.25205 0.10924 -0.61401
v 0.25738 0.07662 -0.61395
v 0.27443 0.1857 -0.54751
v 0.24821 0.20196 -0.58247
v 0.25325 0.23506 -0.54779
v 0.26425 0.21247 -0.54763
v 0.26494 0.14798 -0.58195
v 0.2836 0.15535 -0.54742
v 0.22621 0.12977 -0.64392
v 0.23879 0.16671 -0.61464
v 0.24578 0.13947 -0.61422
v 0.21367 0.17764 -0.64599
v 0.2237 0.20983 -0.61638
v 0.23135 0.19036 -0.61534
v 0.39965 -0.08036 -0.3421
v 0.37903 -0.11833 -0.3857
v 0.36485 -0.07387 -0.42946
v 0.38277 -0.07679 -0.38653
v 0.38919 -0.16227 -0.33985
v 0.36274 -0.19746 -0.38455
v 0.35468 -0.15516 -0.42852
v 0.37241 -0.15865 -0.38503
v 0.32705 -0.18996 -0.46993
v 0.31685 -0.14819 -0.50964
v 0.3424 -0.11208 -0.47037
v 0.33612 -0.1517 -0.47012
v 0.32643 -0.06957 -0.50995
v 0.34603 -0.07149 -0.47067
v 0.36599 -0.2377 -0.33872
v 0.33352 -0.26931 -0.38426
v 0.33281 -0.23073 -0.42804
v 0.34983 -0.23445 -0.38428
v 0.32847 -0.30472 -0.33905
v 0.28995 -0.33142 -0.38504
v 0.29802 -0.29778 -0.42817
v 0.31362 -0.30173 -0.3845
v 0.26027 -0.32179 -0.47007
v 0.26511 -0.28666 -0.50943
v 0.30003 -0.26088 -0.4698
v 0.28181 -0.29278 -0.46988
v 0.29671 -0.22161 -0.50944
v 0.31506 -0.22648 -0.46982
v 0.26437 -0.24892 -0.54665
v 0.25875 -0.20972 -0.58144
v 0.28875 -0.18112 -0.54679
v 0.2779 -0.21604 -0.54671
v 0.2289 -0.30693 -0.54665
v 0.23082 -0.27078 -0.58128
v 0.24807 -0.27935 -0.54663
v 0.19689 -0.28619 -0.61314
v 0.19619 -0.24958 -0.64216
v 0.22762 -0.23287 -0.61329
v 0.21348 -0.26088 -0.61318
v 0.21997 -0.19446 -0.64255
v 0.24886 -0.17028 -0.61362
v 0.23939 -0.20255 -0.61345
v 0.30279 -0.10671 -0.54699
v 0.28538 -0.06677 -0.58186
v 0.30617 -0.06803 -0.54708
v 0.27672 -0.14066 -0.58167
v 0.29701 -0.14454 -0.54688
v 0.23528 -0.13187 -0.64307
v 0.26118 -0.10148 -0.61395
v 0.2561 -0.13647 -0.61379
v 0.24267 -0.06477 -0.64347
v 0.26417 -0.06572 -0.61406
v 0.21856 -0.09568 -0.66964
v 0.19946 -0.06295 -0.69384
v 0.2218 -0.03162 -0.66997
v 0.22101 -0.06384 -0.66987
v 0.20842 -0.1568 -0.66894
v 0.19367 -0.12137 -0.69308
v 0.21439 -0.12678 -0.66931
v 0.16886 -0.14131 -0.71432
v 0.15378 -0.11025 -0.73553
v 0.17651 -0.0893 -0.71553
v 0.17339 -0.11581 -0.71496
v 0.15784 -0.06134 -0.7367
v 0.17888 -0.03456 -0.71609
v 0.17831 -0.06211 -0.71593
v 0.19084 -0.21216 -0.66824
v 0.18149 -0.17562 -0.69208
v 0.2006 -0.18538 -0.66856
v 0.16525 -0.25895 -0.66791
v 0.1623 -0.22303 -0.69133
v 0.17908 -0.2368 -0.668
v 0.13498 -0.22708 -0.71257
v 0.13031 -0.19432 -0.73281
v 0.15525 -0.18808 -0.71312
v 0.14599 -0.20871 -0.71273
v 0.14486 -0.15537 -0.73397
v 0.16284 -0.16551 -0.71368
v 0.12225 -0.16379 -0.75273
v 0.11171 -0.13627 -0.77294
v 0.132 -0.12578 -0.75443
v 0.12775 -0.14551 -0.75353
v 0.10706 -0.19489 -0.75197
v 0.10139 -0.16723 -0.77143
v 0.11539 -0.18034 -0.75218
v 0.08245 -0.1667 -0.79096
v 0.07674 -0.14549 -0.81203
v 0.09324 -0.14246 -0.79185
v 0.08846 -0.15546 -0.79118
v 0.08364 -0.12088 -0.81372
v 0.09966 -0.11216 -0.79393
v 0.09694 -0.12795 -0.79281
v 0.13718 -0.08306 -0.75615
v 0.12008 -0.06002 -0.77655
v 0.13868 -0.03785 -0.75695
v 0.13834 -0.06063 -0.75672
v 0.11761 -0.09984 -0.77499
v 0.1351 -0.10487 -0.75535
v 0.08719 -0.09149 -0.81608
v 0.10274 -0.07769 -0.79604
v 0.10156 -0.09532 -0.79505
v 0.08843 -0.05909 -0.81789
v 0.1035 -0.04098 -0.79704
v 0.10335 -0.0595 -0.79675
v 0.20088 0.14294 -0.67207
v 0.17628 0.14898 -0.69986
v 0.18935 0.18072 -0.67711
v 0.19515 0.16375 -0.67414
v 0.2113 0.09201 -0.67003
v 0.18648 0.10702 -0.69513
v 0.20634 0.11885 -0.67075
v 0.17092 0.07148 -0.7162
v 0.14812 0.08199 -0.73807
v 0.16247 0.11549 -0.71968
v 0.16697 0.09463 -0.71743
v 0.13944 0.11791 -0.74426
v 0.15232 0.14852 -0.72829
v 0.15755 0.13361 -0.72321
v 0.21885 0.03235 -0.66975
v 0.19467 0.05498 -0.69369
v 0.21554 0.06299 -0.66975
v 0.19946 -0.00304 -0.69384
v 0.22101 0.00062 -0.66987
v 0.15784 -0.011 -0.7367
v 0.17671 0.02022 -0.71572
v 0.17831 -0.00696 -0.71593
v 0.15443 0.0379 -0.73635
v 0.17421 0.04653 -0.71572
v 0.1373 0.00753 -0.75635
v 0.11797 0.02124 -0.77569
v 0.13325 0.05014 -0.7564
v 0.1356 0.02937 -0.75614
v 0.12007 -0.01885 -0.77656
v 0.13833 -0.01501 -0.75673
v 0.08841 -0.02547 -0.81792
v 0.10279 -0.00401 -0.79621
v 0.10333 -0.02238 -0.79677
v 0.08733 0.00734 -0.81653
v 0.10032 0.03074 -0.79528
v 0.1018 0.0138 -0.79562
v 0.12666 0.08692 -0.75956
v 0.10669 0.08704 -0.78077
v 0.11765 0.11482 -0.76831
v 0.12245 0.10218 -0.76308
v 0.11358 0.05747 -0.77631
v 0.13026 0.06945 -0.75744
v 0.08454 0.03698 -0.81565
v 0.09562 0.06073 -0.79642
v 0.09828 0.04649 -0.79546
v 0.07937 0.06112 -0.8172
v 0.08822 0.0834 -0.8018
v 0.09229 0.07314 -0.79845
v 0.27501 -0.36136 -0.34117
v 0.23126 -0.38151 -0.38701
v 0.24905 -0.35348 -0.42906
v 0.26233 -0.35805 -0.38591
v 0.20689 -0.40596 -0.34464
v 0.16075 -0.41847 -0.38945
v 0.18714 -0.39612 -0.43051
v 0.19724 -0.40169 -0.38822
v 0.14393 -0.40482 -0.47168
v 0.16597 -0.38049 -0.51014
v 0.20728 -0.37 -0.47079
v 0.17668 -0.3891 -0.47123
v 0.22115 -0.34017 -0.50969
v 0.23528 -0.34755 -0.47039
v 0.12832 -0.4371 -0.34819
v 0.08235 -0.44135 -0.39154
v 0.11598 -0.42514 -0.43199
v 0.12229 -0.43173 -0.39059
v 0.04347 -0.45337 -0.35059
v 0 -0.44921 -0.39244
v 0.03928 -0.43994 -0.433
v 0.04142 -0.44722 -0.39219
v 0 -0.43309 -0.47279
v 0.0348 -0.42106 -0.51096
v 0.07369 -0.42596 -0.47245
v 0.03706 -0.43129 -0.47269
v 0.10279 -0.40749 -0.51063
v 0.10946 -0.41712 -0.4721
v 0.06463 -0.40414 -0.5474
v 0.08924 -0.3826 -0.58177
v 0.12631 -0.38472 -0.54714
v 0.09603 -0.39605 -0.54728
v 0 -0.41061 -0.54752
v 0.0302 -0.39488 -0.58196
v 0.0325 -0.409 -0.54749
v 0 -0.37989 -0.6141
v 0.02566 -0.35953 -0.64347
v 0.05551 -0.37416 -0.61395
v 0.02791 -0.37847 -0.61406
v 0.07583 -0.3489 -0.64307
v 0.10851 -0.35679 -0.61362
v 0.08248 -0.36695 -0.61379
v 0.18205 -0.35232 -0.54685
v 0.19228 -0.32069 -0.5813
v 0.20677 -0.33125 -0.54673
v 0.14417 -0.35791 -0.58151
v 0.1551 -0.37014 -0.54699
v 0.12251 -0.32727 -0.64255
v 0.15647 -0.32755 -0.61329
v 0.13328 -0.34367 -0.61345
v 0.1634 -0.29428 -0.64216
v 0.17778 -0.3084 -0.61318
v 0.13143 -0.29477 -0.66824
v 0.13548 -0.26091 -0.69133
v 0.14927 -0.27825 -0.668
v 0.09119 -0.3197 -0.66894
v 0.10173 -0.28829 -0.69209
v 0.11198 -0.30856 -0.66856
v 0.07484 -0.27592 -0.71436
v 0.08235 -0.24599 -0.73403
v 0.10767 -0.25621 -0.71314
v 0.09183 -0.26719 -0.71371
v 0.10932 -0.22475 -0.73283
v 0.12213 -0.24288 -0.71274
v 0.04666 -0.33428 -0.66964
v 0.06302 -0.30585 -0.6931
v 0.06933 -0.32826 -0.66931
v 0 -0.33901 -0.66997
v 0.02134 -0.31429 -0.69385
v 0.02347 -0.33784 -0.66987
v 0 -0.2906 -0.71614
v 0.01732 -0.26512 -0.73682
v 0.03834 -0.28709 -0.71557
v 0.01929 -0.28975 -0.71597
v 0.05112 -0.25909 -0.73563
v 0.05694 -0.28252 -0.715
v 0.03072 -0.23953 -0.75636
v 0.04039 -0.21528 -0.77534
v 0.05987 -0.23175 -0.7546
v 0.04559 -0.2364 -0.75554
v 0 -0.24182 -0.75719
v 0.01371 -0.21913 -0.77696
v 0.01546 -0.24128 -0.75695
v 0 -0.19982 -0.7977
v 0.01058 -0.18341 -0.81886
v 0.02399 -0.19851 -0.79665
v 0.01208 -0.19954 -0.7974
v 0.03112 -0.18107 -0.81691
v 0.04663 -0.19351 -0.79439
v 0.03556 -0.19656 -0.7956
v 0.08584 -0.21728 -0.75282
v 0.0857 -0.19067 -0.77151
v 0.09714 -0.20715 -0.75222
v 0.06488 -0.20624 -0.77317
v 0.07335 -0.22543 -0.75365
v 0.04981 -0.17494 -0.81427
v 0.06656 -0.18338 -0.7921
v 0.05702 -0.18917 -0.79318
v 0.06543 -0.16357 -0.81222
v 0.0751 -0.17594 -0.79131
v 0 0.58071 0.19162
v 0.03212 0.55297 0.20572
v 0.05178 0.5749 0.17705
v 0.02143 0.61276 0.17103
v 0.02648 0.57903 0.18787
v 0 0.53609 0.23037
v 0.04244 0.51935 0.25081
v 0.0751 0.52609 0.21374
v 0.03766 0.53345 0.22617
v 0.12969 0.49516 0.21749
v 0.1433 0.50269 0.16433
v 0.09193 0.53968 0.17524
v 0.11209 0.51458 0.19322
v 0.09404 0.56281 0.13592
v 0.06067 0.60501 0.14458
v 0.07469 0.5692 0.15958
v 0.09812 0.48317 0.34665
v 0.04794 0.50188 0.31639
v 0 0.49814 0.35868
v 0.04917 0.49425 0.35525
v 0.19442 0.44192 0.32072
v 0.14384 0.47391 0.29245
v 0.14661 0.46552 0.33458
v 0.18744 0.45902 0.23277
v 0.09204 0.49938 0.26982
v 0.13924 0.48269 0.252
v 0 0.51299 0.28534
v 0.04578 0.50954 0.28123
v 0.36556 0.30315 0.27173
v 0.32805 0.34918 0.23622
v 0.2862 0.3796 0.29347
v 0.32798 0.34269 0.28154
v 0.36662 0.31311 0.18302
v 0.32826 0.3563 0.14943
v 0.2844 0.39192 0.20403
v 0.32793 0.3537 0.19236
v 0.2366 0.43185 0.17215
v 0.23942 0.42087 0.26181
v 0.2367 0.4279 0.21714
v 0.24131 0.41298 0.30678
v 0.33301 0.35149 -0.01933
v 0.29477 0.38934 0.02943
v 0.33139 0.35618 0.06474
v 0.3679 0.31554 0.01738
v 0.33275 0.35422 0.0227
v 0.25904 0.41673 -0.00801
v 0.2182 0.45208 0.04057
v 0.25047 0.42633 0.08046
v 0.25593 0.42171 0.03594
v 0.19953 0.46396 0.13133
v 0.28764 0.39463 0.11643
v 0.24261 0.43052 0.12622
v 0.36747 0.31678 0.09926
v 0.32965 0.357 0.10694
v 0.10434 0.58122 0.02598
v 0.11907 0.55039 0.07226
v 0.15262 0.51116 0.03948
v 0.13005 0.53668 -0.00681
v 0.12601 0.54383 0.03417
v 0.08904 0.59405 0.09473
v 0.13335 0.52418 0.11699
v 0.10862 0.55663 0.10649
v 0.17569 0.48761 0.08453
v 0.16338 0.49423 0.12676
v 0.18799 0.47481 -0.00188
v 0.18356 0.48124 0.04168
v 0.15897 0.497 -0.04665
v 0.13195 0.51964 -0.09412
v 0.1095 0.56461 -0.05572
v 0.13182 0.52867 -0.04972
v 0.22394 0.44001 -0.04811
v 0.19009 0.46058 -0.09106
v 0.18998 0.46798 -0.04621
v 0.2219 0.42608 -0.13747
v 0.18676 0.44327 -0.18132
v 0.15818 0.47975 -0.13671
v 0.18884 0.45241 -0.13618
v 0.12973 0.49789 -0.18556
v 0.10852 0.54279 -0.14521
v 0.13104 0.50943 -0.13955
v 0.29624 0.38126 -0.05691
v 0.25883 0.40574 -0.09612
v 0.25988 0.41145 -0.05207
v 0.36394 0.31175 -0.06464
v 0.32829 0.3448 -0.1037
v 0.33145 0.34838 -0.06149
v 0.35416 0.30629 -0.14749
v 0.31803 0.33589 -0.18796
v 0.29068 0.37133 -0.14313
v 0.32374 0.34066 -0.14588
v 0.25266 0.39238 -0.18375
v 0.25629 0.39943 -0.14005
v 0.28054 0.35865 -0.22854
v 0.2437 0.37549 -0.26997
v 0.21591 0.40887 -0.22613
v 0.24834 0.38445 -0.22709
v 0.33971 0.29858 -0.2305
v 0.30402 0.32408 -0.27152
v 0.31139 0.33039 -0.22987
v 0.32174 0.28805 -0.31299
v 0.28799 0.3087 -0.35378
v 0.26829 0.34231 -0.31246
v 0.29614 0.31688 -0.31285
v 0.23511 0.35385 -0.35387
v 0.20975 0.38697 -0.31273
v 0.23916 0.36534 -0.31227
v 0.15495 0.45794 -0.22791
v 0.12838 0.4701 -0.27753
v 0.10658 0.51479 -0.23814
v 0.12864 0.48483 -0.2317
v 0.18232 0.42137 -0.27064
v 0.18441 0.43299 -0.22622
v 0.18106 0.39334 -0.35698
v 0.15397 0.43007 -0.31744
v 0.18102 0.40821 -0.31431
v 0.13285 0.43499 -0.36641
v 0.10883 0.47964 -0.33018
v 0.12958 0.45355 -0.32258
v 0.27127 0.2892 -0.43404
v 0.25637 0.32139 -0.39422
v 0.27978 0.29946 -0.39423
v 0.25243 0.26585 -0.51109
v 0.24449 0.29595 -0.47315
v 0.26223 0.27798 -0.47305
v 0.22232 0.29536 -0.51219
v 0.20746 0.32544 -0.4754
v 0.22911 0.32668 -0.43465
v 0.22608 0.31143 -0.47382
v 0.20722 0.35895 -0.39593
v 0.23194 0.34089 -0.39466
v 0.22959 0.23906 -0.58363
v 0.22957 0.26703 -0.54857
v 0.24163 0.25286 -0.54801
v 0.20087 0.20922 -0.65036
v 0.20856 0.23565 -0.6198
v 0.21608 0.2245 -0.61781
v 0.1891 0.2275 -0.6577
v 0.19407 0.25249 -0.62612
v 0.21042 0.26171 -0.58654
v 0.2012 0.24456 -0.62251
v 0.20493 0.28907 -0.55188
v 0.21728 0.27872 -0.54976
v 0.19153 0.27959 -0.59309
v 0.1807 0.31021 -0.56008
v 0.19163 0.31919 -0.517
v 0.19272 0.29923 -0.55522
v 0.17898 0.24307 -0.66846
v 0.18037 0.2701 -0.63667
v 0.18723 0.26072 -0.63078
v 0.16897 0.26403 -0.68325
v 0.1654 0.29568 -0.6529
v 0.17284 0.30135 -0.60526
v 0.17319 0.28147 -0.64399
v 0.15751 0.3386 -0.57552
v 0.16256 0.34578 -0.52813
v 0.16895 0.323 -0.56674
v 0.18592 0.3583 -0.43877
v 0.15992 0.39467 -0.40249
v 0.18297 0.37655 -0.39841
v 0.17136 0.35322 -0.4827
v 0.18908 0.33903 -0.47824
v 0.13959 0.38744 -0.49783
v 0.14647 0.39208 -0.44936
v 0.15472 0.36902 -0.48911
v 0.12044 0.43639 -0.417
v 0.13883 0.41429 -0.40856
v 0.16277 0.23736 -0.71452
v 0.14453 0.23833 -0.76291
v 0.15449 0.26448 -0.73281
v 0.15915 0.24968 -0.72336
v 0.16935 0.21836 -0.69884
v 0.14865 0.21248 -0.74352
v 0.16596 0.22708 -0.70633
v 0.12934 0.18594 -0.76816
v 0.10377 0.18871 -0.81176
v 0.12708 0.21419 -0.78971
v 0.12754 0.199 -0.77919
v 0.10423 0.22428 -0.83464
v 0.12362 0.24671 -0.8108
v 0.12595 0.22989 -0.80047
v 0.16545 0.17677 -0.70961
v 0.17839 0.20284 -0.68617
v 0.18371 0.19329 -0.68115
v 0.12891 0.14229 -0.75735
v 0.14106 0.16866 -0.74427
v 0.14691 0.15975 -0.73519
v 0.11426 0.15821 -0.78118
v 0.15516 0.1939 -0.72504
v 0.13453 0.17661 -0.75589
v 0.17355 0.21074 -0.69209
v 0.07117 0.07739 -0.82313
v 0.07726 0.09681 -0.81306
v 0.09708 0.10717 -0.79145
v 0.08336 0.09119 -0.80675
v 0.05848 0.0858 -0.83349
v 0.05948 0.10278 -0.82878
v 0.0822 0.1182 -0.80911
v 0.06945 0.10058 -0.82049
v 0.0844 0.14189 -0.81231
v 0.10563 0.13197 -0.78515
v 0.09698 0.13808 -0.79747
v 0.11228 0.12448 -0.77555
v 0 0.10333 -0.85435
v 0.01948 0.1214 -0.8515
v 0.03235 0.10384 -0.84587
v 0.01367 0.08851 -0.85709
v 0.0165 0.10357 -0.85189
v 0 0.14077 -0.8594
v 0.02466 0.16128 -0.86358
v 0.04436 0.14157 -0.84517
v 0.0223 0.14099 -0.85554
v 0.0744 0.16365 -0.83119
v 0.05589 0.12189 -0.83238
v 0.06596 0.14246 -0.82948
v 0.03903 0.08862 -0.84648
v 0.0469 0.10372 -0.83771
v 0.02728 0.23998 -0.91356
v 0.05443 0.22044 -0.88699
v 0.02719 0.20098 -0.88865
v 0 0.22084 -0.90757
v 0.02751 0.22053 -0.90203
v 0.07929 0.24004 -0.87511
v 0.07992 0.20282 -0.8517
v 0.0802 0.22141 -0.864
v 0.05246 0.18186 -0.86136
v 0.07852 0.18367 -0.83968
v 0 0.18125 -0.8802
v 0.02626 0.18125 -0.87523
v 0.03459 0.65277 0.14404
v 0.01493 0.70433 0.13577
v 0 0.65624 0.15691
v 0.01764 0.65529 0.1536
v 0.06367 0.64426 0.10747
v 0.04265 0.69897 0.11175
v 0.05017 0.64899 0.12855
v 0.04818 0.74836 0.07486
v 0.03453 0.80813 0.07699
v 0.02578 0.7558 0.10885
v 0.03762 0.75274 0.09448
v 0.01199 0.81279 0.09954
v 0 0.75817 0.12073
v 0.0131 0.75759 0.11769
v 0.08256 0.63265 0.05017
v 0.06401 0.68909 0.06618
v 0.07441 0.63889 0.08115
v 0.09166 0.61665 -0.02346
v 0.07685 0.6742 0.00213
v 0.08825 0.62531 0.0151
v 0.0724 0.71463 -0.04956
v 0.06464 0.77876 -0.0277
v 0.06412 0.73523 0.02107
v 0.06927 0.72598 -0.01233
v 0.0528 0.79738 0.03382
v 0.05705 0.7426 0.05026
v 0.05715 0.84228 -0.01089
v 0.04938 0.90248 0.00111
v 0.04233 0.85814 0.04087
v 0.0505 0.85135 0.01729
v 0.06503 0.81608 -0.07989
v 0.06068 0.87967 -0.05879
v 0.06206 0.83062 -0.04338
v 0.06231 0.9065 -0.1092
v 0.05798 0.96172 -0.0864
v 0.05501 0.93795 -0.0416
v 0.05961 0.924 -0.07333
v 0.04771 0.98797 -0.02848
v 0.0409 0.95662 0.00833
v 0.0487 0.9487 -0.01429
v 0.02246 0.86601 0.07316
v 0.01114 0.91984 0.06368
v 0 0.86808 0.08432
v 0.01139 0.86763 0.08148
v 0.03215 0.91497 0.04248
v 0.03288 0.86293 0.05956
v 0.03135 1.00201 0.01042
v 0.02175 0.96543 0.03868
v 0.03181 0.96206 0.026
v 0.0109 1.00721 0.02956
v 0 0.96757 0.04888
v 0.01103 0.96713 0.04632
v 0.09272 0.59463 -0.10872
v 0.08119 0.65245 -0.07668
v 0.09293 0.60645 -0.06494
v 0.09053 0.56594 -0.20073
v 0.07969 0.62301 -0.16576
v 0.0917 0.58115 -0.15418
v 0.07013 0.64675 -0.22606
v 0.06646 0.71125 -0.19378
v 0.07289 0.68497 -0.1337
v 0.07158 0.66687 -0.1792
v 0.06856 0.75013 -0.10497
v 0.07338 0.70092 -0.09026
v 0.09037 0.53011 -0.2946
v 0.07768 0.58601 -0.25979
v 0.08987 0.54895 -0.24774
v 0.09752 0.48668 -0.38544
v 0.0805 0.54162 -0.35346
v 0.0927 0.50937 -0.34071
v 0.07612 0.54809 -0.41303
v 0.06508 0.60919 -0.3829
v 0.06943 0.60083 -0.32103
v 0.07152 0.57526 -0.36775
v 0.06356 0.66373 -0.28836
v 0.06919 0.6247 -0.27357
v 0.0594 0.67274 -0.35119
v 0.05757 0.73767 -0.31813
v 0.06152 0.72921 -0.25574
v 0.05996 0.70181 -0.30345
v 0.0638 0.61079 -0.44376
v 0.057 0.67347 -0.41299
v 0.06047 0.6423 -0.39821
v 0.05569 0.66636 -0.47223
v 0.05068 0.72555 -0.43822
v 0.05411 0.7363 -0.37945
v 0.05397 0.70159 -0.42656
v 0.05306 0.79755 -0.34336
v 0.05771 0.80223 -0.28397
v 0.05554 0.77001 -0.33167
v 0.06508 0.77779 -0.16333
v 0.06425 0.84393 -0.13501
v 0.06583 0.79837 -0.12012
v 0.0616 0.79554 -0.22346
v 0.06344 0.75464 -0.20878
v 0.05785 0.86391 -0.24899
v 0.06196 0.86025 -0.19186
v 0.06003 0.83247 -0.23711
v 0.06088 0.92013 -0.16128
v 0.0629 0.88509 -0.14897
v 0.11548 0.43598 -0.46932
v 0.09347 0.48997 -0.44147
v 0.10548 0.46196 -0.42819
v 0.13708 0.38325 -0.54821
v 0.11484 0.43417 -0.52259
v 0.12639 0.40949 -0.50921
v 0.11554 0.43172 -0.57598
v 0.09563 0.48749 -0.55272
v 0.09377 0.48998 -0.49748
v 0.10468 0.46051 -0.53731
v 0.07625 0.54927 -0.47161
v 0.0839 0.51942 -0.45616
v 0.15335 0.33454 -0.62503
v 0.13572 0.38025 -0.59966
v 0.14644 0.35801 -0.58669
v 0.15534 0.29589 -0.70273
v 0.14722 0.33424 -0.67555
v 0.1567 0.31358 -0.66359
v 0.13711 0.33795 -0.72556
v 0.12661 0.38012 -0.70125
v 0.13285 0.3791 -0.65113
v 0.13714 0.35673 -0.68827
v 0.11512 0.42929 -0.62851
v 0.12529 0.40434 -0.61381
v 0.11182 0.42734 -0.67898
v 0.09539 0.47789 -0.65714
v 0.09672 0.48328 -0.6063
v 0.10516 0.45414 -0.64316
v 0.11604 0.38323 -0.7484
v 0.10477 0.42591 -0.72596
v 0.11576 0.40349 -0.71398
v 0.09392 0.42479 -0.7679
v 0.08293 0.46418 -0.7456
v 0.0908 0.47154 -0.70402
v 0.09377 0.44645 -0.73667
v 0.07621 0.51819 -0.68065
v 0.07938 0.53003 -0.63404
v 0.08575 0.49957 -0.66985
v 0.07821 0.54609 -0.52851
v 0.06473 0.60613 -0.50204
v 0.07003 0.57852 -0.48712
v 0.07978 0.53945 -0.58297
v 0.08742 0.51414 -0.56816
v 0.06512 0.5821 -0.60807
v 0.06568 0.59629 -0.55708
v 0.07244 0.56243 -0.59649
v 0.05487 0.65239 -0.52741
v 0.05985 0.6311 -0.5157
v 0.13599 0.27217 -0.78241
v 0.14048 0.30216 -0.75309
v 0.14818 0.28223 -0.74282
v 0.09966 0.26113 -0.85423
v 0.11403 0.28503 -0.82814
v 0.11955 0.26528 -0.82003
v 0.08983 0.30074 -0.86657
v 0.09975 0.32585 -0.84093
v 0.12151 0.31282 -0.80027
v 0.10733 0.30541 -0.83511
v 0.122 0.34542 -0.77321
v 0.13167 0.32349 -0.76332
v 0.05251 0.25898 -0.90645
v 0.07381 0.27882 -0.88955
v 0.07709 0.25929 -0.88355
v 0 0.25982 -0.92692
v 0.0255 0.27861 -0.926
v 0.02659 0.25941 -0.92142
v 0 0.29756 -0.93262
v 0.02247 0.31542 -0.92686
v 0.04755 0.29737 -0.91416
v 0.02411 0.29735 -0.92768
v 0.06489 0.31732 -0.89519
v 0.06968 0.29828 -0.89335
v 0.04077 0.33346 -0.91272
v 0.05421 0.35276 -0.89389
v 0.07679 0.33953 -0.87259
v 0.05967 0.33559 -0.89529
v 0 0.33249 -0.92799
v 0.0188 0.34868 -0.91929
v 0.02068 0.3326 -0.92394
v 0 0.36303 -0.91633
v 0.01512 0.37666 -0.90641
v 0.03334 0.3651 -0.90478
v 0.01693 0.36344 -0.91332
v 0.04346 0.38234 -0.88753
v 0.06262 0.37393 -0.87318
v 0.04874 0.36846 -0.89123
v 0.10338 0.35485 -0.81518
v 0.10114 0.38798 -0.79078
v 0.11173 0.36717 -0.78246
v 0.08303 0.36468 -0.84897
v 0.09155 0.34579 -0.84555
v 0.06612 0.39706 -0.8521
v 0.08388 0.39288 -0.82582
v 0.07446 0.38196 -0.85116
v 0.08005 0.42359 -0.80338
v 0.09049 0.40704 -0.79785
v 0.02217 0.07743 -0.86421
v 0.00927 0.06961 -0.88261
v 0 0.07713 -0.86887
v 0.01127 0.07729 -0.86752
v 0.04143 0.07634 -0.85471
v 0.02676 0.06924 -0.87685
v 0.03235 0.07722 -0.85969
v 0.02868 0.06311 -0.89464
v 0.01843 0.06245 -0.92095
v 0.01507 0.06504 -0.89994
v 0.02215 0.06442 -0.89743
v 0.0063 0.06384 -0.9244
v 0 0.0652 -0.9025
v 0.00763 0.06522 -0.90176
v 0.05538 0.07131 -0.84578
v 0.04109 0.06626 -0.86962
v 0.04906 0.07446 -0.85
v 0.06473 0.06016 -0.83965
v 0.05147 0.05856 -0.86383
v 0.06055 0.06664 -0.84226
v 0.04745 0.0466 -0.88612
v 0.03771 0.04909 -0.91302
v 0.03955 0.05752 -0.88952
v 0.04387 0.05283 -0.88752
v 0.02912 0.05802 -0.91657
v 0.03448 0.06088 -0.89195
v 0.02914 0.05283 -0.94144
v 0.0217 0.05879 -0.97092
v 0.02035 0.06075 -0.94492
v 0.02492 0.05738 -0.94309
v 0.03622 0.03981 -0.93888
v 0.02948 0.0463 -0.96824
v 0.03293 0.04701 -0.94002
v 0.03115 0.0365 -0.99643
v 0.02582 0.04912 -1.02608
v 0.02324 0.05535 -0.99799
v 0.02729 0.0467 -0.99743
v 0.01756 0.06717 -1.02819
v 0.01543 0.06725 -1.00154
v 0.01931 0.0621 -0.99948
v 0.01045 0.06449 -0.94864
v 0.00445 0.06903 -0.97782
v 0 0.06538 -0.95048
v 0.00526 0.0652 -0.94995
v 0.01325 0.06601 -0.97467
v 0.0155 0.06307 -0.94687
v 0.01034 0.07791 -1.0337
v 0.00771 0.07361 -1.00589
v 0.01157 0.07104 -1.00379
v 0.00341 0.08302 -1.03822
v 0 0.0755 -1.00808
v 0.00385 0.07506 -1.00744
v 0.07064 0.04127 -0.83756
v 0.05836 0.04425 -0.861
v 0.06806 0.05161 -0.83815
v 0.07392 0.01628 -0.83822
v 0.06237 0.02335 -0.86116
v 0.07256 0.02941 -0.83765
v 0.05503 0.00667 -0.8866
v 0.0474 0.01423 -0.91143
v 0.05241 0.02916 -0.88543
v 0.05397 0.01843 -0.88586
v 0.04378 0.03439 -0.91126
v 0.05026 0.03863 -0.88547
v 0.07534 -0.01267 -0.83989
v 0.06426 -0.00211 -0.8628
v 0.07482 0.00216 -0.83903
v 0.07564 -0.04343 -0.84085
v 0.06482 -0.03017 -0.86439
v 0.07558 -0.02796 -0.84057
v 0.05609 -0.04597 -0.88934
v 0.04941 -0.03495 -0.91429
v 0.056 -0.01896 -0.8884
v 0.0561 -0.0324 -0.88907
v 0.04906 -0.00946 -0.91282
v 0.05567 -0.00586 -0.88751
v 0.04472 -0.02563 -0.93912
v 0.04182 -0.01775 -0.96389
v 0.04379 -0.00124 -0.93781
v 0.04444 -0.01328 -0.93841
v 0.04456 -0.05063 -0.94
v 0.04201 -0.04223 -0.96506
v 0.04472 -0.03813 -0.93973
v 0.04075 -0.05947 -0.99028
v 0.04243 -0.05444 -1.01412
v 0.04146 -0.03548 -0.9894
v 0.04126 -0.04757 -0.98996
v 0.04277 -0.03032 -1.01299
v 0.04056 -0.0111 -0.9887
v 0.04126 -0.02329 -0.98888
v 0.04106 0.02122 -0.93766
v 0.03579 0.02823 -0.96566
v 0.03891 0.03113 -0.9381
v 0.03992 0.00615 -0.96367
v 0.04267 0.01035 -0.93756
v 0.04088 -0.00573 -1.01351
v 0.0373 0.01305 -0.9907
v 0.03927 0.001 -0.98918
v 0.03588 0.01968 -1.01991
v 0.03454 0.02508 -0.99365
v 0.07535 -0.0739 -0.83974
v 0.06483 -0.05886 -0.86434
v 0.0756 -0.05881 -0.84052
v 0.07368 -0.10239 -0.83746
v 0.06421 -0.08645 -0.86248
v 0.07475 -0.0885 -0.83867
v 0.05477 -0.09758 -0.88604
v 0.04857 -0.0855 -0.91251
v 0.05589 -0.07265 -0.88825
v 0.0555 -0.08542 -0.88721
v 0.04923 -0.06075 -0.91424
v 0.05605 -0.05944 -0.88901
v 0.06962 -0.12725 -0.83525
v 0.06202 -0.11141 -0.86011
v 0.07202 -0.11538 -0.83627
v 0.06214 -0.14684 -0.83438
v 0.05732 -0.13226 -0.85849
v 0.06637 -0.13781 -0.83457
v 0.04647 -0.13676 -0.88346
v 0.04305 -0.12707 -0.9092
v 0.05191 -0.11941 -0.88402
v 0.04956 -0.12873 -0.88348
v 0.04674 -0.10801 -0.91039
v 0.05361 -0.10897 -0.88493
v 0.03978 -0.11827 -0.93553
v 0.03741 -0.11042 -0.96192
v 0.04252 -0.09796 -0.93706
v 0.04135 -0.1085 -0.93616
v 0.03522 -0.13503 -0.93575
v 0.03365 -0.12885 -0.96158
v 0.03776 -0.12716 -0.93534
v 0.02816 -0.14022 -0.98881
v 0.02883 -0.13654 -1.01308
v 0.03292 -0.12319 -0.98717
v 0.03069 -0.13203 -0.9876
v 0.03366 -0.11844 -1.01205
v 0.03653 -0.10377 -0.98788
v 0.03486 -0.11375 -0.98732
v 0.04394 -0.07508 -0.939
v 0.04127 -0.06637 -0.96507
v 0.04432 -0.06299 -0.9397
v 0.03984 -0.08935 -0.96355
v 0.04337 -0.08678 -0.93806
v 0.03761 -0.09871 -1.01302
v 0.03911 -0.08239 -0.98942
v 0.03794 -0.0933 -0.98864
v 0.04057 -0.07736 -1.01428
v 0.04004 -0.0711 -0.99003
v 0.05048 -0.15991 -0.83579
v 0.04917 -0.14748 -0.85891
v 0.05679 -0.15415 -0.83484
v 0.0355 -0.16748 -0.83846
v 0.03757 -0.15696 -0.8613
v 0.04334 -0.1643 -0.83705
v 0.02664 -0.15567 -0.88844
v 0.02811 -0.15111 -0.91335
v 0.03783 -0.14859 -0.8853
v 0.0325 -0.15266 -0.8868
v 0.03684 -0.1415 -0.91023
v 0.04252 -0.14334 -0.88413
v 0.01831 -0.17097 -0.84106
v 0.02353 -0.16199 -0.86427
v 0.02711 -0.16965 -0.83985
v 0 -0.17178 -0.84226
v 0.00801 -0.16386 -0.86646
v 0.00922 -0.17162 -0.84192
v 0 -0.15997 -0.89277
v 0.00598 -0.15909 -0.9196
v 0.01375 -0.1591 -0.89141
v 0.00693 -0.15979 -0.89238
v 0.01759 -0.1567 -0.91699
v 0.02035 -0.15777 -0.89004
v 0.01026 -0.16036 -0.94676
v 0.01323 -0.16275 -0.97388
v 0.01995 -0.15572 -0.9429
v 0.01522 -0.15846 -0.94499
v 0 -0.16179 -0.94848
v 0.00449 -0.16653 -0.97747
v 0.00517 -0.16145 -0.94799
v 0 -0.17464 -1.00862
v 0.0035 -0.18357 -1.03926
v 0.00782 -0.17219 -1.00613
v 0.00393 -0.17401 -1.00793
v 0.0104 -0.17766 -1.03377
v 0.01533 -0.16527 -1.00041
v 0.01163 -0.16925 -1.00352
v 0.02846 -0.14742 -0.93865
v 0.02826 -0.14391 -0.96394
v 0.0321 -0.14177 -0.93692
v 0.02131 -0.15521 -0.96871
v 0.02439 -0.15205 -0.94072
v 0.01705 -0.16706 -1.02566
v 0.02221 -0.15442 -0.99385
v 0.01887 -0.1603 -0.99709
v 0.02325 -0.15295 -1.01781
v 0.02532 -0.14771 -0.99099
v 0.00623 0.09027 -1.06718
v 0.00292 0.10418 -1.10191
v 0 0.09342 -1.07056
v 0.0031 0.09263 -1.06959
v 0.01279 0.08087 -1.06011
v 0.00896 0.0966 -1.09465
v 0.00945 0.08635 -1.06386
v 0.01212 0.10148 -1.12017
v 0.00936 0.12345 -1.15974
v 0.00585 0.11444 -1.13182
v 0.00891 0.10889 -1.12647
v 0.00306 0.13414 -1.17092
v 0 0.11915 -1.13703
v 0.0029 0.11792 -1.13556
v 0.02015 0.0651 -1.05372
v 0.0156 0.08221 -1.08477
v 0.0163 0.07383 -1.05646
v 0.02972 0.04255 -1.05572
v 0.02368 0.06186 -1.07806
v 0.02453 0.05449 -1.0527
v 0.02827 0.05774 -1.10059
v 0.02411 0.07996 -1.12813
v 0.01929 0.08191 -1.10754
v 0.02349 0.07027 -1.10293
v 0.01621 0.10453 -1.14336
v 0.01554 0.0924 -1.11358
v 0.02158 0.10542 -1.16407
v 0.02009 0.13517 -1.20769
v 0.01396 0.13054 -1.18513
v 0.01768 0.1187 -1.17458
v 0.03005 0.07628 -1.14671
v 0.02843 0.10407 -1.18246
v 0.02568 0.09113 -1.15448
v 0.03693 0.10089 -1.19937
v 0.0383 0.13637 -1.24522
v 0.02811 0.13706 -1.22748
v 0.03257 0.11906 -1.21254
v 0.02821 0.17604 -1.2813
v 0.01893 0.16979 -1.25835
v 0.02356 0.1542 -1.24311
v 0.00686 0.14817 -1.20286
v 0.00398 0.1751 -1.24823
v 0 0.1549 -1.21046
v 0.00341 0.15311 -1.20835
v 0.01197 0.16032 -1.23217
v 0.01036 0.14051 -1.19484
v 0.01727 0.20924 -1.31508
v 0.00953 0.19356 -1.28334
v 0.01425 0.18314 -1.27212
v 0.00581 0.22921 -1.33683
v 0 0.20287 -1.29382
v 0.00477 0.20037 -1.29093
v 0.04307 -0.00233 -1.03805
v 0.04711 -0.0025 -1.06297
v 0.03797 0.02115 -1.05062
v 0.04055 0.01003 -1.04225
v 0.04597 -0.02701 -1.03559
v 0.05047 -0.02591 -1.05824
v 0.04487 -0.01469 -1.03608
v 0.05749 -0.05163 -1.08152
v 0.06352 -0.05533 -1.10675
v 0.0558 -0.02762 -1.08213
v 0.05695 -0.03944 -1.08134
v 0.06099 -0.03222 -1.10814
v 0.05206 -0.00659 -1.0885
v 0.05414 -0.01654 -1.08435
v 0.04622 -0.05136 -1.03649
v 0.05146 -0.05036 -1.05854
v 0.04639 -0.03927 -1.03584
v 0.04436 -0.07452 -1.03765
v 0.04992 -0.07397 -1.06012
v 0.04552 -0.06315 -1.0372
v 0.05303 -0.09793 -1.08413
v 0.06035 -0.10307 -1.10909
v 0.05651 -0.07574 -1.08304
v 0.05507 -0.08719 -1.08378
v 0.06334 -0.07984 -1.10787
v 0.05733 -0.06381 -1.08218
v 0.06738 -0.11069 -1.13702
v 0.07316 -0.12056 -1.16979
v 0.06952 -0.08618 -1.13624
v 0.06882 -0.09867 -1.13672
v 0.06231 -0.13192 -1.1363
v 0.06902 -0.14394 -1.16827
v 0.0652 -0.1219 -1.13695
v 0.06776 -0.17875 -1.20073
v 0.07122 -0.19881 -1.2449
v 0.07388 -0.15834 -1.20641
v 0.07122 -0.16949 -1.20395
v 0.0759 -0.17461 -1.25294
v 0.07674 -0.13231 -1.20931
v 0.07573 -0.14579 -1.20817
v 0.06861 -0.06131 -1.13568
v 0.07169 -0.06923 -1.1695
v 0.06469 -0.03917 -1.13725
v 0.06702 -0.04971 -1.13607
v 0.0741 -0.09453 -1.16979
v 0.06945 -0.0736 -1.13582
v 0.07715 -0.14539 -1.25745
v 0.07612 -0.10446 -1.21005
v 0.07687 -0.11837 -1.20992
v 0.07472 -0.11541 -1.25827
v 0.07181 -0.07861 -1.20921
v 0.07444 -0.09105 -1.20979
v 0.04096 -0.09573 -1.03698
v 0.0463 -0.09539 -1.06041
v 0.04283 -0.08536 -1.03749
v 0.03639 -0.11524 -1.03587
v 0.04108 -0.11443 -1.05924
v 0.0388 -0.10567 -1.03636
v 0.04039 -0.1334 -1.08171
v 0.04719 -0.13843 -1.10598
v 0.04741 -0.11677 -1.08305
v 0.04402 -0.12527 -1.08225
v 0.05476 -0.12264 -1.10834
v 0.05045 -0.10772 -1.08378
v 0.03097 -0.13348 -1.0363
v 0.03485 -0.13207 -1.05887
v 0.03377 -0.12449 -1.03577
v 0.02506 -0.15089 -1.04022
v 0.02815 -0.14928 -1.06162
v 0.02806 -0.14226 -1.0377
v 0.02521 -0.16648 -1.08898
v 0.03018 -0.16758 -1.10799
v 0.03275 -0.1494 -1.0827
v 0.02893 -0.15769 -1.085
v 0.0387 -0.1526 -1.10475
v 0.0366 -0.14138 -1.08173
v 0.03619 -0.17208 -1.12856
v 0.04253 -0.18155 -1.15282
v 0.0455 -0.16012 -1.12934
v 0.04081 -0.16594 -1.1283
v 0.02746 -0.18728 -1.13557
v 0.03316 -0.19172 -1.15303
v 0.0317 -0.17903 -1.13076
v 0.03026 -0.2108 -1.17742
v 0.03418 -0.22003 -1.19559
v 0.03861 -0.20215 -1.17577
v 0.03422 -0.20528 -1.1745
v 0.04305 -0.22031 -1.20647
v 0.0485 -0.1972 -1.1828
v 0.04342 -0.19962 -1.17873
v 0.05463 -0.14771 -1.13297
v 0.06183 -0.16133 -1.16405
v 0.05873 -0.14041 -1.13485
v 0.05248 -0.17274 -1.15794
v 0.05016 -0.15417 -1.13101
v 0.05335 -0.21939 -1.21988
v 0.05878 -0.19071 -1.1921
v 0.05369 -0.1944 -1.18737
v 0.06335 -0.2137 -1.23347
v 0.06354 -0.18567 -1.19667
v 0.01894 -0.16761 -1.04891
v 0.02152 -0.1671 -1.06986
v 0.02201 -0.15942 -1.0441
v 0.01269 -0.18198 -1.05954
v 0.01518 -0.18465 -1.08258
v 0.01583 -0.17521 -1.0542
v 0.01195 -0.20418 -1.11888
v 0.01549 -0.20704 -1.13832
v 0.01831 -0.18574 -1.1025
v 0.01508 -0.19529 -1.11067
v 0.02238 -0.18605 -1.11965
v 0.02168 -0.17599 -1.09504
v 0.00637 -0.19206 -1.06856
v 0.00904 -0.19915 -1.09543
v 0.00954 -0.18768 -1.06447
v 0 -0.1959 -1.07245
v 0.003 -0.2078 -1.10402
v 0.00319 -0.19488 -1.07137
v 0 -0.22369 -1.13865
v 0.00301 -0.23785 -1.17005
v 0.0059 -0.2181 -1.1327
v 0.00294 -0.22217 -1.13699
v 0.00912 -0.22591 -1.15732
v 0.0089 -0.21194 -1.12644
v 0.00645 -0.24912 -1.19681
v 0.01066 -0.25678 -1.21781
v 0.01301 -0.23089 -1.17707
v 0.00971 -0.24093 -1.18786
v 0 -0.25679 -1.20533
v 0.00356 -0.2725 -1.23549
v 0.00322 -0.25467 -1.20296
v 0 -0.29399 -1.27063
v 0.00466 -0.31055 -1.29851
v 0.00805 -0.28388 -1.25908
v 0.00404 -0.29118 -1.26742
v 0.01376 -0.29015 -1.27496
v 0.0159 -0.26045 -1.23226
v 0.01201 -0.27326 -1.24693
v 0.01985 -0.20837 -1.15393
v 0.02502 -0.209 -1.16632
v 0.02353 -0.19729 -1.14364
v 0.01776 -0.23314 -1.19156
v 0.01637 -0.2198 -1.16542
v 0.02221 -0.2598 -1.23946
v 0.02334 -0.23291 -1.20079
v 0.0197 -0.24661 -1.21638
v 0.02907 -0.23012 -1.20425
v 0.02674 -0.22049 -1.18699
v 0.01417 0.25273 -1.3763
v 0.00863 0.29679 -1.43833
v 0 0.26526 -1.3901
v 0.00712 0.26188 -1.3863
v 0.02776 0.22125 -1.34312
v 0.02546 0.27056 -1.41023
v 0.02107 0.23886 -1.36145
v 0.03953 0.28072 -1.43721
v 0.03509 0.33448 -1.51104
v 0.0204 0.3206 -1.47923
v 0.0302 0.30292 -1.46042
v 0.012 0.36695 -1.54602
v 0 0.33673 -1.49672
v 0.01028 0.33234 -1.49191
v 0.04022 0.17895 -1.3015
v 0.041 0.22778 -1.36634
v 0.03417 0.20095 -1.32268
v 0.05098 0.13396 -1.26241
v 0.05448 0.17808 -1.31902
v 0.04585 0.15628 -1.28096
v 0.0699 0.17467 -1.3353
v 0.07212 0.22441 -1.39908
v 0.05624 0.2284 -1.38457
v 0.06348 0.20103 -1.35864
v 0.05544 0.28273 -1.45678
v 0.04824 0.25542 -1.41135
v 0.07145 0.27794 -1.46986
v 0.06842 0.33122 -1.5447
v 0.05169 0.33775 -1.53289
v 0.06216 0.30857 -1.50172
v 0.08698 0.21893 -1.41316
v 0.08606 0.26864 -1.4782
v 0.07968 0.24751 -1.43958
v 0.09756 0.25961 -1.4865
v 0.096 0.29606 -1.54004
v 0.08374 0.31663 -1.54705
v 0.09116 0.2861 -1.51303
v 0.07966 0.36001 -1.61888
v 0.06264 0.3807 -1.62132
v 0.07425 0.34894 -1.58424
v 0.02715 0.38486 -1.58408
v 0.01543 0.42694 -1.65182
v 0 0.40437 -1.6056
v 0.01374 0.39902 -1.59966
v 0.04455 0.38935 -1.60946
v 0.03991 0.36381 -1.56109
v 0.05275 0.42281 -1.69677
v 0.03348 0.43312 -1.68269
v 0.04887 0.40953 -1.65506
v 0.01841 0.46401 -1.74762
v 0 0.45525 -1.70865
v 0.01701 0.44914 -1.70147
v 0.04721 0.09697 -1.21656
v 0.0594 0.09359 -1.23631
v 0.06524 0.13102 -1.28061
v 0.05553 0.113 -1.24722
v 0.05417 0.06182 -1.20379
v 0.06459 0.0601 -1.23087
v 0.07246 0.09213 -1.26075
v 0.06246 0.07589 -1.23055
v 0.08514 0.09466 -1.29285
v 0.0936 0.13111 -1.33119
v 0.07989 0.12927 -1.30238
v 0.08318 0.11054 -1.29432
v 0.08513 0.17175 -1.35386
v 0.07541 0.1507 -1.3163
v 0.05803 0.03216 -1.21411
v 0.06558 0.03495 -1.25328
v 0.07522 0.06291 -1.26637
v 0.06567 0.04639 -1.23814
v 0.05763 0.00921 -1.25469
v 0.0614 0.01957 -1.31074
v 0.07269 0.04498 -1.3046
v 0.0642 0.02595 -1.27718
v 0.0779 0.0641 -1.3704
v 0.0912 0.08949 -1.3725
v 0.08462 0.07219 -1.31296
v 0.08206 0.0662 -1.33652
v 0.09585 0.10304 -1.33522
v 0.08564 0.08178 -1.29874
v 0.1028 0.11856 -1.3893
v 0.11172 0.15296 -1.42069
v 0.10484 0.13873 -1.3702
v 0.10479 0.12676 -1.37577
v 0.09374 0.11593 -1.4455
v 0.10508 0.14098 -1.45393
v 0.09906 0.11474 -1.41211
v 0.10329 0.16815 -1.52223
v 0.10932 0.19325 -1.54239
v 0.11314 0.17273 -1.48098
v 0.10874 0.16724 -1.49659
v 0.11642 0.21292 -1.52485
v 0.11634 0.19342 -1.46423
v 0.11585 0.18168 -1.47029
v 0.09885 0.17218 -1.37889
v 0.09995 0.21654 -1.4325
v 0.09348 0.19385 -1.39289
v 0.10983 0.17911 -1.41496
v 0.10275 0.15384 -1.37129
v 0.11474 0.23882 -1.51441
v 0.10975 0.2228 -1.46512
v 0.11408 0.20731 -1.46255
v 0.10482 0.26463 -1.51225
v 0.104 0.23937 -1.47182
v 0.05182 -0.00581 -1.33275
v 0.05141 0.01469 -1.40569
v 0.06415 0.04012 -1.38286
v 0.05708 0.016 -1.35486
v 0.04076 -0.01349 -1.43672
v 0.03683 0.01666 -1.51205
v 0.04999 0.04602 -1.48903
v 0.0446 0.01509 -1.45937
v 0.04656 0.08711 -1.57868
v 0.06292 0.11264 -1.56167
v 0.06487 0.0714 -1.46806
v 0.0563 0.07873 -1.52377
v 0.08007 0.09384 -1.45195
v 0.07213 0.06618 -1.4156
v 0.02596 -0.01621 -1.53632
v 0.01918 0.02112 -1.599
v 0.03169 0.05634 -1.59155
v 0.02829 0.01886 -1.55988
v 0.0089 -0.01637 -1.60127
v 0 0.0237 -1.63568
v 0.01084 0.06469 -1.6587
v 0.00969 0.02292 -1.62555
v 0 0.11023 -1.70855
v 0.01388 0.15242 -1.74005
v 0.0243 0.10286 -1.66986
v 0.01228 0.10812 -1.69784
v 0.04034 0.13564 -1.66896
v 0.03581 0.09551 -1.62876
v 0.03066 0.18819 -1.75282
v 0.04935 0.21579 -1.74786
v 0.05792 0.16181 -1.65738
v 0.04493 0.176 -1.70959
v 0 0.20016 -1.79386
v 0.01717 0.24035 -1.82213
v 0.01554 0.19677 -1.78245
v 0 0.28692 -1.86809
v 0.01989 0.322 -1.88174
v 0.03666 0.27077 -1.82548
v 0.01865 0.28237 -1.85619
v 0.05681 0.29036 -1.80613
v 0.06819 0.23464 -1.72763
v 0.05339 0.25418 -1.78097
v 0.07891 0.13366 -1.54391
v 0.0929 0.15142 -1.52889
v 0.08705 0.12274 -1.49079
v 0.07509 0.18138 -1.63809
v 0.06922 0.14719 -1.6008
v 0.08513 0.24468 -1.69489
v 0.09016 0.19483 -1.61408
v 0.08043 0.21421 -1.67048
v 0.10154 0.20157 -1.58677
v 0.09744 0.17841 -1.56303
v 0.03849 0.45285 -1.76677
v 0.02049 0.46771 -1.8255
v 0 0.47649 -1.79779
v 0.01957 0.46996 -1.78925
v 0.0717 0.39674 -1.69258
v 0.05876 0.42478 -1.76477
v 0.05608 0.42762 -1.7335
v 0.07775 0.38349 -1.74156
v 0.06176 0.39944 -1.80902
v 0.04159 0.44072 -1.82924
v 0.06069 0.41511 -1.7901
v 0.0215 0.44145 -1.87841
v 0 0.4645 -1.86542
v 0.02113 0.45796 -1.85551
v 0.09473 0.32785 -1.60033
v 0.08894 0.3583 -1.66968
v 0.08467 0.36268 -1.64715
v 0.10693 0.28595 -1.56378
v 0.10159 0.29465 -1.55523
v 0.11316 0.26045 -1.57751
v 0.10333 0.31111 -1.62931
v 0.11101 0.27404 -1.57087
v 0.09381 0.33374 -1.69999
v 0.09211 0.34821 -1.68708
v 0.10497 0.28165 -1.64699
v 0.09203 0.29561 -1.71236
v 0.07921 0.34903 -1.76795
v 0.09369 0.31624 -1.70901
v 0.11013 0.23285 -1.59063
v 0.11267 0.24673 -1.58467
v 0.09928 0.24463 -1.6493
v 0.10609 0.21875 -1.59365
v 0.07572 0.29862 -1.76663
v 0.08908 0.27179 -1.70825
v 0.04244 0.40263 -1.86419
v 0.02134 0.39097 -1.89945
v 0 0.42506 -1.90442
v 0.02157 0.41888 -1.89334
v 0.06108 0.3531 -1.82521
v 0.06188 0.37859 -1.82104
v 0.04083 0.34421 -1.86523
v 0.05938 0.32351 -1.82056
v 0 0.36394 -1.90768
v 0.02078 0.35844 -1.89587
v 0.017 -0.05081 -1.56238
v 0.00869 -0.08556 -1.58575
v 0 -0.05287 -1.59882
v 0.0086 -0.05237 -1.58877
v 0.03245 -0.04426 -1.47572
v 0.02523 -0.07739 -1.51921
v 0.02502 -0.04812 -1.52344
v 0.03406 -0.09501 -1.47154
v 0.02813 -0.1299 -1.52868
v 0.01795 -0.11175 -1.56239
v 0.02635 -0.10448 -1.52163
v 0.00972 -0.14546 -1.59905
v 0 -0.11812 -1.60042
v 0.00909 -0.11643 -1.58994
v 0.0448 -0.03275 -1.36904
v 0.03926 -0.06241 -1.41661
v 0.03911 -0.03916 -1.42299
v 0.05248 -0.0158 -1.27256
v 0.04909 -0.042 -1.30842
v 0.04932 -0.02498 -1.31763
v 0.05329 -0.04305 -1.25531
v 0.05361 -0.07157 -1.30328
v 0.04645 -0.07106 -1.35885
v 0.05068 -0.05737 -1.304
v 0.04345 -0.10365 -1.41956
v 0.04083 -0.08374 -1.41599
v 0.05293 -0.10422 -1.36442
v 0.05031 -0.14118 -1.43293
v 0.0391 -0.13954 -1.48505
v 0.04673 -0.12263 -1.42573
v 0.05989 -0.06612 -1.25192
v 0.06162 -0.09848 -1.30847
v 0.05742 -0.08511 -1.30514
v 0.06835 -0.08893 -1.25527
v 0.06937 -0.12671 -1.31517
v 0.0608 -0.1362 -1.375
v 0.06576 -0.11218 -1.31219
v 0.0568 -0.17898 -1.44408
v 0.04507 -0.18179 -1.50179
v 0.05379 -0.1598 -1.43957
v 0.0207 -0.1656 -1.58161
v 0.01132 -0.19993 -1.62286
v 0 -0.17591 -1.62185
v 0.01049 -0.17313 -1.61078
v 0.0327 -0.17767 -1.54864
v 0.03033 -0.15413 -1.53836
v 0.03697 -0.22462 -1.56298
v 0.0239 -0.21624 -1.60263
v 0.035 -0.201 -1.55752
v 0.01281 -0.25284 -1.63891
v 0 -0.23009 -1.6445
v 0.01212 -0.22634 -1.633
v 0.05432 0.0069 -1.21179
v 0.05306 -0.01754 -1.22513
v 0.05409 -0.00513 -1.23758
v 0.05139 0.03455 -1.18418
v 0.0512 0.00996 -1.17827
v 0.05336 0.02017 -1.1943
v 0.04789 0.01608 -1.1512
v 0.05252 -0.00689 -1.15574
v 0.05322 -0.01379 -1.18706
v 0.05108 0.00109 -1.16557
v 0.05656 -0.03853 -1.21144
v 0.05405 -0.02851 -1.21665
v 0.04511 0.0662 -1.18246
v 0.0453 0.03984 -1.1604
v 0.04858 0.04994 -1.18054
v 0.03711 0.07144 -1.16421
v 0.04117 0.08323 -1.18904
v 0.03371 0.05245 -1.12083
v 0.03944 0.04623 -1.1401
v 0.03473 0.06129 -1.14162
v 0.04405 0.02344 -1.12795
v 0.04392 0.03114 -1.143
v 0.03955 0.03078 -1.10594
v 0.04727 0.00933 -1.10386
v 0.05059 0.00127 -1.1288
v 0.04529 0.01634 -1.11487
v 0.03459 0.03719 -1.08293
v 0.03375 0.04457 -1.10139
v 0.04281 0.01623 -1.07886
v 0.03599 0.02979 -1.06509
v 0.05607 -0.01352 -1.11483
v 0.04965 0.00186 -1.09503
v 0.05835 -0.03085 -1.17464
v 0.06414 -0.0576 -1.20801
v 0.06008 -0.04806 -1.20879
v 0.05825 -0.02201 -1.14304
v 0.05506 -0.01443 -1.14835
v 0.06581 -0.04807 -1.17021
v 0.06161 -0.0301 -1.13946
v 0.06821 -0.06762 -1.20838
v 0.02927 -0.25376 -1.23819
v 0.03643 -0.24035 -1.22666
v 0.03238 -0.23627 -1.2167
v 0.0208 -0.29052 -1.28206
v 0.02894 -0.28371 -1.27973
v 0.02534 -0.27226 -1.26044
v 0.02732 -0.31782 -1.32631
v 0.03706 -0.3024 -1.3149
v 0.03753 -0.26874 -1.26733
v 0.03289 -0.29385 -1.29774
v 0.04593 -0.24639 -1.24622
v 0.04101 -0.24378 -1.23646
v 0.01076 -0.32106 -1.31767
v 0.01838 -0.32389 -1.32718
v 0.01591 -0.30727 -1.30166
v 0 -0.33409 -1.33268
v 0.0063 -0.35008 -1.35758
v 0.00542 -0.33048 -1.32853
v 0 -0.37296 -1.39088
v 0.00824 -0.38489 -1.41309
v 0.01433 -0.35676 -1.37208
v 0.00725 -0.36851 -1.38573
v 0.02389 -0.35288 -1.3753
v 0.02107 -0.33933 -1.35168
v 0.01823 -0.38453 -1.42313
v 0.0295 -0.37145 -1.42046
v 0.03451 -0.33809 -1.36702
v 0.02673 -0.36384 -1.39821
v 0 -0.40357 -1.44594
v 0.0102 -0.40806 -1.46574
v 0.00923 -0.39836 -1.43973
v 0 -0.41886 -1.49859
v 0.0119 -0.41268 -1.51625
v 0.0219 -0.39782 -1.47158
v 0.0111 -0.41312 -1.49122
v 0.03439 -0.37345 -1.46323
v 0.04137 -0.34631 -1.40529
v 0.03209 -0.37491 -1.44211
v 0.04691 -0.27844 -1.29398
v 0.05601 -0.24796 -1.2658
v 0.051 -0.24798 -1.25608
v 0.04551 -0.31313 -1.34786
v 0.04132 -0.30905 -1.33162
v 0.05295 -0.31083 -1.37865
v 0.056 -0.27978 -1.31937
v 0.04944 -0.31395 -1.36355
v 0.06495 -0.24066 -1.284
v 0.06073 -0.24572 -1.27519
v 0.02622 -0.26757 -1.60804
v 0.0136 -0.3067 -1.63195
v 0 -0.28453 -1.64974
v 0.0133 -0.27991 -1.6383
v 0.04943 -0.22572 -1.50727
v 0.03927 -0.27336 -1.55824
v 0.03839 -0.24901 -1.56301
v 0.05102 -0.27025 -1.4963
v 0.03949 -0.31873 -1.53673
v 0.02707 -0.31815 -1.59197
v 0.03963 -0.29687 -1.54927
v 0.01368 -0.35592 -1.60508
v 0 -0.33763 -1.63143
v 0.01373 -0.33232 -1.62062
v 0.0666 -0.171 -1.37987
v 0.0603 -0.21981 -1.44234
v 0.05896 -0.19922 -1.44487
v 0.07361 -0.15913 -1.31577
v 0.07198 -0.14256 -1.31632
v 0.07411 -0.1921 -1.31007
v 0.06875 -0.20798 -1.3747
v 0.07431 -0.17585 -1.31364
v 0.06066 -0.25918 -1.4288
v 0.06086 -0.24003 -1.43685
v 0.06753 -0.24192 -1.36153
v 0.05813 -0.29142 -1.40655
v 0.05006 -0.30926 -1.47294
v 0.05974 -0.27655 -1.41857
v 0.07113 -0.22085 -1.29913
v 0.07304 -0.2073 -1.30519
v 0.06318 -0.2676 -1.3424
v 0.06842 -0.23217 -1.29203
v 0.04678 -0.33665 -1.44124
v 0.05585 -0.30309 -1.39312
v 0.02655 -0.36122 -1.56009
v 0.01309 -0.39356 -1.56446
v 0 -0.3824 -1.5959
v 0.01346 -0.37662 -1.5861
v 0.0378 -0.35425 -1.50341
v 0.03887 -0.33813 -1.52124
v 0.02478 -0.39003 -1.51807
v 0.0363 -0.3663 -1.48387
v 0 -0.41181 -1.54951
v 0.01257 -0.40587 -1.54092
v 0.47837 -0.39811 -0.00449
v 0.49172 -0.38771 0.04712
v 0.44909 -0.37304 0.08777
v 0.42332 -0.378 0.04566
v 0.46115 -0.38072 0.04634
v 0.5317 -0.42071 -0.00247
v 0.53801 -0.39275 0.04832
v 0.50465 -0.37298 0.0875
v 0.51718 -0.39194 0.04759
v 0.51239 -0.35981 0.11655
v 0.48813 -0.35445 0.14094
v 0.47044 -0.36341 0.12086
v 0.49429 -0.36172 0.11783
v 0.43544 -0.36314 0.15162
v 0.4049 -0.37532 0.12174
v 0.44056 -0.36764 0.1222
v 0.58344 -0.3524 0.05385
v 0.55955 -0.34925 0.09558
v 0.56761 -0.38185 0.05175
v 0.59412 -0.39823 0.00236
v 0.57707 -0.36958 0.05326
v 0.54599 -0.32167 0.13346
v 0.52009 -0.32977 0.15982
v 0.5339 -0.34704 0.12625
v 0.5408 -0.33629 0.13066
v 0.50833 -0.34862 0.14292
v 0.53991 -0.36796 0.09003
v 0.52501 -0.3549 0.12045
v 0.56984 -0.42054 -0.00023
v 0.55471 -0.38948 0.0499
v 0.40148 -0.35291 0.24319
v 0.43468 -0.35116 0.20265
v 0.46971 -0.33258 0.20615
v 0.44607 -0.32408 0.24686
v 0.43833 -0.34061 0.22681
v 0.39831 -0.36895 0.18226
v 0.46362 -0.35081 0.17049
v 0.4336 -0.35816 0.17801
v 0.49191 -0.33933 0.17341
v 0.4882 -0.34745 0.1592
v 0.5022 -0.3142 0.19236
v 0.49668 -0.32875 0.1844
v 0.31691 -0.33642 -0.29319
v 0.29859 -0.36492 -0.24836
v 0.25313 -0.3878 -0.2974
v 0.28695 -0.3635 -0.29506
v 0.34257 -0.3391 -0.19946
v 0.32259 -0.36743 -0.15646
v 0.27366 -0.39079 -0.20542
v 0.31033 -0.36608 -0.20189
v 0.24181 -0.41411 -0.16481
v 0.18996 -0.43186 -0.21394
v 0.22475 -0.41125 -0.25482
v 0.23329 -0.41285 -0.20959
v 0.17612 -0.42701 -0.30263
v 0.21601 -0.40905 -0.3
v 0.37079 -0.34345 -0.11213
v 0.3503 -0.37277 -0.07144
v 0.29526 -0.39349 -0.1161
v 0.3358 -0.36941 -0.11284
v 0.40869 -0.357 -0.03952
v 0.37733 -0.38357 0.00563
v 0.31631 -0.39782 -0.03303
v 0.36645 -0.37824 -0.03265
v 0.26967 -0.41822 0.00217
v 0.21324 -0.43582 -0.04335
v 0.25855 -0.41643 -0.07838
v 0.2652 -0.41741 -0.03724
v 0.2028 -0.43452 -0.1266
v 0.25049 -0.41531 -0.12099
v 0.15738 -0.45153 -0.09015
v 0.10301 -0.4632 -0.13663
v 0.14912 -0.44938 -0.17472
v 0.15351 -0.45072 -0.13201
v 0.16285 -0.45176 -0.01012
v 0.10734 -0.46456 -0.05474
v 0.16056 -0.45186 -0.04943
v 0.05446 -0.47273 -0.01938
v 0 -0.47607 -0.06004
v 0.05284 -0.47247 -0.09877
v 0.05376 -0.47295 -0.05853
v 0 -0.47419 -0.14116
v 0.05038 -0.46931 -0.18163
v 0.0517 -0.47126 -0.13988
v 0.13938 -0.44485 -0.26158
v 0.09027 -0.45205 -0.30711
v 0.13402 -0.44143 -0.30508
v 0.0972 -0.45917 -0.22144
v 0.14441 -0.44746 -0.21802
v 0 -0.46918 -0.22472
v 0.04722 -0.46302 -0.26617
v 0.04888 -0.46657 -0.2238
v 0 -0.4609 -0.30905
v 0.04541 -0.45863 -0.30851
v 0.36926 -0.38763 0.08431
v 0.32382 -0.40169 0.0441
v 0.37604 -0.38654 0.04551
v 0.35978 -0.3857 0.15205
v 0.318 -0.40221 0.11555
v 0.36371 -0.38735 0.11936
v 0.26674 -0.4168 0.14572
v 0.21719 -0.43433 0.10559
v 0.2706 -0.41896 0.07561
v 0.26883 -0.41837 0.11079
v 0.21797 -0.43599 0.03356
v 0.27117 -0.41882 0.0396
v 0.35753 -0.37753 0.21645
v 0.31325 -0.39809 0.18312
v 0.3579 -0.38267 0.18376
v 0.31073 -0.3877 0.25599
v 0.35814 -0.36956 0.25209
v 0.21123 -0.41931 0.25714
v 0.26371 -0.4099 0.21778
v 0.2617 -0.40445 0.25738
v 0.21466 -0.42918 0.17794
v 0.26521 -0.414 0.18097
v 0.16117 -0.43771 0.21408
v 0.10898 -0.4529 0.17163
v 0.16341 -0.44599 0.13703
v 0.16244 -0.44241 0.17465
v 0.10686 -0.44133 0.25481
v 0.15951 -0.43177 0.25613
v 0 -0.44969 0.25311
v 0.05421 -0.45426 0.21026
v 0.05359 -0.44748 0.25365
v 0 -0.46242 0.16848
v 0.05503 -0.46429 0.13043
v 0.0547 -0.45984 0.1694
v 0.16443 -0.45026 0.06414
v 0.10967 -0.46359 0.02223
v 0.16407 -0.45128 0.02752
v 0.11002 -0.46002 0.09592
v 0.16414 -0.44855 0.10042
v 0 -0.47063 0.09143
v 0.05516 -0.47021 0.0556
v 0.05519 -0.46772 0.09271
v 0 -0.47496 0.01693
v 0.05492 -0.47185 0.01845
v 0.60014 -0.45253 -0.05929
v 0.62832 -0.47867 -0.12575
v 0.61938 -0.413 -0.05856
v 0.61142 -0.43611 -0.05844
v 0.56832 -0.4652 -0.06212
v 0.60177 -0.50957 -0.12814
v 0.58572 -0.46223 -0.06065
v 0.60085 -0.56204 -0.20159
v 0.63201 -0.60122 -0.27143
v 0.63202 -0.5439 -0.19747
v 0.6174 -0.55756 -0.19947
v 0.65835 -0.55953 -0.2662
v 0.65335 -0.49016 -0.19603
v 0.64418 -0.52133 -0.19614
v 0.52583 -0.45062 -0.06468
v 0.56544 -0.50864 -0.13131
v 0.54809 -0.4614 -0.06324
v 0.48597 -0.40856 -0.0754
v 0.52787 -0.47605 -0.13667
v 0.50232 -0.43263 -0.0671
v 0.53832 -0.48896 -0.21327
v 0.56893 -0.55974 -0.27894
v 0.56531 -0.54296 -0.20526
v 0.54987 -0.52014 -0.20834
v 0.59957 -0.60127 -0.27571
v 0.5829 -0.55705 -0.20327
v 0.59935 -0.61807 -0.34508
v 0.62779 -0.65741 -0.40994
v 0.63023 -0.64214 -0.34428
v 0.6146 -0.63593 -0.34523
v 0.57493 -0.55192 -0.34724
v 0.60008 -0.60821 -0.40487
v 0.58571 -0.58969 -0.34526
v 0.60218 -0.57708 -0.45219
v 0.62039 -0.60161 -0.49613
v 0.62473 -0.64245 -0.46273
v 0.61192 -0.61352 -0.45533
v 0.64796 -0.64633 -0.51729
v 0.65331 -0.66943 -0.46889
v 0.63897 -0.66208 -0.46792
v 0.65851 -0.61736 -0.33633
v 0.67967 -0.60686 -0.39253
v 0.67958 -0.55068 -0.33099
v 0.67018 -0.58868 -0.33253
v 0.65648 -0.6569 -0.40552
v 0.64503 -0.63556 -0.34078
v 0.67488 -0.64584 -0.51308
v 0.67777 -0.64146 -0.45442
v 0.66642 -0.66156 -0.46362
v 0.6929 -0.60033 -0.4848
v 0.69427 -0.57545 -0.43779
v 0.6868 -0.61215 -0.44361
v 0.61055 -0.5476 -0.49894
v 0.62659 -0.51838 -0.54906
v 0.63939 -0.59047 -0.54522
v 0.62467 -0.56847 -0.52679
v 0.61106 -0.44193 -0.52902
v 0.62926 -0.38516 -0.57285
v 0.64524 -0.46739 -0.58953
v 0.62801 -0.45563 -0.5647
v 0.66332 -0.39492 -0.61267
v 0.67737 -0.47875 -0.60669
v 0.65914 -0.54789 -0.58478
v 0.66195 -0.47562 -0.60352
v 0.66913 -0.61295 -0.55865
v 0.65458 -0.60653 -0.55614
v 0.61423 -0.30818 -0.53693
v 0.63174 -0.2414 -0.56529
v 0.64736 -0.31225 -0.59797
v 0.63063 -0.31189 -0.57268
v 0.61914 -0.18683 -0.52309
v 0.63026 -0.12926 -0.5305
v 0.64588 -0.16573 -0.57262
v 0.63216 -0.17925 -0.55182
v 0.65517 -0.09291 -0.56017
v 0.67246 -0.14974 -0.58977
v 0.66243 -0.22915 -0.60349
v 0.65971 -0.15469 -0.58591
v 0.67838 -0.30989 -0.61607
v 0.66356 -0.311 -0.61253
v 0.68786 -0.22888 -0.59955
v 0.70069 -0.3116 -0.58971
v 0.69204 -0.39453 -0.60821
v 0.69099 -0.31066 -0.60828
v 0.67656 -0.09278 -0.55686
v 0.69083 -0.16536 -0.56568
v 0.68296 -0.15449 -0.58231
v 0.6886 -0.12891 -0.5215
v 0.69682 -0.18623 -0.51108
v 0.70205 -0.24068 -0.5544
v 0.69571 -0.17872 -0.54199
v 0.70861 -0.30711 -0.52229
v 0.70913 -0.38409 -0.56046
v 0.70679 -0.31099 -0.56087
v 0.68726 -0.54744 -0.5804
v 0.69219 -0.58958 -0.53699
v 0.68191 -0.60606 -0.55188
v 0.70125 -0.46656 -0.58082
v 0.69072 -0.47519 -0.59905
v 0.71097 -0.44048 -0.51348
v 0.70475 -0.51714 -0.53689
v 0.70824 -0.45446 -0.55222
v 0.70239 -0.54607 -0.48461
v 0.69926 -0.56722 -0.51516
v 0.39591 0.27152 -0.02478
v 0.41659 0.22478 -0.0639
v 0.387 0.26887 -0.10604
v 0.39213 0.27032 -0.06521
v 0.44331 0.17565 -0.02191
v 0.45655 0.12423 -0.05847
v 0.43104 0.17653 -0.10164
v 0.43788 0.17586 -0.06141
v 0.43941 0.12854 -0.13906
v 0.4136 0.17819 -0.18385
v 0.40341 0.22384 -0.14533
v 0.4229 0.17739 -0.14248
v 0.37302 0.26487 -0.18846
v 0.3806 0.26708 -0.14716
v 0.48028 0.06915 -0.01687
v 0.48836 0.01569 -0.05528
v 0.46399 0.07386 -0.09527
v 0.47316 0.07062 -0.05577
v 0.51506 -0.04465 -0.02319
v 0.51143 -0.09121 -0.06722
v 0.48661 -0.03075 -0.09278
v 0.50278 -0.03987 -0.05897
v 0.47529 -0.06918 -0.12861
v 0.45725 -0.01434 -0.16988
v 0.46412 0.02741 -0.13236
v 0.47158 -0.02214 -0.1299
v 0.44154 0.08252 -0.17678
v 0.45327 0.07809 -0.13555
v 0.43778 0.03912 -0.21563
v 0.41642 0.08956 -0.26218
v 0.41782 0.13319 -0.22256
v 0.42932 0.08638 -0.21915
v 0.44561 -0.05302 -0.20919
v 0.42906 -0.00204 -0.25612
v 0.4432 -0.00765 -0.21223
v 0.41624 -0.04169 -0.29843
v 0.40994 0.04732 -0.30307
v 0.41445 0.00253 -0.3007
v 0.3925 0.13573 -0.30766
v 0.40265 0.09195 -0.30543
v 0.38549 0.22188 -0.22815
v 0.35469 0.25882 -0.27121
v 0.36436 0.26214 -0.22985
v 0.39187 0.17859 -0.26765
v 0.40326 0.17863 -0.22564
v 0.3633 0.21787 -0.31127
v 0.3794 0.17794 -0.30965
v 0.3441 0.25481 -0.31243
v 0.42518 0.21926 0.2603
v 0.39918 0.26662 0.21984
v 0.39785 0.26188 0.26478
v 0.46629 0.13147 0.25733
v 0.45007 0.17761 0.21407
v 0.44788 0.17567 0.25794
v 0.47053 0.13126 0.17327
v 0.45157 0.17863 0.13253
v 0.42782 0.22498 0.17354
v 0.45126 0.17855 0.17248
v 0.39991 0.27216 0.13542
v 0.39976 0.27002 0.1769
v 0.49158 0.04277 0.25985
v 0.48389 0.08587 0.21566
v 0.48075 0.08705 0.25809
v 0.50374 -0.04384 0.2649
v 0.50377 -0.0048 0.22141
v 0.49914 -0.00098 0.26224
v 0.51479 -0.05431 0.18667
v 0.5113 -0.01591 0.1443
v 0.49837 0.03645 0.17864
v 0.5078 -0.00977 0.18251
v 0.48742 0.08061 0.13656
v 0.48609 0.08368 0.17545
v 0.50226 0.02603 0.10152
v 0.48723 0.07307 0.05985
v 0.47104 0.12787 0.0954
v 0.48795 0.0768 0.0981
v 0.52475 -0.06983 0.11007
v 0.51683 -0.03144 0.06462
v 0.51439 -0.02324 0.10555
v 0.53485 -0.09138 0.0187
v 0.50154 0.01528 0.02238
v 0.51839 -0.04021 0.01986
v 0.46709 0.12409 0.01918
v 0.48482 0.07025 0.0216
v 0.42762 0.22666 0.09318
v 0.39948 0.27317 0.0549
v 0.39993 0.27312 0.09487
v 0.44973 0.17709 0.05513
v 0.45113 0.17803 0.09356
v 0.42447 0.22588 0.01519
v 0.44719 0.17618 0.01679
v 0.39826 0.27255 0.01513
v 0.50505 -0.12559 0.26955
v 0.51282 -0.09043 0.22826
v 0.50574 -0.08543 0.26745
v 0.49535 -0.20101 0.27101
v 0.5124 -0.16853 0.23338
v 0.50161 -0.16417 0.27085
v 0.52228 -0.2084 0.19986
v 0.53504 -0.17987 0.16199
v 0.5227 -0.13631 0.19455
v 0.52355 -0.17363 0.19767
v 0.5267 -0.10383 0.15352
v 0.51976 -0.09651 0.19078
v 0.47421 -0.26877 0.266
v 0.50223 -0.23801 0.23421
v 0.4862 -0.23597 0.26967
v 0.48482 -0.2955 0.22716
v 0.45943 -0.29914 0.25916
v 0.52973 -0.2961 0.16745
v 0.51394 -0.26939 0.20017
v 0.50817 -0.29417 0.19748
v 0.53567 -0.24461 0.1674
v 0.51886 -0.24056 0.20083
v 0.55188 -0.27856 0.13381
v 0.56891 -0.2606 0.09232
v 0.55063 -0.22069 0.12866
v 0.55224 -0.25118 0.13181
v 0.56869 -0.31332 0.0968
v 0.54974 -0.30224 0.13444
v 0.60528 -0.35309 0.00118
v 0.58791 -0.30334 0.05065
v 0.58704 -0.33003 0.05293
v 0.60397 -0.28931 -0.00536
v 0.58143 -0.2405 0.04266
v 0.58603 -0.2732 0.04717
v 0.54118 -0.1517 0.11992
v 0.54145 -0.12246 0.07252
v 0.53374 -0.11254 0.11497
v 0.55969 -0.19653 0.08363
v 0.54688 -0.18764 0.12459
v 0.59075 -0.21596 -0.01633
v 0.56383 -0.17031 0.03093
v 0.57411 -0.20611 0.03727
v 0.5644 -0.14184 -0.03384
v 0.55037 -0.13341 0.02357
v 0.52674 -0.14199 -0.08616
v 0.50119 -0.17063 -0.09268
v 0.4912 -0.12241 -0.09949
v 0.50932 -0.13347 -0.08041
v 0.50567 -0.21624 -0.10807
v 0.48102 -0.2413 -0.09722
v 0.4775 -0.19752 -0.10684
v 0.49176 -0.20668 -0.09818
v 0.45225 -0.22357 -0.12862
v 0.44858 -0.18162 -0.16337
v 0.4707 -0.15216 -0.12968
v 0.46305 -0.18907 -0.12995
v 0.45972 -0.10351 -0.16562
v 0.47489 -0.11236 -0.12888
v 0.48468 -0.28875 -0.09872
v 0.45433 -0.30473 -0.07676
v 0.45358 -0.26362 -0.10017
v 0.46892 -0.27417 -0.09011
v 0.45916 -0.35042 -0.05656
v 0.41604 -0.32208 -0.08138
v 0.43612 -0.33242 -0.05706
v 0.38378 -0.31257 -0.15485
v 0.4212 -0.28693 -0.11956
v 0.39892 -0.31599 -0.11488
v 0.42408 -0.25084 -0.15933
v 0.43864 -0.25616 -0.12465
v 0.39193 -0.27944 -0.19888
v 0.39567 -0.24345 -0.24468
v 0.42385 -0.2121 -0.20147
v 0.40987 -0.24674 -0.19997
v 0.35601 -0.30846 -0.24476
v 0.36963 -0.31022 -0.19859
v 0.36379 -0.27479 -0.2915
v 0.34244 -0.30679 -0.29203
v 0.39479 -0.20429 -0.29214
v 0.38116 -0.24057 -0.29156
v 0.44128 -0.13685 -0.20471
v 0.43037 -0.08982 -0.25078
v 0.44502 -0.09605 -0.20673
v 0.41981 -0.17042 -0.24691
v 0.43427 -0.1755 -0.203
v 0.41168 -0.12616 -0.29461
v 0.40488 -0.1661 -0.29317
v 0.41539 -0.08464 -0.29638
v 0.5999 -0.1839 -0.08827
v 0.6136 -0.14375 -0.17376
v 0.57869 -0.11098 -0.12908
v 0.5874 -0.14424 -0.10168
v 0.61806 -0.26796 -0.07243
v 0.63102 -0.23567 -0.14759
v 0.61023 -0.22565 -0.07901
v 0.65742 -0.30074 -0.21174
v 0.67042 -0.25851 -0.28968
v 0.64447 -0.19336 -0.229
v 0.6516 -0.24646 -0.21888
v 0.65745 -0.14625 -0.31056
v 0.63098 -0.09906 -0.26559
v 0.63721 -0.14353 -0.24395
v 0.62504 -0.34816 -0.0629
v 0.64231 -0.33142 -0.13484
v 0.62305 -0.30927 -0.06704
v 0.64203 -0.4169 -0.12746
v 0.62387 -0.38321 -0.06006
v 0.67398 -0.48103 -0.26743
v 0.66138 -0.40469 -0.20098
v 0.659 -0.45067 -0.1977
v 0.67745 -0.37567 -0.27667
v 0.66077 -0.3541 -0.20572
v 0.69014 -0.45186 -0.33828
v 0.70197 -0.41111 -0.40796
v 0.68996 -0.33403 -0.35125
v 0.69137 -0.39446 -0.34466
v 0.69531 -0.52169 -0.39287
v 0.68622 -0.5045 -0.33332
v 0.70594 -0.48397 -0.45467
v 0.70089 -0.53322 -0.44357
v 0.70868 -0.36326 -0.47206
v 0.70869 -0.42624 -0.46481
v 0.68019 -0.21163 -0.36312
v 0.68555 -0.16639 -0.42654
v 0.66694 -0.10358 -0.38507
v 0.67357 -0.15459 -0.37195
v 0.69777 -0.28607 -0.41888
v 0.68595 -0.27227 -0.35681
v 0.70003 -0.23555 -0.47408
v 0.70546 -0.29824 -0.4745
v 0.68676 -0.13208 -0.47637
v 0.69337 -0.17953 -0.47275
v 0.49256 -0.34598 -0.11569
v 0.51071 -0.41444 -0.15467
v 0.48515 -0.37954 -0.09451
v 0.50984 -0.26781 -0.13844
v 0.5173 -0.33078 -0.17871
v 0.5009 -0.30829 -0.13023
v 0.53854 -0.30122 -0.24545
v 0.54953 -0.37658 -0.30298
v 0.53122 -0.4043 -0.2296
v 0.5336 -0.35422 -0.23827
v 0.55132 -0.48159 -0.28829
v 0.53245 -0.44978 -0.22081
v 0.52921 -0.18419 -0.13789
v 0.53212 -0.23601 -0.18988
v 0.51906 -0.22588 -0.14064
v 0.55687 -0.11102 -0.13923
v 0.55291 -0.14395 -0.19649
v 0.54092 -0.14443 -0.13125
v 0.57655 -0.09909 -0.27767
v 0.57421 -0.14651 -0.32712
v 0.55332 -0.19379 -0.25445
v 0.56373 -0.14375 -0.26268
v 0.55795 -0.25929 -0.31432
v 0.54502 -0.24702 -0.24977
v 0.57712 -0.2123 -0.38135
v 0.5847 -0.28717 -0.43714
v 0.56702 -0.33526 -0.37342
v 0.5711 -0.27324 -0.37751
v 0.59527 -0.10369 -0.39686
v 0.5963 -0.16687 -0.4407
v 0.58515 -0.15494 -0.38709
v 0.61427 -0.13242 -0.48756
v 0.60269 -0.23639 -0.48915
v 0.60741 -0.1801 -0.48604
v 0.59645 -0.36466 -0.4895
v 0.599 -0.29938 -0.49101
v 0.56503 -0.45329 -0.35948
v 0.58341 -0.52342 -0.41053
v 0.56822 -0.50588 -0.35244
v 0.57988 -0.41271 -0.42762
v 0.56481 -0.39585 -0.36694
v 0.59532 -0.48569 -0.47192
v 0.59515 -0.42784 -0.48248
v 0.59716 -0.53495 -0.45977
v 0.60466 -0.07321 -0.23804
v 0.58573 -0.07319 -0.24251
v 0.5797 -0.0884 -0.18034
v 0.64601 -0.05725 -0.35177
v 0.62492 -0.03464 -0.33089
v 0.62696 -0.06206 -0.29578
v 0.63892 -0.01225 -0.40386
v 0.627 -0.01221 -0.40569
v 0.60864 -0.03459 -0.33376
v 0.62461 -0.01894 -0.36729
v 0.59919 -0.05719 -0.35972
v 0.59207 -0.06201 -0.30263
v 0.67606 -0.06766 -0.50886
v 0.67286 -0.07363 -0.45123
v 0.68149 -0.09506 -0.49078
v 0.65991 -0.04196 -0.53074
v 0.66026 -0.02235 -0.48499
v 0.66897 -0.04905 -0.5235
v 0.64351 -0.00619 -0.4536
v 0.65584 -0.0296 -0.42531
v 0.65053 -0.01173 -0.4441
v 0.66117 -0.06106 -0.40425
v 0.61625 -0.07372 -0.46003
v 0.63631 -0.06778 -0.51499
v 0.62439 -0.09527 -0.49959
v 0.62062 -0.02955 -0.4308
v 0.60755 -0.06106 -0.4128
v 0.6409 -0.02235 -0.48797
v 0.63307 -0.0117 -0.44678
v 0.64859 -0.04911 -0.52664
v 0.06528 0.42151 -0.83089
v 0.06038 0.44704 -0.80941
v 0.0725 0.45564 -0.78073
v 0.07007 0.43683 -0.80707
v 0.04935 0.40036 -0.86927
v 0.05097 0.4193 -0.85038
v 0.05831 0.40943 -0.85176
v 0.03842 0.41843 -0.86113
v 0.03686 0.43173 -0.84704
v 0.048 0.4389 -0.8315
v 0.04404 0.42693 -0.8482
v 0.04105 0.45941 -0.81195
v 0.05211 0.47368 -0.78696
v 0.05077 0.45448 -0.81088
v 0 0.38759 -0.90098
v 0.01205 0.39862 -0.89042
v 0.02648 0.39014 -0.89294
v 0.01346 0.38812 -0.89895
v 0 0.4085 -0.88149
v 0.01027 0.4199 -0.868
v 0.02137 0.41049 -0.8766
v 0.01095 0.40895 -0.88028
v 0.0286 0.42255 -0.86112
v 0.03428 0.40421 -0.87742
v 0.0307 0.4133 -0.8704
v 0.03859 0.39408 -0.88303
v 0.01059 0.48315 -0.79181
v 0.02082 0.46322 -0.8142
v 0.01022 0.44658 -0.83541
v 0 0.4632 -0.81533
v 0.01045 0.46337 -0.815
v 0.03161 0.48159 -0.79011
v 0.02997 0.44603 -0.83281
v 0.03105 0.46211 -0.81312
v 0.0198 0.4328 -0.85132
v 0.02876 0.43315 -0.8487
v 0 0.43197 -0.85371
v 0.01009 0.43227 -0.85306
v 0.06205 0.48882 -0.75706
v 0.07028 0.50401 -0.72167
v 0.07239 0.47817 -0.75227
v 0.0416 0.50167 -0.76263
v 0.05027 0.52266 -0.73118
v 0.05182 0.49652 -0.76037
v 0.03836 0.55708 -0.70234
v 0.04488 0.58343 -0.66521
v 0.05728 0.54381 -0.69509
v 0.04784 0.55175 -0.69944
v 0.06231 0.56406 -0.65408
v 0.06673 0.53278 -0.68895
v 0.02089 0.50607 -0.76524
v 0.03028 0.531 -0.73554
v 0.03128 0.50466 -0.76422
v 0 0.50639 -0.76593
v 0.01011 0.53297 -0.737
v 0.01046 0.50645 -0.76578
v 0 0.56239 -0.7056
v 0.00906 0.59439 -0.67152
v 0.01924 0.56187 -0.70515
v 0.00963 0.56239 -0.70555
v 0.02711 0.59216 -0.67018
v 0.02882 0.56028 -0.70417
v 0.01697 0.62805 -0.63465
v 0.02379 0.66244 -0.59472
v 0.03365 0.62294 -0.63175
v 0.02536 0.62633 -0.63367
v 0 0.62867 -0.63499
v 0.008 0.66487 -0.59602
v 0.0085 0.62865 -0.63498
v 0 0.70274 -0.55472
v 0.00748 0.74188 -0.51117
v 0.0152 0.70205 -0.5544
v 0.00764 0.70271 -0.55473
v 0.02204 0.73922 -0.50988
v 0.02981 0.69652 -0.55148
v 0.02261 0.70018 -0.55343
v 0.04977 0.60903 -0.62377
v 0.05304 0.63257 -0.57787
v 0.05756 0.59746 -0.61706
v 0.03894 0.65316 -0.58955
v 0.0418 0.61735 -0.62856
v 0.03545 0.72901 -0.50469
v 0.04323 0.68151 -0.54336
v 0.0367 0.69049 -0.54823
v 0.04692 0.70636 -0.493
v 0.04931 0.66901 -0.53653
v 0.05614 0.91948 -0.21354
v 0.05216 0.96774 -0.17902
v 0.057 0.97137 -0.13229
v 0.05725 0.94735 -0.17125
v 0.05169 0.85469 -0.30494
v 0.04906 0.90676 -0.26551
v 0.05413 0.88839 -0.25837
v 0.04064 0.88432 -0.31691
v 0.03551 0.92874 -0.27406
v 0.04461 0.95282 -0.22631
v 0.0428 0.91992 -0.27065
v 0.03817 0.99209 -0.1884
v 0.04588 1.0077 -0.14662
v 0.04576 0.98232 -0.18469
v 0.04738 0.78199 -0.40019
v 0.04438 0.83515 -0.35934
v 0.04928 0.81902 -0.35248
v 0.04135 0.75828 -0.4541
v 0.04643 0.74423 -0.44729
v 0.02916 0.77513 -0.4622
v 0.03668 0.80783 -0.41188
v 0.03555 0.76836 -0.45896
v 0.03179 0.85448 -0.36753
v 0.03849 0.84672 -0.36426
v 0.02315 0.81946 -0.41707
v 0.01656 0.86157 -0.37042
v 0.0259 0.89763 -0.32216
v 0.02442 0.85918 -0.36947
v 0.01506 0.78132 -0.46512
v 0.02229 0.77923 -0.46415
v 0 0.78207 -0.46545
v 0.00791 0.82247 -0.41836
v 0.00759 0.78205 -0.46545
v 0 0.86243 -0.3707
v 0.00888 0.9011 -0.32332
v 0.00836 0.8624 -0.37071
v 0.02866 0.96782 -0.23174
v 0.02012 1.00115 -0.19088
v 0.0298 1.02408 -0.1524
v 0.02953 0.99806 -0.19028
v 0.01861 0.93684 -0.27682
v 0.02738 0.9341 -0.27598
v 0 0.93785 -0.27692
v 0.00987 0.97178 -0.23255
v 0.00941 0.9378 -0.277
v 0 1.00234 -0.19056
v 0.01031 1.02854 -0.15251
v 0.01019 1.00227 -0.19078
v 0.05045 1.01271 -0.1063
v 0.05109 1.00639 -0.06692
v 0.05491 0.99091 -0.09743
v 0.03757 1.03869 -0.11716
v 0.04219 1.04371 -0.08418
v 0.04465 1.02826 -0.11291
v 0.03342 1.06245 -0.06664
v 0.03362 1.06059 -0.04359
v 0.04257 1.03998 -0.05189
v 0.0386 1.05374 -0.06106
v 0.03865 1.02684 -0.01997
v 0.04563 1.01823 -0.04102
v 0 1.04996 -0.11807
v 0.00989 1.06552 -0.0886
v 0.02002 1.04854 -0.11912
v 0.01016 1.04984 -0.11854
v 0 1.07513 -0.06151
v 0.00953 1.07745 -0.03963
v 0.01872 1.07326 -0.06435
v 0.00963 1.07493 -0.06238
v 0.02599 1.07104 -0.04755
v 0.02815 1.0604 -0.09027
v 0.02672 1.06903 -0.06675
v 0.02926 1.04514 -0.11894
v 0.02076 1.03611 0.0071
v 0.01013 1.05937 -0.00263
v 0 1.03819 0.01565
v 0.01056 1.0378 0.01357
v 0.02871 1.05406 -0.01788
v 0.03024 1.03263 -0.00401
v 0.01892 1.07064 -0.02443
v 0.02697 1.06646 -0.03183
v 0 1.07272 -0.01859
v 0.00974 1.07243 -0.02004
v -0.05103 -0.41901 0.40368
v -0.10367 -0.42445 0.35102
v -0.05284 -0.43939 0.30022
v -0.05199 -0.42992 0.35059
v -0.04878 -0.39278 0.51349
v -0.0995 -0.40175 0.45845
v -0.04996 -0.40665 0.45835
v -0.14446 -0.38053 0.51345
v -0.19568 -0.38265 0.45811
v -0.15167 -0.40545 0.40395
v -0.14821 -0.39372 0.45842
v -0.20496 -0.4039 0.35101
v -0.1574 -0.42447 0.30159
v -0.15477 -0.41569 0.35127
v -0.0461 -0.36039 0.62077
v -0.09449 -0.37306 0.56795
v -0.0475 -0.37737 0.56801
v -0.04296 -0.32155 0.71662
v -0.08869 -0.33816 0.67046
v -0.04459 -0.34179 0.67068
v -0.12701 -0.31289 0.71581
v -0.17346 -0.32342 0.66978
v -0.13629 -0.34971 0.62044
v -0.13181 -0.33206 0.67014
v -0.18501 -0.3558 0.56765
v -0.1405 -0.36586 0.56784
v -0.22049 -0.32815 0.61994
v -0.26748 -0.32702 0.5671
v -0.23448 -0.35635 0.51283
v -0.22754 -0.34286 0.56738
v -0.2054 -0.29502 0.71473
v -0.25041 -0.29838 0.66911
v -0.21316 -0.31221 0.66943
v -0.27437 -0.26735 0.71393
v -0.31563 -0.26265 0.6688
v -0.29457 -0.29548 0.61954
v -0.28473 -0.28187 0.66889
v -0.33715 -0.28643 0.56685
v -0.314 -0.32013 0.51201
v -0.30421 -0.30822 0.5669
v -0.2481 -0.37964 0.40255
v -0.30142 -0.37177 0.34773
v -0.25863 -0.39761 0.30102
v -0.25396 -0.38932 0.34992
v -0.28465 -0.35153 0.45652
v -0.24147 -0.36863 0.45737
v -0.35933 -0.3076 0.45579
v -0.33519 -0.34154 0.39959
v -0.32426 -0.33123 0.45589
v -0.38682 -0.32632 0.34257
v -0.3559 -0.36025 0.29366
v -0.347 -0.35106 0.34417
v -0.03943 -0.27655 0.79363
v -0.082 -0.29688 0.75699
v -0.04123 -0.29961 0.75747
v -0.03589 -0.22925 0.85349
v -0.07483 -0.25125 0.82466
v -0.03763 -0.25291 0.82551
v -0.10592 -0.22604 0.85088
v -0.14619 -0.24379 0.82203
v -0.11653 -0.27048 0.79206
v -0.11116 -0.24826 0.82345
v -0.16036 -0.28546 0.75555
v -0.12186 -0.2922 0.75631
v -0.03279 -0.18411 0.89936
v -0.06806 -0.20555 0.87667
v -0.03425 -0.20613 0.87797
v -0.03058 -0.14558 0.93442
v -0.06262 -0.16405 0.91626
v -0.03154 -0.16374 0.91804
v -0.08996 -0.14702 0.92926
v -0.12153 -0.16443 0.91002
v -0.09651 -0.18359 0.8955
v -0.09277 -0.16433 0.91352
v -0.13252 -0.20226 0.87241
v -0.10096 -0.20432 0.87475
v -0.15468 -0.18109 0.88928
v -0.18983 -0.19472 0.86743
v -0.17072 -0.21816 0.84708
v -0.16229 -0.19919 0.86983
v -0.14401 -0.14874 0.9202
v -0.17274 -0.16328 0.90173
v -0.14842 -0.16417 0.90592
v -0.18769 -0.14988 0.90941
v -0.21078 -0.15744 0.89618
v -0.20347 -0.17426 0.88355
v -0.19377 -0.16148 0.89796
v -0.23657 -0.18013 0.86491
v -0.22686 -0.20378 0.84399
v -0.21473 -0.1885 0.86565
v -0.18833 -0.25729 0.78993
v -0.23146 -0.2654 0.7541
v -0.19705 -0.27656 0.75478
v -0.2106 -0.22971 0.81927
v -0.17948 -0.23768 0.82058
v -0.26465 -0.20746 0.81794
v -0.25132 -0.23587 0.78831
v -0.23914 -0.21971 0.81832
v -0.29166 -0.23591 0.75343
v -0.26315 -0.25189 0.75362
v -0.40198 -0.28904 0.4008
v -0.43985 -0.26384 0.35166
v -0.43562 -0.30092 0.29751
v -0.41701 -0.2967 0.34625
v -0.37707 -0.27129 0.51234
v -0.41344 -0.25047 0.45779
v -0.38892 -0.2805 0.45654
v -0.42177 -0.21133 0.51372
v -0.44896 -0.18364 0.46029
v -0.44514 -0.22413 0.40576
v -0.43331 -0.21801 0.45916
v -0.47112 -0.19342 0.35728
v -0.47119 -0.23343 0.30931
v -0.45764 -0.22937 0.35524
v -0.35432 -0.2514 0.61957
v -0.38995 -0.23413 0.56736
v -0.36567 -0.2616 0.56703
v -0.33015 -0.22933 0.71393
v -0.36576 -0.21625 0.66911
v -0.34262 -0.24066 0.66889
v -0.37114 -0.18197 0.71473
v -0.40083 -0.16154 0.66978
v -0.39802 -0.19723 0.62003
v -0.38514 -0.18976 0.66943
v -0.42634 -0.17285 0.56809
v -0.41012 -0.20441 0.56774
v -0.42645 -0.13587 0.62056
v -0.4475 -0.1057 0.56844
v -0.45014 -0.14381 0.51465
v -0.43878 -0.13983 0.56832
v -0.39791 -0.12792 0.71581
v -0.42144 -0.10124 0.67046
v -0.41291 -0.13192 0.67014
v -0.411 -0.06978 0.71662
v -0.42816 -0.03811 0.67077
v -0.44031 -0.07018 0.62089
v -0.4265 -0.06986 0.67068
v -0.45422 -0.03554 0.56842
v -0.46364 -0.07185 0.51464
v -0.45262 -0.07082 0.56847
v -0.47102 -0.15197 0.40817
v -0.48755 -0.11754 0.35787
v -0.49116 -0.16015 0.31183
v -0.48105 -0.15607 0.35806
v -0.46896 -0.11101 0.46089
v -0.4608 -0.14787 0.46082
v -0.47465 -0.03517 0.46023
v -0.4825 -0.07538 0.4077
v -0.47353 -0.07334 0.46065
v -0.49073 -0.0377 0.35584
v -0.49842 -0.08134 0.30988
v -0.49074 -0.07802 0.35703
v -0.48058 0.00369 0.40618
v -0.48128 0.04447 0.35361
v -0.4938 0.00168 0.30623
v -0.48766 0.00321 0.3546
v -0.46309 0.00189 0.51421
v -0.46672 0.04165 0.45952
v -0.47243 0.00322 0.45978
v -0.44842 0.07541 0.51437
v -0.4442 0.11794 0.46048
v -0.46498 0.08346 0.40556
v -0.45736 0.07994 0.45968
v -0.45769 0.12715 0.35356
v -0.47659 0.08709 0.30362
v -0.47137 0.08587 0.35316
v -0.44025 -0.00298 0.62085
v -0.44706 0.03501 0.56827
v -0.4524 -0.00021 0.56829
v -0.411 -0.01018 0.71662
v -0.42144 0.02528 0.67054
v -0.4265 -0.00633 0.67068
v -0.39791 0.04877 0.71604
v -0.40083 0.08728 0.67062
v -0.42627 0.06363 0.62091
v -0.41291 0.05654 0.67048
v -0.42539 0.10444 0.56915
v -0.43809 0.06995 0.5685
v -0.39771 0.12826 0.62223
v -0.38844 0.17144 0.57236
v -0.41866 0.14741 0.51666
v -0.40887 0.13833 0.57038
v -0.37114 0.10548 0.7159
v -0.36576 0.1464 0.67203
v -0.38514 0.11729 0.67109
v -0.33015 0.15837 0.7172
v -0.31563 0.20116 0.67581
v -0.3539 0.18952 0.62591
v -0.34262 0.17441 0.67356
v -0.33539 0.23466 0.5792
v -0.37283 0.21657 0.52259
v -0.36397 0.2036 0.57525
v -0.43421 0.16237 0.40792
v -0.41813 0.20845 0.35806
v -0.44457 0.17255 0.30473
v -0.44002 0.16809 0.35509
v -0.40589 0.19231 0.46489
v -0.4271 0.15545 0.46214
v -0.35056 0.26339 0.47455
v -0.38675 0.23886 0.41534
v -0.38043 0.22835 0.46895
v -0.36074 0.2865 0.3695
v -0.39549 0.2557 0.31224
v -0.39178 0.248 0.36277
v -0.39516 -0.04217 0.75766
v -0.37455 -0.01894 0.79363
v -0.38901 0.01317 0.75703
v -0.39364 -0.01442 0.75747
v -0.35517 -0.04704 0.82584
v -0.33173 -0.02823 0.85349
v -0.34988 -0.00024 0.82467
v -0.35387 -0.02358 0.82551
v -0.32204 0.01397 0.85091
v -0.33353 0.04521 0.82217
v -0.36288 0.03165 0.79216
v -0.34312 0.02276 0.8235
v -0.3701 0.06704 0.75594
v -0.38119 0.04039 0.75647
v -0.30934 -0.05203 0.87847
v -0.28367 -0.03703 0.89936
v -0.30511 -0.01352 0.87667
v -0.30829 -0.03276 0.87797
v -0.25882 -0.05648 0.91869
v -0.23149 -0.04428 0.93442
v -0.25571 -0.02522 0.91626
v -0.25803 -0.04091 0.91804
v -0.22655 -0.01562 0.92926
v -0.24675 0.00603 0.91002
v -0.27637 -0.00241 0.8955
v -0.25194 -0.00952 0.91352
v -0.29221 0.0241 0.87244
v -0.29976 0.0055 0.87477
v -0.26182 0.03102 0.88929
v -0.27011 0.05906 0.86753
v -0.30214 0.05417 0.84722
v -0.28243 0.04209 0.86988
v -0.2175 0.01333 0.9202
v -0.23231 0.03573 0.90173
v -0.24021 0.02132 0.90592
v -0.20628 0.03999 0.90941
v -0.21078 0.0588 0.89618
v -0.23888 0.06053 0.88359
v -0.22307 0.04865 0.89796
v -0.23657 0.08829 0.86515
v -0.27096 0.09025 0.84438
v -0.25493 0.07459 0.86581
v -0.33892 0.07993 0.79042
v -0.33785 0.11779 0.75547
v -0.35568 0.09291 0.75555
v -0.30546 0.08756 0.81976
v -0.32102 0.0669 0.82085
v -0.26465 0.12476 0.81911
v -0.30198 0.12416 0.78968
v -0.28671 0.10693 0.8191
v -0.29166 0.16371 0.7567
v -0.31654 0.14146 0.7558
v -0.30198 -0.20508 0.78831
v -0.33785 -0.19657 0.7541
v -0.31654 -0.21737 0.75362
v -0.27096 -0.18072 0.84399
v -0.30546 -0.17593 0.81927
v -0.28671 -0.19276 0.81832
v -0.30214 -0.14918 0.84708
v -0.33353 -0.1371 0.82203
v -0.33892 -0.16556 0.78993
v -0.32102 -0.15728 0.82058
v -0.3701 -0.1495 0.75555
v -0.35568 -0.17385 0.75478
v -0.23888 -0.15882 0.88355
v -0.27011 -0.15625 0.86743
v -0.25493 -0.16926 0.86565
v -0.20628 -0.14305 0.90941
v -0.23231 -0.13965 0.90173
v -0.22307 -0.14984 0.89796
v -0.2175 -0.12235 0.9202
v -0.24675 -0.11485 0.91002
v -0.26182 -0.13427 0.88928
v -0.24021 -0.12784 0.90592
v -0.29221 -0.12523 0.87241
v -0.28243 -0.14145 0.86983
v -0.27637 -0.10439 0.8955
v -0.30511 -0.08986 0.87667
v -0.32204 -0.11176 0.85088
v -0.29976 -0.10796 0.87475
v -0.22655 -0.09813 0.92926
v -0.25571 -0.08669 0.91626
v -0.25194 -0.10109 0.91352
v -0.23149 -0.07197 0.93442
v -0.28367 -0.07149 0.89936
v -0.25803 -0.07178 0.91804
v -0.33173 -0.07076 0.85349
v -0.30829 -0.07114 0.87797
v -0.36288 -0.11976 0.79206
v -0.38901 -0.0972 0.75699
v -0.38119 -0.12385 0.75631
v -0.34988 -0.09338 0.82466
v -0.34312 -0.11571 0.82345
v -0.37455 -0.07009 0.79363
v -0.35387 -0.0704 0.82551
v -0.39364 -0.06987 0.75747
v -0.3211 0.31136 0.42989
v -0.28473 0.35878 0.38924
v -0.3271 0.33422 0.32882
v -0.32479 0.32373 0.37857
v -0.30993 0.28158 0.53369
v -0.27779 0.32917 0.4904
v -0.31613 0.29727 0.4819
v -0.23183 0.3389 0.54863
v -0.19192 0.3839 0.50847
v -0.23939 0.37568 0.44994
v -0.23617 0.35832 0.49946
v -0.19559 0.41875 0.41256
v -0.24207 0.40326 0.35284
v -0.24139 0.39075 0.40081
v -0.29416 0.24602 0.63309
v -0.2661 0.29234 0.59037
v -0.30258 0.26445 0.58439
v -0.27437 0.20583 0.72094
v -0.25041 0.2498 0.68255
v -0.28473 0.22643 0.6789
v -0.2054 0.24566 0.72665
v -0.17346 0.28902 0.69032
v -0.22022 0.2949 0.64288
v -0.21316 0.27081 0.68645
v -0.18426 0.33984 0.60291
v -0.22648 0.31767 0.59669
v -0.13617 0.33181 0.65236
v -0.09418 0.3721 0.61327
v -0.14319 0.38275 0.56321
v -0.13999 0.35819 0.6086
v -0.12701 0.27505 0.7324
v -0.08869 0.31523 0.69675
v -0.13181 0.30397 0.69385
v -0.04296 0.29115 0.73625
v -0.04606 0.35242 0.65859
v -0.04459 0.32234 0.69873
v -0.04841 0.40747 0.57291
v -0.04735 0.38095 0.61645
v -0.14736 0.42496 0.47014
v -0.09944 0.45938 0.43326
v -0.14791 0.45552 0.37836
v -0.14813 0.44188 0.42376
v -0.09795 0.42125 0.52378
v -0.14568 0.40513 0.51684
v -0.04974 0.45269 0.48402
v -0.04922 0.43153 0.52856
v -0.04975 0.48449 0.39676
v -0.04993 0.47049 0.43989
v -0.25132 0.16251 0.79123
v -0.23146 0.20311 0.76037
v -0.26315 0.18435 0.7583
v -0.22686 0.1197 0.84483
v -0.2106 0.15495 0.82151
v -0.23914 0.14079 0.81999
v -0.17072 0.14153 0.8485
v -0.14619 0.17743 0.82546
v -0.18833 0.19339 0.7949
v -0.17948 0.16718 0.82341
v -0.16036 0.23389 0.76513
v -0.19705 0.21971 0.76272
v -0.20347 0.08133 0.88364
v -0.18983 0.10919 0.86788
v -0.21473 0.09974 0.86599
v -0.18769 0.04982 0.90941
v -0.17274 0.06856 0.90173
v -0.19377 0.06488 0.89796
v -0.14401 0.05115 0.9202
v -0.12153 0.07386 0.91002
v -0.15468 0.09348 0.88942
v -0.14842 0.07149 0.90592
v -0.13252 0.12309 0.87309
v -0.16229 0.11689 0.87039
v -0.09651 0.10109 0.89569
v -0.06806 0.13166 0.87755
v -0.10592 0.15634 0.85285
v -0.10096 0.12804 0.87555
v -0.08996 0.05274 0.92926
v -0.06262 0.0774 0.91626
v -0.09277 0.07586 0.91352
v -0.03058 0.05395 0.93442
v -0.03279 0.10518 0.89959
v -0.03154 0.07839 0.91804
v -0.03589 0.16408 0.85582
v -0.03425 0.13389 0.87891
v -0.11653 0.21544 0.79897
v -0.082 0.25395 0.76926
v -0.12186 0.2454 0.76738
v -0.07483 0.19163 0.82904
v -0.11116 0.18562 0.8274
v -0.03943 0.22722 0.80181
v -0.03763 0.19534 0.83018
v -0.04123 0.2593 0.77055
v -0.1901 0.02158 0.92592
v -0.16592 0.03366 0.92592
v -0.1873 0.03555 0.91846
v -0.19723 -0.00668 0.93839
v -0.16862 0.00321 0.94324
v -0.19362 0.00742 0.93261
v -0.14403 -0.01383 0.95948
v -0.11547 -0.00149 0.95948
v -0.14166 0.01579 0.94324
v -0.14255 0.00036 0.95216
v -0.1159 0.03222 0.93839
v -0.14195 0.03265 0.93261
v -0.20266 -0.03391 0.94666
v -0.17325 -0.0242 0.95512
v -0.20029 -0.02046 0.94312
v -0.20476 -0.0597 0.94968
v -0.17625 -0.04912 0.96145
v -0.2042 -0.04699 0.94889
v -0.14811 -0.06155 0.97297
v -0.11875 -0.05191 0.98081
v -0.14681 -0.03926 0.9695
v -0.14774 -0.05074 0.97209
v -0.11718 -0.029 0.97361
v -0.14551 -0.027 0.96528
v -0.08892 -0.0421 0.98478
v -0.0591 -0.03121 0.98478
v -0.08778 -0.01731 0.97361
v -0.08833 -0.03037 0.98011
v -0.0896 -0.0624 0.98854
v -0.05975 -0.05318 0.99245
v -0.08939 -0.0527 0.98759
v -0.02999 -0.06263 0.99634
v -0.02978 -0.04316 0.99245
v -0.02992 -0.05341 0.99537
v -0.02949 -0.01856 0.98081
v -0.02961 -0.03162 0.98759
v -0.08753 0.01369 0.95512
v -0.05951 0.03215 0.94666
v -0.08829 0.03209 0.94312
v -0.05869 -0.00341 0.9695
v -0.08744 -0.0027 0.96528
v -0.0296 0.01314 0.96145
v -0.02946 -0.00373 0.97209
v -0.02995 0.03228 0.94889
v -0.20266 -0.08396 0.94666
v -0.17625 -0.07194 0.96145
v -0.2042 -0.07201 0.94889
v -0.19723 -0.10691 0.93839
v -0.17325 -0.0934 0.95512
v -0.20029 -0.09558 0.94312
v -0.14403 -0.10154 0.95948
v -0.11718 -0.09006 0.97361
v -0.14681 -0.08173 0.9695
v -0.14551 -0.09157 0.96528
v -0.11875 -0.07161 0.98081
v -0.14774 -0.0718 0.97209
v -0.1901 -0.12876 0.92592
v -0.16862 -0.11456 0.94324
v -0.19362 -0.11798 0.93261
v -0.16592 -0.13697 0.92592
v -0.1873 -0.13918 0.91846
v -0.1159 -0.13356 0.93839
v -0.14166 -0.12297 0.94324
v -0.14195 -0.13513 0.93261
v -0.11547 -0.10978 0.95948
v -0.14255 -0.11189 0.95216
v -0.08753 -0.11928 0.95512
v -0.05869 -0.10675 0.9695
v -0.08778 -0.09804 0.97361
v -0.08744 -0.10805 0.96528
v -0.05951 -0.13098 0.94666
v -0.08829 -0.13214 0.94312
v -0.0296 -0.11711 0.96145
v -0.02995 -0.13019 0.94889
v -0.02949 -0.09616 0.98081
v -0.02946 -0.10592 0.97209
v -0.08892 -0.08009 0.98478
v -0.05975 -0.07122 0.99245
v -0.08939 -0.0714 0.98759
v -0.0591 -0.08795 0.98478
v -0.08833 -0.08885 0.98011
v -0.02978 -0.07919 0.99245
v -0.02961 -0.0874 0.98759
v -0.02992 -0.07108 0.99537
v -0.30141 0.27412 -0.39429
v -0.30762 0.23785 -0.43403
v -0.33713 0.21088 -0.39348
v -0.33269 0.25002 -0.3534
v -0.32053 0.24438 -0.39403
v -0.27887 0.25647 -0.47316
v -0.27949 0.22193 -0.5111
v -0.30736 0.20029 -0.47301
v -0.29395 0.23037 -0.47314
v -0.30165 0.16161 -0.51093
v -0.32878 0.13057 -0.47249
v -0.33556 0.17102 -0.43328
v -0.31901 0.16682 -0.47279
v -0.36277 0.13507 -0.3918
v -0.36585 0.17653 -0.35141
v -0.35121 0.17424 -0.39272
v -0.25325 0.23506 -0.54779
v -0.24821 0.20196 -0.58247
v -0.27443 0.1857 -0.54751
v -0.26425 0.21247 -0.54763
v -0.2237 0.20983 -0.61638
v -0.21367 0.17764 -0.64599
v -0.23879 0.16671 -0.61464
v -0.23135 0.19036 -0.61534
v -0.22621 0.12977 -0.64392
v -0.25205 0.10924 -0.61401
v -0.26494 0.14798 -0.58195
v -0.24578 0.13947 -0.61422
v -0.29155 0.12203 -0.54736
v -0.2836 0.15535 -0.54742
v -0.27794 0.08197 -0.58184
v -0.30302 0.04888 -0.54727
v -0.31768 0.08972 -0.51066
v -0.29809 0.08634 -0.54731
v -0.23653 0.0703 -0.64335
v -0.2615 0.04222 -0.61399
v -0.25738 0.07662 -0.61395
v -0.24267 0.00389 -0.64347
v -0.26514 -0.02955 -0.6141
v -0.28537 0.00877 -0.58189
v -0.26417 0.00663 -0.61406
v -0.30726 -0.02891 -0.54717
v -0.32635 0.01106 -0.51031
v -0.30614 0.01027 -0.54723
v -0.35468 0.09356 -0.43209
v -0.37833 0.05166 -0.38965
v -0.38784 0.09347 -0.34844
v -0.37181 0.094 -0.39076
v -0.34232 0.05211 -0.47178
v -0.33659 0.09213 -0.47215
v -0.34715 -0.03031 -0.47102
v -0.36458 0.01031 -0.43072
v -0.34588 0.01109 -0.47139
v -0.38381 -0.03436 -0.38749
v -0.39899 0.00609 -0.34512
v -0.38233 0.00866 -0.38855
v -0.36485 -0.07387 -0.42946
v -0.37903 -0.11833 -0.3857
v -0.39965 -0.08036 -0.3421
v -0.38277 -0.07679 -0.38653
v -0.32643 -0.06957 -0.50995
v -0.3424 -0.11208 -0.47037
v -0.34603 -0.07149 -0.47067
v -0.31685 -0.14819 -0.50964
v -0.32705 -0.18996 -0.46993
v -0.35468 -0.15516 -0.42852
v -0.33612 -0.1517 -0.47012
v -0.36274 -0.19746 -0.38455
v -0.38919 -0.16227 -0.33985
v -0.37241 -0.15865 -0.38503
v -0.28538 -0.06677 -0.58186
v -0.30279 -0.10671 -0.54699
v -0.30617 -0.06803 -0.54708
v -0.24267 -0.06477 -0.64347
v -0.26118 -0.10148 -0.61395
v -0.26417 -0.06572 -0.61406
v -0.23528 -0.13187 -0.64307
v -0.24886 -0.17028 -0.61362
v -0.27672 -0.14066 -0.58167
v -0.2561 -0.13647 -0.61379
v -0.28875 -0.18112 -0.54679
v -0.29701 -0.14454 -0.54688
v -0.25875 -0.20972 -0.58144
v -0.26437 -0.24892 -0.54665
v -0.29671 -0.22161 -0.50944
v -0.2779 -0.21604 -0.54671
v -0.21997 -0.19446 -0.64255
v -0.22762 -0.23287 -0.61329
v -0.23939 -0.20255 -0.61345
v -0.19619 -0.24958 -0.64216
v -0.19689 -0.28619 -0.61314
v -0.23082 -0.27078 -0.58128
v -0.21348 -0.26088 -0.61318
v -0.2289 -0.30693 -0.54665
v -0.26511 -0.28666 -0.50943
v -0.24807 -0.27935 -0.54663
v -0.33281 -0.23073 -0.42804
v -0.33352 -0.26931 -0.38426
v -0.36599 -0.2377 -0.33872
v -0.34983 -0.23445 -0.38428
v -0.30003 -0.26088 -0.4698
v -0.31506 -0.22648 -0.46982
v -0.26027 -0.32179 -0.47007
v -0.29802 -0.29778 -0.42817
v -0.28181 -0.29278 -0.46988
v -0.28995 -0.33142 -0.38504
v -0.32847 -0.30472 -0.33905
v -0.31362 -0.30173 -0.3845
v -0.2218 -0.03162 -0.66997
v -0.19946 -0.06295 -0.69384
v -0.21856 -0.09568 -0.66964
v -0.22101 -0.06384 -0.66987
v -0.17888 -0.03456 -0.71609
v -0.15784 -0.06134 -0.7367
v -0.17651 -0.0893 -0.71553
v -0.17831 -0.06211 -0.71593
v -0.15378 -0.11025 -0.73553
v -0.16886 -0.14131 -0.71432
v -0.19367 -0.12137 -0.69308
v -0.17339 -0.11581 -0.71496
v -0.20842 -0.1568 -0.66894
v -0.21439 -0.12678 -0.66931
v -0.13868 -0.03785 -0.75695
v -0.12008 -0.06002 -0.77655
v -0.13718 -0.08306 -0.75615
v -0.13834 -0.06063 -0.75672
v -0.1035 -0.04098 -0.79704
v -0.08843 -0.05909 -0.81789
v -0.10274 -0.07769 -0.79604
v -0.10335 -0.0595 -0.79675
v -0.08719 -0.09149 -0.81608
v -0.09966 -0.11216 -0.79393
v -0.11761 -0.09984 -0.77499
v -0.10156 -0.09532 -0.79505
v -0.132 -0.12578 -0.75443
v -0.1351 -0.10487 -0.75535
v -0.11171 -0.13627 -0.77294
v -0.12225 -0.16379 -0.75273
v -0.14486 -0.15537 -0.73397
v -0.12775 -0.14551 -0.75353
v -0.08364 -0.12088 -0.81372
v -0.09324 -0.14246 -0.79185
v -0.09694 -0.12795 -0.79281
v -0.07674 -0.14549 -0.81203
v -0.08245 -0.1667 -0.79096
v -0.10139 -0.16723 -0.77143
v -0.08846 -0.15546 -0.79118
v -0.10706 -0.19489 -0.75197
v -0.13031 -0.19432 -0.73281
v -0.11539 -0.18034 -0.75218
v -0.18149 -0.17562 -0.69208
v -0.19084 -0.21216 -0.66824
v -0.2006 -0.18538 -0.66856
v -0.15525 -0.18808 -0.71312
v -0.16284 -0.16551 -0.71368
v -0.13498 -0.22708 -0.71257
v -0.1623 -0.22303 -0.69133
v -0.14599 -0.20871 -0.71273
v -0.16525 -0.25895 -0.66791
v -0.17908 -0.2368 -0.668
v -0.18935 0.18072 -0.67711
v -0.17628 0.14898 -0.69986
v -0.20088 0.14294 -0.67207
v -0.19515 0.16375 -0.67414
v -0.15232 0.14852 -0.72829
v -0.13944 0.11791 -0.74426
v -0.16247 0.11549 -0.71968
v -0.15755 0.13361 -0.72321
v -0.14812 0.08199 -0.73807
v -0.17092 0.07148 -0.7162
v -0.18648 0.10702 -0.69513
v -0.16697 0.09463 -0.71743
v -0.2113 0.09201 -0.67003
v -0.20634 0.11885 -0.67075
v -0.11765 0.11482 -0.76831
v -0.10669 0.08704 -0.78077
v -0.12666 0.08692 -0.75956
v -0.12245 0.10218 -0.76308
v -0.08822 0.0834 -0.8018
v -0.07937 0.06112 -0.8172
v -0.09562 0.06073 -0.79642
v -0.09229 0.07314 -0.79845
v -0.08454 0.03698 -0.81565
v -0.10032 0.03074 -0.79528
v -0.11358 0.05747 -0.77631
v -0.09828 0.04649 -0.79546
v -0.13325 0.05014 -0.7564
v -0.13026 0.06945 -0.75744
v -0.11797 0.02124 -0.77569
v -0.1373 0.00753 -0.75635
v -0.15443 0.0379 -0.73635
v -0.1356 0.02937 -0.75614
v -0.08733 0.00734 -0.81653
v -0.10279 -0.00401 -0.79621
v -0.1018 0.0138 -0.79562
v -0.08841 -0.02547 -0.81792
v -0.12007 -0.01885 -0.77656
v -0.10333 -0.02238 -0.79677
v -0.15784 -0.011 -0.7367
v -0.13833 -0.01501 -0.75673
v -0.19467 0.05498 -0.69369
v -0.21885 0.03235 -0.66975
v -0.21554 0.06299 -0.66975
v -0.17671 0.02022 -0.71572
v -0.17421 0.04653 -0.71572
v -0.19946 -0.00304 -0.69384
v -0.17831 -0.00696 -0.71593
v -0.22101 0.00062 -0.66987
v -0.24905 -0.35348 -0.42906
v -0.23126 -0.38151 -0.38701
v -0.27501 -0.36136 -0.34117
v -0.26233 -0.35805 -0.38591
v -0.22115 -0.34017 -0.50969
v -0.20728 -0.37 -0.47079
v -0.23528 -0.34755 -0.47039
v -0.16597 -0.38049 -0.51014
v -0.14393 -0.40482 -0.47168
v -0.18714 -0.39612 -0.43051
v -0.17668 -0.3891 -0.47123
v -0.16075 -0.41847 -0.38945
v -0.20689 -0.40596 -0.34464
v -0.19724 -0.40169 -0.38822
v -0.19228 -0.32069 -0.5813
v -0.18205 -0.35232 -0.54685
v -0.20677 -0.33125 -0.54673
v -0.1634 -0.29428 -0.64216
v -0.15647 -0.32755 -0.61329
v -0.17778 -0.3084 -0.61318
v -0.12251 -0.32727 -0.64255
v -0.10851 -0.35679 -0.61362
v -0.14417 -0.35791 -0.58151
v -0.13328 -0.34367 -0.61345
v -0.12631 -0.38472 -0.54714
v -0.1551 -0.37014 -0.54699
v -0.08924 -0.3826 -0.58177
v -0.06463 -0.40414 -0.5474
v -0.10279 -0.40749 -0.51063
v -0.09603 -0.39605 -0.54728
v -0.07583 -0.3489 -0.64307
v -0.05551 -0.37416 -0.61395
v -0.08248 -0.36695 -0.61379
v -0.02566 -0.35953 -0.64347
v -0.0302 -0.39488 -0.58196
v -0.02791 -0.37847 -0.61406
v -0.0348 -0.42106 -0.51096
v -0.0325 -0.409 -0.54749
v -0.11598 -0.42514 -0.43199
v -0.08235 -0.44135 -0.39154
v -0.12832 -0.4371 -0.34819
v -0.12229 -0.43173 -0.39059
v -0.07369 -0.42596 -0.47245
v -0.10946 -0.41712 -0.4721
v -0.03928 -0.43994 -0.433
v -0.03706 -0.43129 -0.47269
v -0.04347 -0.45337 -0.35059
v -0.04142 -0.44722 -0.39219
v -0.13548 -0.26091 -0.69133
v -0.13143 -0.29477 -0.66824
v -0.14927 -0.27825 -0.668
v -0.10932 -0.22475 -0.73283
v -0.10767 -0.25621 -0.71314
v -0.12213 -0.24288 -0.71274
v -0.08235 -0.24599 -0.73403
v -0.07484 -0.27592 -0.71436
v -0.10173 -0.28829 -0.69209
v -0.09183 -0.26719 -0.71371
v -0.09119 -0.3197 -0.66894
v -0.11198 -0.30856 -0.66856
v -0.0857 -0.19067 -0.77151
v -0.08584 -0.21728 -0.75282
v -0.09714 -0.20715 -0.75222
v -0.06543 -0.16357 -0.81222
v -0.06656 -0.18338 -0.7921
v -0.0751 -0.17594 -0.79131
v -0.04981 -0.17494 -0.81427
v -0.04663 -0.19351 -0.79439
v -0.06488 -0.20624 -0.77317
v -0.05702 -0.18917 -0.79318
v -0.05987 -0.23175 -0.7546
v -0.07335 -0.22543 -0.75365
v -0.04039 -0.21528 -0.77534
v -0.03072 -0.23953 -0.75636
v -0.05112 -0.25909 -0.73563
v -0.04559 -0.2364 -0.75554
v -0.03112 -0.18107 -0.81691
v -0.02399 -0.19851 -0.79665
v -0.03556 -0.19656 -0.7956
v -0.01058 -0.18341 -0.81886
v -0.01371 -0.21913 -0.77696
v -0.01208 -0.19954 -0.7974
v -0.01732 -0.26512 -0.73682
v -0.01546 -0.24128 -0.75695
v -0.06302 -0.30585 -0.6931
v -0.04666 -0.33428 -0.66964
v -0.06933 -0.32826 -0.66931
v -0.03834 -0.28709 -0.71557
v -0.05694 -0.28252 -0.715
v -0.02134 -0.31429 -0.69385
v -0.01929 -0.28975 -0.71597
v -0.02347 -0.33784 -0.66987
v -0.02143 0.61276 0.17103
v -0.05178 0.5749 0.17705
v -0.03212 0.55297 0.20572
v -0.02648 0.57903 0.18787
v -0.06067 0.60501 0.14458
v -0.09404 0.56281 0.13592
v -0.09193 0.53968 0.17524
v -0.07469 0.5692 0.15958
v -0.1433 0.50269 0.16433
v -0.12969 0.49516 0.21749
v -0.0751 0.52609 0.21374
v -0.11209 0.51458 0.19322
v -0.04244 0.51935 0.25081
v -0.03766 0.53345 0.22617
v -0.13005 0.53668 -0.00681
v -0.15262 0.51116 0.03948
v -0.11907 0.55039 0.07226
v -0.10434 0.58122 0.02598
v -0.12601 0.54383 0.03417
v -0.18799 0.47481 -0.00188
v -0.2182 0.45208 0.04057
v -0.17569 0.48761 0.08453
v -0.18356 0.48124 0.04168
v -0.19953 0.46396 0.13133
v -0.13335 0.52418 0.11699
v -0.16338 0.49423 0.12676
v -0.08904 0.59405 0.09473
v -0.10862 0.55663 0.10649
v -0.3679 0.31554 0.01738
v -0.33139 0.35618 0.06474
v -0.29477 0.38934 0.02943
v -0.33301 0.35149 -0.01933
v -0.33275 0.35422 0.0227
v -0.36747 0.31678 0.09926
v -0.32826 0.3563 0.14943
v -0.28764 0.39463 0.11643
v -0.32965 0.357 0.10694
v -0.2366 0.43185 0.17215
v -0.25047 0.42633 0.08046
v -0.24261 0.43052 0.12622
v -0.25904 0.41673 -0.00801
v -0.25593 0.42171 0.03594
v -0.2862 0.3796 0.29347
v -0.32805 0.34918 0.23622
v -0.36556 0.30315 0.27173
v -0.32798 0.34269 0.28154
v -0.19442 0.44192 0.32072
v -0.23942 0.42087 0.26181
v -0.24131 0.41298 0.30678
v -0.18744 0.45902 0.23277
v -0.2844 0.39192 0.20403
v -0.2367 0.4279 0.21714
v -0.36662 0.31311 0.18302
v -0.32793 0.3537 0.19236
v -0.04794 0.50188 0.31639
v -0.09812 0.48317 0.34665
v -0.04917 0.49425 0.35525
v -0.09204 0.49938 0.26982
v -0.04578 0.50954 0.28123
v -0.14384 0.47391 0.29245
v -0.13924 0.48269 0.252
v -0.14661 0.46552 0.33458
v -0.1095 0.56461 -0.05572
v -0.13195 0.51964 -0.09412
v -0.15897 0.497 -0.04665
v -0.13182 0.52867 -0.04972
v -0.10852 0.54279 -0.14521
v -0.12973 0.49789 -0.18556
v -0.15818 0.47975 -0.13671
v -0.13104 0.50943 -0.13955
v -0.18676 0.44327 -0.18132
v -0.2219 0.42608 -0.13747
v -0.19009 0.46058 -0.09106
v -0.18884 0.45241 -0.13618
v -0.22394 0.44001 -0.04811
v -0.18998 0.46798 -0.04621
v -0.10658 0.51479 -0.23814
v -0.12838 0.4701 -0.27753
v -0.15495 0.45794 -0.22791
v -0.12864 0.48483 -0.2317
v -0.10883 0.47964 -0.33018
v -0.13285 0.43499 -0.36641
v -0.15397 0.43007 -0.31744
v -0.12958 0.45355 -0.32258
v -0.18106 0.39334 -0.35698
v -0.20975 0.38697 -0.31273
v -0.18232 0.42137 -0.27064
v -0.18102 0.40821 -0.31431
v -0.21591 0.40887 -0.22613
v -0.18441 0.43299 -0.22622
v -0.2437 0.37549 -0.26997
v -0.28054 0.35865 -0.22854
v -0.25266 0.39238 -0.18375
v -0.24834 0.38445 -0.22709
v -0.23511 0.35385 -0.35387
v -0.26829 0.34231 -0.31246
v -0.23916 0.36534 -0.31227
v -0.28799 0.3087 -0.35378
v -0.32174 0.28805 -0.31299
v -0.30402 0.32408 -0.27152
v -0.29614 0.31688 -0.31285
v -0.33971 0.29858 -0.2305
v -0.31803 0.33589 -0.18796
v -0.31139 0.33039 -0.22987
v -0.25883 0.40574 -0.09612
v -0.29624 0.38126 -0.05691
v -0.25988 0.41145 -0.05207
v -0.29068 0.37133 -0.14313
v -0.25629 0.39943 -0.14005
v -0.35416 0.30629 -0.14749
v -0.32829 0.3448 -0.1037
v -0.32374 0.34066 -0.14588
v -0.36394 0.31175 -0.06464
v -0.33145 0.34838 -0.06149
v -0.25637 0.32139 -0.39422
v -0.27127 0.2892 -0.43404
v -0.27978 0.29946 -0.39423
v -0.20722 0.35895 -0.39593
v -0.22911 0.32668 -0.43465
v -0.23194 0.34089 -0.39466
v -0.20746 0.32544 -0.4754
v -0.22232 0.29536 -0.51219
v -0.24449 0.29595 -0.47315
v -0.22608 0.31143 -0.47382
v -0.25243 0.26585 -0.51109
v -0.26223 0.27798 -0.47305
v -0.15992 0.39467 -0.40249
v -0.18592 0.3583 -0.43877
v -0.18297 0.37655 -0.39841
v -0.12044 0.43639 -0.417
v -0.14647 0.39208 -0.44936
v -0.13883 0.41429 -0.40856
v -0.13959 0.38744 -0.49783
v -0.16256 0.34578 -0.52813
v -0.17136 0.35322 -0.4827
v -0.15472 0.36902 -0.48911
v -0.19163 0.31919 -0.517
v -0.18908 0.33903 -0.47824
v -0.1807 0.31021 -0.56008
v -0.19153 0.27959 -0.59309
v -0.20493 0.28907 -0.55188
v -0.19272 0.29923 -0.55522
v -0.15751 0.3386 -0.57552
v -0.17284 0.30135 -0.60526
v -0.16895 0.323 -0.56674
v -0.1654 0.29568 -0.6529
v -0.16897 0.26403 -0.68325
v -0.18037 0.2701 -0.63667
v -0.17319 0.28147 -0.64399
v -0.17898 0.24307 -0.66846
v -0.19407 0.25249 -0.62612
v -0.18723 0.26072 -0.63078
v -0.22957 0.26703 -0.54857
v -0.22959 0.23906 -0.58363
v -0.24163 0.25286 -0.54801
v -0.21042 0.26171 -0.58654
v -0.21728 0.27872 -0.54976
v -0.1891 0.2275 -0.6577
v -0.20856 0.23565 -0.6198
v -0.2012 0.24456 -0.62251
v -0.20087 0.20922 -0.65036
v -0.21608 0.2245 -0.61781
v -0.15449 0.26448 -0.73281
v -0.14453 0.23833 -0.76291
v -0.16277 0.23736 -0.71452
v -0.15915 0.24968 -0.72336
v -0.12362 0.24671 -0.8108
v -0.10423 0.22428 -0.83464
v -0.12708 0.21419 -0.78971
v -0.12595 0.22989 -0.80047
v -0.10377 0.18871 -0.81176
v -0.12934 0.18594 -0.76816
v -0.14865 0.21248 -0.74352
v -0.12754 0.199 -0.77919
v -0.16935 0.21836 -0.69884
v -0.16596 0.22708 -0.70633
v -0.02719 0.20098 -0.88865
v -0.05443 0.22044 -0.88699
v -0.02728 0.23998 -0.91356
v -0.02751 0.22053 -0.90203
v -0.02466 0.16128 -0.86358
v -0.05246 0.18186 -0.86136
v -0.02626 0.18125 -0.87523
v -0.0744 0.16365 -0.83119
v -0.07992 0.20282 -0.8517
v -0.07852 0.18367 -0.83968
v -0.07929 0.24004 -0.87511
v -0.0802 0.22141 -0.864
v -0.01367 0.08851 -0.85709
v -0.03235 0.10384 -0.84587
v -0.01948 0.1214 -0.8515
v -0.0165 0.10357 -0.85189
v -0.03903 0.08862 -0.84648
v -0.05948 0.10278 -0.82878
v -0.05589 0.12189 -0.83238
v -0.0469 0.10372 -0.83771
v -0.0844 0.14189 -0.81231
v -0.04436 0.14157 -0.84517
v -0.06596 0.14246 -0.82948
v -0.0223 0.14099 -0.85554
v -0.09708 0.10717 -0.79145
v -0.07726 0.09681 -0.81306
v -0.07117 0.07739 -0.82313
v -0.08336 0.09119 -0.80675
v -0.12891 0.14229 -0.75735
v -0.10563 0.13197 -0.78515
v -0.11228 0.12448 -0.77555
v -0.11426 0.15821 -0.78118
v -0.0822 0.1182 -0.80911
v -0.09698 0.13808 -0.79747
v -0.05848 0.0858 -0.83349
v -0.06945 0.10058 -0.82049
v -0.17839 0.20284 -0.68617
v -0.16545 0.17677 -0.70961
v -0.18371 0.19329 -0.68115
v -0.15516 0.1939 -0.72504
v -0.17355 0.21074 -0.69209
v -0.14106 0.16866 -0.74427
v -0.13453 0.17661 -0.75589
v -0.14691 0.15975 -0.73519
v -0.01493 0.70433 0.13577
v -0.03459 0.65277 0.14404
v -0.01764 0.65529 0.1536
v -0.01199 0.81279 0.09954
v -0.02578 0.7558 0.10885
v -0.0131 0.75759 0.11769
v -0.03453 0.80813 0.07699
v -0.04818 0.74836 0.07486
v -0.04265 0.69897 0.11175
v -0.03762 0.75274 0.09448
v -0.06367 0.64426 0.10747
v -0.05017 0.64899 0.12855
v -0.01114 0.91984 0.06368
v -0.02246 0.86601 0.07316
v -0.01139 0.86763 0.08148
v -0.0109 1.00721 0.02956
v -0.02175 0.96543 0.03868
v -0.01103 0.96713 0.04632
v -0.03135 1.00201 0.01042
v -0.0409 0.95662 0.00833
v -0.03215 0.91497 0.04248
v -0.03181 0.96206 0.026
v -0.04233 0.85814 0.04087
v -0.03288 0.86293 0.05956
v -0.04938 0.90248 0.00111
v -0.05715 0.84228 -0.01089
v -0.0528 0.79738 0.03382
v -0.0505 0.85135 0.01729
v -0.04771 0.98797 -0.02848
v -0.05501 0.93795 -0.0416
v -0.0487 0.9487 -0.01429
v -0.05798 0.96172 -0.0864
v -0.06231 0.9065 -0.1092
v -0.06068 0.87967 -0.05879
v -0.05961 0.924 -0.07333
v -0.06503 0.81608 -0.07989
v -0.06464 0.77876 -0.0277
v -0.06206 0.83062 -0.04338
v -0.06401 0.68909 0.06618
v -0.08256 0.63265 0.05017
v -0.07441 0.63889 0.08115
v -0.06412 0.73523 0.02107
v -0.05705 0.7426 0.05026
v -0.0724 0.71463 -0.04956
v -0.07685 0.6742 0.00213
v -0.06927 0.72598 -0.01233
v -0.09166 0.61665 -0.02346
v -0.08825 0.62531 0.0151
v -0.08119 0.65245 -0.07668
v -0.09272 0.59463 -0.10872
v -0.09293 0.60645 -0.06494
v -0.06856 0.75013 -0.10497
v -0.07289 0.68497 -0.1337
v -0.07338 0.70092 -0.09026
v -0.06646 0.71125 -0.19378
v -0.07013 0.64675 -0.22606
v -0.07969 0.62301 -0.16576
v -0.07158 0.66687 -0.1792
v -0.09053 0.56594 -0.20073
v -0.0917 0.58115 -0.15418
v -0.06425 0.84393 -0.13501
v -0.06508 0.77779 -0.16333
v -0.06583 0.79837 -0.12012
v -0.06088 0.92013 -0.16128
v -0.06196 0.86025 -0.19186
v -0.0629 0.88509 -0.14897
v -0.05785 0.86391 -0.24899
v -0.05771 0.80223 -0.28397
v -0.0616 0.79554 -0.22346
v -0.06003 0.83247 -0.23711
v -0.06152 0.72921 -0.25574
v -0.06344 0.75464 -0.20878
v -0.05757 0.73767 -0.31813
v -0.0594 0.67274 -0.35119
v -0.06356 0.66373 -0.28836
v -0.05996 0.70181 -0.30345
v -0.05306 0.79755 -0.34336
v -0.05411 0.7363 -0.37945
v -0.05554 0.77001 -0.33167
v -0.05068 0.72555 -0.43822
v -0.05569 0.66636 -0.47223
v -0.057 0.67347 -0.41299
v -0.05397 0.70159 -0.42656
v -0.0638 0.61079 -0.44376
v -0.06508 0.60919 -0.3829
v -0.06047 0.6423 -0.39821
v -0.07768 0.58601 -0.25979
v -0.09037 0.53011 -0.2946
v -0.08987 0.54895 -0.24774
v -0.06943 0.60083 -0.32103
v -0.06919 0.6247 -0.27357
v -0.07612 0.54809 -0.41303
v -0.0805 0.54162 -0.35346
v -0.07152 0.57526 -0.36775
v -0.09752 0.48668 -0.38544
v -0.0927 0.50937 -0.34071
v -0.09347 0.48997 -0.44147
v -0.11548 0.43598 -0.46932
v -0.10548 0.46196 -0.42819
v -0.07625 0.54927 -0.47161
v -0.09377 0.48998 -0.49748
v -0.0839 0.51942 -0.45616
v -0.09563 0.48749 -0.55272
v -0.11554 0.43172 -0.57598
v -0.11484 0.43417 -0.52259
v -0.10468 0.46051 -0.53731
v -0.13708 0.38325 -0.54821
v -0.12639 0.40949 -0.50921
v -0.06473 0.60613 -0.50204
v -0.07821 0.54609 -0.52851
v -0.07003 0.57852 -0.48712
v -0.05487 0.65239 -0.52741
v -0.06568 0.59629 -0.55708
v -0.05985 0.6311 -0.5157
v -0.06512 0.5821 -0.60807
v -0.07938 0.53003 -0.63404
v -0.07978 0.53945 -0.58297
v -0.07244 0.56243 -0.59649
v -0.09672 0.48328 -0.6063
v -0.08742 0.51414 -0.56816
v -0.09539 0.47789 -0.65714
v -0.11182 0.42734 -0.67898
v -0.11512 0.42929 -0.62851
v -0.10516 0.45414 -0.64316
v -0.07621 0.51819 -0.68065
v -0.0908 0.47154 -0.70402
v -0.08575 0.49957 -0.66985
v -0.08293 0.46418 -0.7456
v -0.09392 0.42479 -0.7679
v -0.10477 0.42591 -0.72596
v -0.09377 0.44645 -0.73667
v -0.11604 0.38323 -0.7484
v -0.12661 0.38012 -0.70125
v -0.11576 0.40349 -0.71398
v -0.13572 0.38025 -0.59966
v -0.15335 0.33454 -0.62503
v -0.14644 0.35801 -0.58669
v -0.13285 0.3791 -0.65113
v -0.12529 0.40434 -0.61381
v -0.13711 0.33795 -0.72556
v -0.14722 0.33424 -0.67555
v -0.13714 0.35673 -0.68827
v -0.15534 0.29589 -0.70273
v -0.1567 0.31358 -0.66359
v -0.14048 0.30216 -0.75309
v -0.13599 0.27217 -0.78241
v -0.14818 0.28223 -0.74282
v -0.122 0.34542 -0.77321
v -0.12151 0.31282 -0.80027
v -0.13167 0.32349 -0.76332
v -0.09975 0.32585 -0.84093
v -0.08983 0.30074 -0.86657
v -0.11403 0.28503 -0.82814
v -0.10733 0.30541 -0.83511
v -0.09966 0.26113 -0.85423
v -0.11955 0.26528 -0.82003
v -0.10114 0.38798 -0.79078
v -0.10338 0.35485 -0.81518
v -0.11173 0.36717 -0.78246
v -0.08005 0.42359 -0.80338
v -0.08388 0.39288 -0.82582
v -0.09049 0.40704 -0.79785
v -0.06612 0.39706 -0.8521
v -0.06262 0.37393 -0.87318
v -0.08303 0.36468 -0.84897
v -0.07446 0.38196 -0.85116
v -0.07679 0.33953 -0.87259
v -0.09155 0.34579 -0.84555
v -0.05421 0.35276 -0.89389
v -0.04077 0.33346 -0.91272
v -0.06489 0.31732 -0.89519
v -0.05967 0.33559 -0.89529
v -0.04346 0.38234 -0.88753
v -0.03334 0.3651 -0.90478
v -0.04874 0.36846 -0.89123
v -0.01512 0.37666 -0.90641
v -0.0188 0.34868 -0.91929
v -0.01693 0.36344 -0.91332
v -0.02247 0.31542 -0.92686
v -0.02068 0.3326 -0.92394
v -0.07381 0.27882 -0.88955
v -0.05251 0.25898 -0.90645
v -0.07709 0.25929 -0.88355
v -0.04755 0.29737 -0.91416
v -0.06968 0.29828 -0.89335
v -0.0255 0.27861 -0.926
v -0.02411 0.29735 -0.92768
v -0.02659 0.25941 -0.92142
v -0.00927 0.06961 -0.88261
v -0.02217 0.07743 -0.86421
v -0.01127 0.07729 -0.86752
v -0.0063 0.06384 -0.9244
v -0.01507 0.06504 -0.89994
v -0.00763 0.06522 -0.90176
v -0.01843 0.06245 -0.92095
v -0.02868 0.06311 -0.89464
v -0.02676 0.06924 -0.87685
v -0.02215 0.06442 -0.89743
v -0.04143 0.07634 -0.85471
v -0.03235 0.07722 -0.85969
v -0.00445 0.06903 -0.97782
v -0.01045 0.06449 -0.94864
v -0.00526 0.0652 -0.94995
v -0.00341 0.08302 -1.03822
v -0.00771 0.07361 -1.00589
v -0.00385 0.07506 -1.00744
v -0.01034 0.07791 -1.0337
v -0.01543 0.06725 -1.00154
v -0.01325 0.06601 -0.97467
v -0.01157 0.07104 -1.00379
v -0.02035 0.06075 -0.94492
v -0.0155 0.06307 -0.94687
v -0.0217 0.05879 -0.97092
v -0.02914 0.05283 -0.94144
v -0.02912 0.05802 -0.91657
v -0.02492 0.05738 -0.94309
v -0.01756 0.06717 -1.02819
v -0.02324 0.05535 -0.99799
v -0.01931 0.0621 -0.99948
v -0.02582 0.04912 -1.02608
v -0.03115 0.0365 -0.99643
v -0.02948 0.0463 -0.96824
v -0.02729 0.0467 -0.99743
v -0.03622 0.03981 -0.93888
v -0.03771 0.04909 -0.91302
v -0.03293 0.04701 -0.94002
v -0.04109 0.06626 -0.86962
v -0.05538 0.07131 -0.84578
v -0.04906 0.07446 -0.85
v -0.03955 0.05752 -0.88952
v -0.03448 0.06088 -0.89195
v -0.04745 0.0466 -0.88612
v -0.05147 0.05856 -0.86383
v -0.04387 0.05283 -0.88752
v -0.06473 0.06016 -0.83965
v -0.06055 0.06664 -0.84226
v -0.05836 0.04425 -0.861
v -0.07064 0.04127 -0.83756
v -0.06806 0.05161 -0.83815
v -0.04378 0.03439 -0.91126
v -0.05241 0.02916 -0.88543
v -0.05026 0.03863 -0.88547
v -0.0474 0.01423 -0.91143
v -0.05503 0.00667 -0.8866
v -0.06237 0.02335 -0.86116
v -0.05397 0.01843 -0.88586
v -0.07392 0.01628 -0.83822
v -0.07256 0.02941 -0.83765
v -0.03579 0.02823 -0.96566
v -0.04106 0.02122 -0.93766
v -0.03891 0.03113 -0.9381
v -0.03588 0.01968 -1.01991
v -0.0373 0.01305 -0.9907
v -0.03454 0.02508 -0.99365
v -0.04088 -0.00573 -1.01351
v -0.04056 -0.0111 -0.9887
v -0.03992 0.00615 -0.96367
v -0.03927 0.001 -0.98918
v -0.04379 -0.00124 -0.93781
v -0.04267 0.01035 -0.93756
v -0.04182 -0.01775 -0.96389
v -0.04472 -0.02563 -0.93912
v -0.04906 -0.00946 -0.91282
v -0.04444 -0.01328 -0.93841
v -0.04277 -0.03032 -1.01299
v -0.04146 -0.03548 -0.9894
v -0.04126 -0.02329 -0.98888
v -0.04243 -0.05444 -1.01412
v -0.04075 -0.05947 -0.99028
v -0.04201 -0.04223 -0.96506
v -0.04126 -0.04757 -0.98996
v -0.04456 -0.05063 -0.94
v -0.04941 -0.03495 -0.91429
v -0.04472 -0.03813 -0.93973
v -0.06426 -0.00211 -0.8628
v -0.07534 -0.01267 -0.83989
v -0.07482 0.00216 -0.83903
v -0.056 -0.01896 -0.8884
v -0.05567 -0.00586 -0.88751
v -0.05609 -0.04597 -0.88934
v -0.06482 -0.03017 -0.86439
v -0.0561 -0.0324 -0.88907
v -0.07564 -0.04343 -0.84085
v -0.07558 -0.02796 -0.84057
v -0.06483 -0.05886 -0.86434
v -0.07535 -0.0739 -0.83974
v -0.0756 -0.05881 -0.84052
v -0.04923 -0.06075 -0.91424
v -0.05589 -0.07265 -0.88825
v -0.05605 -0.05944 -0.88901
v -0.04857 -0.0855 -0.91251
v -0.05477 -0.09758 -0.88604
v -0.06421 -0.08645 -0.86248
v -0.0555 -0.08542 -0.88721
v -0.07368 -0.10239 -0.83746
v -0.07475 -0.0885 -0.83867
v -0.04127 -0.06637 -0.96507
v -0.04394 -0.07508 -0.939
v -0.04432 -0.06299 -0.9397
v -0.04057 -0.07736 -1.01428
v -0.03911 -0.08239 -0.98942
v -0.04004 -0.0711 -0.99003
v -0.03761 -0.09871 -1.01302
v -0.03653 -0.10377 -0.98788
v -0.03984 -0.08935 -0.96355
v -0.03794 -0.0933 -0.98864
v -0.04252 -0.09796 -0.93706
v -0.04337 -0.08678 -0.93806
v -0.03741 -0.11042 -0.96192
v -0.03978 -0.11827 -0.93553
v -0.04674 -0.10801 -0.91039
v -0.04135 -0.1085 -0.93616
v -0.03366 -0.11844 -1.01205
v -0.03292 -0.12319 -0.98717
v -0.03486 -0.11375 -0.98732
v -0.02883 -0.13654 -1.01308
v -0.02816 -0.14022 -0.98881
v -0.03365 -0.12885 -0.96158
v -0.03069 -0.13203 -0.9876
v -0.03522 -0.13503 -0.93575
v -0.04305 -0.12707 -0.9092
v -0.03776 -0.12716 -0.93534
v -0.06202 -0.11141 -0.86011
v -0.06962 -0.12725 -0.83525
v -0.07202 -0.11538 -0.83627
v -0.05191 -0.11941 -0.88402
v -0.05361 -0.10897 -0.88493
v -0.04647 -0.13676 -0.88346
v -0.05732 -0.13226 -0.85849
v -0.04956 -0.12873 -0.88348
v -0.06214 -0.14684 -0.83438
v -0.06637 -0.13781 -0.83457
v -0.04917 -0.14748 -0.85891
v -0.05048 -0.15991 -0.83579
v -0.05679 -0.15415 -0.83484
v -0.03684 -0.1415 -0.91023
v -0.03783 -0.14859 -0.8853
v -0.04252 -0.14334 -0.88413
v -0.02811 -0.15111 -0.91335
v -0.02664 -0.15567 -0.88844
v -0.03757 -0.15696 -0.8613
v -0.0325 -0.15266 -0.8868
v -0.0355 -0.16748 -0.83846
v -0.04334 -0.1643 -0.83705
v -0.02826 -0.14391 -0.96394
v -0.02846 -0.14742 -0.93865
v -0.0321 -0.14177 -0.93692
v -0.02325 -0.15295 -1.01781
v -0.02221 -0.15442 -0.99385
v -0.02532 -0.14771 -0.99099
v -0.01705 -0.16706 -1.02566
v -0.01533 -0.16527 -1.00041
v -0.02131 -0.15521 -0.96871
v -0.01887 -0.1603 -0.99709
v -0.01995 -0.15572 -0.9429
v -0.02439 -0.15205 -0.94072
v -0.01323 -0.16275 -0.97388
v -0.01026 -0.16036 -0.94676
v -0.01759 -0.1567 -0.91699
v -0.01522 -0.15846 -0.94499
v -0.0104 -0.17766 -1.03377
v -0.00782 -0.17219 -1.00613
v -0.01163 -0.16925 -1.00352
v -0.0035 -0.18357 -1.03926
v -0.00449 -0.16653 -0.97747
v -0.00393 -0.17401 -1.00793
v -0.00598 -0.15909 -0.9196
v -0.00517 -0.16145 -0.94799
v -0.02353 -0.16199 -0.86427
v -0.01831 -0.17097 -0.84106
v -0.02711 -0.16965 -0.83985
v -0.01375 -0.1591 -0.89141
v -0.02035 -0.15777 -0.89004
v -0.00801 -0.16386 -0.86646
v -0.00693 -0.15979 -0.89238
v -0.00922 -0.17162 -0.84192
v -0.00292 0.10418 -1.10191
v -0.00623 0.09027 -1.06718
v -0.0031 0.09263 -1.06959
v -0.00306 0.13414 -1.17092
v -0.00585 0.11444 -1.13182
v -0.0029 0.11792 -1.13556
v -0.00936 0.12345 -1.15974
v -0.01212 0.10148 -1.12017
v -0.00896 0.0966 -1.09465
v -0.00891 0.10889 -1.12647
v -0.01279 0.08087 -1.06011
v -0.00945 0.08635 -1.06386
v -0.00398 0.1751 -1.24823
v -0.00686 0.14817 -1.20286
v -0.00341 0.15311 -1.20835
v -0.00581 0.22921 -1.33683
v -0.00953 0.19356 -1.28334
v -0.00477 0.20037 -1.29093
v -0.01727 0.20924 -1.31508
v -0.01893 0.16979 -1.25835
v -0.01197 0.16032 -1.23217
v -0.01425 0.18314 -1.27212
v -0.01396 0.13054 -1.18513
v -0.01036 0.14051 -1.19484
v -0.02009 0.13517 -1.20769
v -0.02158 0.10542 -1.16407
v -0.01621 0.10453 -1.14336
v -0.01768 0.1187 -1.17458
v -0.02821 0.17604 -1.2813
v -0.02811 0.13706 -1.22748
v -0.02356 0.1542 -1.24311
v -0.0383 0.13637 -1.24522
v -0.03693 0.10089 -1.19937
v -0.02843 0.10407 -1.18246
v -0.03257 0.11906 -1.21254
v -0.03005 0.07628 -1.14671
v -0.02411 0.07996 -1.12813
v -0.02568 0.09113 -1.15448
v -0.0156 0.08221 -1.08477
v -0.02015 0.0651 -1.05372
v -0.0163 0.07383 -1.05646
v -0.01929 0.08191 -1.10754
v -0.01554 0.0924 -1.11358
v -0.02827 0.05774 -1.10059
v -0.02368 0.06186 -1.07806
v -0.02349 0.07027 -1.10293
v -0.02972 0.04255 -1.05572
v -0.02453 0.05449 -1.0527
v -0.03459 0.03719 -1.08293
v -0.04281 0.01623 -1.07886
v -0.03797 0.02115 -1.05062
v -0.03599 0.02979 -1.06509
v -0.03371 0.05245 -1.12083
v -0.03955 0.03078 -1.10594
v -0.03375 0.04457 -1.10139
v -0.04405 0.02344 -1.12795
v -0.05059 0.00127 -1.1288
v -0.04727 0.00933 -1.10386
v -0.04529 0.01634 -1.11487
v -0.05607 -0.01352 -1.11483
v -0.05206 -0.00659 -1.0885
v -0.04965 0.00186 -1.09503
v -0.03711 0.07144 -1.16421
v -0.03944 0.04623 -1.1401
v -0.03473 0.06129 -1.14162
v -0.04721 0.09697 -1.21656
v -0.04511 0.0662 -1.18246
v -0.04117 0.08323 -1.18904
v -0.05417 0.06182 -1.20379
v -0.05139 0.03455 -1.18418
v -0.0453 0.03984 -1.1604
v -0.04858 0.04994 -1.18054
v -0.04789 0.01608 -1.1512
v -0.04392 0.03114 -1.143
v -0.0512 0.00996 -1.17827
v -0.05322 -0.01379 -1.18706
v -0.05252 -0.00689 -1.15574
v -0.05108 0.00109 -1.16557
v -0.05803 0.03216 -1.21411
v -0.05432 0.0069 -1.21179
v -0.05336 0.02017 -1.1943
v -0.05763 0.00921 -1.25469
v -0.05248 -0.0158 -1.27256
v -0.05306 -0.01754 -1.22513
v -0.05409 -0.00513 -1.23758
v -0.05329 -0.04305 -1.25531
v -0.05656 -0.03853 -1.21144
v -0.05405 -0.02851 -1.21665
v -0.05825 -0.02201 -1.14304
v -0.06581 -0.04807 -1.17021
v -0.06469 -0.03917 -1.13725
v -0.06161 -0.0301 -1.13946
v -0.05835 -0.03085 -1.17464
v -0.05506 -0.01443 -1.14835
v -0.05989 -0.06612 -1.25192
v -0.06414 -0.0576 -1.20801
v -0.06008 -0.04806 -1.20879
v -0.06835 -0.08893 -1.25527
v -0.07181 -0.07861 -1.20921
v -0.06821 -0.06762 -1.20838
v -0.04436 -0.07452 -1.03765
v -0.0463 -0.09539 -1.06041
v -0.04096 -0.09573 -1.03698
v -0.04283 -0.08536 -1.03749
v -0.05303 -0.09793 -1.08413
v -0.05476 -0.12264 -1.10834
v -0.04741 -0.11677 -1.08305
v -0.05045 -0.10772 -1.08378
v -0.04719 -0.13843 -1.10598
v -0.04039 -0.1334 -1.08171
v -0.04108 -0.11443 -1.05924
v -0.04402 -0.12527 -1.08225
v -0.03639 -0.11524 -1.03587
v -0.0388 -0.10567 -1.03636
v -0.06231 -0.13192 -1.1363
v -0.06183 -0.16133 -1.16405
v -0.05463 -0.14771 -1.13297
v -0.05873 -0.14041 -1.13485
v -0.06776 -0.17875 -1.20073
v -0.06335 -0.2137 -1.23347
v -0.05878 -0.19071 -1.1921
v -0.06354 -0.18567 -1.19667
v -0.05335 -0.21939 -1.21988
v -0.0485 -0.1972 -1.1828
v -0.05248 -0.17274 -1.15794
v -0.05369 -0.1944 -1.18737
v -0.0455 -0.16012 -1.12934
v -0.05016 -0.15417 -1.13101
v -0.04253 -0.18155 -1.15282
v -0.03619 -0.17208 -1.12856
v -0.0387 -0.1526 -1.10475
v -0.04081 -0.16594 -1.1283
v -0.04305 -0.22031 -1.20647
v -0.03861 -0.20215 -1.17577
v -0.04342 -0.19962 -1.17873
v -0.03418 -0.22003 -1.19559
v -0.03026 -0.2108 -1.17742
v -0.03316 -0.19172 -1.15303
v -0.03422 -0.20528 -1.1745
v -0.02746 -0.18728 -1.13557
v -0.03018 -0.16758 -1.10799
v -0.0317 -0.17903 -1.13076
v -0.03485 -0.13207 -1.05887
v -0.03097 -0.13348 -1.0363
v -0.03377 -0.12449 -1.03577
v -0.03275 -0.1494 -1.0827
v -0.0366 -0.14138 -1.08173
v -0.02521 -0.16648 -1.08898
v -0.02815 -0.14928 -1.06162
v -0.02893 -0.15769 -1.085
v -0.02506 -0.15089 -1.04022
v -0.02806 -0.14226 -1.0377
v -0.02152 -0.1671 -1.06986
v -0.01894 -0.16761 -1.04891
v -0.02201 -0.15942 -1.0441
v -0.02238 -0.18605 -1.11965
v -0.01831 -0.18574 -1.1025
v -0.02168 -0.17599 -1.09504
v -0.01549 -0.20704 -1.13832
v -0.01195 -0.20418 -1.11888
v -0.01518 -0.18465 -1.08258
v -0.01508 -0.19529 -1.11067
v -0.01269 -0.18198 -1.05954
v -0.01583 -0.17521 -1.0542
v -0.02502 -0.209 -1.16632
v -0.01985 -0.20837 -1.15393
v -0.02353 -0.19729 -1.14364
v -0.02907 -0.23012 -1.20425
v -0.02334 -0.23291 -1.20079
v -0.02674 -0.22049 -1.18699
v -0.02221 -0.2598 -1.23946
v -0.0159 -0.26045 -1.23226
v -0.01776 -0.23314 -1.19156
v -0.0197 -0.24661 -1.21638
v -0.01301 -0.23089 -1.17707
v -0.01637 -0.2198 -1.16542
v -0.01066 -0.25678 -1.21781
v -0.00645 -0.24912 -1.19681
v -0.00912 -0.22591 -1.15732
v -0.00971 -0.24093 -1.18786
v -0.01376 -0.29015 -1.27496
v -0.00805 -0.28388 -1.25908
v -0.01201 -0.27326 -1.24693
v -0.00466 -0.31055 -1.29851
v -0.00356 -0.2725 -1.23549
v -0.00404 -0.29118 -1.26742
v -0.00301 -0.23785 -1.17005
v -0.00322 -0.25467 -1.20296
v -0.00904 -0.19915 -1.09543
v -0.00637 -0.19206 -1.06856
v -0.00954 -0.18768 -1.06447
v -0.0059 -0.2181 -1.1327
v -0.0089 -0.21194 -1.12644
v -0.003 -0.2078 -1.10402
v -0.00294 -0.22217 -1.13699
v -0.00319 -0.19488 -1.07137
v -0.00863 0.29679 -1.43833
v -0.01417 0.25273 -1.3763
v -0.00712 0.26188 -1.3863
v -0.012 0.36695 -1.54602
v -0.0204 0.3206 -1.47923
v -0.01028 0.33234 -1.49191
v -0.03509 0.33448 -1.51104
v -0.03953 0.28072 -1.43721
v -0.02546 0.27056 -1.41023
v -0.0302 0.30292 -1.46042
v -0.02776 0.22125 -1.34312
v -0.02107 0.23886 -1.36145
v -0.01543 0.42694 -1.65182
v -0.02715 0.38486 -1.58408
v -0.01374 0.39902 -1.59966
v -0.01841 0.46401 -1.74762
v -0.03348 0.43312 -1.68269
v -0.01701 0.44914 -1.70147
v -0.05275 0.42281 -1.69677
v -0.06264 0.3807 -1.62132
v -0.04455 0.38935 -1.60946
v -0.04887 0.40953 -1.65506
v -0.05169 0.33775 -1.53289
v -0.03991 0.36381 -1.56109
v -0.06842 0.33122 -1.5447
v -0.07145 0.27794 -1.46986
v -0.05544 0.28273 -1.45678
v -0.06216 0.30857 -1.50172
v -0.07966 0.36001 -1.61888
v -0.08374 0.31663 -1.54705
v -0.07425 0.34894 -1.58424
v -0.096 0.29606 -1.54004
v -0.09756 0.25961 -1.4865
v -0.08606 0.26864 -1.4782
v -0.09116 0.2861 -1.51303
v -0.08698 0.21893 -1.41316
v -0.07212 0.22441 -1.39908
v -0.07968 0.24751 -1.43958
v -0.041 0.22778 -1.36634
v -0.04022 0.17895 -1.3015
v -0.03417 0.20095 -1.32268
v -0.05624 0.2284 -1.38457
v -0.04824 0.25542 -1.41135
v -0.0699 0.17467 -1.3353
v -0.05448 0.17808 -1.31902
v -0.06348 0.20103 -1.35864
v -0.05098 0.13396 -1.26241
v -0.04585 0.15628 -1.28096
v -0.06524 0.13102 -1.28061
v -0.0594 0.09359 -1.23631
v -0.05553 0.113 -1.24722
v -0.08513 0.17175 -1.35386
v -0.07989 0.12927 -1.30238
v -0.07541 0.1507 -1.3163
v -0.0936 0.13111 -1.33119
v -0.08514 0.09466 -1.29285
v -0.07246 0.09213 -1.26075
v -0.08318 0.11054 -1.29432
v -0.06459 0.0601 -1.23087
v -0.06246 0.07589 -1.23055
v -0.09995 0.21654 -1.4325
v -0.09885 0.17218 -1.37889
v -0.09348 0.19385 -1.39289
v -0.10482 0.26463 -1.51225
v -0.10975 0.2228 -1.46512
v -0.104 0.23937 -1.47182
v -0.11474 0.23882 -1.51441
v -0.11634 0.19342 -1.46423
v -0.10983 0.17911 -1.41496
v -0.11408 0.20731 -1.46255
v -0.10484 0.13873 -1.3702
v -0.10275 0.15384 -1.37129
v -0.11172 0.15296 -1.42069
v -0.1028 0.11856 -1.3893
v -0.09585 0.10304 -1.33522
v -0.10479 0.12676 -1.37577
v -0.11642 0.21292 -1.52485
v -0.11314 0.17273 -1.48098
v -0.11585 0.18168 -1.47029
v -0.10932 0.19325 -1.54239
v -0.10329 0.16815 -1.52223
v -0.10508 0.14098 -1.45393
v -0.10874 0.16724 -1.49659
v -0.09374 0.11593 -1.4455
v -0.0912 0.08949 -1.3725
v -0.09906 0.11474 -1.41211
v -0.07522 0.06291 -1.26637
v -0.06558 0.03495 -1.25328
v -0.06567 0.04639 -1.23814
v -0.08462 0.07219 -1.31296
v -0.08564 0.08178 -1.29874
v -0.0779 0.0641 -1.3704
v -0.07269 0.04498 -1.3046
v -0.08206 0.0662 -1.33652
v -0.0614 0.01957 -1.31074
v -0.0642 0.02595 -1.27718
v -0.06415 0.04012 -1.38286
v -0.05141 0.01469 -1.40569
v -0.05182 -0.00581 -1.33275
v -0.05708 0.016 -1.35486
v -0.08007 0.09384 -1.45195
v -0.06487 0.0714 -1.46806
v -0.07213 0.06618 -1.4156
v -0.06292 0.11264 -1.56167
v -0.04656 0.08711 -1.57868
v -0.04999 0.04602 -1.48903
v -0.0563 0.07873 -1.52377
v -0.03683 0.01666 -1.51205
v -0.04076 -0.01349 -1.43672
v -0.0446 0.01509 -1.45937
v -0.0929 0.15142 -1.52889
v -0.07891 0.13366 -1.54391
v -0.08705 0.12274 -1.49079
v -0.10154 0.20157 -1.58677
v -0.09016 0.19483 -1.61408
v -0.09744 0.17841 -1.56303
v -0.08513 0.24468 -1.69489
v -0.06819 0.23464 -1.72763
v -0.07509 0.18138 -1.63809
v -0.08043 0.21421 -1.67048
v -0.05792 0.16181 -1.65738
v -0.06922 0.14719 -1.6008
v -0.04935 0.21579 -1.74786
v -0.03066 0.18819 -1.75282
v -0.04034 0.13564 -1.66896
v -0.04493 0.176 -1.70959
v -0.05681 0.29036 -1.80613
v -0.03666 0.27077 -1.82548
v -0.05339 0.25418 -1.78097
v -0.01989 0.322 -1.88174
v -0.01717 0.24035 -1.82213
v -0.01865 0.28237 -1.85619
v -0.01388 0.15242 -1.74005
v -0.01554 0.19677 -1.78245
v -0.03169 0.05634 -1.59155
v -0.01918 0.02112 -1.599
v -0.02596 -0.01621 -1.53632
v -0.02829 0.01886 -1.55988
v -0.0243 0.10286 -1.66986
v -0.03581 0.09551 -1.62876
v -0.01084 0.06469 -1.6587
v -0.01228 0.10812 -1.69784
v -0.0089 -0.01637 -1.60127
v -0.00969 0.02292 -1.62555
v -0.02049 0.46771 -1.8255
v -0.03849 0.45285 -1.76677
v -0.01957 0.46996 -1.78925
v -0.0215 0.44145 -1.87841
v -0.04159 0.44072 -1.82924
v -0.02113 0.45796 -1.85551
v -0.06176 0.39944 -1.80902
v -0.07775 0.38349 -1.74156
v -0.05876 0.42478 -1.76477
v -0.06069 0.41511 -1.7901
v -0.0717 0.39674 -1.69258
v -0.05608 0.42762 -1.7335
v -0.02134 0.39097 -1.89945
v -0.04244 0.40263 -1.86419
v -0.02157 0.41888 -1.89334
v -0.04083 0.34421 -1.86523
v -0.02078 0.35844 -1.89587
v -0.07572 0.29862 -1.76663
v -0.06108 0.3531 -1.82521
v -0.05938 0.32351 -1.82056
v -0.07921 0.34903 -1.76795
v -0.06188 0.37859 -1.82104
v -0.09203 0.29561 -1.71236
v -0.10497 0.28165 -1.64699
v -0.09381 0.33374 -1.69999
v -0.09369 0.31624 -1.70901
v -0.09928 0.24463 -1.6493
v -0.08908 0.27179 -1.70825
v -0.11013 0.23285 -1.59063
v -0.10609 0.21875 -1.59365
v -0.11316 0.26045 -1.57751
v -0.11267 0.24673 -1.58467
v -0.08894 0.3583 -1.66968
v -0.09473 0.32785 -1.60033
v -0.08467 0.36268 -1.64715
v -0.10333 0.31111 -1.62931
v -0.09211 0.34821 -1.68708
v -0.10693 0.28595 -1.56378
v -0.11101 0.27404 -1.57087
v -0.10159 0.29465 -1.55523
v -0.00869 -0.08556 -1.58575
v -0.017 -0.05081 -1.56238
v -0.0086 -0.05237 -1.58877
v -0.00972 -0.14546 -1.59905
v -0.01795 -0.11175 -1.56239
v -0.00909 -0.11643 -1.58994
v -0.02813 -0.1299 -1.52868
v -0.03406 -0.09501 -1.47154
v -0.02523 -0.07739 -1.51921
v -0.02635 -0.10448 -1.52163
v -0.03245 -0.04426 -1.47572
v -0.02502 -0.04812 -1.52344
v -0.01132 -0.19993 -1.62286
v -0.0207 -0.1656 -1.58161
v -0.01049 -0.17313 -1.61078
v -0.01281 -0.25284 -1.63891
v -0.0239 -0.21624 -1.60263
v -0.01212 -0.22634 -1.633
v -0.03697 -0.22462 -1.56298
v -0.04507 -0.18179 -1.50179
v -0.0327 -0.17767 -1.54864
v -0.035 -0.201 -1.55752
v -0.0391 -0.13954 -1.48505
v -0.03033 -0.15413 -1.53836
v -0.05031 -0.14118 -1.43293
v -0.05293 -0.10422 -1.36442
v -0.04345 -0.10365 -1.41956
v -0.04673 -0.12263 -1.42573
v -0.0568 -0.17898 -1.44408
v -0.0608 -0.1362 -1.375
v -0.05379 -0.1598 -1.43957
v -0.06937 -0.12671 -1.31517
v -0.06162 -0.09848 -1.30847
v -0.06576 -0.11218 -1.31219
v -0.05361 -0.07157 -1.30328
v -0.05742 -0.08511 -1.30514
v -0.03926 -0.06241 -1.41661
v -0.0448 -0.03275 -1.36904
v -0.03911 -0.03916 -1.42299
v -0.04645 -0.07106 -1.35885
v -0.04083 -0.08374 -1.41599
v -0.04909 -0.042 -1.30842
v -0.05068 -0.05737 -1.304
v -0.04932 -0.02498 -1.31763
v -0.04711 -0.0025 -1.06297
v -0.04307 -0.00233 -1.03805
v -0.04055 0.01003 -1.04225
v -0.06099 -0.03222 -1.10814
v -0.0558 -0.02762 -1.08213
v -0.05414 -0.01654 -1.08435
v -0.06352 -0.05533 -1.10675
v -0.05749 -0.05163 -1.08152
v -0.05047 -0.02591 -1.05824
v -0.05695 -0.03944 -1.08134
v -0.04597 -0.02701 -1.03559
v -0.04487 -0.01469 -1.03608
v -0.07169 -0.06923 -1.1695
v -0.06861 -0.06131 -1.13568
v -0.06702 -0.04971 -1.13607
v -0.07472 -0.11541 -1.25827
v -0.07612 -0.10446 -1.21005
v -0.07444 -0.09105 -1.20979
v -0.07715 -0.14539 -1.25745
v -0.07674 -0.13231 -1.20931
v -0.0741 -0.09453 -1.16979
v -0.07687 -0.11837 -1.20992
v -0.06952 -0.08618 -1.13624
v -0.06945 -0.0736 -1.13582
v -0.07316 -0.12056 -1.16979
v -0.06738 -0.11069 -1.13702
v -0.06334 -0.07984 -1.10787
v -0.06882 -0.09867 -1.13672
v -0.0759 -0.17461 -1.25294
v -0.07388 -0.15834 -1.20641
v -0.07573 -0.14579 -1.20817
v -0.07122 -0.19881 -1.2449
v -0.06902 -0.14394 -1.16827
v -0.07122 -0.16949 -1.20395
v -0.06035 -0.10307 -1.10909
v -0.0652 -0.1219 -1.13695
v -0.05146 -0.05036 -1.05854
v -0.04622 -0.05136 -1.03649
v -0.04639 -0.03927 -1.03584
v -0.05651 -0.07574 -1.08304
v -0.05733 -0.06381 -1.08218
v -0.04992 -0.07397 -1.06012
v -0.05507 -0.08719 -1.08378
v -0.04552 -0.06315 -1.0372
v -0.03643 -0.24035 -1.22666
v -0.02927 -0.25376 -1.23819
v -0.03238 -0.23627 -1.2167
v -0.04593 -0.24639 -1.24622
v -0.03753 -0.26874 -1.26733
v -0.04101 -0.24378 -1.23646
v -0.03706 -0.3024 -1.3149
v -0.02732 -0.31782 -1.32631
v -0.02894 -0.28371 -1.27973
v -0.03289 -0.29385 -1.29774
v -0.0208 -0.29052 -1.28206
v -0.02534 -0.27226 -1.26044
v -0.05601 -0.24796 -1.2658
v -0.04691 -0.27844 -1.29398
v -0.051 -0.24798 -1.25608
v -0.06495 -0.24066 -1.284
v -0.056 -0.27978 -1.31937
v -0.06073 -0.24572 -1.27519
v -0.05295 -0.31083 -1.37865
v -0.04137 -0.34631 -1.40529
v -0.04551 -0.31313 -1.34786
v -0.04944 -0.31395 -1.36355
v -0.03451 -0.33809 -1.36702
v -0.04132 -0.30905 -1.33162
v -0.0295 -0.37145 -1.42046
v -0.01823 -0.38453 -1.42313
v -0.02389 -0.35288 -1.3753
v -0.02673 -0.36384 -1.39821
v -0.03439 -0.37345 -1.46323
v -0.0219 -0.39782 -1.47158
v -0.03209 -0.37491 -1.44211
v -0.0119 -0.41268 -1.51625
v -0.0102 -0.40806 -1.46574
v -0.0111 -0.41312 -1.49122
v -0.00824 -0.38489 -1.41309
v -0.00923 -0.39836 -1.43973
v -0.01838 -0.32389 -1.32718
v -0.01076 -0.32106 -1.31767
v -0.01591 -0.30727 -1.30166
v -0.01433 -0.35676 -1.37208
v -0.02107 -0.33933 -1.35168
v -0.0063 -0.35008 -1.35758
v -0.00725 -0.36851 -1.38573
v -0.00542 -0.33048 -1.32853
v -0.0136 -0.3067 -1.63195
v -0.02622 -0.26757 -1.60804
v -0.0133 -0.27991 -1.6383
v -0.01368 -0.35592 -1.60508
v -0.02707 -0.31815 -1.59197
v -0.01373 -0.33232 -1.62062
v -0.03949 -0.31873 -1.53673
v -0.05102 -0.27025 -1.4963
v -0.03927 -0.27336 -1.55824
v -0.03963 -0.29687 -1.54927
v -0.04943 -0.22572 -1.50727
v -0.03839 -0.24901 -1.56301
v -0.01309 -0.39356 -1.56446
v -0.02655 -0.36122 -1.56009
v -0.01346 -0.37662 -1.5861
v -0.02478 -0.39003 -1.51807
v -0.01257 -0.40587 -1.54092
v -0.04678 -0.33665 -1.44124
v -0.0378 -0.35425 -1.50341
v -0.0363 -0.3663 -1.48387
v -0.05006 -0.30926 -1.47294
v -0.03887 -0.33813 -1.52124
v -0.05813 -0.29142 -1.40655
v -0.06753 -0.24192 -1.36153
v -0.06066 -0.25918 -1.4288
v -0.05974 -0.27655 -1.41857
v -0.06318 -0.2676 -1.3424
v -0.05585 -0.30309 -1.39312
v -0.07113 -0.22085 -1.29913
v -0.06842 -0.23217 -1.29203
v -0.07411 -0.1921 -1.31007
v -0.07304 -0.2073 -1.30519
v -0.0603 -0.21981 -1.44234
v -0.0666 -0.171 -1.37987
v -0.05896 -0.19922 -1.44487
v -0.06875 -0.20798 -1.3747
v -0.06086 -0.24003 -1.43685
v -0.07361 -0.15913 -1.31577
v -0.07431 -0.17585 -1.31364
v -0.07198 -0.14256 -1.31632
v -0.42332 -0.378 0.04566
v -0.44909 -0.37304 0.08777
v -0.49172 -0.38771 0.04712
v -0.47837 -0.39811 -0.00449
v -0.46115 -0.38072 0.04634
v -0.4049 -0.37532 0.12174
v -0.43544 -0.36314 0.15162
v -0.47044 -0.36341 0.12086
v -0.44056 -0.36764 0.1222
v -0.48813 -0.35445 0.14094
v -0.51239 -0.35981 0.11655
v -0.50465 -0.37298 0.0875
v -0.49429 -0.36172 0.11783
v -0.53801 -0.39275 0.04832
v -0.5317 -0.42071 -0.00247
v -0.51718 -0.39194 0.04759
v -0.44607 -0.32408 0.24686
v -0.46971 -0.33258 0.20615
v -0.43468 -0.35116 0.20265
v -0.40148 -0.35291 0.24319
v -0.43833 -0.34061 0.22681
v -0.5022 -0.3142 0.19236
v -0.52009 -0.32977 0.15982
v -0.49191 -0.33933 0.17341
v -0.49668 -0.32875 0.1844
v -0.50833 -0.34862 0.14292
v -0.46362 -0.35081 0.17049
v -0.4882 -0.34745 0.1592
v -0.39831 -0.36895 0.18226
v -0.4336 -0.35816 0.17801
v -0.59412 -0.39823 0.00236
v -0.56761 -0.38185 0.05175
v -0.55955 -0.34925 0.09558
v -0.58344 -0.3524 0.05385
v -0.57707 -0.36958 0.05326
v -0.56984 -0.42054 -0.00023
v -0.53991 -0.36796 0.09003
v -0.55471 -0.38948 0.0499
v -0.5339 -0.34704 0.12625
v -0.52501 -0.3549 0.12045
v -0.54599 -0.32167 0.13346
v -0.5408 -0.33629 0.13066
v -0.25313 -0.3878 -0.2974
v -0.29859 -0.36492 -0.24836
v -0.31691 -0.33642 -0.29319
v -0.28695 -0.3635 -0.29506
v -0.17612 -0.42701 -0.30263
v -0.22475 -0.41125 -0.25482
v -0.21601 -0.40905 -0.3
v -0.18996 -0.43186 -0.21394
v -0.24181 -0.41411 -0.16481
v -0.27366 -0.39079 -0.20542
v -0.23329 -0.41285 -0.20959
v -0.32259 -0.36743 -0.15646
v -0.34257 -0.3391 -0.19946
v -0.31033 -0.36608 -0.20189
v -0.09027 -0.45205 -0.30711
v -0.13938 -0.44485 -0.26158
v -0.13402 -0.44143 -0.30508
v -0.04722 -0.46302 -0.26617
v -0.04541 -0.45863 -0.30851
v -0.05038 -0.46931 -0.18163
v -0.0972 -0.45917 -0.22144
v -0.04888 -0.46657 -0.2238
v -0.14912 -0.44938 -0.17472
v -0.14441 -0.44746 -0.21802
v -0.10301 -0.4632 -0.13663
v -0.15738 -0.45153 -0.09015
v -0.2028 -0.43452 -0.1266
v -0.15351 -0.45072 -0.13201
v -0.05284 -0.47247 -0.09877
v -0.0517 -0.47126 -0.13988
v -0.05446 -0.47273 -0.01938
v -0.10734 -0.46456 -0.05474
v -0.05376 -0.47295 -0.05853
v -0.16285 -0.45176 -0.01012
v -0.21324 -0.43582 -0.04335
v -0.16056 -0.45186 -0.04943
v -0.29526 -0.39349 -0.1161
v -0.3503 -0.37277 -0.07144
v -0.37079 -0.34345 -0.11213
v -0.3358 -0.36941 -0.11284
v -0.25855 -0.41643 -0.07838
v -0.25049 -0.41531 -0.12099
v -0.26967 -0.41822 0.00217
v -0.31631 -0.39782 -0.03303
v -0.2652 -0.41741 -0.03724
v -0.37733 -0.38357 0.00563
v -0.40869 -0.357 -0.03952
v -0.36645 -0.37824 -0.03265
v -0.32382 -0.40169 0.0441
v -0.36926 -0.38763 0.08431
v -0.37604 -0.38654 0.04551
v -0.21797 -0.43599 0.03356
v -0.2706 -0.41896 0.07561
v -0.27117 -0.41882 0.0396
v -0.21719 -0.43433 0.10559
v -0.26674 -0.4168 0.14572
v -0.318 -0.40221 0.11555
v -0.26883 -0.41837 0.11079
v -0.35978 -0.3857 0.15205
v -0.36371 -0.38735 0.11936
v -0.10967 -0.46359 0.02223
v -0.16443 -0.45026 0.06414
v -0.16407 -0.45128 0.02752
v -0.05516 -0.47021 0.0556
v -0.05492 -0.47185 0.01845
v -0.05503 -0.46429 0.13043
v -0.11002 -0.46002 0.09592
v -0.05519 -0.46772 0.09271
v -0.16341 -0.44599 0.13703
v -0.16414 -0.44855 0.10042
v -0.10898 -0.4529 0.17163
v -0.16117 -0.43771 0.21408
v -0.21466 -0.42918 0.17794
v -0.16244 -0.44241 0.17465
v -0.05421 -0.45426 0.21026
v -0.0547 -0.45984 0.1694
v -0.10686 -0.44133 0.25481
v -0.05359 -0.44748 0.25365
v -0.21123 -0.41931 0.25714
v -0.15951 -0.43177 0.25613
v -0.31325 -0.39809 0.18312
v -0.35753 -0.37753 0.21645
v -0.3579 -0.38267 0.18376
v -0.26371 -0.4099 0.21778
v -0.26521 -0.414 0.18097
v -0.31073 -0.3877 0.25599
v -0.2617 -0.40445 0.25738
v -0.35814 -0.36956 0.25209
v -0.61938 -0.413 -0.05856
v -0.62832 -0.47867 -0.12575
v -0.60014 -0.45253 -0.05929
v -0.61142 -0.43611 -0.05844
v -0.65335 -0.49016 -0.19603
v -0.65835 -0.55953 -0.2662
v -0.63202 -0.5439 -0.19747
v -0.64418 -0.52133 -0.19614
v -0.63201 -0.60122 -0.27143
v -0.60085 -0.56204 -0.20159
v -0.60177 -0.50957 -0.12814
v -0.6174 -0.55756 -0.19947
v -0.56832 -0.4652 -0.06212
v -0.58572 -0.46223 -0.06065
v -0.67958 -0.55068 -0.33099
v -0.67967 -0.60686 -0.39253
v -0.65851 -0.61736 -0.33633
v -0.67018 -0.58868 -0.33253
v -0.69427 -0.57545 -0.43779
v -0.6929 -0.60033 -0.4848
v -0.67777 -0.64146 -0.45442
v -0.6868 -0.61215 -0.44361
v -0.67488 -0.64584 -0.51308
v -0.65331 -0.66943 -0.46889
v -0.65648 -0.6569 -0.40552
v -0.66642 -0.66156 -0.46362
v -0.63023 -0.64214 -0.34428
v -0.64503 -0.63556 -0.34078
v -0.62779 -0.65741 -0.40994
v -0.59935 -0.61807 -0.34508
v -0.59957 -0.60127 -0.27571
v -0.6146 -0.63593 -0.34523
v -0.64796 -0.64633 -0.51729
v -0.62473 -0.64245 -0.46273
v -0.63897 -0.66208 -0.46792
v -0.62039 -0.60161 -0.49613
v -0.60218 -0.57708 -0.45219
v -0.60008 -0.60821 -0.40487
v -0.61192 -0.61352 -0.45533
v -0.57493 -0.55192 -0.34724
v -0.56893 -0.55974 -0.27894
v -0.58571 -0.58969 -0.34526
v -0.56544 -0.50864 -0.13131
v -0.52583 -0.45062 -0.06468
v -0.54809 -0.4614 -0.06324
v -0.56531 -0.54296 -0.20526
v -0.5829 -0.55705 -0.20327
v -0.53832 -0.48896 -0.21327
v -0.52787 -0.47605 -0.13667
v -0.54987 -0.52014 -0.20834
v -0.48597 -0.40856 -0.0754
v -0.50232 -0.43263 -0.0671
v -0.63939 -0.59047 -0.54522
v -0.62659 -0.51838 -0.54906
v -0.61055 -0.5476 -0.49894
v -0.62467 -0.56847 -0.52679
v -0.66913 -0.61295 -0.55865
v -0.65914 -0.54789 -0.58478
v -0.65458 -0.60653 -0.55614
v -0.67737 -0.47875 -0.60669
v -0.66332 -0.39492 -0.61267
v -0.64524 -0.46739 -0.58953
v -0.66195 -0.47562 -0.60352
v -0.62926 -0.38516 -0.57285
v -0.61106 -0.44193 -0.52902
v -0.62801 -0.45563 -0.5647
v -0.69219 -0.58958 -0.53699
v -0.68726 -0.54744 -0.5804
v -0.68191 -0.60606 -0.55188
v -0.70239 -0.54607 -0.48461
v -0.70475 -0.51714 -0.53689
v -0.69926 -0.56722 -0.51516
v -0.71097 -0.44048 -0.51348
v -0.70913 -0.38409 -0.56046
v -0.70125 -0.46656 -0.58082
v -0.70824 -0.45446 -0.55222
v -0.69204 -0.39453 -0.60821
v -0.69072 -0.47519 -0.59905
v -0.70069 -0.3116 -0.58971
v -0.68786 -0.22888 -0.59955
v -0.67838 -0.30989 -0.61607
v -0.69099 -0.31066 -0.60828
v -0.70861 -0.30711 -0.52229
v -0.70205 -0.24068 -0.5544
v -0.70679 -0.31099 -0.56087
v -0.69682 -0.18623 -0.51108
v -0.6886 -0.12891 -0.5215
v -0.69083 -0.16536 -0.56568
v -0.69571 -0.17872 -0.54199
v -0.67656 -0.09278 -0.55686
v -0.67246 -0.14974 -0.58977
v -0.68296 -0.15449 -0.58231
v -0.64736 -0.31225 -0.59797
v -0.63174 -0.2414 -0.56529
v -0.61423 -0.30818 -0.53693
v -0.63063 -0.31189 -0.57268
v -0.66243 -0.22915 -0.60349
v -0.66356 -0.311 -0.61253
v -0.65517 -0.09291 -0.56017
v -0.64588 -0.16573 -0.57262
v -0.65971 -0.15469 -0.58591
v -0.63026 -0.12926 -0.5305
v -0.61914 -0.18683 -0.52309
v -0.63216 -0.17925 -0.55182
v -0.387 0.26887 -0.10604
v -0.41659 0.22478 -0.0639
v -0.39591 0.27152 -0.02478
v -0.39213 0.27032 -0.06521
v -0.37302 0.26487 -0.18846
v -0.40341 0.22384 -0.14533
v -0.3806 0.26708 -0.14716
v -0.4136 0.17819 -0.18385
v -0.43941 0.12854 -0.13906
v -0.43104 0.17653 -0.10164
v -0.4229 0.17739 -0.14248
v -0.45655 0.12423 -0.05847
v -0.44331 0.17565 -0.02191
v -0.43788 0.17586 -0.06141
v -0.35469 0.25882 -0.27121
v -0.38549 0.22188 -0.22815
v -0.36436 0.26214 -0.22985
v -0.3633 0.21787 -0.31127
v -0.3441 0.25481 -0.31243
v -0.3925 0.13573 -0.30766
v -0.39187 0.17859 -0.26765
v -0.3794 0.17794 -0.30965
v -0.41782 0.13319 -0.22256
v -0.40326 0.17863 -0.22564
v -0.41642 0.08956 -0.26218
v -0.43778 0.03912 -0.21563
v -0.44154 0.08252 -0.17678
v -0.42932 0.08638 -0.21915
v -0.40994 0.04732 -0.30307
v -0.40265 0.09195 -0.30543
v -0.41624 -0.04169 -0.29843
v -0.42906 -0.00204 -0.25612
v -0.41445 0.00253 -0.3007
v -0.44561 -0.05302 -0.20919
v -0.45725 -0.01434 -0.16988
v -0.4432 -0.00765 -0.21223
v -0.46399 0.07386 -0.09527
v -0.48836 0.01569 -0.05528
v -0.48028 0.06915 -0.01687
v -0.47316 0.07062 -0.05577
v -0.46412 0.02741 -0.13236
v -0.45327 0.07809 -0.13555
v -0.47529 -0.06918 -0.12861
v -0.48661 -0.03075 -0.09278
v -0.47158 -0.02214 -0.1299
v -0.51143 -0.09121 -0.06722
v -0.51506 -0.04465 -0.02319
v -0.50278 -0.03987 -0.05897
v -0.39918 0.26662 0.21984
v -0.42518 0.21926 0.2603
v -0.39785 0.26188 0.26478
v -0.39991 0.27216 0.13542
v -0.42782 0.22498 0.17354
v -0.39976 0.27002 0.1769
v -0.45157 0.17863 0.13253
v -0.47053 0.13126 0.17327
v -0.45007 0.17761 0.21407
v -0.45126 0.17855 0.17248
v -0.46629 0.13147 0.25733
v -0.44788 0.17567 0.25794
v -0.39948 0.27317 0.0549
v -0.42762 0.22666 0.09318
v -0.39993 0.27312 0.09487
v -0.42447 0.22588 0.01519
v -0.39826 0.27255 0.01513
v -0.46709 0.12409 0.01918
v -0.44973 0.17709 0.05513
v -0.44719 0.17618 0.01679
v -0.47104 0.12787 0.0954
v -0.45113 0.17803 0.09356
v -0.48723 0.07307 0.05985
v -0.50226 0.02603 0.10152
v -0.48742 0.08061 0.13656
v -0.48795 0.0768 0.0981
v -0.50154 0.01528 0.02238
v -0.48482 0.07025 0.0216
v -0.53485 -0.09138 0.0187
v -0.51683 -0.03144 0.06462
v -0.51839 -0.04021 0.01986
v -0.52475 -0.06983 0.11007
v -0.5113 -0.01591 0.1443
v -0.51439 -0.02324 0.10555
v -0.48389 0.08587 0.21566
v -0.49158 0.04277 0.25985
v -0.48075 0.08705 0.25809
v -0.49837 0.03645 0.17864
v -0.48609 0.08368 0.17545
v -0.51479 -0.05431 0.18667
v -0.50377 -0.0048 0.22141
v -0.5078 -0.00977 0.18251
v -0.50374 -0.04384 0.2649
v -0.49914 -0.00098 0.26224
v -0.51282 -0.09043 0.22826
v -0.50505 -0.12559 0.26955
v -0.50574 -0.08543 0.26745
v -0.5267 -0.10383 0.15352
v -0.5227 -0.13631 0.19455
v -0.51976 -0.09651 0.19078
v -0.53504 -0.17987 0.16199
v -0.52228 -0.2084 0.19986
v -0.5124 -0.16853 0.23338
v -0.52355 -0.17363 0.19767
v -0.49535 -0.20101 0.27101
v -0.50161 -0.16417 0.27085
v -0.54145 -0.12246 0.07252
v -0.54118 -0.1517 0.11992
v -0.53374 -0.11254 0.11497
v -0.5644 -0.14184 -0.03384
v -0.56383 -0.17031 0.03093
v -0.55037 -0.13341 0.02357
v -0.59075 -0.21596 -0.01633
v -0.58143 -0.2405 0.04266
v -0.55969 -0.19653 0.08363
v -0.57411 -0.20611 0.03727
v -0.55063 -0.22069 0.12866
v -0.54688 -0.18764 0.12459
v -0.56891 -0.2606 0.09232
v -0.55188 -0.27856 0.13381
v -0.53567 -0.24461 0.1674
v -0.55224 -0.25118 0.13181
v -0.60397 -0.28931 -0.00536
v -0.58791 -0.30334 0.05065
v -0.58603 -0.2732 0.04717
v -0.60528 -0.35309 0.00118
v -0.56869 -0.31332 0.0968
v -0.58704 -0.33003 0.05293
v -0.52973 -0.2961 0.16745
v -0.54974 -0.30224 0.13444
v -0.50223 -0.23801 0.23421
v -0.47421 -0.26877 0.266
v -0.4862 -0.23597 0.26967
v -0.51394 -0.26939 0.20017
v -0.51886 -0.24056 0.20083
v -0.48482 -0.2955 0.22716
v -0.50817 -0.29417 0.19748
v -0.45943 -0.29914 0.25916
v -0.4912 -0.12241 -0.09949
v -0.50119 -0.17063 -0.09268
v -0.52674 -0.14199 -0.08616
v -0.50932 -0.13347 -0.08041
v -0.45972 -0.10351 -0.16562
v -0.4707 -0.15216 -0.12968
v -0.47489 -0.11236 -0.12888
v -0.44858 -0.18162 -0.16337
v -0.45225 -0.22357 -0.12862
v -0.4775 -0.19752 -0.10684
v -0.46305 -0.18907 -0.12995
v -0.48102 -0.2413 -0.09722
v -0.50567 -0.21624 -0.10807
v -0.49176 -0.20668 -0.09818
v -0.43037 -0.08982 -0.25078
v -0.44128 -0.13685 -0.20471
v -0.44502 -0.09605 -0.20673
v -0.41168 -0.12616 -0.29461
v -0.41539 -0.08464 -0.29638
v -0.39479 -0.20429 -0.29214
v -0.41981 -0.17042 -0.24691
v -0.40488 -0.1661 -0.29317
v -0.42385 -0.2121 -0.20147
v -0.43427 -0.1755 -0.203
v -0.39567 -0.24345 -0.24468
v -0.39193 -0.27944 -0.19888
v -0.42408 -0.25084 -0.15933
v -0.40987 -0.24674 -0.19997
v -0.36379 -0.27479 -0.2915
v -0.38116 -0.24057 -0.29156
v -0.35601 -0.30846 -0.24476
v -0.34244 -0.30679 -0.29203
v -0.38378 -0.31257 -0.15485
v -0.36963 -0.31022 -0.19859
v -0.45358 -0.26362 -0.10017
v -0.45433 -0.30473 -0.07676
v -0.48468 -0.28875 -0.09872
v -0.46892 -0.27417 -0.09011
v -0.4212 -0.28693 -0.11956
v -0.43864 -0.25616 -0.12465
v -0.41604 -0.32208 -0.08138
v -0.39892 -0.31599 -0.11488
v -0.45916 -0.35042 -0.05656
v -0.43612 -0.33242 -0.05706
v -0.57869 -0.11098 -0.12908
v -0.6136 -0.14375 -0.17376
v -0.5999 -0.1839 -0.08827
v -0.5874 -0.14424 -0.10168
v -0.63098 -0.09906 -0.26559
v -0.65745 -0.14625 -0.31056
v -0.64447 -0.19336 -0.229
v -0.63721 -0.14353 -0.24395
v -0.67042 -0.25851 -0.28968
v -0.65742 -0.30074 -0.21174
v -0.63102 -0.23567 -0.14759
v -0.6516 -0.24646 -0.21888
v -0.61806 -0.26796 -0.07243
v -0.61023 -0.22565 -0.07901
v -0.66694 -0.10358 -0.38507
v -0.68555 -0.16639 -0.42654
v -0.68019 -0.21163 -0.36312
v -0.67357 -0.15459 -0.37195
v -0.68676 -0.13208 -0.47637
v -0.70003 -0.23555 -0.47408
v -0.69337 -0.17953 -0.47275
v -0.70868 -0.36326 -0.47206
v -0.69777 -0.28607 -0.41888
v -0.70546 -0.29824 -0.4745
v -0.68996 -0.33403 -0.35125
v -0.68595 -0.27227 -0.35681
v -0.70197 -0.41111 -0.40796
v -0.69014 -0.45186 -0.33828
v -0.67745 -0.37567 -0.27667
v -0.69137 -0.39446 -0.34466
v -0.70594 -0.48397 -0.45467
v -0.70869 -0.42624 -0.46481
v -0.69531 -0.52169 -0.39287
v -0.70089 -0.53322 -0.44357
v -0.67398 -0.48103 -0.26743
v -0.68622 -0.5045 -0.33332
v -0.64231 -0.33142 -0.13484
v -0.62504 -0.34816 -0.0629
v -0.62305 -0.30927 -0.06704
v -0.66138 -0.40469 -0.20098
v -0.66077 -0.3541 -0.20572
v -0.64203 -0.4169 -0.12746
v -0.659 -0.45067 -0.1977
v -0.62387 -0.38321 -0.06006
v -0.51071 -0.41444 -0.15467
v -0.49256 -0.34598 -0.11569
v -0.48515 -0.37954 -0.09451
v -0.55132 -0.48159 -0.28829
v -0.53122 -0.4043 -0.2296
v -0.53245 -0.44978 -0.22081
v -0.54953 -0.37658 -0.30298
v -0.53854 -0.30122 -0.24545
v -0.5173 -0.33078 -0.17871
v -0.5336 -0.35422 -0.23827
v -0.50984 -0.26781 -0.13844
v -0.5009 -0.30829 -0.13023
v -0.58341 -0.52342 -0.41053
v -0.56503 -0.45329 -0.35948
v -0.56822 -0.50588 -0.35244
v -0.59532 -0.48569 -0.47192
v -0.59716 -0.53495 -0.45977
v -0.59645 -0.36466 -0.4895
v -0.57988 -0.41271 -0.42762
v -0.59515 -0.42784 -0.48248
v -0.56702 -0.33526 -0.37342
v -0.56481 -0.39585 -0.36694
v -0.5847 -0.28717 -0.43714
v -0.57712 -0.2123 -0.38135
v -0.55795 -0.25929 -0.31432
v -0.5711 -0.27324 -0.37751
v -0.60269 -0.23639 -0.48915
v -0.599 -0.29938 -0.49101
v -0.61427 -0.13242 -0.48756
v -0.5963 -0.16687 -0.4407
v -0.60741 -0.1801 -0.48604
v -0.59527 -0.10369 -0.39686
v -0.57421 -0.14651 -0.32712
v -0.58515 -0.15494 -0.38709
v -0.53212 -0.23601 -0.18988
v -0.52921 -0.18419 -0.13789
v -0.51906 -0.22588 -0.14064
v -0.55332 -0.19379 -0.25445
v -0.54502 -0.24702 -0.24977
v -0.57655 -0.09909 -0.27767
v -0.55291 -0.14395 -0.19649
v -0.56373 -0.14375 -0.26268
v -0.55687 -0.11102 -0.13923
v -0.54092 -0.14443 -0.13125
v -0.58573 -0.07319 -0.24251
v -0.60466 -0.07321 -0.23804
v -0.5797 -0.0884 -0.18034
v -0.59919 -0.05719 -0.35972
v -0.60864 -0.03459 -0.33376
v -0.59207 -0.06201 -0.30263
v -0.627 -0.01221 -0.40569
v -0.63892 -0.01225 -0.40386
v -0.62492 -0.03464 -0.33089
v -0.62461 -0.01894 -0.36729
v -0.64601 -0.05725 -0.35177
v -0.62696 -0.06206 -0.29578
v -0.63631 -0.06778 -0.51499
v -0.61625 -0.07372 -0.46003
v -0.62439 -0.09527 -0.49959
v -0.65991 -0.04196 -0.53074
v -0.6409 -0.02235 -0.48797
v -0.64859 -0.04911 -0.52664
v -0.64351 -0.00619 -0.4536
v -0.62062 -0.02955 -0.4308
v -0.63307 -0.0117 -0.44678
v -0.60755 -0.06106 -0.4128
v -0.67286 -0.07363 -0.45123
v -0.67606 -0.06766 -0.50886
v -0.68149 -0.09506 -0.49078
v -0.65584 -0.0296 -0.42531
v -0.66117 -0.06106 -0.40425
v -0.66026 -0.02235 -0.48499
v -0.65053 -0.01173 -0.4441
v -0.66897 -0.04905 -0.5235
v -0.0725 0.45564 -0.78073
v -0.06038 0.44704 -0.80941
v -0.06528 0.42151 -0.83089
v -0.07007 0.43683 -0.80707
v -0.05211 0.47368 -0.78696
v -0.04105 0.45941 -0.81195
v -0.048 0.4389 -0.8315
v -0.05077 0.45448 -0.81088
v -0.03686 0.43173 -0.84704
v -0.03842 0.41843 -0.86113
v -0.05097 0.4193 -0.85038
v -0.04404 0.42693 -0.8482
v -0.04935 0.40036 -0.86927
v -0.05831 0.40943 -0.85176
v -0.01022 0.44658 -0.83541
v -0.02082 0.46322 -0.8142
v -0.01059 0.48315 -0.79181
v -0.01045 0.46337 -0.815
v -0.01027 0.4199 -0.868
v -0.0198 0.4328 -0.85132
v -0.01009 0.43227 -0.85306
v -0.0286 0.42255 -0.86112
v -0.02997 0.44603 -0.83281
v -0.02876 0.43315 -0.8487
v -0.03161 0.48159 -0.79011
v -0.03105 0.46211 -0.81312
v -0.02648 0.39014 -0.89294
v -0.01205 0.39862 -0.89042
v -0.01346 0.38812 -0.89895
v -0.03428 0.40421 -0.87742
v -0.03859 0.39408 -0.88303
v -0.02137 0.41049 -0.8766
v -0.0307 0.4133 -0.8704
v -0.01095 0.40895 -0.88028
v -0.07028 0.50401 -0.72167
v -0.06205 0.48882 -0.75706
v -0.07239 0.47817 -0.75227
v -0.06231 0.56406 -0.65408
v -0.05728 0.54381 -0.69509
v -0.06673 0.53278 -0.68895
v -0.04488 0.58343 -0.66521
v -0.03836 0.55708 -0.70234
v -0.05027 0.52266 -0.73118
v -0.04784 0.55175 -0.69944
v -0.0416 0.50167 -0.76263
v -0.05182 0.49652 -0.76037
v -0.05304 0.63257 -0.57787
v -0.04977 0.60903 -0.62377
v -0.05756 0.59746 -0.61706
v -0.04692 0.70636 -0.493
v -0.04323 0.68151 -0.54336
v -0.04931 0.66901 -0.53653
v -0.03545 0.72901 -0.50469
v -0.02981 0.69652 -0.55148
v -0.03894 0.65316 -0.58955
v -0.0367 0.69049 -0.54823
v -0.03365 0.62294 -0.63175
v -0.0418 0.61735 -0.62856
v -0.02379 0.66244 -0.59472
v -0.01697 0.62805 -0.63465
v -0.02711 0.59216 -0.67018
v -0.02536 0.62633 -0.63367
v -0.02204 0.73922 -0.50988
v -0.0152 0.70205 -0.5544
v -0.02261 0.70018 -0.55343
v -0.00748 0.74188 -0.51117
v -0.008 0.66487 -0.59602
v -0.00764 0.70271 -0.55473
v -0.00906 0.59439 -0.67152
v -0.0085 0.62865 -0.63498
v -0.03028 0.531 -0.73554
v -0.02089 0.50607 -0.76524
v -0.03128 0.50466 -0.76422
v -0.01924 0.56187 -0.70515
v -0.02882 0.56028 -0.70417
v -0.01011 0.53297 -0.737
v -0.00963 0.56239 -0.70555
v -0.01046 0.50645 -0.76578
v -0.057 0.97137 -0.13229
v -0.05216 0.96774 -0.17902
v -0.05614 0.91948 -0.21354
v -0.05725 0.94735 -0.17125
v -0.04588 1.0077 -0.14662
v -0.03817 0.99209 -0.1884
v -0.04461 0.95282 -0.22631
v -0.04576 0.98232 -0.18469
v -0.03551 0.92874 -0.27406
v -0.04064 0.88432 -0.31691
v -0.04906 0.90676 -0.26551
v -0.0428 0.91992 -0.27065
v -0.05169 0.85469 -0.30494
v -0.05413 0.88839 -0.25837
v -0.0298 1.02408 -0.1524
v -0.02012 1.00115 -0.19088
v -0.02866 0.96782 -0.23174
v -0.02953 0.99806 -0.19028
v -0.01031 1.02854 -0.15251
v -0.00987 0.97178 -0.23255
v -0.01019 1.00227 -0.19078
v -0.00888 0.9011 -0.32332
v -0.01861 0.93684 -0.27682
v -0.00941 0.9378 -0.277
v -0.0259 0.89763 -0.32216
v -0.02738 0.9341 -0.27598
v -0.01656 0.86157 -0.37042
v -0.02315 0.81946 -0.41707
v -0.03179 0.85448 -0.36753
v -0.02442 0.85918 -0.36947
v -0.00791 0.82247 -0.41836
v -0.00836 0.8624 -0.37071
v -0.01506 0.78132 -0.46512
v -0.00759 0.78205 -0.46545
v -0.02916 0.77513 -0.4622
v -0.02229 0.77923 -0.46415
v -0.04438 0.83515 -0.35934
v -0.04738 0.78199 -0.40019
v -0.04928 0.81902 -0.35248
v -0.03668 0.80783 -0.41188
v -0.03849 0.84672 -0.36426
v -0.04135 0.75828 -0.4541
v -0.03555 0.76836 -0.45896
v -0.04643 0.74423 -0.44729
v -0.05109 1.00639 -0.06692
v -0.05045 1.01271 -0.1063
v -0.05491 0.99091 -0.09743
v -0.03865 1.02684 -0.01997
v -0.04257 1.03998 -0.05189
v -0.04563 1.01823 -0.04102
v -0.03362 1.06059 -0.04359
v -0.03342 1.06245 -0.06664
v -0.04219 1.04371 -0.08418
v -0.0386 1.05374 -0.06106
v -0.03757 1.03869 -0.11716
v -0.04465 1.02826 -0.11291
v -0.01013 1.05937 -0.00263
v -0.02076 1.03611 0.0071
v -0.01056 1.0378 0.01357
v -0.00953 1.07745 -0.03963
v -0.01892 1.07064 -0.02443
v -0.00974 1.07243 -0.02004
v -0.02599 1.07104 -0.04755
v -0.02871 1.05406 -0.01788
v -0.02697 1.06646 -0.03183
v -0.03024 1.03263 -0.00401
v -0.02002 1.04854 -0.11912
v -0.00989 1.06552 -0.0886
v -0.01016 1.04984 -0.11854
v -0.02815 1.0604 -0.09027
v -0.02926 1.04514 -0.11894
v -0.01872 1.07326 -0.06435
v -0.02672 1.06903 -0.06675
v -0.00963 1.07493 -0.06238
vt 0.58171 0.39845
vt 0.57358 0.4181
vt 0.55643 0.39028
vt 0.55047 0.41088
vt 0.52329 0.42587
vt 0.5196 0.44582
vt 0.5017 0.42253
vt 0.49988 0.44305
vt 0.67706 0.43795
vt 0.65843 0.45657
vt 0.65558 0.42572
vt 0.63943 0.4447
vt 0.60604 0.4527
vt 0.59434 0.46977
vt 0.58627 0.44438
vt 0.57664 0.46205
vt 0.61226 0.50272
vt 0.59929 0.51562
vt 0.59848 0.49368
vt 0.58698 0.50761
vt 0.56459 0.51399
vt 0.55651 0.52614
vt 0.5518 0.50852
vt 0.54499 0.52145
vt 0.551 0.4728
vt 0.54437 0.48898
vt 0.53377 0.46798
vt 0.5288 0.48475
vt 0.50974 0.4974
vt 0.50697 0.51178
vt 0.49497 0.49566
vt 0.49358 0.51031
vt 0.52795 0.52961
vt 0.52369 0.54035
vt 0.51643 0.52688
vt 0.51321 0.53817
vt 0.50048 0.54689
vt 0.49886 0.55598
vt 0.49031 0.54609
vt 0.48949 0.55545
vt 0.56773 0.54693
vt 0.55957 0.55487
vt 0.55897 0.54168
vt 0.55174 0.55047
vt 0.53761 0.55487
vt 0.53289 0.56201
vt 0.52909 0.55206
vt 0.52514 0.55978
vt 0.54075 0.57256
vt 0.53611 0.57657
vt 0.53521 0.57016
vt 0.53126 0.5748
vt 0.52285 0.57797
vt 0.52103 0.58182
vt 0.51677 0.57753
vt 0.51517 0.58186
vt 0.51409 0.56536
vt 0.51185 0.57176
vt 0.50596 0.56455
vt 0.50427 0.57132
vt 0.49542 0.57697
vt 0.49471 0.58203
vt 0.48773 0.57691
vt 0.48736 0.58214
vt 0.72206 0.49316
vt 0.73506 0.51318
vt 0.70178 0.50454
vt 0.71356 0.52249
vt 0.65678 0.48613
vt 0.67018 0.50032
vt 0.64014 0.50003
vt 0.65236 0.51259
vt 0.77001 0.57419
vt 0.77595 0.59518
vt 0.74169 0.57813
vt 0.74578 0.59737
vt 0.7022 0.54787
vt 0.71007 0.56466
vt 0.68088 0.55469
vt 0.68738 0.56977
vt 0.67245 0.60216
vt 0.65213 0.60332
vt 0.67034 0.58822
vt 0.65038 0.591
vt 0.62956 0.58278
vt 0.61381 0.58615
vt 0.62558 0.57236
vt 0.61037 0.57704
vt 0.64551 0.53571
vt 0.65392 0.54814
vt 0.629 0.54465
vt 0.6364 0.55559
vt 0.60624 0.54363
vt 0.59357 0.5519
vt 0.59746 0.53514
vt 0.5858 0.54455
vt 0.75012 0.68376
vt 0.72678 0.67714
vt 0.75902 0.6615
vt 0.73462 0.65712
vt 0.71601 0.63487
vt 0.69254 0.63266
vt 0.71884 0.61695
vt 0.69477 0.61667
vt 0.71914 0.7491
vt 0.70353 0.76803
vt 0.69558 0.73467
vt 0.68011 0.75136
vt 0.68618 0.70534
vt 0.66579 0.69505
vt 0.69605 0.6883
vt 0.6751 0.68002
vt 0.63679 0.69824
vt 0.62468 0.71023
vt 0.6205 0.68795
vt 0.60959 0.69862
vt 0.61402 0.66863
vt 0.59995 0.66128
vt 0.62082 0.65835
vt 0.60594 0.65225
vt 0.66226 0.65856
vt 0.6434 0.65298
vt 0.66739 0.64458
vt 0.6479 0.64069
vt 0.63267 0.62611
vt 0.61637 0.62406
vt 0.63388 0.61517
vt 0.61737 0.6145
vt 0.59687 0.63862
vt 0.58473 0.6347
vt 0.59987 0.6304
vt 0.58728 0.62751
vt 0.57757 0.61855
vt 0.56744 0.617
vt 0.57827 0.61218
vt 0.56801 0.6114
vt 0.57343 0.66938
vt 0.56414 0.66147
vt 0.58106 0.66214
vt 0.57089 0.65514
vt 0.56694 0.64324
vt 0.55852 0.63863
vt 0.57093 0.63732
vt 0.56193 0.63347
vt 0.54751 0.63893
vt 0.543 0.64287
vt 0.54164 0.63509
vt 0.5379 0.63843
vt 0.53331 0.62329
vt 0.5398 0.62501
vt 0.53249 0.62683
vt 0.53836 0.62871
vt 0.55595 0.6254
vt 0.54812 0.62306
vt 0.55737 0.62053
vt 0.54922 0.61871
vt 0.54219 0.6133
vt 0.53485 0.61247
vt 0.54244 0.60941
vt 0.53502 0.60893
vt 0.59299 0.5734
vt 0.58161 0.57778
vt 0.58813 0.5661
vt 0.57742 0.57146
vt 0.56364 0.57083
vt 0.55592 0.5753
vt 0.55846 0.56607
vt 0.55147 0.57124
vt 0.60268 0.60543
vt 0.58981 0.6057
vt 0.60168 0.59717
vt 0.58892 0.5985
vt 0.57625 0.59334
vt 0.56642 0.5949
vt 0.57426 0.58727
vt 0.5648 0.58958
vt 0.55876 0.60578
vt 0.5503 0.60568
vt 0.55834 0.60094
vt 0.54997 0.60141
vt 0.54175 0.59806
vt 0.53453 0.59875
vt 0.54103 0.59444
vt 0.53404 0.59549
vt 0.55445 0.58708
vt 0.54698 0.58922
vt 0.55208 0.58292
vt 0.54518 0.58553
vt 0.53711 0.58452
vt 0.53151 0.58632
vt 0.53512 0.58181
vt 0.53049 0.58371
vt 0.62552 0.80668
vt 0.59678 0.81772
vt 0.61264 0.78923
vt 0.58681 0.79944
vt 0.64204 0.74976
vt 0.62204 0.76165
vt 0.62558 0.73505
vt 0.60777 0.74604
vt 0.50935 0.8468
vt 0.48 0.8508
vt 0.507 0.82291
vt 0.48 0.82531
vt 0.55344 0.79001
vt 0.52924 0.79675
vt 0.54665 0.77192
vt 0.52475 0.77764
vt 0.50038 0.76323
vt 0.48003 0.76439
vt 0.4984 0.7464
vt 0.48005 0.74735
vt 0.51287 0.72818
vt 0.50954 0.71387
vt 0.52878 0.72409
vt 0.52383 0.71022
vt 0.57763 0.74044
vt 0.55935 0.7483
vt 0.56771 0.72591
vt 0.55138 0.73303
vt 0.58489 0.69682
vt 0.57237 0.70499
vt 0.57407 0.68604
vt 0.56289 0.69328
vt 0.54358 0.6882
vt 0.53184 0.69319
vt 0.53739 0.6777
vt 0.52682 0.68201
vt 0.54896 0.65942
vt 0.54091 0.66403
vt 0.54273 0.65242
vt 0.53548 0.65627
vt 0.49342 0.70268
vt 0.48007 0.70342
vt 0.49212 0.69007
vt 0.48005 0.69068
vt 0.51234 0.67482
vt 0.5018 0.67703
vt 0.50952 0.66503
vt 0.4999 0.66678
vt 0.48921 0.65838
vt 0.48 0.6587
vt 0.48853 0.64987
vt 0.47998 0.65017
vt 0.50358 0.64114
vt 0.4959 0.64183
vt 0.50235 0.63494
vt 0.49506 0.6354
vt 0.52355 0.65203
vt 0.5156 0.65432
vt 0.52036 0.6452
vt 0.51301 0.64686
vt 0.5295 0.63671
vt 0.5241 0.63801
vt 0.52722 0.63285
vt 0.52202 0.63335
vt 0.5148 0.62903
vt 0.50829 0.62923
vt 0.51413 0.62469
vt 0.50761 0.62466
vt 0.52044 0.61781
vt 0.52719 0.61854
vt 0.52035 0.62126
vt 0.52684 0.62205
vt 0.48724 0.62983
vt 0.47998 0.62992
vt 0.48701 0.62479
vt 0.47998 0.6249
vt 0.49352 0.61674
vt 0.50026 0.61688
vt 0.49369 0.62042
vt 0.50048 0.6205
vt 0.48 0.61062
vt 0.48668 0.61059
vt 0.48 0.61346
vt 0.4867 0.61344
vt 0.5001 0.60806
vt 0.49337 0.60806
vt 0.50011 0.60567
vt 0.49338 0.60574
vt 0.51369 0.61407
vt 0.5069 0.61383
vt 0.51371 0.61099
vt 0.50688 0.61082
vt 0.52778 0.60857
vt 0.5207 0.60832
vt 0.52778 0.60544
vt 0.5207 0.60547
vt 0.51362 0.60036
vt 0.5137 0.60293
vt 0.50682 0.60074
vt 0.50686 0.60318
vt 0.52672 0.59345
vt 0.52713 0.5964
vt 0.5201 0.59434
vt 0.52031 0.59715
vt 0.48668 0.60142
vt 0.48668 0.60361
vt 0.48 0.60145
vt 0.48001 0.60364
vt 0.50015 0.59602
vt 0.50008 0.59862
vt 0.49345 0.59637
vt 0.49338 0.59894
vt 0.4869 0.59046
vt 0.48679 0.59373
vt 0.47995 0.59044
vt 0.47997 0.59376
vt 0.49418 0.58651
vt 0.50111 0.5863
vt 0.50185 0.58199
vt 0.50696 0.59274
vt 0.50726 0.58959
vt 0.51348 0.59221
vt 0.51367 0.58917
vt 0.52013 0.58534
vt 0.52553 0.58477
vt 0.52609 0.58181
vt 0.5674 0.11626
vt 0.5483 0.11069
vt 0.57204 0.09688
vt 0.5528 0.09191
vt 0.5418 0.05021
vt 0.53786 0.06871
vt 0.52227 0.04644
vt 0.51877 0.06458
vt 0.54536 0.19183
vt 0.5257 0.183
vt 0.5523 0.17368
vt 0.53266 0.16567
vt 0.5198 0.14097
vt 0.50184 0.13467
vt 0.52492 0.12332
vt 0.50676 0.11768
vt 0.47952 0.14482
vt 0.47362 0.16022
vt 0.46369 0.13902
vt 0.45826 0.15379
vt 0.45696 0.10414
vt 0.45322 0.11931
vt 0.44236 0.10121
vt 0.43907 0.11572
vt 0.49681 0.07832
vt 0.49331 0.09564
vt 0.4792 0.07469
vt 0.47624 0.09162
vt 0.46526 0.03657
vt 0.46435 0.05471
vt 0.44851 0.03557
vt 0.44846 0.05358
vt 0.51282 0.24018
vt 0.50087 0.25555
vt 0.49671 0.23036
vt 0.48565 0.24506
vt 0.49058 0.20611
vt 0.47462 0.19743
vt 0.49941 0.19081
vt 0.4827 0.18268
vt 0.46367 0.2996
vt 0.4496 0.31158
vt 0.45 0.28544
vt 0.43659 0.29624
vt 0.46019 0.24829
vt 0.44898 0.26089
vt 0.44661 0.23766
vt 0.43612 0.24942
vt 0.41384 0.24876
vt 0.40321 0.25766
vt 0.40336 0.23813
vt 0.3937 0.24647
vt 0.40226 0.21934
vt 0.39291 0.2107
vt 0.41037 0.20946
vt 0.40021 0.20139
vt 0.45147 0.20281
vt 0.44286 0.21561
vt 0.43788 0.19463
vt 0.43 0.20682
vt 0.43825 0.16163
vt 0.43203 0.17467
vt 0.42546 0.15597
vt 0.41987 0.16839
vt 0.39735 0.18441
vt 0.38858 0.17831
vt 0.40321 0.17398
vt 0.39373 0.16848
vt 0.3934 0.14338
vt 0.38948 0.15376
vt 0.38471 0.14039
vt 0.38135 0.15008
vt 0.37048 0.21763
vt 0.36462 0.20941
vt 0.37763 0.21073
vt 0.37099 0.20303
vt 0.37064 0.1891
vt 0.36496 0.1831
vt 0.37588 0.18135
vt 0.36959 0.17588
vt 0.35103 0.18857
vt 0.34754 0.18273
vt 0.3556 0.18358
vt 0.35163 0.17819
vt 0.35145 0.16826
vt 0.34791 0.16414
vt 0.35448 0.16251
vt 0.35058 0.15886
vt 0.36765 0.16352
vt 0.36208 0.15961
vt 0.37098 0.15547
vt 0.36494 0.15213
vt 0.36184 0.14174
vt 0.35687 0.13969
vt 0.36383 0.13395
vt 0.35846 0.13252
vt 0.43329 0.07008
vt 0.43138 0.08498
vt 0.42068 0.07097
vt 0.41893 0.08485
vt 0.41189 0.04656
vt 0.41062 0.05975
vt 0.40107 0.05147
vt 0.39991 0.06336
vt 0.42238 0.12612
vt 0.41832 0.13882
vt 0.41072 0.12339
vt 0.40718 0.13538
vt 0.40541 0.09779
vt 0.40291 0.10972
vt 0.39519 0.098
vt 0.393 0.10903
vt 0.38185 0.11871
vt 0.37953 0.12842
vt 0.3741 0.11801
vt 0.37219 0.12698
vt 0.36985 0.10087
vt 0.36868 0.10931
vt 0.36324 0.10231
vt 0.36243 0.10997
vt 0.38864 0.07781
vt 0.38742 0.08831
vt 0.3794 0.08073
vt 0.3786 0.09022
vt 0.37042 0.06677
vt 0.37103 0.07527
vt 0.36171 0.07197
vt 0.36315 0.07939
vt 0.3975 0.33135
vt 0.37929 0.33633
vt 0.38981 0.3172
vt 0.37323 0.32205
vt 0.41117 0.29074
vt 0.39701 0.29765
vt 0.40128 0.27764
vt 0.38846 0.28432
vt 0.32436 0.34905
vt 0.306 0.35077
vt 0.32288 0.33261
vt 0.306 0.33364
vt 0.35218 0.31206
vt 0.33685 0.31517
vt 0.34801 0.29814
vt 0.33408 0.30086
vt 0.31881 0.28876
vt 0.30611 0.28925
vt 0.31764 0.27564
vt 0.30618 0.27604
vt 0.33698 0.26003
vt 0.32681 0.26203
vt 0.33399 0.24854
vt 0.32482 0.25035
vt 0.36858 0.27712
vt 0.35642 0.28144
vt 0.36241 0.26495
vt 0.35148 0.26899
vt 0.37587 0.24293
vt 0.36647 0.24867
vt 0.36903 0.23284
vt 0.36061 0.23813
vt 0.33954 0.23541
vt 0.33655 0.22557
vt 0.34756 0.23232
vt 0.34383 0.22283
vt 0.34712 0.21083
vt 0.34382 0.203
vt 0.35341 0.20681
vt 0.34953 0.19941
vt 0.30624 0.2405
vt 0.30618 0.22994
vt 0.31468 0.24022
vt 0.31388 0.2297
vt 0.3202 0.21922
vt 0.31906 0.21019
vt 0.32715 0.2181
vt 0.32549 0.20928
vt 0.31205 0.20217
vt 0.306 0.20226
vt 0.31162 0.19437
vt 0.30597 0.19446
vt 0.32163 0.1869
vt 0.31648 0.18723
vt 0.3206 0.18085
vt 0.3158 0.18111
vt 0.32986 0.19997
vt 0.32815 0.19276
vt 0.33548 0.19824
vt 0.33336 0.19131
vt 0.33609 0.1832
vt 0.33401 0.17771
vt 0.34042 0.18072
vt 0.338 0.17553
vt 0.82502 0.15337
vt 0.82075 0.16005
vt 0.80475 0.15055
vt 0.80283 0.15738
vt 0.82185 0.17339
vt 0.82982 0.1694
vt 0.83206 0.17842
vt 0.8424 0.17524
vt 0.85052 0.12621
vt 0.87268 0.12954
vt 0.85036 0.13764
vt 0.87301 0.14148
vt 0.80591 0.14194
vt 0.82728 0.14452
vt 0.95098 0.17803
vt 0.92583 0.17388
vt 0.9472 0.16523
vt 0.92249 0.16128
vt 0.89631 0.14512
vt 0.89513 0.13289
vt 0.91805 0.207
vt 0.89831 0.20374
vt 0.91284 0.19501
vt 0.89227 0.19231
vt 0.95524 0.19085
vt 0.93056 0.18646
vt 0.84045 0.18476
vt 0.85228 0.18265
vt 0.87477 0.19118
vt 0.88096 0.20169
vt 0.88835 0.22266
vt 0.90492 0.22589
vt 0.89007 0.23305
vt 0.906 0.23672
vt 0.86374 0.23736
vt 0.87662 0.24004
vt 0.86436 0.24692
vt 0.87685 0.24997
vt 0.96436 0.24003
vt 0.98646 0.24568
vt 0.96079 0.25103
vt 0.98042 0.25647
vt 0.92211 0.25185
vt 0.93907 0.25671
vt 0.92002 0.26249
vt 0.93574 0.26741
vt 0.94704 0.28332
vt 0.96232 0.28885
vt 0.94192 0.29383
vt 0.95629 0.29964
vt 0.9099 0.29247
vt 0.92309 0.29802
vt 0.90563 0.30158
vt 0.91814 0.30717
vt 0.8892 0.26364
vt 0.90291 0.26806
vt 0.88728 0.27337
vt 0.90025 0.27788
vt 0.86205 0.27521
vt 0.87306 0.27876
vt 0.86019 0.2843
vt 0.87069 0.28789
vt 0.90151 0.33011
vt 0.91237 0.33481
vt 0.89553 0.33718
vt 0.9059 0.34142
vt 0.8895 0.30511
vt 0.901 0.31
vt 0.88516 0.31327
vt 0.89607 0.31793
vt 0.88596 0.36155
vt 0.87917 0.36881
vt 0.87655 0.35893
vt 0.86994 0.36678
vt 0.87026 0.3368
vt 0.87965 0.34052
vt 0.86464 0.34471
vt 0.87365 0.34814
vt 0.85068 0.34945
vt 0.84497 0.35806
vt 0.84319 0.34589
vt 0.838 0.35442
vt 0.83767 0.32303
vt 0.8449 0.3261
vt 0.83407 0.33108
vt 0.84076 0.33419
vt 0.86104 0.31327
vt 0.87054 0.31709
vt 0.8571 0.32141
vt 0.86609 0.3251
vt 0.85521 0.30153
vt 0.8465 0.29848
vt 0.8579 0.29304
vt 0.84867 0.28996
vt 0.83254 0.37631
vt 0.83896 0.36705
vt 0.83943 0.37998
vt 0.84626 0.37045
vt 0.81031 0.38246
vt 0.81604 0.37551
vt 0.81391 0.38791
vt 0.82046 0.38045
vt 0.85884 0.39385
vt 0.8523 0.40256
vt 0.84954 0.3933
vt 0.84311 0.40277
vt 0.84747 0.38244
vt 0.85439 0.37312
vt 0.82412 0.42423
vt 0.8199 0.43472
vt 0.81619 0.42675
vt 0.81289 0.4378
vt 0.84602 0.41134
vt 0.83736 0.41242
vt 0.7933 0.41569
vt 0.80191 0.41303
vt 0.79314 0.42502
vt 0.80152 0.42258
vt 0.8059 0.4411
vt 0.80825 0.42997
vt 0.80428 0.38818
vt 0.8069 0.3939
vt 0.79301 0.40775
vt 0.80113 0.40504
vt 0.81597 0.1846
vt 0.80977 0.18789
vt 0.80904 0.18071
vt 0.80412 0.18441
vt 0.79016 0.1848
vt 0.79523 0.18604
vt 0.78902 0.18892
vt 0.793 0.19002
vt 0.83131 0.20192
vt 0.83486 0.20924
vt 0.82281 0.20325
vt 0.82607 0.21001
vt 0.80875 0.19501
vt 0.81237 0.19952
vt 0.80385 0.19796
vt 0.80689 0.20198
vt 0.80673 0.21407
vt 0.80233 0.2158
vt 0.80464 0.20886
vt 0.80056 0.21091
vt 0.79199 0.20799
vt 0.79401 0.20581
vt 0.79334 0.211
vt 0.79569 0.20901
vt 0.79422 0.19542
vt 0.79713 0.19779
vt 0.7921 0.19857
vt 0.79441 0.20064
vt 0.78687 0.19972
vt 0.78868 0.20034
vt 0.78644 0.20257
vt 0.78784 0.20309
vt 0.84267 0.24275
vt 0.83357 0.24161
vt 0.84162 0.23389
vt 0.83238 0.23306
vt 0.82275 0.225
vt 0.81591 0.22558
vt 0.82081 0.21774
vt 0.81413 0.21869
vt 0.8416 0.27871
vt 0.8336 0.27671
vt 0.84256 0.2698
vt 0.83416 0.26791
vt 0.82659 0.25786
vt 0.81972 0.25709
vt 0.82629 0.24938
vt 0.81933 0.2489
vt 0.80867 0.26425
vt 0.81393 0.26473
vt 0.80898 0.2723
vt 0.81407 0.27296
vt 0.79927 0.24886
vt 0.8031 0.24865
vt 0.79982 0.25621
vt 0.80366 0.2562
vt 0.81238 0.24088
vt 0.807 0.24108
vt 0.8113 0.23339
vt 0.80605 0.23393
vt 0.80082 0.22833
vt 0.7974 0.22931
vt 0.79982 0.22258
vt 0.79657 0.22379
vt 0.83391 0.31227
vt 0.82755 0.30996
vt 0.83637 0.30412
vt 0.82954 0.30184
vt 0.82468 0.29179
vt 0.81883 0.29031
vt 0.82567 0.28351
vt 0.81947 0.28215
vt 0.82461 0.33622
vt 0.82099 0.34421
vt 0.8197 0.3337
vt 0.81662 0.34158
vt 0.81778 0.32374
vt 0.81356 0.32196
vt 0.81998 0.31593
vt 0.81532 0.31422
vt 0.80532 0.32661
vt 0.80825 0.32801
vt 0.8039 0.33399
vt 0.80646 0.3355
vt 0.80113 0.3096
vt 0.80407 0.31046
vt 0.80082 0.31703
vt 0.8035 0.31799
vt 0.8122 0.30498
vt 0.80808 0.30379
vt 0.81298 0.29708
vt 0.80855 0.296
vt 0.80097 0.27915
vt 0.80469 0.27963
vt 0.80122 0.28684
vt 0.80475 0.28741
vt 0.80882 0.36727
vt 0.80438 0.37372
vt 0.80592 0.36394
vt 0.80201 0.37015
vt 0.80983 0.34689
vt 0.80672 0.35421
vt 0.8069 0.34474
vt 0.80421 0.35186
vt 0.79011 0.38585
vt 0.78518 0.38678
vt 0.78946 0.38202
vt 0.78514 0.38281
vt 0.79639 0.37211
vt 0.79268 0.37611
vt 0.79509 0.36917
vt 0.79179 0.37302
vt 0.78804 0.37265
vt 0.78502 0.3734
vt 0.78772 0.37001
vt 0.78502 0.37063
vt 0.78985 0.36527
vt 0.78936 0.36253
vt 0.79217 0.36197
vt 0.79143 0.35956
vt 0.7995 0.35618
vt 0.79681 0.36181
vt 0.79792 0.35427
vt 0.79553 0.3597
vt 0.79836 0.33831
vt 0.80019 0.3397
vt 0.79692 0.34468
vt 0.79848 0.34635
vt 0.33022 0.06643
vt 0.32813 0.07071
vt 0.32423 0.06571
vt 0.32273 0.06988
vt 0.31627 0.0733
vt 0.31535 0.07721
vt 0.31119 0.07291
vt 0.31074 0.0768
vt 0.35187 0.07229
vt 0.34658 0.07796
vt 0.34734 0.06963
vt 0.34287 0.07505
vt 0.32827 0.08024
vt 0.33077 0.07608
vt 0.33205 0.08199
vt 0.3351 0.07768
vt 0.32939 0.09195
vt 0.33226 0.08823
vt 0.33162 0.09465
vt 0.33478 0.09096
vt 0.32017 0.09401
vt 0.32195 0.09105
vt 0.32234 0.09594
vt 0.32449 0.09299
vt 0.32236 0.08272
vt 0.32068 0.08627
vt 0.3185 0.08165
vt 0.31725 0.08517
vt 0.31285 0.08771
vt 0.31213 0.09071
vt 0.30951 0.08729
vt 0.30916 0.0903
vt 0.35741 0.09009
vt 0.35768 0.09693
vt 0.35196 0.09316
vt 0.35244 0.09924
vt 0.34207 0.09458
vt 0.34043 0.09054
vt 0.34619 0.0911
vt 0.34449 0.0866
vt 0.35602 0.11769
vt 0.35497 0.12457
vt 0.35147 0.11799
vt 0.35068 0.12426
vt 0.34807 0.10709
vt 0.34791 0.11272
vt 0.34425 0.10877
vt 0.34426 0.11384
vt 0.34087 0.11963
vt 0.34054 0.12428
vt 0.33802 0.12035
vt 0.33778 0.12453
vt 0.33492 0.11379
vt 0.33527 0.11743
vt 0.33222 0.11549
vt 0.33263 0.11872
vt 0.33722 0.10816
vt 0.33636 0.10437
vt 0.34041 0.10601
vt 0.33961 0.10177
vt 0.32786 0.10413
vt 0.33056 0.10088
vt 0.32944 0.10665
vt 0.33217 0.10377
vt 0.3491 0.15014
vt 0.34566 0.14762
vt 0.35087 0.14424
vt 0.3472 0.14222
vt 0.3451 0.13522
vt 0.34205 0.13419
vt 0.34607 0.12975
vt 0.34289 0.12924
vt 0.33907 0.16815
vt 0.33664 0.16409
vt 0.34205 0.16467
vt 0.33937 0.16094
vt 0.33905 0.15402
vt 0.33655 0.15125
vt 0.34094 0.14993
vt 0.3383 0.14753
vt 0.33236 0.15174
vt 0.33023 0.15419
vt 0.33029 0.14929
vt 0.3283 0.15152
vt 0.33129 0.14191
vt 0.3299 0.14466
vt 0.32911 0.14048
vt 0.32782 0.14294
vt 0.33834 0.13762
vt 0.3372 0.14166
vt 0.33586 0.13654
vt 0.33478 0.14017
vt 0.33485 0.12857
vt 0.33427 0.13217
vt 0.33241 0.1286
vt 0.33187 0.1318
vt 0.32814 0.17417
vt 0.32398 0.17504
vt 0.32659 0.16959
vt 0.32272 0.17038
vt 0.33157 0.1627
vt 0.32847 0.16437
vt 0.32965 0.15923
vt 0.32678 0.16078
vt 0.31059 0.17564
vt 0.30598 0.1756
vt 0.31029 0.1709
vt 0.306 0.17093
vt 0.31779 0.16663
vt 0.31395 0.16677
vt 0.31692 0.163
vt 0.31337 0.16319
vt 0.30946 0.16009
vt 0.30606 0.16012
vt 0.30918 0.15729
vt 0.30607 0.15734
vt 0.31452 0.1543
vt 0.31175 0.15462
vt 0.31377 0.15192
vt 0.31125 0.15227
vt 0.32232 0.15864
vt 0.31927 0.15935
vt 0.32103 0.15571
vt 0.31822 0.15643
vt 0.32072 0.14974
vt 0.32278 0.14853
vt 0.32217 0.1521
vt 0.32441 0.1508
vt 0.31315 0.09654
vt 0.31402 0.09413
vt 0.31521 0.09751
vt 0.31639 0.09517
vt 0.30815 0.09978
vt 0.30836 0.09772
vt 0.30994 0.10012
vt 0.31041 0.09809
vt 0.31975 0.10228
vt 0.32185 0.10057
vt 0.32023 0.10451
vt 0.32249 0.10322
vt 0.31706 0.10217
vt 0.31566 0.10379
vt 0.31574 0.10077
vt 0.31455 0.10255
vt 0.31545 0.10812
vt 0.31427 0.10924
vt 0.31513 0.10661
vt 0.314 0.10788
vt 0.31252 0.108
vt 0.3117 0.10927
vt 0.31183 0.10708
vt 0.31111 0.10843
vt 0.31044 0.10417
vt 0.311 0.10251
vt 0.31161 0.10483
vt 0.31234 0.10325
vt 0.30746 0.10662
vt 0.30761 0.10507
vt 0.3085 0.10685
vt 0.30881 0.10531
vt 0.32809 0.11184
vt 0.32895 0.11443
vt 0.32565 0.1142
vt 0.32643 0.11644
vt 0.3215 0.11343
vt 0.32248 0.11477
vt 0.31958 0.11596
vt 0.3204 0.11714
vt 0.33022 0.12292
vt 0.33019 0.12585
vt 0.32765 0.12386
vt 0.32764 0.12643
vt 0.32253 0.12383
vt 0.32218 0.12197
vt 0.32494 0.12259
vt 0.32456 0.12043
vt 0.31836 0.12897
vt 0.31829 0.12754
vt 0.32048 0.12834
vt 0.32043 0.12667
vt 0.31448 0.12793
vt 0.3143 0.12689
vt 0.3162 0.1271
vt 0.31599 0.12589
vt 0.31754 0.12341
vt 0.3171 0.12221
vt 0.31953 0.12189
vt 0.31903 0.12049
vt 0.31341 0.12416
vt 0.313 0.12345
vt 0.3149 0.12278
vt 0.31443 0.12198
vt 0.32882 0.13429
vt 0.32797 0.13686
vt 0.3265 0.13384
vt 0.32574 0.13611
vt 0.32239 0.13148
vt 0.32265 0.12961
vt 0.3247 0.13143
vt 0.32501 0.12926
vt 0.32442 0.14341
vt 0.32288 0.14509
vt 0.32255 0.1419
vt 0.32116 0.1434
vt 0.32277 0.13736
vt 0.32184 0.13907
vt 0.32079 0.13665
vt 0.32 0.13815
vt 0.31754 0.13856
vt 0.31665 0.13956
vt 0.31615 0.13779
vt 0.31545 0.13864
vt 0.31529 0.13632
vt 0.31401 0.13601
vt 0.3156 0.13531
vt 0.31416 0.13509
vt 0.31988 0.13317
vt 0.31944 0.13467
vt 0.3179 0.13312
vt 0.31758 0.13441
vt 0.31625 0.13196
vt 0.31457 0.13213
vt 0.31636 0.13077
vt 0.31462 0.13111
vt 0.31433 0.14712
vt 0.31621 0.14649
vt 0.31524 0.14918
vt 0.31734 0.1485
vt 0.31819 0.14304
vt 0.31672 0.14395
vt 0.31684 0.14161
vt 0.31554 0.14239
vt 0.30847 0.15022
vt 0.30615 0.15027
vt 0.30828 0.14808
vt 0.30621 0.14814
vt 0.30956 0.14408
vt 0.31113 0.14384
vt 0.30993 0.14591
vt 0.31173 0.14564
vt 0.30646 0.14098
vt 0.3077 0.14094
vt 0.3064 0.14253
vt 0.30782 0.1425
vt 0.30973 0.13933
vt 0.30866 0.13945
vt 0.30941 0.13809
vt 0.30846 0.13819
vt 0.31325 0.14152
vt 0.31194 0.1419
vt 0.31246 0.14017
vt 0.31131 0.14046
vt 0.31372 0.13837
vt 0.31281 0.13869
vt 0.31314 0.13754
vt 0.31227 0.13769
vt 0.30871 0.10998
vt 0.30907 0.10863
vt 0.30935 0.1104
vt 0.30983 0.1091
vt 0.30706 0.11217
vt 0.30714 0.11088
vt 0.3076 0.1123
vt 0.30779 0.11103
vt 0.31151 0.11234
vt 0.31077 0.11328
vt 0.31134 0.11133
vt 0.31064 0.11237
vt 0.30977 0.11267
vt 0.30927 0.11369
vt 0.3094 0.1121
vt 0.30895 0.1132
vt 0.3091 0.1157
vt 0.3087 0.11635
vt 0.30902 0.11511
vt 0.30863 0.11588
vt 0.30816 0.11632
vt 0.3079 0.11709
vt 0.30795 0.11611
vt 0.30771 0.11697
vt 0.30823 0.11392
vt 0.30795 0.11496
vt 0.30785 0.11368
vt 0.30763 0.11478
vt 0.30715 0.11571
vt 0.30704 0.11671
vt 0.30685 0.11565
vt 0.30679 0.11667
vt 0.31049 0.11719
vt 0.30989 0.11764
vt 0.31093 0.11592
vt 0.31028 0.1165
vt 0.30955 0.11575
vt 0.31011 0.11504
vt 0.30941 0.11661
vt 0.30995 0.11602
vt 0.30887 0.12074
vt 0.30838 0.12168
vt 0.3085 0.12084
vt 0.3081 0.12168
vt 0.30899 0.11907
vt 0.30859 0.12004
vt 0.3086 0.11933
vt 0.30828 0.12018
vt 0.30775 0.12097
vt 0.30751 0.12155
vt 0.30758 0.12096
vt 0.3074 0.12144
vt 0.30743 0.12056
vt 0.30754 0.12008
vt 0.30759 0.12048
vt 0.30775 0.11993
vt 0.30839 0.11836
vt 0.30876 0.11796
vt 0.30819 0.11907
vt 0.30853 0.11877
vt 0.30807 0.11772
vt 0.30834 0.11741
vt 0.30794 0.11831
vt 0.30822 0.11803
vt 0.30739 0.12345
vt 0.30717 0.12376
vt 0.30724 0.12329
vt 0.30706 0.12356
vt 0.30755 0.12229
vt 0.30731 0.12276
vt 0.30741 0.12217
vt 0.30721 0.12259
vt 0.30657 0.12395
vt 0.30667 0.12394
vt 0.30657 0.1242
vt 0.30669 0.12418
vt 0.30685 0.12353
vt 0.30674 0.12365
vt 0.3068 0.12328
vt 0.30671 0.1234
vt 0.30657 0.12287
vt 0.30662 0.12287
vt 0.30657 0.12318
vt 0.30662 0.12317
vt 0.30672 0.12244
vt 0.30666 0.1225
vt 0.30672 0.12206
vt 0.30666 0.12211
vt 0.30682 0.12263
vt 0.30693 0.12245
vt 0.30686 0.12289
vt 0.30698 0.12269
vt 0.30705 0.12162
vt 0.30717 0.12142
vt 0.30704 0.12193
vt 0.30718 0.12167
vt 0.30733 0.11773
vt 0.30718 0.11852
vt 0.30714 0.11768
vt 0.30702 0.1185
vt 0.3068 0.11925
vt 0.30675 0.11995
vt 0.30668 0.11924
vt 0.30665 0.11995
vt 0.30787 0.11784
vt 0.30771 0.11847
vt 0.30712 0.11986
vt 0.30722 0.11923
vt 0.30727 0.11979
vt 0.30738 0.11919
vt 0.30735 0.12023
vt 0.30726 0.1207
vt 0.30694 0.12142
vt 0.30706 0.12126
vt 0.30692 0.12181
vt 0.30681 0.12056
vt 0.30691 0.12051
vt 0.30676 0.12113
vt 0.30686 0.12106
vt 0.30662 0.12169
vt 0.30667 0.12167
vt 0.30661 0.12213
vt 0.3072 0.12444
vt 0.30747 0.12416
vt 0.30732 0.12469
vt 0.30764 0.12439
vt 0.30714 0.12517
vt 0.30723 0.12548
vt 0.30684 0.12527
vt 0.30689 0.12559
vt 0.30859 0.12254
vt 0.30914 0.12163
vt 0.30896 0.1226
vt 0.30961 0.12158
vt 0.30854 0.12439
vt 0.30827 0.12416
vt 0.30911 0.12372
vt 0.30876 0.12354
vt 0.31062 0.1233
vt 0.31021 0.12302
vt 0.31162 0.12204
vt 0.31112 0.12181
vt 0.30956 0.12583
vt 0.30931 0.1254
vt 0.31042 0.12507
vt 0.3101 0.12465
vt 0.3079 0.12596
vt 0.30776 0.12558
vt 0.30844 0.12557
vt 0.30825 0.1252
vt 0.30751 0.12659
vt 0.3076 0.12701
vt 0.30703 0.12671
vt 0.30707 0.12714
vt 0.31124 0.11773
vt 0.31193 0.11621
vt 0.31199 0.11737
vt 0.31276 0.11572
vt 0.31257 0.11863
vt 0.31155 0.12025
vt 0.31185 0.11875
vt 0.31094 0.12028
vt 0.31425 0.11074
vt 0.31321 0.11169
vt 0.31324 0.11031
vt 0.31506 0.11157
vt 0.31628 0.11081
vt 0.31445 0.11341
vt 0.31556 0.11285
vt 0.31839 0.10574
vt 0.31825 0.10785
vt 0.31998 0.10695
vt 0.32215 0.10957
vt 0.32042 0.1125
vt 0.32068 0.10927
vt 0.31923 0.11209
vt 0.31668 0.11451
vt 0.31534 0.11674
vt 0.31565 0.1146
vt 0.31447 0.1167
vt 0.31472 0.11904
vt 0.3154 0.11952
vt 0.31334 0.12085
vt 0.3139 0.12133
vt 0.31099 0.13679
vt 0.31006 0.13688
vt 0.31079 0.13583
vt 0.30989 0.13589
vt 0.31287 0.13497
vt 0.31172 0.13493
vt 0.31294 0.13407
vt 0.31174 0.13408
vt 0.30658 0.13607
vt 0.30737 0.13605
vt 0.30657 0.13711
vt 0.30743 0.13709
vt 0.30893 0.13503
vt 0.30811 0.13507
vt 0.30889 0.13418
vt 0.30807 0.13422
vt 0.30663 0.13277
vt 0.30734 0.13276
vt 0.3066 0.13348
vt 0.30732 0.13347
vt 0.30886 0.13198
vt 0.30808 0.13205
vt 0.30886 0.13132
vt 0.30808 0.13141
vt 0.31068 0.1333
vt 0.30973 0.13336
vt 0.31068 0.13252
vt 0.30972 0.13261
vt 0.31183 0.13078
vt 0.31312 0.13047
vt 0.31182 0.1316
vt 0.31312 0.13139
vt 0.30842 0.12775
vt 0.3083 0.12724
vt 0.30916 0.12739
vt 0.309 0.12687
vt 0.30719 0.12859
vt 0.30783 0.12848
vt 0.30723 0.12912
vt 0.3079 0.12902
vt 0.31209 0.12531
vt 0.31176 0.12465
vt 0.31037 0.12813
vt 0.31019 0.12749
vt 0.31141 0.12757
vt 0.3112 0.12687
vt 0.31297 0.12862
vt 0.31283 0.12771
vt 0.31066 0.13028
vt 0.31177 0.12997
vt 0.3107 0.13102
vt 0.30872 0.12942
vt 0.30956 0.12917
vt 0.30878 0.13005
vt 0.30963 0.12984
vt 0.30734 0.13084
vt 0.30806 0.13079
vt 0.30736 0.13146
vt 0.1391 0.90395
vt 0.13935 0.90806
vt 0.1342 0.90124
vt 0.13458 0.9059
vt 0.13129 0.91039
vt 0.13442 0.91691
vt 0.12578 0.91019
vt 0.12938 0.91793
vt 0.14901 0.91732
vt 0.15407 0.91993
vt 0.14847 0.92154
vt 0.15363 0.92476
vt 0.14403 0.90664
vt 0.14413 0.91054
vt 0.13442 0.92566
vt 0.13902 0.92336
vt 0.15272 0.92977
vt 0.14715 0.9256
vt 0.11257 0.8513
vt 0.1012 0.85079
vt 0.11518 0.84385
vt 0.10373 0.84302
vt 0.09497 0.83424
vt 0.08319 0.83313
vt 0.09797 0.82631
vt 0.08598 0.82484
vt 0.10791 0.88332
vt 0.09679 0.88391
vt 0.10818 0.87474
vt 0.09679 0.87513
vt 0.08629 0.86694
vt 0.07491 0.86716
vt 0.08777 0.85855
vt 0.07636 0.85846
vt 0.06234 0.88601
vt 0.0501 0.88667
vt 0.06242 0.87656
vt 0.05038 0.877
vt 0.03954 0.86778
vt 0.02756 0.86799
vt 0.04136 0.85824
vt 0.02964 0.85821
vt 0.06674 0.84953
vt 0.05506 0.84913
vt 0.06895 0.84075
vt 0.05722 0.84002
vt 0.04772 0.82991
vt 0.0359 0.82886
vt 0.04999 0.82051
vt 0.03799 0.81907
vt 0.10449 0.92162
vt 0.10092 0.91189
vt 0.11439 0.9203
vt 0.1106 0.91097
vt 0.07489 0.89475
vt 0.08621 0.89378
vt 0.07646 0.90448
vt 0.08778 0.90331
vt 0.1343 0.94933
vt 0.14337 0.95954
vt 0.12143 0.95145
vt 0.12835 0.96161
vt 0.08547 0.93476
vt 0.09778 0.9331
vt 0.08945 0.94502
vt 0.10257 0.94323
vt 0.06527 0.95927
vt 0.0796 0.95731
vt 0.06828 0.96989
vt 0.0833 0.96782
vt 0.03268 0.94161
vt 0.04613 0.93985
vt 0.03453 0.95242
vt 0.04846 0.95054
vt 0.05439 0.91715
vt 0.06682 0.91578
vt 0.05682 0.92761
vt 0.06957 0.92607
vt 0.03979 0.90799
vt 0.0271 0.90918
vt 0.03813 0.8975
vt 0.02524 0.89837
vt 0.14046 0.89769
vt 0.14215 0.8958
vt 0.14494 0.90036
vt 0.14611 0.8982
vt 0.15308 0.89686
vt 0.15683 0.89802
vt 0.15163 0.89835
vt 0.15587 0.89971
vt 0.12973 0.88398
vt 0.13555 0.8849
vt 0.12955 0.88758
vt 0.13437 0.88735
vt 0.13923 0.88973
vt 0.14287 0.88969
vt 0.14129 0.8921
vt 0.14436 0.89162
vt 0.1473 0.88712
vt 0.15026 0.88771
vt 0.14607 0.88829
vt 0.14919 0.88864
vt 0.15593 0.89083
vt 0.15303 0.89096
vt 0.15512 0.88993
vt 0.15221 0.8899
vt 0.15173 0.89441
vt 0.14926 0.89291
vt 0.15389 0.8937
vt 0.15179 0.89242
vt 0.16055 0.89362
vt 0.16225 0.89435
vt 0.1584 0.89416
vt 0.16066 0.89494
vt 0.16355 0.88942
vt 0.16265 0.88869
vt 0.16653 0.88922
vt 0.16574 0.88853
vt 0.16161 0.8904
vt 0.16269 0.89118
vt 0.15878 0.89064
vt 0.15989 0.89149
vt 0.17505 0.88838
vt 0.1776 0.88828
vt 0.17555 0.8888
vt 0.17829 0.88862
vt 0.17028 0.88965
vt 0.1732 0.88944
vt 0.17109 0.89024
vt 0.1739 0.88994
vt 0.17806 0.89051
vt 0.17732 0.89009
vt 0.18053 0.89014
vt 0.17996 0.88975
vt 0.17404 0.89197
vt 0.17651 0.89143
vt 0.17522 0.89251
vt 0.17764 0.89186
vt 0.17037 0.89188
vt 0.16779 0.89232
vt 0.16928 0.89122
vt 0.16659 0.89159
vt 0.16427 0.89391
vt 0.16656 0.89351
vt 0.1653 0.89463
vt 0.16763 0.89427
vt 0.25115 0.88932
vt 0.25162 0.8814
vt 0.26179 0.8912
vt 0.26217 0.88317
vt 0.27267 0.87687
vt 0.27247 0.86882
vt 0.28303 0.87851
vt 0.28269 0.87028
vt 0.2072 0.88118
vt 0.20856 0.87402
vt 0.21848 0.88355
vt 0.21955 0.87597
vt 0.2309 0.87035
vt 0.23126 0.86305
vt 0.2414 0.87199
vt 0.24161 0.8645
vt 0.21087 0.85334
vt 0.21138 0.84652
vt 0.22121 0.85459
vt 0.22151 0.84761
vt 0.23167 0.84154
vt 0.23165 0.83445
vt 0.24166 0.84237
vt 0.24154 0.83507
vt 0.25189 0.85831
vt 0.25181 0.85073
vt 0.26207 0.85956
vt 0.26187 0.85177
vt 0.27156 0.84485
vt 0.2712 0.8369
vt 0.28151 0.84569
vt 0.28108 0.83751
vt 0.24183 0.9484
vt 0.25145 0.94977
vt 0.23976 0.957
vt 0.24936 0.9583
vt 0.27316 0.94444
vt 0.26328 0.94282
vt 0.27537 0.93617
vt 0.26535 0.93444
vt 0.21166 0.95349
vt 0.20337 0.95265
vt 0.21422 0.94501
vt 0.20605 0.94435
vt 0.22661 0.92859
vt 0.23592 0.92978
vt 0.22502 0.9373
vt 0.23425 0.93846
vt 0.21857 0.91892
vt 0.21 0.9187
vt 0.21884 0.90991
vt 0.20983 0.90985
vt 0.22904 0.89363
vt 0.23991 0.8955
vt 0.22882 0.90212
vt 0.23923 0.90382
vt 0.2588 0.91589
vt 0.25718 0.92432
vt 0.24853 0.9141
vt 0.24715 0.92263
vt 0.28294 0.90329
vt 0.28155 0.9115
vt 0.27191 0.90129
vt 0.27074 0.90951
vt 0.18513 0.95166
vt 0.17968 0.95144
vt 0.18628 0.94389
vt 0.18052 0.94388
vt 0.2005 0.9358
vt 0.19365 0.93595
vt 0.20161 0.92754
vt 0.19459 0.92809
vt 0.1573 0.94701
vt 0.15786 0.93951
vt 0.16361 0.94976
vt 0.16382 0.94205
vt 0.17542 0.9366
vt 0.1698 0.93624
vt 0.17583 0.92976
vt 0.17013 0.92964
vt 0.15949 0.91705
vt 0.16491 0.91796
vt 0.15939 0.922
vt 0.16481 0.92318
vt 0.17035 0.90895
vt 0.17584 0.90793
vt 0.17046 0.91318
vt 0.17612 0.91235
vt 0.18839 0.92148
vt 0.18209 0.92262
vt 0.18843 0.91473
vt 0.1822 0.9164
vt 0.20093 0.90284
vt 0.19437 0.90608
vt 0.19882 0.89654
vt 0.19301 0.90076
vt 0.16384 0.8717
vt 0.16487 0.86654
vt 0.17469 0.87295
vt 0.17591 0.86782
vt 0.18805 0.86358
vt 0.18912 0.85722
vt 0.19885 0.86528
vt 0.19971 0.85869
vt 0.11955 0.87405
vt 0.12027 0.86643
vt 0.13079 0.87267
vt 0.13139 0.86597
vt 0.14398 0.8595
vt 0.1459 0.85299
vt 0.1551 0.86003
vt 0.15682 0.85379
vt 0.13738 0.84552
vt 0.12643 0.8447
vt 0.14022 0.83866
vt 0.12948 0.83761
vt 0.16318 0.8341
vt 0.1534 0.83297
vt 0.16554 0.8274
vt 0.15627 0.82624
vt 0.16932 0.8484
vt 0.17106 0.84185
vt 0.17979 0.84953
vt 0.18118 0.843
vt 0.1923 0.83755
vt 0.19334 0.8309
vt 0.20199 0.83871
vt 0.20261 0.83207
vt 0.17969 0.9
vt 0.18456 0.89787
vt 0.18069 0.90266
vt 0.18606 0.90033
vt 0.18668 0.8943
vt 0.18445 0.89361
vt 0.18967 0.89244
vt 0.18713 0.89213
vt 0.16 0.90276
vt 0.16489 0.90301
vt 0.15971 0.9055
vt 0.16489 0.90584
vt 0.17405 0.89938
vt 0.16952 0.9003
vt 0.17329 0.89769
vt 0.16923 0.89848
vt 0.16529 0.89742
vt 0.16161 0.89732
vt 0.16552 0.8963
vt 0.16239 0.89623
vt 0.17104 0.89452
vt 0.1683 0.89507
vt 0.17008 0.89378
vt 0.17948 0.89426
vt 0.1761 0.89541
vt 0.17798 0.89358
vt 0.17498 0.89453
vt 0.18113 0.89149
vt 0.17906 0.89223
vt 0.1797 0.89128
vt 0.16263 0.87916
vt 0.16247 0.88147
vt 0.15312 0.87885
vt 0.15407 0.88127
vt 0.14885 0.88342
vt 0.15144 0.88471
vt 0.14358 0.88429
vt 0.14696 0.88537
vt 0.18995 0.88478
vt 0.19569 0.88736
vt 0.18577 0.88528
vt 0.19058 0.88686
vt 0.16898 0.88494
vt 0.16981 0.88383
vt 0.17474 0.88549
vt 0.1766 0.88471
vt 0.17792 0.88666
vt 0.18152 0.88716
vt 0.1765 0.88711
vt 0.17963 0.88745
vt 0.17209 0.88736
vt 0.17195 0.8879
vt 0.16828 0.88722
vt 0.16855 0.88784
vt 0.16326 0.8856
vt 0.16377 0.88642
vt 0.15818 0.88555
vt 0.15944 0.88643
vt 0.15729 0.8874
vt 0.15874 0.88814
vt 0.15453 0.8877
vt 0.15615 0.88834
vt 0.18948 0.8892
vt 0.19132 0.88889
vt 0.18967 0.88987
vt 0.19199 0.88966
vt 0.18768 0.88791
vt 0.18643 0.88746
vt 0.1902 0.88803
vt 0.18932 0.88748
vt 0.18203 0.88909
vt 0.18442 0.88885
vt 0.18258 0.88945
vt 0.18497 0.88921
vt 0.1875 0.88942
vt 0.18742 0.89002
vt 0.18399 0.88759
vt 0.18541 0.88797
vt 0.18151 0.88873
vt 0.18392 0.8885
vt 0.79247 0.35335
vt 0.7916 0.35114
vt 0.79405 0.34865
vt 0.79288 0.34684
vt 0.79147 0.33391
vt 0.79314 0.33466
vt 0.79108 0.33946
vt 0.79253 0.34032
vt 0.78663 0.35456
vt 0.78654 0.35022
vt 0.78818 0.35346
vt 0.788 0.34941
vt 0.79074 0.35714
vt 0.79012 0.35452
vt 0.78984 0.33357
vt 0.7896 0.33925
vt 0.78652 0.34522
vt 0.78799 0.34476
vt 0.79192 0.3144
vt 0.7939 0.31486
vt 0.79189 0.32116
vt 0.79382 0.32173
vt 0.79845 0.30886
vt 0.79603 0.30825
vt 0.79842 0.30142
vt 0.79591 0.3009
vt 0.785 0.32056
vt 0.78501 0.31378
vt 0.78666 0.32057
vt 0.78665 0.31382
vt 0.79 0.30713
vt 0.78826 0.30698
vt 0.78986 0.29998
vt 0.78817 0.29986
vt 0.78656 0.29255
vt 0.78512 0.29255
vt 0.78654 0.28519
vt 0.7852 0.28518
vt 0.7892 0.27789
vt 0.78778 0.27782
vt 0.78896 0.2705
vt 0.78761 0.27045
vt 0.79342 0.2931
vt 0.79143 0.29285
vt 0.7931 0.28565
vt 0.79115 0.28544
vt 0.79472 0.27093
vt 0.79741 0.27117
vt 0.79506 0.27843
vt 0.79778 0.27876
vt 0.79248 0.23617
vt 0.795 0.23581
vt 0.79296 0.24244
vt 0.79552 0.24218
vt 0.78834 0.22602
vt 0.78975 0.22573
vt 0.78865 0.23104
vt 0.79012 0.23078
vt 0.79425 0.26345
vt 0.79698 0.2636
vt 0.78957 0.24933
vt 0.79126 0.24923
vt 0.78985 0.25614
vt 0.7916 0.25613
vt 0.7874 0.26317
vt 0.78866 0.2632
vt 0.78603 0.24931
vt 0.78616 0.25609
vt 0.78515 0.24933
vt 0.78521 0.25612
vt 0.78671 0.23679
vt 0.78772 0.23676
vt 0.78685 0.24286
vt 0.78796 0.24287
vt 0.78533 0.22637
vt 0.7859 0.22635
vt 0.78526 0.23137
vt 0.7859 0.2313
vt 0.78888 0.21755
vt 0.78773 0.21801
vt 0.78841 0.21451
vt 0.78745 0.21508
vt 0.78896 0.21112
vt 0.78822 0.20924
vt 0.79029 0.20973
vt 0.78924 0.20763
vt 0.78605 0.21292
vt 0.78559 0.21285
vt 0.78609 0.21087
vt 0.78557 0.21068
vt 0.78688 0.21825
vt 0.78669 0.21531
vt 0.78819 0.2062
vt 0.78741 0.20799
vt 0.78627 0.20902
vt 0.78565 0.20875
vt 0.43672 0.42587
vt 0.45831 0.42253
vt 0.44042 0.44582
vt 0.46015 0.44305
vt 0.40953 0.41088
vt 0.38642 0.4181
vt 0.40357 0.39028
vt 0.37829 0.39845
vt 0.45033 0.49739
vt 0.46512 0.49566
vt 0.4531 0.51177
vt 0.46652 0.51031
vt 0.40901 0.47275
vt 0.42626 0.46797
vt 0.41564 0.48891
vt 0.43123 0.48472
vt 0.41502 0.52126
vt 0.4035 0.52585
vt 0.40821 0.50834
vt 0.39541 0.51372
vt 0.34774 0.50253
vt 0.36152 0.49351
vt 0.3607 0.51533
vt 0.37302 0.50733
vt 0.38336 0.462
vt 0.36566 0.46969
vt 0.37373 0.44437
vt 0.35396 0.45268
vt 0.32057 0.44469
vt 0.30157 0.45656
vt 0.30441 0.42572
vt 0.28294 0.43795
vt 0.47051 0.55545
vt 0.46113 0.55596
vt 0.46973 0.54609
vt 0.45955 0.54688
vt 0.44683 0.53814
vt 0.43632 0.54026
vt 0.44362 0.52685
vt 0.43207 0.52952
vt 0.47249 0.58214
vt 0.46518 0.582
vt 0.47214 0.57691
vt 0.46447 0.57696
vt 0.45568 0.57127
vt 0.44812 0.57163
vt 0.45401 0.56451
vt 0.44589 0.56527
vt 0.44482 0.58152
vt 0.43896 0.58127
vt 0.44322 0.57721
vt 0.43714 0.57747
vt 0.42873 0.57429
vt 0.42389 0.57603
vt 0.42478 0.56981
vt 0.41925 0.57219
vt 0.43486 0.55965
vt 0.42712 0.56181
vt 0.43091 0.55193
vt 0.42239 0.55469
vt 0.40827 0.55019
vt 0.40043 0.55456
vt 0.40103 0.54132
vt 0.39227 0.54654
vt 0.30322 0.4861
vt 0.31986 0.49995
vt 0.28982 0.50029
vt 0.30764 0.51252
vt 0.23794 0.49316
vt 0.25822 0.50454
vt 0.22494 0.51318
vt 0.24645 0.52248
vt 0.35376 0.54336
vt 0.36255 0.53479
vt 0.36643 0.55161
vt 0.3742 0.54417
vt 0.31449 0.53562
vt 0.331 0.54452
vt 0.30608 0.54809
vt 0.3236 0.55552
vt 0.33044 0.58275
vt 0.33442 0.57232
vt 0.34619 0.58612
vt 0.34963 0.577
vt 0.28755 0.60214
vt 0.28966 0.5882
vt 0.30786 0.60329
vt 0.30962 0.59098
vt 0.2578 0.54787
vt 0.27911 0.55468
vt 0.24993 0.56466
vt 0.2726 0.56975
vt 0.18999 0.57419
vt 0.21831 0.57813
vt 0.18405 0.59518
vt 0.21422 0.59737
vt 0.24398 0.63487
vt 0.24116 0.61694
vt 0.26746 0.63265
vt 0.26522 0.61665
vt 0.20988 0.68376
vt 0.20098 0.6615
vt 0.23322 0.67714
vt 0.22538 0.65712
vt 0.32733 0.62609
vt 0.32612 0.61514
vt 0.34363 0.62403
vt 0.34263 0.61447
vt 0.29774 0.65855
vt 0.29261 0.64458
vt 0.31659 0.65297
vt 0.3121 0.64067
vt 0.34598 0.66862
vt 0.33918 0.65835
vt 0.36005 0.66127
vt 0.35406 0.65224
vt 0.32321 0.69824
vt 0.33951 0.68795
vt 0.33531 0.71024
vt 0.35041 0.69862
vt 0.27382 0.70534
vt 0.26395 0.6883
vt 0.2942 0.69505
vt 0.2849 0.68002
vt 0.24086 0.7491
vt 0.26442 0.73467
vt 0.25647 0.76803
vt 0.27989 0.75136
vt 0.38243 0.61855
vt 0.38173 0.61217
vt 0.39256 0.61701
vt 0.39199 0.6114
vt 0.36312 0.63861
vt 0.36013 0.63039
vt 0.37526 0.6347
vt 0.37272 0.6275
vt 0.4178 0.61337
vt 0.41756 0.60948
vt 0.42515 0.61254
vt 0.42498 0.60901
vt 0.40405 0.62547
vt 0.40263 0.62057
vt 0.41188 0.62317
vt 0.41078 0.61877
vt 0.42668 0.62356
vt 0.4275 0.62727
vt 0.4202 0.62527
vt 0.42164 0.62912
vt 0.41249 0.63919
vt 0.41836 0.6355
vt 0.41701 0.64315
vt 0.42211 0.63888
vt 0.39306 0.64327
vt 0.38906 0.63735
vt 0.40148 0.63874
vt 0.39807 0.63354
vt 0.38657 0.66938
vt 0.37894 0.66213
vt 0.39587 0.66149
vt 0.38911 0.65515
vt 0.40853 0.57102
vt 0.40408 0.57511
vt 0.40154 0.56585
vt 0.39636 0.57065
vt 0.36701 0.57332
vt 0.37187 0.56593
vt 0.37839 0.5777
vt 0.38258 0.57132
vt 0.42288 0.58403
vt 0.42487 0.5812
vt 0.42849 0.58579
vt 0.4295 0.58307
vt 0.40555 0.587
vt 0.40792 0.58274
vt 0.41302 0.58911
vt 0.41482 0.58528
vt 0.41824 0.5981
vt 0.41897 0.59443
vt 0.42546 0.5988
vt 0.42596 0.59549
vt 0.40124 0.60581
vt 0.40166 0.60097
vt 0.4097 0.60574
vt 0.41003 0.60146
vt 0.38375 0.59332
vt 0.38574 0.58724
vt 0.39358 0.59489
vt 0.3952 0.58956
vt 0.35732 0.6054
vt 0.35832 0.59714
vt 0.3702 0.60567
vt 0.37108 0.59848
vt 0.31795 0.74976
vt 0.33442 0.73505
vt 0.33796 0.76165
vt 0.35223 0.74604
vt 0.33449 0.80668
vt 0.34736 0.78923
vt 0.36322 0.81772
vt 0.3732 0.79944
vt 0.37512 0.69681
vt 0.38594 0.68603
vt 0.38764 0.70499
vt 0.39712 0.69328
vt 0.38237 0.74044
vt 0.3923 0.72591
vt 0.40067 0.7483
vt 0.40864 0.73304
vt 0.44723 0.72818
vt 0.43128 0.72409
vt 0.45057 0.71386
vt 0.43624 0.71023
vt 0.45968 0.76323
vt 0.4617 0.7464
vt 0.40656 0.79001
vt 0.41337 0.77192
vt 0.43077 0.79675
vt 0.43527 0.77763
vt 0.45065 0.8468
vt 0.453 0.82291
vt 0.41104 0.65945
vt 0.41728 0.65254
vt 0.41909 0.66407
vt 0.42452 0.65637
vt 0.41643 0.6882
vt 0.42262 0.67771
vt 0.42819 0.69319
vt 0.43321 0.68202
vt 0.4305 0.63721
vt 0.43277 0.63338
vt 0.4359 0.63843
vt 0.43798 0.63378
vt 0.43644 0.65217
vt 0.43964 0.64541
vt 0.4444 0.65439
vt 0.44699 0.64697
vt 0.45641 0.64118
vt 0.45763 0.63498
vt 0.46407 0.64184
vt 0.4649 0.63542
vt 0.47079 0.65838
vt 0.47144 0.64987
vt 0.44769 0.67483
vt 0.4505 0.66505
vt 0.45825 0.67703
vt 0.46012 0.66679
vt 0.46671 0.70268
vt 0.46798 0.69007
vt 0.43956 0.61792
vt 0.43965 0.62147
vt 0.4328 0.61865
vt 0.43316 0.62231
vt 0.44519 0.62929
vt 0.44587 0.6249
vt 0.4517 0.62935
vt 0.45238 0.62477
vt 0.43222 0.60864
vt 0.43222 0.60552
vt 0.4393 0.60838
vt 0.43929 0.60552
vt 0.44631 0.61411
vt 0.44629 0.61103
vt 0.4531 0.61385
vt 0.45312 0.61083
vt 0.4599 0.60806
vt 0.45989 0.60567
vt 0.46663 0.60806
vt 0.46663 0.60574
vt 0.47332 0.61059
vt 0.4733 0.61344
vt 0.46647 0.61676
vt 0.46629 0.62042
vt 0.45974 0.6169
vt 0.4595 0.62053
vt 0.47271 0.62983
vt 0.47296 0.62479
vt 0.43328 0.59334
vt 0.4399 0.59423
vt 0.43286 0.59639
vt 0.43969 0.59713
vt 0.44638 0.60038
vt 0.45318 0.60074
vt 0.4463 0.60296
vt 0.45314 0.60318
vt 0.4339 0.58117
vt 0.43446 0.58417
vt 0.43986 0.58484
vt 0.45303 0.59266
vt 0.44651 0.59205
vt 0.45271 0.58947
vt 0.44632 0.58891
vt 0.45808 0.58194
vt 0.45882 0.58625
vt 0.46572 0.5865
vt 0.47299 0.59046
vt 0.47315 0.59373
vt 0.45983 0.59601
vt 0.46652 0.59635
vt 0.45992 0.59861
vt 0.46661 0.59894
vt 0.47333 0.60142
vt 0.47333 0.60361
vt 0.0702 0.05021
vt 0.08973 0.04645
vt 0.07414 0.06871
vt 0.09323 0.06458
vt 0.0592 0.09191
vt 0.0637 0.11069
vt 0.03996 0.09688
vt 0.0446 0.11626
vt 0.14674 0.03658
vt 0.16348 0.03557
vt 0.14764 0.05472
vt 0.16354 0.05358
vt 0.11518 0.07833
vt 0.13279 0.07469
vt 0.11869 0.09565
vt 0.13576 0.09163
vt 0.15504 0.10415
vt 0.16964 0.10122
vt 0.15878 0.11933
vt 0.17293 0.11573
vt 0.13248 0.14483
vt 0.14831 0.13903
vt 0.13837 0.16023
vt 0.15373 0.1538
vt 0.10524 0.11768
vt 0.11015 0.13468
vt 0.08708 0.12332
vt 0.09219 0.14097
vt 0.07934 0.16567
vt 0.0863 0.183
vt 0.0597 0.17368
vt 0.06664 0.19183
vt 0.12929 0.18268
vt 0.13738 0.19744
vt 0.11258 0.19081
vt 0.12142 0.20611
vt 0.09918 0.24018
vt 0.11529 0.23036
vt 0.11113 0.25555
vt 0.12635 0.24506
vt 0.17375 0.16165
vt 0.18654 0.15599
vt 0.17997 0.17469
vt 0.19213 0.16841
vt 0.16053 0.20282
vt 0.17412 0.19464
vt 0.16914 0.21563
vt 0.18201 0.20685
vt 0.2118 0.20144
vt 0.2191 0.21077
vt 0.20164 0.2095
vt 0.20975 0.2194
vt 0.19816 0.2488
vt 0.20865 0.23819
vt 0.20878 0.2577
vt 0.21831 0.24654
vt 0.15181 0.24829
vt 0.16539 0.23767
vt 0.16302 0.2609
vt 0.17587 0.24943
vt 0.14833 0.2996
vt 0.16199 0.28544
vt 0.1624 0.31158
vt 0.17541 0.29624
vt 0.2186 0.1434
vt 0.2273 0.1404
vt 0.22253 0.15377
vt 0.23065 0.1501
vt 0.21827 0.1685
vt 0.22342 0.17833
vt 0.2088 0.17399
vt 0.21466 0.18444
vt 0.25019 0.14177
vt 0.24821 0.13398
vt 0.25518 0.13973
vt 0.25359 0.13255
vt 0.24708 0.15216
vt 0.24993 0.15968
vt 0.24103 0.1555
vt 0.24436 0.16357
vt 0.26058 0.16848
vt 0.25755 0.16265
vt 0.26413 0.16438
vt 0.26147 0.15902
vt 0.26097 0.18872
vt 0.2564 0.18372
vt 0.26448 0.18298
vt 0.26039 0.17842
vt 0.24241 0.17593
vt 0.24705 0.18317
vt 0.23613 0.18139
vt 0.24136 0.18915
vt 0.24103 0.20309
vt 0.24739 0.20948
vt 0.23439 0.21081
vt 0.24154 0.21772
vt 0.20011 0.04657
vt 0.21093 0.05148
vt 0.20138 0.05975
vt 0.2121 0.06336
vt 0.17871 0.07008
vt 0.19132 0.07098
vt 0.18062 0.08499
vt 0.19307 0.08486
vt 0.24158 0.06677
vt 0.25032 0.07197
vt 0.24099 0.07528
vt 0.24889 0.0794
vt 0.22337 0.07782
vt 0.23261 0.08074
vt 0.22459 0.08832
vt 0.23342 0.09023
vt 0.24218 0.10089
vt 0.24881 0.10233
vt 0.24335 0.10934
vt 0.24962 0.11001
vt 0.23016 0.11873
vt 0.23792 0.11804
vt 0.23249 0.12844
vt 0.23984 0.127
vt 0.2066 0.09779
vt 0.21681 0.09801
vt 0.2091 0.10973
vt 0.219 0.10905
vt 0.18962 0.12613
vt 0.20128 0.1234
vt 0.19368 0.13884
vt 0.20483 0.13539
vt 0.20082 0.29074
vt 0.21071 0.27765
vt 0.21499 0.29765
vt 0.22354 0.28434
vt 0.2145 0.33134
vt 0.22219 0.3172
vt 0.2327 0.33633
vt 0.23877 0.32205
vt 0.23614 0.24301
vt 0.24299 0.23293
vt 0.24555 0.24873
vt 0.25142 0.2382
vt 0.24344 0.27714
vt 0.24962 0.26498
vt 0.25563 0.28145
vt 0.2606 0.26901
vt 0.27523 0.26004
vt 0.27823 0.24856
vt 0.28553 0.26204
vt 0.28754 0.25035
vt 0.29339 0.28876
vt 0.2947 0.27564
vt 0.25984 0.31206
vt 0.26405 0.29814
vt 0.27518 0.31517
vt 0.278 0.30086
vt 0.28763 0.34905
vt 0.28912 0.33261
vt 0.26489 0.21089
vt 0.25859 0.20687
vt 0.26819 0.20308
vt 0.26247 0.19949
vt 0.27255 0.23544
vt 0.26448 0.23236
vt 0.27553 0.22559
vt 0.26821 0.22287
vt 0.27593 0.18343
vt 0.2716 0.18101
vt 0.27803 0.17795
vt 0.27404 0.17585
vt 0.28215 0.20001
vt 0.27653 0.19832
vt 0.28386 0.19281
vt 0.27865 0.19142
vt 0.29035 0.18693
vt 0.29139 0.18087
vt 0.29547 0.18724
vt 0.29617 0.18113
vt 0.29995 0.20217
vt 0.30033 0.19437
vt 0.29197 0.21923
vt 0.28496 0.21811
vt 0.29301 0.21021
vt 0.28656 0.20929
vt 0.29776 0.24022
vt 0.29846 0.2297
vt 0.74816 0.17339
vt 0.73795 0.17842
vt 0.74018 0.1694
vt 0.7276 0.17525
vt 0.74499 0.15338
vt 0.76526 0.15055
vt 0.74925 0.16005
vt 0.76718 0.15738
vt 0.67169 0.20376
vt 0.67773 0.19232
vt 0.68904 0.2017
vt 0.69524 0.19118
vt 0.71772 0.18265
vt 0.72956 0.18475
vt 0.61476 0.19085
vt 0.61902 0.17803
vt 0.63944 0.18646
vt 0.64416 0.17389
vt 0.65195 0.20702
vt 0.65716 0.19501
vt 0.69732 0.12954
vt 0.69699 0.14148
vt 0.67487 0.13289
vt 0.67369 0.14512
vt 0.64751 0.16128
vt 0.62281 0.16523
vt 0.76409 0.14194
vt 0.74272 0.14452
vt 0.71948 0.12621
vt 0.71964 0.13764
vt 0.70627 0.23736
vt 0.70564 0.24692
vt 0.69338 0.24004
vt 0.69315 0.24997
vt 0.68165 0.22267
vt 0.67993 0.23306
vt 0.66507 0.2259
vt 0.664 0.23673
vt 0.70796 0.27521
vt 0.70981 0.2843
vt 0.69694 0.27877
vt 0.69931 0.2879
vt 0.6808 0.26364
vt 0.68272 0.27337
vt 0.66709 0.26806
vt 0.66974 0.27789
vt 0.66009 0.29248
vt 0.66437 0.30159
vt 0.64691 0.29802
vt 0.65186 0.30717
vt 0.62296 0.28332
vt 0.62808 0.29383
vt 0.60768 0.28885
vt 0.61371 0.29964
vt 0.64789 0.25185
vt 0.64998 0.26249
vt 0.63093 0.25671
vt 0.63426 0.26742
vt 0.60564 0.24003
vt 0.6092 0.25103
vt 0.58354 0.24568
vt 0.58958 0.25647
vt 0.6805 0.30512
vt 0.68484 0.31327
vt 0.669 0.31001
vt 0.67393 0.31793
vt 0.66849 0.33011
vt 0.67447 0.33718
vt 0.65763 0.33481
vt 0.6641 0.34142
vt 0.72133 0.28996
vt 0.7235 0.29846
vt 0.7121 0.29304
vt 0.71479 0.30152
vt 0.70896 0.31324
vt 0.71291 0.32132
vt 0.69946 0.31707
vt 0.70391 0.32504
vt 0.73235 0.3228
vt 0.73595 0.33071
vt 0.72511 0.32589
vt 0.72926 0.33386
vt 0.71933 0.34925
vt 0.72683 0.34555
vt 0.72503 0.35784
vt 0.73201 0.35406
vt 0.69974 0.33674
vt 0.70535 0.34463
vt 0.69035 0.3405
vt 0.69635 0.34811
vt 0.68404 0.36155
vt 0.69345 0.35892
vt 0.69083 0.36882
vt 0.70006 0.36677
vt 0.75977 0.38235
vt 0.75616 0.38783
vt 0.75399 0.37529
vt 0.74957 0.38028
vt 0.73747 0.37615
vt 0.73057 0.37989
vt 0.73104 0.36684
vt 0.72374 0.37036
vt 0.77714 0.40775
vt 0.77677 0.41569
vt 0.769 0.40504
vt 0.76816 0.41302
vt 0.76588 0.38813
vt 0.76323 0.39387
vt 0.7641 0.44111
vt 0.75711 0.4378
vt 0.76175 0.42997
vt 0.75382 0.42674
vt 0.7685 0.42258
vt 0.77688 0.42502
vt 0.7177 0.40256
vt 0.72689 0.40277
vt 0.72398 0.41134
vt 0.73265 0.41242
vt 0.74588 0.42423
vt 0.75011 0.43472
vt 0.72253 0.38241
vt 0.71561 0.37309
vt 0.71116 0.39385
vt 0.72046 0.39329
vt 0.77986 0.1848
vt 0.78102 0.18892
vt 0.77478 0.18604
vt 0.77702 0.19002
vt 0.75404 0.18459
vt 0.76097 0.1807
vt 0.76023 0.18789
vt 0.76588 0.18441
vt 0.78323 0.19972
vt 0.78366 0.20257
vt 0.7814 0.20035
vt 0.78224 0.20309
vt 0.77581 0.19543
vt 0.77794 0.19859
vt 0.77289 0.19782
vt 0.77563 0.20068
vt 0.77806 0.20811
vt 0.77671 0.2112
vt 0.77602 0.20592
vt 0.77435 0.20919
vt 0.76947 0.2111
vt 0.76771 0.21599
vt 0.76538 0.20897
vt 0.76329 0.2142
vt 0.76126 0.19503
vt 0.76617 0.198
vt 0.75763 0.19954
vt 0.76312 0.20203
vt 0.73869 0.20192
vt 0.74719 0.20325
vt 0.73514 0.20924
vt 0.74392 0.21003
vt 0.75588 0.21874
vt 0.7541 0.22562
vt 0.74919 0.21776
vt 0.74725 0.22502
vt 0.73762 0.23307
vt 0.73643 0.24162
vt 0.72839 0.23389
vt 0.72733 0.24275
vt 0.77348 0.22405
vt 0.77265 0.22951
vt 0.77023 0.22282
vt 0.76922 0.22852
vt 0.76397 0.23403
vt 0.76303 0.24113
vt 0.75872 0.23345
vt 0.75763 0.24092
vt 0.77076 0.24889
vt 0.7702 0.25625
vt 0.76692 0.24869
vt 0.76636 0.25623
vt 0.76135 0.26428
vt 0.76105 0.27232
vt 0.75608 0.26475
vt 0.75594 0.27298
vt 0.75068 0.24891
vt 0.75027 0.2571
vt 0.74371 0.24938
vt 0.74341 0.25787
vt 0.73584 0.26792
vt 0.73639 0.27671
vt 0.72745 0.2698
vt 0.7284 0.27871
vt 0.75052 0.28216
vt 0.75118 0.29031
vt 0.74433 0.28352
vt 0.74533 0.29178
vt 0.74047 0.30181
vt 0.74245 0.30987
vt 0.73364 0.30408
vt 0.7361 0.31217
vt 0.76906 0.27919
vt 0.76881 0.28684
vt 0.76534 0.27967
vt 0.76527 0.28742
vt 0.76146 0.29596
vt 0.76193 0.30363
vt 0.75703 0.29705
vt 0.75781 0.30487
vt 0.76888 0.30918
vt 0.76919 0.31635
vt 0.76594 0.31007
vt 0.76651 0.31736
vt 0.7647 0.32597
vt 0.76612 0.33329
vt 0.76176 0.32759
vt 0.76355 0.33505
vt 0.75469 0.31406
vt 0.75645 0.32172
vt 0.75003 0.31577
vt 0.75222 0.32352
vt 0.74541 0.33578
vt 0.75031 0.33335
vt 0.74903 0.34372
vt 0.7534 0.34119
vt 0.76018 0.34662
vt 0.76311 0.34447
vt 0.76329 0.35399
vt 0.7658 0.35162
vt 0.76121 0.36705
vt 0.76412 0.36375
vt 0.7657 0.3736
vt 0.76806 0.37005
vt 0.77166 0.33741
vt 0.77309 0.34401
vt 0.76983 0.33888
vt 0.77153 0.34571
vt 0.77051 0.35595
vt 0.77209 0.35395
vt 0.77321 0.36169
vt 0.77448 0.35955
vt 0.77858 0.35949
vt 0.78066 0.36249
vt 0.77784 0.3619
vt 0.78017 0.36525
vt 0.782 0.37265
vt 0.78231 0.37001
vt 0.7737 0.37207
vt 0.77496 0.36913
vt 0.77745 0.3761
vt 0.77828 0.37299
vt 0.78022 0.38585
vt 0.78079 0.38202
vt 0.29584 0.07331
vt 0.30092 0.07291
vt 0.2968 0.07722
vt 0.3014 0.07681
vt 0.28182 0.06643
vt 0.28781 0.06571
vt 0.28395 0.07072
vt 0.28935 0.06989
vt 0.2994 0.08772
vt 0.30273 0.0873
vt 0.30018 0.09073
vt 0.30312 0.09031
vt 0.28985 0.08273
vt 0.29369 0.08166
vt 0.29157 0.08629
vt 0.29498 0.08518
vt 0.29223 0.09404
vt 0.29006 0.09599
vt 0.29038 0.09109
vt 0.28785 0.09303
vt 0.2829 0.09199
vt 0.28067 0.09469
vt 0.27996 0.08827
vt 0.27745 0.091
vt 0.2839 0.08026
vt 0.28012 0.08201
vt 0.28136 0.07609
vt 0.27703 0.07769
vt 0.26017 0.0723
vt 0.2647 0.06964
vt 0.26551 0.07798
vt 0.26921 0.07506
vt 0.27011 0.0946
vt 0.26595 0.09112
vt 0.27175 0.09056
vt 0.26764 0.08662
vt 0.25465 0.0901
vt 0.26013 0.09317
vt 0.2544 0.09694
vt 0.25966 0.09926
vt 0.28457 0.10419
vt 0.28298 0.1067
vt 0.2818 0.10093
vt 0.28018 0.10381
vt 0.27507 0.10818
vt 0.27183 0.10604
vt 0.27593 0.1044
vt 0.27262 0.10179
vt 0.27743 0.11382
vt 0.28019 0.11551
vt 0.27707 0.11746
vt 0.27979 0.11874
vt 0.27136 0.11965
vt 0.27426 0.12037
vt 0.27169 0.1243
vt 0.2745 0.12455
vt 0.26408 0.10711
vt 0.26794 0.10879
vt 0.26423 0.11274
vt 0.26793 0.11386
vt 0.25605 0.11773
vt 0.26064 0.11801
vt 0.25711 0.12461
vt 0.26142 0.12429
vt 0.26704 0.13524
vt 0.26607 0.12977
vt 0.27013 0.1342
vt 0.2693 0.12925
vt 0.26297 0.15022
vt 0.2612 0.14428
vt 0.26644 0.14768
vt 0.2649 0.14225
vt 0.27749 0.12859
vt 0.27999 0.12862
vt 0.27806 0.13218
vt 0.28053 0.13181
vt 0.27388 0.13763
vt 0.27642 0.13654
vt 0.27502 0.14167
vt 0.27748 0.14019
vt 0.28103 0.14193
vt 0.28327 0.1405
vt 0.28242 0.14469
vt 0.28457 0.14297
vt 0.27985 0.15177
vt 0.28197 0.14931
vt 0.28197 0.15422
vt 0.28395 0.15155
vt 0.27307 0.15413
vt 0.27119 0.15
vt 0.27561 0.15131
vt 0.27387 0.14757
vt 0.27299 0.16847
vt 0.27002 0.16495
vt 0.27545 0.16432
vt 0.27273 0.16116
vt 0.28055 0.16284
vt 0.28251 0.15929
vt 0.28365 0.16448
vt 0.28537 0.16084
vt 0.28391 0.17431
vt 0.28549 0.1697
vt 0.28806 0.17511
vt 0.28934 0.17043
vt 0.29165 0.14976
vt 0.29013 0.15212
vt 0.28959 0.14856
vt 0.28789 0.15083
vt 0.28987 0.15866
vt 0.29121 0.15572
vt 0.29291 0.15936
vt 0.294 0.15643
vt 0.29772 0.15429
vt 0.29853 0.15191
vt 0.30045 0.15461
vt 0.30101 0.15226
vt 0.30267 0.16009
vt 0.30295 0.15729
vt 0.29429 0.16664
vt 0.29521 0.163
vt 0.29812 0.16677
vt 0.29874 0.16319
vt 0.30138 0.17564
vt 0.30172 0.1709
vt 0.30447 0.09978
vt 0.30269 0.10013
vt 0.30418 0.09773
vt 0.30214 0.0981
vt 0.29934 0.09656
vt 0.2973 0.09753
vt 0.29839 0.09415
vt 0.29605 0.0952
vt 0.30534 0.10662
vt 0.30433 0.10686
vt 0.30516 0.10507
vt 0.30398 0.10532
vt 0.30232 0.10418
vt 0.30118 0.10485
vt 0.30171 0.10253
vt 0.30039 0.10327
vt 0.30036 0.10805
vt 0.30104 0.10712
vt 0.30122 0.10931
vt 0.3018 0.10846
vt 0.29735 0.10817
vt 0.29765 0.10665
vt 0.29859 0.1093
vt 0.29884 0.10793
vt 0.29556 0.10221
vt 0.29686 0.1008
vt 0.29703 0.10383
vt 0.29813 0.10258
vt 0.29282 0.10233
vt 0.29238 0.10456
vt 0.29064 0.10063
vt 0.29004 0.10327
vt 0.29604 0.10887
vt 0.29653 0.11085
vt 0.29446 0.1079
vt 0.29509 0.11013
vt 0.2935 0.11213
vt 0.29477 0.11211
vt 0.2951 0.11468
vt 0.29615 0.11454
vt 0.29999 0.1132
vt 0.29971 0.11174
vt 0.30093 0.11398
vt 0.30067 0.11265
vt 0.29845 0.11345
vt 0.2995 0.11407
vt 0.29927 0.11529
vt 0.30021 0.11575
vt 0.30178 0.11775
vt 0.30248 0.11811
vt 0.30253 0.11918
vt 0.30313 0.11941
vt 0.30347 0.12159
vt 0.30297 0.12161
vt 0.30271 0.12038
vt 0.3021 0.12029
vt 0.29845 0.11673
vt 0.29934 0.11685
vt 0.29968 0.11865
vt 0.30042 0.11865
vt 0.30093 0.12241
vt 0.29964 0.12088
vt 0.30141 0.12206
vt 0.30024 0.12055
vt 0.29033 0.13149
vt 0.28794 0.13143
vt 0.29007 0.12961
vt 0.28762 0.12927
vt 0.28365 0.13429
vt 0.28605 0.13384
vt 0.28449 0.13687
vt 0.2868 0.13611
vt 0.29669 0.13196
vt 0.29658 0.13078
vt 0.29843 0.13214
vt 0.29838 0.13112
vt 0.29291 0.13317
vt 0.29497 0.13312
vt 0.29334 0.13467
vt 0.29527 0.13442
vt 0.29761 0.13636
vt 0.29731 0.13533
vt 0.29894 0.13606
vt 0.29881 0.13512
vt 0.29523 0.13858
vt 0.29668 0.13783
vt 0.29611 0.13958
vt 0.29737 0.13869
vt 0.28985 0.13736
vt 0.29191 0.13665
vt 0.29078 0.13908
vt 0.29269 0.13816
vt 0.28803 0.14344
vt 0.28998 0.14192
vt 0.28957 0.14513
vt 0.29137 0.14343
vt 0.29441 0.14305
vt 0.29584 0.14162
vt 0.29589 0.14395
vt 0.29714 0.1424
vt 0.29817 0.14712
vt 0.29717 0.14918
vt 0.2963 0.1465
vt 0.29509 0.14851
vt 0.29916 0.13843
vt 0.29979 0.13759
vt 0.30009 0.13873
vt 0.30068 0.13773
vt 0.29952 0.14152
vt 0.30038 0.14018
vt 0.30083 0.1419
vt 0.30154 0.14047
vt 0.30323 0.13932
vt 0.30361 0.13809
vt 0.30433 0.13945
vt 0.3046 0.13819
vt 0.30523 0.14094
vt 0.30499 0.1425
vt 0.30312 0.14407
vt 0.30262 0.14591
vt 0.30154 0.14383
vt 0.30084 0.14563
vt 0.30383 0.15021
vt 0.30414 0.14808
vt 0.30596 0.11217
vt 0.30542 0.1123
vt 0.30583 0.11088
vt 0.30519 0.11103
vt 0.30424 0.10999
vt 0.30362 0.11042
vt 0.30384 0.10864
vt 0.30311 0.10912
vt 0.30593 0.11571
vt 0.30623 0.11565
vt 0.30605 0.11671
vt 0.30629 0.11667
vt 0.30482 0.11393
vt 0.3052 0.11368
vt 0.30511 0.11496
vt 0.30544 0.11478
vt 0.30492 0.1163
vt 0.30512 0.11611
vt 0.30518 0.11707
vt 0.30537 0.11696
vt 0.30397 0.1157
vt 0.30404 0.11511
vt 0.30437 0.11634
vt 0.30444 0.11586
vt 0.30325 0.11269
vt 0.30362 0.11212
vt 0.30378 0.1137
vt 0.30409 0.11321
vt 0.30148 0.11239
vt 0.30164 0.11138
vt 0.30224 0.11332
vt 0.30237 0.11241
vt 0.30351 0.11576
vt 0.30366 0.11663
vt 0.30294 0.11507
vt 0.3031 0.11604
vt 0.30256 0.11721
vt 0.3021 0.11595
vt 0.30317 0.11766
vt 0.30278 0.11652
vt 0.30501 0.1177
vt 0.30515 0.11829
vt 0.30474 0.11739
vt 0.30487 0.11801
vt 0.30471 0.11836
vt 0.30491 0.11908
vt 0.30432 0.11797
vt 0.30456 0.11877
vt 0.30568 0.12056
vt 0.30552 0.12048
vt 0.30557 0.12008
vt 0.30536 0.11994
vt 0.30537 0.12097
vt 0.30553 0.12096
vt 0.30561 0.12155
vt 0.30572 0.12144
vt 0.3041 0.11908
vt 0.30449 0.11934
vt 0.30451 0.12005
vt 0.30483 0.12019
vt 0.30422 0.12075
vt 0.3046 0.12085
vt 0.30473 0.12169
vt 0.30501 0.12168
vt 0.30557 0.12229
vt 0.30572 0.12218
vt 0.30582 0.12276
vt 0.30592 0.12259
vt 0.30574 0.12345
vt 0.30589 0.12329
vt 0.30595 0.12376
vt 0.30607 0.12357
vt 0.30608 0.12162
vt 0.30608 0.12193
vt 0.30595 0.12142
vt 0.30594 0.12167
vt 0.30631 0.12263
vt 0.30627 0.12289
vt 0.3062 0.12245
vt 0.30615 0.12269
vt 0.30641 0.12244
vt 0.30641 0.12206
vt 0.30648 0.1225
vt 0.30647 0.12211
vt 0.30652 0.12287
vt 0.30652 0.12317
vt 0.30629 0.12353
vt 0.30633 0.12328
vt 0.3064 0.12365
vt 0.30643 0.1234
vt 0.30647 0.12394
vt 0.30644 0.12418
vt 0.30646 0.11995
vt 0.30636 0.11995
vt 0.30643 0.11924
vt 0.30631 0.11925
vt 0.30577 0.11772
vt 0.30596 0.11768
vt 0.30591 0.11852
vt 0.30608 0.1185
vt 0.30652 0.12169
vt 0.30653 0.12213
vt 0.30646 0.12167
vt 0.30631 0.12056
vt 0.30636 0.12113
vt 0.3062 0.12051
vt 0.30626 0.12106
vt 0.30619 0.12142
vt 0.30621 0.12181
vt 0.30605 0.12126
vt 0.30577 0.12023
vt 0.30585 0.12069
vt 0.30599 0.11986
vt 0.30584 0.11979
vt 0.30589 0.11923
vt 0.30572 0.11919
vt 0.30522 0.11781
vt 0.30538 0.11845
vt 0.30625 0.1256
vt 0.3059 0.12548
vt 0.3063 0.12527
vt 0.306 0.12517
vt 0.30593 0.12444
vt 0.30581 0.1247
vt 0.30566 0.12416
vt 0.30548 0.12439
vt 0.30607 0.12714
vt 0.30554 0.12701
vt 0.30612 0.12671
vt 0.30563 0.1266
vt 0.30524 0.12596
vt 0.30469 0.12558
vt 0.30537 0.12559
vt 0.30487 0.12521
vt 0.30354 0.12584
vt 0.30266 0.12508
vt 0.3038 0.12541
vt 0.30299 0.12466
vt 0.30245 0.12331
vt 0.30286 0.12303
vt 0.30193 0.12182
vt 0.30457 0.1244
vt 0.30399 0.12372
vt 0.30485 0.12417
vt 0.30434 0.12355
vt 0.30451 0.12255
vt 0.30413 0.12261
vt 0.30395 0.12163
vt 0.29117 0.11346
vt 0.29318 0.11599
vt 0.29018 0.11481
vt 0.29234 0.11717
vt 0.2844 0.11187
vt 0.28692 0.11423
vt 0.28354 0.11446
vt 0.28613 0.11647
vt 0.2996 0.12417
vt 0.29805 0.1228
vt 0.30001 0.12347
vt 0.29853 0.122
vt 0.29535 0.12343
vt 0.29327 0.12191
vt 0.29579 0.12223
vt 0.29379 0.12051
vt 0.29852 0.12794
vt 0.29675 0.12711
vt 0.2987 0.1269
vt 0.29696 0.1259
vt 0.29452 0.12898
vt 0.29233 0.12835
vt 0.29459 0.12755
vt 0.29238 0.12668
vt 0.2902 0.12385
vt 0.28771 0.12261
vt 0.29054 0.12199
vt 0.28809 0.12045
vt 0.28227 0.12294
vt 0.28491 0.12388
vt 0.2823 0.12587
vt 0.28492 0.12644
vt 0.30014 0.135
vt 0.30008 0.13408
vt 0.30132 0.13495
vt 0.30131 0.13409
vt 0.30202 0.13682
vt 0.30225 0.13585
vt 0.30296 0.13689
vt 0.30317 0.1359
vt 0.30125 0.13079
vt 0.30126 0.1316
vt 0.29992 0.13048
vt 0.29993 0.13139
vt 0.30241 0.1333
vt 0.30242 0.13252
vt 0.30339 0.13336
vt 0.30341 0.1326
vt 0.30433 0.13198
vt 0.30434 0.13132
vt 0.30517 0.13205
vt 0.30517 0.13141
vt 0.30591 0.13275
vt 0.30588 0.13347
vt 0.30418 0.13503
vt 0.30424 0.13418
vt 0.30503 0.13506
vt 0.30507 0.13422
vt 0.30577 0.13604
vt 0.3057 0.13709
vt 0.30597 0.12859
vt 0.30595 0.12912
vt 0.30532 0.12849
vt 0.30526 0.12902
vt 0.30472 0.12776
vt 0.30396 0.1274
vt 0.30483 0.12725
vt 0.30412 0.12688
vt 0.30594 0.13084
vt 0.30594 0.13146
vt 0.30519 0.13079
vt 0.30445 0.12943
vt 0.30441 0.13005
vt 0.30358 0.12917
vt 0.30352 0.12984
vt 0.30246 0.13029
vt 0.30241 0.13102
vt 0.30131 0.12998
vt 0.30007 0.12863
vt 0.30021 0.12772
vt 0.30274 0.12813
vt 0.30167 0.12758
vt 0.30291 0.1275
vt 0.30188 0.12688
vt 0.30096 0.12532
vt 0.30129 0.12467
vt 0.87092 0.91643
vt 0.86488 0.91513
vt 0.87583 0.9076
vt 0.86918 0.90772
vt 0.86005 0.90055
vt 0.86628 0.89732
vt 0.8595 0.90517
vt 0.86551 0.90264
vt 0.84158 0.9291
vt 0.8408 0.92358
vt 0.84866 0.92468
vt 0.84733 0.92018
vt 0.86424 0.92513
vt 0.85877 0.92234
vt 0.85377 0.9037
vt 0.85341 0.90804
vt 0.84695 0.91555
vt 0.84057 0.9183
vt 0.9236 0.8111
vt 0.92635 0.82072
vt 0.91019 0.81166
vt 0.91328 0.82095
vt 0.90333 0.83035
vt 0.90601 0.8395
vt 0.8905 0.83056
vt 0.89328 0.83938
vt 0.97707 0.80907
vt 0.97847 0.82014
vt 0.96371 0.80956
vt 0.96547 0.82025
vt 0.95445 0.83072
vt 0.95627 0.84115
vt 0.94165 0.83056
vt 0.94366 0.84067
vt 0.97166 0.86336
vt 0.97031 0.85248
vt 0.98408 0.86442
vt 0.98267 0.85335
vt 0.96015 0.87319
vt 0.96054 0.88447
vt 0.94759 0.87191
vt 0.94771 0.88295
vt 0.93302 0.8501
vt 0.93444 0.86019
vt 0.92067 0.84937
vt 0.9222 0.85914
vt 0.91064 0.86795
vt 0.91048 0.87822
vt 0.89802 0.8668
vt 0.89815 0.87682
vt 0.9344 0.89244
vt 0.93288 0.90391
vt 0.922 0.89052
vt 0.92021 0.9017
vt 0.9006 0.9223
vt 0.88882 0.92001
vt 0.90504 0.91098
vt 0.89375 0.90924
vt 0.97335 0.91067
vt 0.97364 0.89802
vt 0.9872 0.91296
vt 0.98704 0.89977
vt 0.95844 0.92078
vt 0.95696 0.93334
vt 0.94426 0.91819
vt 0.94194 0.93044
vt 0.98768 0.95256
vt 0.98784 0.96576
vt 0.97141 0.94924
vt 0.97055 0.96219
vt 0.95132 0.97137
vt 0.94922 0.98412
vt 0.9331 0.96761
vt 0.92975 0.98011
vt 0.92371 0.93963
vt 0.91958 0.95172
vt 0.90874 0.93657
vt 0.90322 0.94835
vt 0.86342 0.95276
vt 0.87983 0.9565
vt 0.85185 0.96404
vt 0.87133 0.96806
vt 0.84336 0.89276
vt 0.84495 0.89449
vt 0.83882 0.89419
vt 0.83976 0.8961
vt 0.8587 0.89345
vt 0.85299 0.89666
vt 0.8567 0.89128
vt 0.85167 0.8942
vt 0.83525 0.88918
vt 0.83752 0.88971
vt 0.83331 0.89014
vt 0.83493 0.89074
vt 0.84513 0.88982
vt 0.84266 0.88901
vt 0.84816 0.88793
vt 0.8452 0.88739
vt 0.84055 0.8855
vt 0.84153 0.88429
vt 0.84384 0.88558
vt 0.84487 0.88418
vt 0.84858 0.88251
vt 0.84746 0.88125
vt 0.85237 0.88205
vt 0.85106 0.88048
vt 0.86067 0.88388
vt 0.85797 0.88684
vt 0.85617 0.88384
vt 0.8542 0.88626
vt 0.87285 0.8767
vt 0.8728 0.88116
vt 0.86567 0.87774
vt 0.8669 0.88087
vt 0.83442 0.88523
vt 0.83744 0.88538
vt 0.83324 0.88637
vt 0.83618 0.88656
vt 0.8324 0.88391
vt 0.82925 0.88372
vt 0.83336 0.88276
vt 0.83002 0.88257
vt 0.83123 0.88979
vt 0.82998 0.89068
vt 0.82886 0.88952
vt 0.82752 0.89042
vt 0.82512 0.88789
vt 0.82638 0.88695
vt 0.82778 0.88825
vt 0.82913 0.88722
vt 0.8211 0.88821
vt 0.81951 0.8888
vt 0.81848 0.8876
vt 0.81692 0.88804
vt 0.81698 0.88645
vt 0.81413 0.88587
vt 0.81788 0.8858
vt 0.81488 0.88528
vt 0.82536 0.88463
vt 0.82456 0.88567
vt 0.82224 0.8844
vt 0.82158 0.88536
vt 0.81971 0.8822
vt 0.81942 0.88314
vt 0.81679 0.88196
vt 0.81626 0.88279
vt 0.70474 0.8559
vt 0.71506 0.85468
vt 0.70403 0.86448
vt 0.7144 0.86308
vt 0.72448 0.86997
vt 0.73512 0.86844
vt 0.72445 0.8784
vt 0.73511 0.87678
vt 0.70798 0.82175
vt 0.71834 0.82145
vt 0.70714 0.83027
vt 0.71745 0.82973
vt 0.72694 0.83723
vt 0.73736 0.83645
vt 0.72619 0.84534
vt 0.73666 0.84434
vt 0.7494 0.82055
vt 0.75975 0.82025
vt 0.7486 0.82809
vt 0.7591 0.82752
vt 0.7693 0.83394
vt 0.78035 0.83288
vt 0.76898 0.84116
vt 0.7803 0.83997
vt 0.74664 0.85105
vt 0.75748 0.84979
vt 0.74615 0.85889
vt 0.75707 0.85745
vt 0.76829 0.86373
vt 0.78037 0.86198
vt 0.76855 0.87191
vt 0.78081 0.86981
vt 0.71191 0.93378
vt 0.70986 0.92505
vt 0.72188 0.93245
vt 0.71991 0.9236
vt 0.73384 0.94021
vt 0.74367 0.93919
vt 0.73596 0.94924
vt 0.74584 0.94828
vt 0.70311 0.89037
vt 0.71405 0.88863
vt 0.70425 0.89901
vt 0.71496 0.89727
vt 0.72666 0.90438
vt 0.73692 0.90291
vt 0.72818 0.91329
vt 0.73824 0.91194
vt 0.75706 0.88218
vt 0.7569 0.89118
vt 0.746 0.88368
vt 0.74639 0.89248
vt 0.76729 0.90965
vt 0.767 0.90009
vt 0.77627 0.91019
vt 0.77646 0.90082
vt 0.7591 0.91927
vt 0.76081 0.92844
vt 0.7496 0.91998
vt 0.75137 0.92915
vt 0.77488 0.94598
vt 0.77211 0.93715
vt 0.78355 0.94576
vt 0.78067 0.93719
vt 0.78653 0.92912
vt 0.78529 0.92043
vt 0.79393 0.93025
vt 0.79291 0.92198
vt 0.80325 0.94789
vt 0.80201 0.93968
vt 0.80924 0.94879
vt 0.80842 0.94075
vt 0.78607 0.89439
vt 0.78867 0.88805
vt 0.79337 0.89891
vt 0.79524 0.89361
vt 0.79986 0.91602
vt 0.79992 0.90894
vt 0.80704 0.91821
vt 0.80709 0.91171
vt 0.82151 0.90549
vt 0.82107 0.90993
vt 0.81505 0.90381
vt 0.8144 0.90836
vt 0.83409 0.91494
vt 0.83394 0.9203
vt 0.82747 0.91555
vt 0.82732 0.92113
vt 0.81434 0.934
vt 0.81408 0.9267
vt 0.82083 0.93451
vt 0.82071 0.9274
vt 0.83478 0.948
vt 0.82724 0.9502
vt 0.83469 0.93953
vt 0.8275 0.94165
vt 0.79213 0.84568
vt 0.80432 0.84416
vt 0.7923 0.85274
vt 0.80483 0.85107
vt 0.81855 0.85601
vt 0.83178 0.85489
vt 0.81947 0.86179
vt 0.83259 0.86077
vt 0.79112 0.81782
vt 0.80178 0.816
vt 0.79136 0.82467
vt 0.80244 0.82306
vt 0.81472 0.82864
vt 0.82647 0.82717
vt 0.81577 0.8358
vt 0.828 0.83451
vt 0.83605 0.81817
vt 0.83375 0.81053
vt 0.84736 0.81662
vt 0.84441 0.8087
vt 0.86519 0.83152
vt 0.8622 0.82337
vt 0.87774 0.83095
vt 0.87449 0.82244
vt 0.85501 0.83999
vt 0.85698 0.8475
vt 0.84222 0.84069
vt 0.84385 0.84781
vt 0.88436 0.8565
vt 0.88514 0.86536
vt 0.87153 0.85543
vt 0.87208 0.8632
vt 0.80444 0.88684
vt 0.80733 0.88867
vt 0.80087 0.8864
vt 0.80411 0.88877
vt 0.81143 0.89529
vt 0.8098 0.89776
vt 0.80584 0.89246
vt 0.80359 0.89455
vt 0.81276 0.88741
vt 0.81469 0.88732
vt 0.81498 0.88833
vt 0.81341 0.89005
vt 0.81562 0.88966
vt 0.81713 0.89143
vt 0.81887 0.89073
vt 0.82357 0.89083
vt 0.82493 0.89005
vt 0.82653 0.89131
vt 0.82922 0.89369
vt 0.82927 0.8925
vt 0.83344 0.8935
vt 0.8328 0.89229
vt 0.81838 0.89534
vt 0.81974 0.89376
vt 0.82359 0.8966
vt 0.82436 0.89476
vt 0.83452 0.89949
vt 0.83459 0.9025
vt 0.82866 0.89965
vt 0.82833 0.90265
vt 0.85175 0.8781
vt 0.84651 0.87706
vt 0.85598 0.87675
vt 0.84975 0.87542
vt 0.84367 0.87243
vt 0.83352 0.87229
vt 0.845 0.86952
vt 0.83347 0.86947
vt 0.83768 0.88185
vt 0.83938 0.88076
vt 0.84055 0.88213
vt 0.84249 0.88121
vt 0.83698 0.87925
vt 0.83198 0.87908
vt 0.83849 0.87799
vt 0.83254 0.87784
vt 0.82676 0.8813
vt 0.82294 0.88126
vt 0.8269 0.88019
vt 0.82256 0.88025
vt 0.81547 0.87877
vt 0.81733 0.87961
vt 0.81141 0.8795
vt 0.81386 0.88016
vt 0.82573 0.87658
vt 0.81891 0.87707
vt 0.82466 0.87497
vt 0.81653 0.87578
vt 0.80019 0.87483
vt 0.80536 0.87592
vt 0.79325 0.87783
vt 0.79971 0.87789
vt 0.80439 0.88083
vt 0.80108 0.88068
vt 0.80559 0.87985
vt 0.80179 0.87949
vt 0.80249 0.88323
vt 0.80202 0.88404
vt 0.79985 0.88216
vt 0.79875 0.88301
vt 0.81231 0.88401
vt 0.80927 0.8834
vt 0.81272 0.88317
vt 0.8097 0.8826
vt 0.80739 0.88121
vt 0.80878 0.88033
vt 0.80514 0.88483
vt 0.80525 0.88406
vt 0.81171 0.88471
vt 0.80868 0.8841
vt 0.77853 0.33373
vt 0.77892 0.33931
vt 0.77687 0.33426
vt 0.77748 0.34001
vt 0.77713 0.34652
vt 0.77841 0.35097
vt 0.77596 0.34825
vt 0.77754 0.35316
vt 0.78347 0.35022
vt 0.78201 0.34939
vt 0.78348 0.34522
vt 0.78201 0.34475
vt 0.78017 0.33351
vt 0.7804 0.33919
vt 0.77927 0.35707
vt 0.77989 0.35446
vt 0.78338 0.35456
vt 0.78183 0.35345
vt 0.77156 0.30847
vt 0.77159 0.30125
vt 0.77399 0.30794
vt 0.77411 0.30075
vt 0.77809 0.31424
vt 0.77811 0.32099
vt 0.77611 0.31455
vt 0.77619 0.32134
vt 0.77532 0.27096
vt 0.77497 0.27846
vt 0.77262 0.27121
vt 0.77225 0.27879
vt 0.77662 0.29307
vt 0.77694 0.28566
vt 0.77863 0.29283
vt 0.77894 0.28544
vt 0.78102 0.27789
vt 0.78129 0.27051
vt 0.78259 0.27782
vt 0.78278 0.27046
vt 0.78366 0.29255
vt 0.78383 0.28519
vt 0.78003 0.30709
vt 0.78021 0.29996
vt 0.78178 0.30697
vt 0.78192 0.29985
vt 0.78334 0.32057
vt 0.78336 0.31382
vt 0.7818 0.22607
vt 0.78149 0.23109
vt 0.78032 0.22584
vt 0.77995 0.23087
vt 0.77755 0.23626
vt 0.77706 0.2425
vt 0.77503 0.23593
vt 0.7745 0.24223
vt 0.78471 0.22635
vt 0.78458 0.2313
vt 0.78356 0.23679
vt 0.78336 0.24287
vt 0.78246 0.23678
vt 0.78218 0.24288
vt 0.78425 0.24931
vt 0.78421 0.25609
vt 0.78297 0.26317
vt 0.78156 0.26321
vt 0.78051 0.24934
vt 0.78025 0.25615
vt 0.77879 0.24926
vt 0.77845 0.25615
vt 0.77578 0.26348
vt 0.77305 0.26363
vt 0.7808 0.20768
vt 0.78182 0.20928
vt 0.77974 0.20984
vt 0.78108 0.21121
vt 0.78118 0.21767
vt 0.78165 0.2146
vt 0.78241 0.21806
vt 0.78268 0.21513
vt 0.78406 0.21087
vt 0.78382 0.20903
vt 0.7846 0.21068
vt 0.78445 0.20875
vt 0.78187 0.20621
vt 0.78264 0.208
vt 0.78341 0.21827
vt 0.78355 0.21533
vt 0.78419 0.21293
vt 0.78472 0.21285
vt 0.53102 0.38274
vt 0.5271 0.40484
vt 0.48001 0.42127
vt 0.48001 0.44204
vt 0.63154 0.41599
vt 0.61843 0.43476
vt 0.56569 0.43716
vt 0.55813 0.45546
vt 0.58355 0.4857
vt 0.57361 0.5004
vt 0.5383 0.50389
vt 0.53281 0.51743
vt 0.51609 0.46437
vt 0.51279 0.48154
vt 0.48005 0.49505
vt 0.48006 0.50977
vt 0.50452 0.52486
vt 0.50236 0.53636
vt 0.48002 0.54579
vt 0.48 0.55521
vt 0.54934 0.53704
vt 0.54309 0.54641
vt 0.51998 0.54975
vt 0.5168 0.55798
vt 0.52884 0.56822
vt 0.52547 0.57337
vt 0.51005 0.57724
vt 0.50871 0.5819
vt 0.49749 0.56403
vt 0.49635 0.57079
vt 0.47993 0.57688
vt 0.47992 0.58215
vt 0.70846 0.47353
vt 0.68887 0.48728
vt 0.64168 0.47333
vt 0.62639 0.48861
vt 0.75943 0.55368
vt 0.73408 0.55928
vt 0.69272 0.53147
vt 0.67276 0.54006
vt 0.66643 0.57452
vt 0.64719 0.57884
vt 0.62036 0.5623
vt 0.60588 0.56823
vt 0.63575 0.52391
vt 0.62035 0.53421
vt 0.58756 0.52732
vt 0.57703 0.53775
vt 0.76705 0.63921
vt 0.74084 0.63706
vt 0.71895 0.59921
vt 0.69472 0.60078
vt 0.73052 0.72779
vt 0.70771 0.71626
vt 0.70419 0.6707
vt 0.68258 0.66449
vt 0.64702 0.68552
vt 0.62971 0.67676
vt 0.62619 0.64779
vt 0.61066 0.64301
vt 0.67085 0.63045
vt 0.65091 0.62826
vt 0.63375 0.60426
vt 0.61729 0.60496
vt 0.6018 0.62209
vt 0.5891 0.62028
vt 0.57828 0.60583
vt 0.56804 0.60584
vt 0.58749 0.65455
vt 0.5766 0.64865
vt 0.57401 0.63122
vt 0.56452 0.62816
vt 0.55109 0.63463
vt 0.54444 0.63142
vt 0.54089 0.62114
vt 0.53399 0.61966
vt 0.55827 0.61559
vt 0.54998 0.6144
vt 0.54244 0.60556
vt 0.53502 0.60547
vt 0.58229 0.55922
vt 0.57244 0.56538
vt 0.55241 0.56178
vt 0.54618 0.56762
vt 0.59973 0.58904
vt 0.58743 0.59134
vt 0.57154 0.58144
vt 0.56259 0.58448
vt 0.55748 0.59619
vt 0.54938 0.5972
vt 0.54003 0.59095
vt 0.53336 0.59231
vt 0.54906 0.57907
vt 0.54284 0.58205
vt 0.53229 0.57974
vt 0.52963 0.58176
vt 0.6536 0.79508
vt 0.63727 0.77798
vt 0.65962 0.73643
vt 0.64133 0.72284
vt 0.53863 0.8382
vt 0.53386 0.81684
vt 0.57716 0.78163
vt 0.56795 0.7645
vt 0.52052 0.76
vt 0.51652 0.74338
vt 0.54413 0.71874
vt 0.5376 0.70543
vt 0.59481 0.73141
vt 0.58297 0.71772
vt 0.59609 0.68795
vt 0.58405 0.67823
vt 0.55453 0.68251
vt 0.54725 0.67288
vt 0.55604 0.65439
vt 0.54903 0.64822
vt 0.5066 0.70061
vt 0.50404 0.68832
vt 0.52246 0.67187
vt 0.51874 0.66269
vt 0.49829 0.65749
vt 0.49697 0.64933
vt 0.51093 0.64026
vt 0.50936 0.63445
vt 0.53087 0.64935
vt 0.52707 0.64343
vt 0.53373 0.63487
vt 0.53087 0.63259
vt 0.5209 0.62897
vt 0.52045 0.6251
vt 0.49444 0.62965
vt 0.49401 0.62486
vt 0.50699 0.61713
vt 0.5072 0.62066
vt 0.49339 0.61068
vt 0.49341 0.61346
vt 0.50689 0.6081
vt 0.50689 0.6056
vt 0.52054 0.61446
vt 0.52065 0.61139
vt 0.52063 0.60266
vt 0.52049 0.59989
vt 0.49337 0.60124
vt 0.49337 0.60351
vt 0.50683 0.59553
vt 0.50679 0.59819
vt 0.49358 0.59356
vt 0.49382 0.59015
vt 0.50781 0.58603
vt 0.51989 0.59151
vt 0.51984 0.58844
vt 0.57661 0.07745
vt 0.55718 0.07303
vt 0.54568 0.03166
vt 0.52569 0.02824
vt 0.55768 0.15474
vt 0.53847 0.14769
vt 0.52952 0.10533
vt 0.51116 0.10029
vt 0.4847 0.1289
vt 0.46856 0.1238
vt 0.46008 0.08837
vt 0.4451 0.08611
vt 0.49996 0.06066
vt 0.48178 0.05732
vt 0.46575 0.01797
vt 0.44576 0.01455
vt 0.52447 0.22454
vt 0.50725 0.21514
vt 0.50729 0.17484
vt 0.48999 0.16727
vt 0.4764 0.28546
vt 0.46245 0.27286
vt 0.47085 0.23482
vt 0.45656 0.22495
vt 0.42398 0.23872
vt 0.41277 0.2286
vt 0.41808 0.19867
vt 0.40721 0.19117
vt 0.45949 0.18927
vt 0.44536 0.18165
vt 0.44389 0.14802
vt 0.43058 0.14302
vt 0.40867 0.16284
vt 0.39872 0.158
vt 0.39698 0.13254
vt 0.38781 0.13027
vt 0.3845 0.20285
vt 0.37727 0.19559
vt 0.3808 0.17281
vt 0.37392 0.16789
vt 0.35988 0.17769
vt 0.35545 0.17267
vt 0.35721 0.15611
vt 0.35294 0.15295
vt 0.37402 0.14688
vt 0.36768 0.14411
vt 0.36563 0.12589
vt 0.35993 0.12511
vt 0.4345 0.05441
vt 0.42217 0.05672
vt 0.4131 0.03329
vt 0.40221 0.03954
vt 0.42591 0.11294
vt 0.41403 0.11106
vt 0.40754 0.08547
vt 0.39713 0.08671
vt 0.38393 0.10876
vt 0.37601 0.10892
vt 0.37068 0.09236
vt 0.36374 0.09464
vt 0.38961 0.06719
vt 0.38003 0.07121
vt 0.36955 0.05828
vt 0.35866 0.06453
vt 0.41551 0.3259
vt 0.40607 0.31145
vt 0.42463 0.28237
vt 0.41357 0.2696
vt 0.34271 0.34534
vt 0.33974 0.32995
vt 0.36738 0.30804
vt 0.36177 0.29444
vt 0.33146 0.2873
vt 0.32906 0.27428
vt 0.34701 0.25715
vt 0.34304 0.24593
vt 0.38047 0.27178
vt 0.37322 0.25978
vt 0.385 0.23613
vt 0.37726 0.22651
vt 0.35541 0.22837
vt 0.35105 0.21922
vt 0.35946 0.20186
vt 0.35499 0.19491
vt 0.32305 0.23932
vt 0.32155 0.22896
vt 0.33398 0.21639
vt 0.3318 0.20786
vt 0.31808 0.20181
vt 0.31723 0.19426
vt 0.32664 0.18621
vt 0.32527 0.18031
vt 0.3409 0.19583
vt 0.33836 0.18919
vt 0.34445 0.17745
vt 0.34166 0.17258
vt 0.80044 0.1629
vt 0.81547 0.16553
vt 0.82339 0.18151
vt 0.81493 0.17706
vt 0.82856 0.12312
vt 0.82822 0.13429
vt 0.785 0.14106
vt 0.785 0.14969
vt 0.94377 0.15243
vt 0.92002 0.14878
vt 0.89393 0.12075
vt 0.87214 0.1177
vt 0.93992 0.21126
vt 0.93566 0.19908
vt 0.98004 0.19552
vt 0.97589 0.1824
vt 0.84723 0.19219
vt 0.86001 0.19159
vt 0.88538 0.21221
vt 0.90245 0.21493
vt 0.8734 0.22021
vt 0.8756 0.23029
vt 0.85207 0.23533
vt 0.85297 0.24455
vt 0.94301 0.23468
vt 0.9416 0.24587
vt 0.90593 0.2474
vt 0.90486 0.2579
vt 0.93194 0.27794
vt 0.92769 0.28819
vt 0.89711 0.28743
vt 0.8935 0.29655
vt 0.87624 0.25972
vt 0.875 0.26943
vt 0.85184 0.27222
vt 0.85047 0.28124
vt 0.9073 0.3229
vt 0.91874 0.32812
vt 0.88307 0.35149
vt 0.89269 0.35473
vt 0.87558 0.32902
vt 0.88541 0.33305
vt 0.8561 0.34115
vt 0.84821 0.33767
vt 0.84098 0.31497
vt 0.84871 0.31801
vt 0.86469 0.30509
vt 0.87464 0.30896
vt 0.82672 0.37199
vt 0.83246 0.36322
vt 0.80715 0.37774
vt 0.81219 0.37108
vt 0.86555 0.38525
vt 0.85637 0.38405
vt 0.86103 0.36435
vt 0.85266 0.36146
vt 0.83205 0.42212
vt 0.82692 0.43181
vt 0.86137 0.40223
vt 0.85457 0.41025
vt 0.79266 0.43559
vt 0.80039 0.43311
vt 0.80344 0.45226
vt 0.80959 0.44866
vt 0.79804 0.39248
vt 0.79968 0.3981
vt 0.78509 0.40867
vt 0.78504 0.41659
vt 0.8014 0.17788
vt 0.79806 0.18222
vt 0.78501 0.18442
vt 0.78502 0.18862
vt 0.82702 0.19528
vt 0.8192 0.19753
vt 0.80469 0.19129
vt 0.80056 0.19472
vt 0.79877 0.2069
vt 0.8023 0.20437
vt 0.79226 0.2033
vt 0.79061 0.20569
vt 0.79118 0.19373
vt 0.78983 0.19726
vt 0.78505 0.19954
vt 0.78506 0.20243
vt 0.83997 0.22529
vt 0.83092 0.22511
vt 0.81847 0.21104
vt 0.8121 0.21247
vt 0.84307 0.26077
vt 0.83449 0.25919
vt 0.8256 0.24104
vt 0.81863 0.2409
vt 0.81358 0.25655
vt 0.80839 0.25637
vt 0.7987 0.24187
vt 0.80245 0.24143
vt 0.80996 0.22632
vt 0.80513 0.22744
vt 0.79865 0.21741
vt 0.79565 0.21889
vt 0.83847 0.29582
vt 0.83131 0.29367
vt 0.82635 0.2751
vt 0.81988 0.27388
vt 0.82266 0.32591
vt 0.82798 0.32826
vt 0.82188 0.30802
vt 0.81682 0.30639
vt 0.80979 0.32041
vt 0.80649 0.31912
vt 0.80127 0.30206
vt 0.80445 0.30283
vt 0.81353 0.2891
vt 0.80895 0.28819
vt 0.80067 0.27147
vt 0.80449 0.27181
vt 0.81308 0.36003
vt 0.80973 0.3569
vt 0.81273 0.33924
vt 0.80937 0.33724
vt 0.79497 0.38323
vt 0.79376 0.37921
vt 0.79999 0.36693
vt 0.79828 0.3641
vt 0.79103 0.37039
vt 0.7904 0.36752
vt 0.79441 0.35761
vt 0.7934 0.35545
vt 0.80203 0.34983
vt 0.80015 0.34792
vt 0.7995 0.33144
vt 0.80161 0.33265
vt 0.31819 0.0651
vt 0.31721 0.06927
vt 0.30606 0.07278
vt 0.30607 0.07668
vt 0.34188 0.06827
vt 0.33835 0.07314
vt 0.3261 0.0749
vt 0.32416 0.07892
vt 0.32676 0.08968
vt 0.32932 0.08596
vt 0.31768 0.09255
vt 0.31912 0.08956
vt 0.31447 0.08092
vt 0.31362 0.08445
vt 0.30611 0.08717
vt 0.30614 0.09018
vt 0.35651 0.08347
vt 0.35097 0.08745
vt 0.33823 0.08706
vt 0.3421 0.0828
vt 0.35688 0.11077
vt 0.35217 0.11172
vt 0.34789 0.10155
vt 0.34393 0.10383
vt 0.34098 0.11498
vt 0.33801 0.11621
vt 0.33156 0.11237
vt 0.3343 0.11027
vt 0.33512 0.10089
vt 0.33842 0.09778
vt 0.32558 0.10187
vt 0.32869 0.09813
vt 0.35242 0.13795
vt 0.34859 0.13646
vt 0.34687 0.12412
vt 0.34354 0.12415
vt 0.34469 0.16045
vt 0.34174 0.15701
vt 0.34256 0.14537
vt 0.33977 0.14337
vt 0.33198 0.14658
vt 0.33423 0.1488
vt 0.33248 0.13889
vt 0.33021 0.13778
vt 0.33927 0.13334
vt 0.33669 0.13268
vt 0.33521 0.12488
vt 0.33272 0.12532
vt 0.33208 0.17279
vt 0.33019 0.16833
vt 0.33438 0.16045
vt 0.33224 0.15715
vt 0.31516 0.17564
vt 0.31453 0.17101
vt 0.32152 0.16626
vt 0.32035 0.16262
vt 0.31282 0.15999
vt 0.31227 0.1572
vt 0.3172 0.15379
vt 0.3162 0.1514
vt 0.3252 0.15758
vt 0.32362 0.15468
vt 0.32465 0.147
vt 0.32646 0.14914
vt 0.31091 0.09588
vt 0.3115 0.09342
vt 0.30631 0.09967
vt 0.30627 0.09761
vt 0.32041 0.09834
vt 0.31858 0.10041
vt 0.31413 0.09962
vt 0.31317 0.10153
vt 0.31448 0.10528
vt 0.31341 0.10671
vt 0.31095 0.10633
vt 0.31035 0.10775
vt 0.30914 0.10372
vt 0.30952 0.10198
vt 0.3064 0.10655
vt 0.30638 0.10499
vt 0.32698 0.10947
vt 0.32464 0.11225
vt 0.31867 0.11512
vt 0.33003 0.12001
vt 0.32742 0.12132
vt 0.3217 0.1202
vt 0.32402 0.11837
vt 0.31815 0.1261
vt 0.32025 0.12502
vt 0.31407 0.12589
vt 0.3157 0.12475
vt 0.31661 0.12112
vt 0.31843 0.11925
vt 0.31256 0.12285
vt 0.32948 0.13157
vt 0.32704 0.13145
vt 0.32275 0.12769
vt 0.32516 0.12704
vt 0.32578 0.14145
vt 0.32375 0.14016
vt 0.32356 0.1355
vt 0.32145 0.13502
vt 0.31673 0.13678
vt 0.31829 0.13739
vt 0.31587 0.13423
vt 0.31432 0.13412
vt 0.3202 0.13161
vt 0.31816 0.13177
vt 0.31464 0.13007
vt 0.31639 0.12956
vt 0.31933 0.14761
vt 0.31797 0.14568
vt 0.31954 0.14193
vt 0.31803 0.14065
vt 0.31078 0.15002
vt 0.31034 0.14791
vt 0.31347 0.14523
vt 0.31267 0.14349
vt 0.30893 0.14086
vt 0.30922 0.14238
vt 0.31078 0.13916
vt 0.31037 0.13797
vt 0.31448 0.14101
vt 0.31358 0.13979
vt 0.31447 0.13791
vt 0.31383 0.13742
vt 0.30799 0.10971
vt 0.30823 0.1083
vt 0.30651 0.11213
vt 0.30648 0.11083
vt 0.31099 0.11045
vt 0.31033 0.11161
vt 0.30893 0.11164
vt 0.30855 0.11282
vt 0.30884 0.11463
vt 0.30847 0.1155
vt 0.30771 0.11594
vt 0.3075 0.11686
vt 0.30743 0.1135
vt 0.30728 0.11464
vt 0.30655 0.11665
vt 0.30654 0.11563
vt 0.31127 0.11467
vt 0.31056 0.11537
vt 0.31014 0.11415
vt 0.30958 0.11496
vt 0.30942 0.11965
vt 0.30899 0.11983
vt 0.30938 0.11805
vt 0.30893 0.11842
vt 0.308 0.12031
vt 0.30779 0.12037
vt 0.30766 0.11953
vt 0.3079 0.11933
vt 0.30856 0.11763
vt 0.30895 0.11716
vt 0.30817 0.11728
vt 0.30838 0.1169
vt 0.30765 0.12302
vt 0.30748 0.12286
vt 0.30785 0.12167
vt 0.30766 0.12162
vt 0.30683 0.12412
vt 0.30678 0.12387
vt 0.30698 0.12335
vt 0.30692 0.12311
vt 0.30668 0.12313
vt 0.30667 0.12282
vt 0.30681 0.12196
vt 0.3068 0.12233
vt 0.30708 0.12217
vt 0.30712 0.12241
vt 0.30727 0.12125
vt 0.30732 0.12135
vt 0.30694 0.11763
vt 0.30687 0.11846
vt 0.30656 0.11923
vt 0.30656 0.11994
vt 0.30753 0.11852
vt 0.30769 0.11783
vt 0.30699 0.11989
vt 0.30707 0.11924
vt 0.30718 0.12035
vt 0.30712 0.12082
vt 0.30682 0.12155
vt 0.30671 0.12059
vt 0.30669 0.12114
vt 0.30657 0.12168
vt 0.30657 0.12214
vt 0.30697 0.12461
vt 0.30706 0.12486
vt 0.30657 0.12562
vt 0.30657 0.12529
vt 0.30814 0.12325
vt 0.30847 0.12334
vt 0.30806 0.12487
vt 0.30785 0.12462
vt 0.3098 0.12424
vt 0.30944 0.12398
vt 0.30883 0.12638
vt 0.30864 0.12596
vt 0.30743 0.12618
vt 0.30733 0.12583
vt 0.30657 0.12674
vt 0.30657 0.12717
vt 0.31052 0.11917
vt 0.31118 0.11891
vt 0.31062 0.12165
vt 0.3101 0.1216
vt 0.31392 0.11237
vt 0.31295 0.11315
vt 0.31463 0.11488
vt 0.31367 0.11526
vt 0.31767 0.11009
vt 0.3191 0.10957
vt 0.3177 0.11465
vt 0.31329 0.11863
vt 0.31403 0.11874
vt 0.3121 0.12239
vt 0.31193 0.13673
vt 0.31181 0.13583
vt 0.30819 0.13602
vt 0.30829 0.13704
vt 0.30979 0.13498
vt 0.30976 0.13415
vt 0.30806 0.13344
vt 0.30808 0.13273
vt 0.30972 0.13189
vt 0.30973 0.13119
vt 0.31176 0.13324
vt 0.31183 0.13241
vt 0.30777 0.12795
vt 0.30768 0.12748
vt 0.30658 0.12861
vt 0.30659 0.12914
vt 0.31099 0.12617
vt 0.3107 0.12561
vt 0.30946 0.12852
vt 0.30932 0.12794
vt 0.31172 0.12912
vt 0.31156 0.12835
vt 0.30969 0.13051
vt 0.30796 0.12959
vt 0.30803 0.13017
vt 0.30665 0.13086
vt 0.30666 0.13147
vt 0.12913 0.89837
vt 0.1297 0.90423
vt 0.119 0.91038
vt 0.12281 0.91908
vt 0.14913 0.91309
vt 0.1542 0.91537
vt 0.14425 0.90315
vt 0.13946 0.90038
vt 0.14099 0.93335
vt 0.14469 0.92945
vt 0.15854 0.9331
vt 0.15911 0.92736
vt 0.11823 0.8365
vt 0.10672 0.83538
vt 0.10111 0.81843
vt 0.0889 0.8166
vt 0.10888 0.8666
vt 0.09777 0.86684
vt 0.08981 0.85035
vt 0.07836 0.84995
vt 0.06326 0.86735
vt 0.05153 0.8676
vt 0.04338 0.84876
vt 0.03173 0.84842
vt 0.07137 0.83204
vt 0.05957 0.83097
vt 0.05228 0.81112
vt 0.04007 0.80929
vt 0.10831 0.90167
vt 0.09858 0.90243
vt 0.08549 0.88454
vt 0.07414 0.8853
vt 0.1149 0.94138
vt 0.12606 0.93932
vt 0.0819 0.92456
vt 0.09362 0.92305
vt 0.06231 0.94869
vt 0.07601 0.94683
vt 0.03082 0.9308
vt 0.04388 0.92919
vt 0.05238 0.90684
vt 0.06459 0.90563
vt 0.03735 0.88725
vt 0.02338 0.88756
vt 0.15062 0.90026
vt 0.14965 0.90263
vt 0.1609 0.89872
vt 0.16036 0.90053
vt 0.13248 0.89138
vt 0.13604 0.89033
vt 0.14432 0.89445
vt 0.14683 0.89357
vt 0.1461 0.88971
vt 0.1494 0.88984
vt 0.15714 0.89178
vt 0.15439 0.89207
vt 0.15466 0.89572
vt 0.15654 0.89482
vt 0.16306 0.8954
vt 0.16354 0.89481
vt 0.15978 0.88887
vt 0.16074 0.88964
vt 0.17216 0.88842
vt 0.1726 0.88893
vt 0.16826 0.89055
vt 0.16734 0.88988
vt 0.17553 0.89095
vt 0.17467 0.89045
vt 0.17148 0.89253
vt 0.17263 0.89318
vt 0.16529 0.89273
vt 0.16393 0.89197
vt 0.27252 0.8931
vt 0.27268 0.88497
vt 0.29336 0.88016
vt 0.29288 0.87175
vt 0.22972 0.88552
vt 0.23028 0.87786
vt 0.25184 0.87362
vt 0.2519 0.86594
vt 0.23151 0.85582
vt 0.23161 0.84866
vt 0.25164 0.84319
vt 0.25142 0.83568
vt 0.27221 0.86081
vt 0.2719 0.85283
vt 0.29145 0.84653
vt 0.29097 0.83812
vt 0.26117 0.95123
vt 0.25901 0.95964
vt 0.28307 0.9461
vt 0.28542 0.93795
vt 0.22082 0.95457
vt 0.22308 0.94599
vt 0.24554 0.93124
vt 0.24376 0.93982
vt 0.22774 0.91975
vt 0.22839 0.911
vt 0.25047 0.89742
vt 0.24962 0.90568
vt 0.26914 0.9178
vt 0.26733 0.92609
vt 0.29245 0.91352
vt 0.29479 0.90538
vt 0.19075 0.95188
vt 0.19237 0.94393
vt 0.20795 0.93592
vt 0.20923 0.92738
vt 0.16899 0.95067
vt 0.16938 0.94322
vt 0.1812 0.93651
vt 0.18174 0.92939
vt 0.17048 0.91806
vt 0.17037 0.9236
vt 0.18146 0.90623
vt 0.18197 0.91086
vt 0.19507 0.92026
vt 0.19495 0.91295
vt 0.2086 0.90053
vt 0.20423 0.88954
vt 0.18679 0.86959
vt 0.18549 0.87502
vt 0.20958 0.86704
vt 0.21024 0.86019
vt 0.14191 0.87142
vt 0.14276 0.86574
vt 0.16618 0.86087
vt 0.16769 0.85477
vt 0.14812 0.84638
vt 0.15067 0.8397
vt 0.17291 0.83523
vt 0.1748 0.82857
vt 0.1902 0.85075
vt 0.19125 0.84417
vt 0.21175 0.83979
vt 0.21188 0.83323
vt 0.18879 0.89557
vt 0.1912 0.89738
vt 0.19152 0.89083
vt 0.18891 0.89085
vt 0.16984 0.90259
vt 0.17012 0.90545
vt 0.1785 0.89799
vt 0.17725 0.89654
vt 0.16898 0.89708
vt 0.16869 0.89595
vt 0.17381 0.89381
vt 0.18249 0.89304
vt 0.1806 0.89263
vt 0.18254 0.89083
vt 0.18107 0.89088
vt 0.14655 0.88181
vt 0.1439 0.87947
vt 0.14004 0.88567
vt 0.14394 0.88645
vt 0.1787 0.88364
vt 0.18134 0.88204
vt 0.16257 0.88325
vt 0.16287 0.88458
vt 0.17347 0.88618
vt 0.17255 0.8868
vt 0.16435 0.88716
vt 0.16502 0.88785
vt 0.1536 0.88575
vt 0.1557 0.88666
vt 0.15266 0.88819
vt 0.15444 0.88854
vt 0.19223 0.88851
vt 0.19425 0.88929
vt 0.18682 0.88674
vt 0.18383 0.88691
vt 0.1852 0.88966
vt 0.18298 0.88985
vt 0.18658 0.89084
vt 0.18183 0.8878
vt 0.18302 0.88815
vt 0.17934 0.88937
vt 0.17883 0.88899
vt 0.79394 0.34151
vt 0.79544 0.34314
vt 0.79175 0.32767
vt 0.79358 0.32834
vt 0.78678 0.35832
vt 0.7885 0.35661
vt 0.78822 0.33351
vt 0.78809 0.33928
vt 0.785 0.35045
vt 0.785 0.34538
vt 0.79603 0.31545
vt 0.79587 0.32248
vt 0.78835 0.32065
vt 0.78833 0.31389
vt 0.79185 0.30738
vt 0.79169 0.30018
vt 0.78805 0.29259
vt 0.78795 0.28522
vt 0.79085 0.27801
vt 0.79053 0.2706
vt 0.79568 0.29345
vt 0.79548 0.28597
vt 0.79214 0.23054
vt 0.79443 0.22995
vt 0.78806 0.22169
vt 0.78935 0.22132
vt 0.79392 0.25621
vt 0.7965 0.25617
vt 0.78932 0.24286
vt 0.79091 0.24267
vt 0.78723 0.25616
vt 0.78838 0.2561
vt 0.78512 0.24291
vt 0.78593 0.24287
vt 0.78665 0.23138
vt 0.78748 0.23115
vt 0.78536 0.22205
vt 0.78586 0.22203
vt 0.79039 0.21686
vt 0.78976 0.21374
vt 0.78616 0.2155
vt 0.78567 0.21539
vt 0.78711 0.22189
vt 0.78714 0.20532
vt 0.78666 0.20729
vt 0.78505 0.20871
vt 0.78509 0.21066
vt 0.45641 0.40029
vt 0.4329 0.40484
vt 0.39754 0.36936
vt 0.37005 0.37852
vt 0.44727 0.48153
vt 0.46358 0.47959
vt 0.40188 0.45543
vt 0.42094 0.44997
vt 0.38639 0.50019
vt 0.40064 0.49412
vt 0.33361 0.48851
vt 0.34896 0.47847
vt 0.36361 0.42595
vt 0.34157 0.43475
vt 0.28758 0.40603
vt 0.2601 0.41519
vt 0.46881 0.5355
vt 0.45769 0.53635
vt 0.43995 0.51417
vt 0.42721 0.51734
vt 0.4717 0.57079
vt 0.46358 0.57077
vt 0.45199 0.55677
vt 0.4432 0.55791
vt 0.44102 0.57226
vt 0.43452 0.57298
vt 0.42006 0.56439
vt 0.41382 0.56739
vt 0.42633 0.54306
vt 0.41692 0.54619
vt 0.39278 0.53124
vt 0.38297 0.53732
vt 0.28528 0.471
vt 0.27113 0.48727
vt 0.21738 0.48158
vt 0.20314 0.50371
vt 0.33965 0.534
vt 0.34957 0.5243
vt 0.29673 0.52592
vt 0.28724 0.54003
vt 0.31281 0.57881
vt 0.31755 0.56701
vt 0.26526 0.60076
vt 0.26783 0.58512
vt 0.23544 0.54073
vt 0.22592 0.55928
vt 0.16042 0.57009
vt 0.14619 0.59222
vt 0.21916 0.63706
vt 0.21491 0.61707
vt 0.1762 0.66591
vt 0.1862 0.69047
vt 0.30909 0.62824
vt 0.30773 0.61574
vt 0.27742 0.66448
vt 0.27154 0.64865
vt 0.33029 0.67676
vt 0.32265 0.66501
vt 0.30531 0.70942
vt 0.31865 0.72284
vt 0.24196 0.69698
vt 0.25229 0.71626
vt 0.21622 0.76416
vt 0.22622 0.78872
vt 0.37091 0.62026
vt 0.37024 0.61295
vt 0.34934 0.64299
vt 0.3459 0.63357
vt 0.41002 0.61445
vt 0.40973 0.61005
vt 0.39548 0.62819
vt 0.3937 0.62264
vt 0.41556 0.63174
vt 0.41343 0.62748
vt 0.40575 0.64368
vt 0.41097 0.64833
vt 0.3834 0.64866
vt 0.37887 0.64171
vt 0.37596 0.67822
vt 0.36735 0.66993
vt 0.38756 0.56516
vt 0.39357 0.55968
vt 0.35412 0.56815
vt 0.35975 0.55968
vt 0.41715 0.58167
vt 0.42008 0.57859
vt 0.39741 0.58442
vt 0.40037 0.57961
vt 0.41062 0.59723
vt 0.41165 0.59313
vt 0.39196 0.60584
vt 0.39251 0.60034
vt 0.37257 0.59132
vt 0.37514 0.58444
vt 0.34271 0.60493
vt 0.34393 0.59547
vt 0.29971 0.76562
vt 0.32273 0.77798
vt 0.32139 0.82433
vt 0.35311 0.8362
vt 0.36296 0.70857
vt 0.37704 0.71772
vt 0.37153 0.75588
vt 0.39206 0.7645
vt 0.44355 0.74338
vt 0.42578 0.73899
vt 0.45754 0.78145
vt 0.48001 0.78281
vt 0.39948 0.80892
vt 0.42614 0.81684
vt 0.44828 0.87182
vt 0.48 0.88369
vt 0.40381 0.66734
vt 0.41276 0.6729
vt 0.40934 0.69974
vt 0.42243 0.70544
vt 0.42701 0.6415
vt 0.43293 0.64374
vt 0.43256 0.65977
vt 0.44127 0.66272
vt 0.45483 0.6482
vt 0.46301 0.64935
vt 0.47 0.66789
vt 0.48001 0.6683
vt 0.44441 0.68558
vt 0.45604 0.68832
vt 0.46524 0.71626
vt 0.48008 0.71711
vt 0.43955 0.62542
vt 0.43345 0.62603
vt 0.44401 0.63415
vt 0.45063 0.63457
vt 0.43233 0.61185
vt 0.43935 0.61144
vt 0.453 0.61717
vt 0.44629 0.61744
vt 0.4599 0.61067
vt 0.46662 0.61068
vt 0.48 0.61674
vt 0.47324 0.6167
vt 0.45911 0.62467
vt 0.46597 0.62487
vt 0.47239 0.63565
vt 0.47998 0.63578
vt 0.43255 0.59942
vt 0.43951 0.59991
vt 0.44625 0.60555
vt 0.45311 0.6056
vt 0.44015 0.58806
vt 0.43421 0.58713
vt 0.45316 0.59549
vt 0.44652 0.59494
vt 0.45933 0.58998
vt 0.4661 0.59013
vt 0.47999 0.59659
vt 0.47325 0.59656
vt 0.45993 0.60105
vt 0.46663 0.60123
vt 0.47333 0.60578
vt 0.48001 0.60581
vt 0.05482 0.07303
vt 0.05057 0.05407
vt 0.0206 0.10194
vt 0.02535 0.12195
vt 0.12817 0.03945
vt 0.13021 0.05732
vt 0.09688 0.08256
vt 0.10084 0.10029
vt 0.13937 0.10795
vt 0.14344 0.12381
vt 0.122 0.16728
vt 0.11569 0.15124
vt 0.0684 0.12932
vt 0.07352 0.14769
vt 0.03958 0.18196
vt 0.04432 0.20197
vt 0.09493 0.19945
vt 0.10475 0.21514
vt 0.0957 0.26616
vt 0.08286 0.25011
vt 0.15992 0.16803
vt 0.16664 0.18166
vt 0.1461 0.21155
vt 0.15544 0.22496
vt 0.19047 0.21825
vt 0.19923 0.22864
vt 0.18685 0.26017
vt 0.19842 0.26961
vt 0.13772 0.25936
vt 0.14954 0.27286
vt 0.13424 0.3143
vt 0.14709 0.33035
vt 0.20895 0.14693
vt 0.21328 0.15802
vt 0.19827 0.18016
vt 0.2048 0.1912
vt 0.24434 0.14414
vt 0.24208 0.13573
vt 0.23423 0.15929
vt 0.23809 0.16792
vt 0.25313 0.16665
vt 0.25656 0.17285
vt 0.25191 0.18955
vt 0.25701 0.19499
vt 0.22902 0.18744
vt 0.23474 0.19565
vt 0.22682 0.21921
vt 0.23476 0.22661
vt 0.18888 0.04196
vt 0.18983 0.05672
vt 0.1648 0.07032
vt 0.16691 0.08611
vt 0.23175 0.06162
vt 0.23198 0.07121
vt 0.21337 0.07514
vt 0.21488 0.08672
vt 0.23467 0.09962
vt 0.23602 0.10894
vt 0.22149 0.11981
vt 0.2242 0.13028
vt 0.1954 0.09816
vt 0.19797 0.11107
vt 0.17691 0.12962
vt 0.18143 0.14304
vt 0.19021 0.30475
vt 0.20593 0.31145
vt 0.20668 0.34563
vt 0.22654 0.35072
vt 0.22845 0.25381
vt 0.2388 0.25983
vt 0.23674 0.28992
vt 0.25026 0.29444
vt 0.27184 0.27215
vt 0.28319 0.27428
vt 0.29201 0.30259
vt 0.30605 0.30318
vt 0.25547 0.32642
vt 0.27226 0.32995
vt 0.28613 0.366
vt 0.306 0.37109
vt 0.26097 0.21927
vt 0.25413 0.2149
vt 0.26906 0.24596
vt 0.26015 0.24254
vt 0.27365 0.18936
vt 0.26892 0.18664
vt 0.28023 0.20788
vt 0.27412 0.20586
vt 0.28923 0.19368
vt 0.29474 0.19427
vt 0.29952 0.21068
vt 0.30605 0.21083
vt 0.2907 0.22896
vt 0.28308 0.2276
vt 0.29691 0.2514
vt 0.30627 0.25173
vt 0.75971 0.16975
vt 0.75453 0.16554
vt 0.785 0.15654
vt 0.70419 0.20066
vt 0.71 0.19159
vt 0.73952 0.18704
vt 0.74662 0.18151
vt 0.61041 0.20363
vt 0.63434 0.19908
vt 0.64845 0.21865
vt 0.66754 0.21496
vt 0.65222 0.13626
vt 0.64998 0.14878
vt 0.59826 0.16927
vt 0.59411 0.1824
vt 0.76348 0.13182
vt 0.74178 0.13429
vt 0.71964 0.11465
vt 0.69786 0.1177
vt 0.70769 0.22785
vt 0.6944 0.23029
vt 0.68462 0.21223
vt 0.7066 0.2659
vt 0.695 0.26943
vt 0.67959 0.25366
vt 0.66514 0.25791
vt 0.65622 0.28285
vt 0.64231 0.28819
vt 0.61806 0.27265
vt 0.60164 0.27806
vt 0.64676 0.24098
vt 0.6284 0.24587
vt 0.6042 0.22856
vt 0.57751 0.23488
vt 0.65715 0.31536
vt 0.6627 0.3229
vt 0.64666 0.33959
vt 0.65361 0.3457
vt 0.70215 0.29661
vt 0.70532 0.30508
vt 0.68947 0.3212
vt 0.69442 0.32899
vt 0.71724 0.3293
vt 0.7218 0.33742
vt 0.71122 0.35281
vt 0.71733 0.36137
vt 0.68063 0.34426
vt 0.68693 0.35148
vt 0.67449 0.36406
vt 0.68145 0.37018
vt 0.74852 0.36733
vt 0.7433 0.37173
vt 0.77783 0.40098
vt 0.77051 0.39809
vt 0.76831 0.38325
vt 0.76293 0.37762
vt 0.77107 0.44435
vt 0.76963 0.43311
vt 0.78501 0.42593
vt 0.73008 0.42016
vt 0.73795 0.42212
vt 0.75426 0.44507
vt 0.76041 0.44866
vt 0.71363 0.38404
vt 0.70685 0.37519
vt 0.70863 0.40223
vt 0.70184 0.39422
vt 0.77843 0.18053
vt 0.77195 0.18222
vt 0.75507 0.17705
vt 0.78266 0.19643
vt 0.78023 0.19727
vt 0.77313 0.19201
vt 0.76946 0.19474
vt 0.77347 0.20342
vt 0.77126 0.20704
vt 0.76038 0.20688
vt 0.75791 0.21253
vt 0.75529 0.19211
vt 0.7508 0.19754
vt 0.72878 0.20099
vt 0.72488 0.20905
vt 0.74137 0.21715
vt 0.73908 0.22512
vt 0.71793 0.23532
vt 0.71703 0.24455
vt 0.7663 0.2214
vt 0.7649 0.22758
vt 0.75259 0.23305
vt 0.75137 0.24092
vt 0.76234 0.24855
vt 0.76163 0.2564
vt 0.75008 0.26547
vt 0.75011 0.2739
vt 0.73583 0.25026
vt 0.73551 0.25919
vt 0.71816 0.27222
vt 0.71953 0.28124
vt 0.73743 0.28524
vt 0.73869 0.29366
vt 0.7261 0.30675
vt 0.72903 0.31487
vt 0.76103 0.28028
vt 0.76106 0.28819
vt 0.75206 0.29837
vt 0.75319 0.30631
vt 0.76264 0.31117
vt 0.76352 0.31864
vt 0.75843 0.32936
vt 0.76063 0.33697
vt 0.74481 0.31775
vt 0.74735 0.32564
vt 0.73988 0.33863
vt 0.74402 0.34673
vt 0.75679 0.34902
vt 0.76029 0.35662
vt 0.75784 0.37083
vt 0.76785 0.34056
vt 0.76987 0.34743
vt 0.7687 0.35815
vt 0.77175 0.36401
vt 0.77962 0.36749
vt 0.77701 0.36429
vt 0.78165 0.37543
vt 0.78504 0.3762
vt 0.7722 0.3754
vt 0.77644 0.37919
vt 0.77953 0.39019
vt 0.7852 0.39113
vt 0.29486 0.06927
vt 0.30043 0.06884
vt 0.27967 0.0621
vt 0.28625 0.0615
vt 0.2986 0.08446
vt 0.3023 0.08403
vt 0.28801 0.07894
vt 0.29232 0.07792
vt 0.28838 0.08778
vt 0.28552 0.08972
vt 0.27676 0.08425
vt 0.27395 0.08709
vt 0.27867 0.07173
vt 0.27373 0.07315
vt 0.25334 0.06453
vt 0.25992 0.06392
vt 0.26288 0.08222
vt 0.26113 0.08746
vt 0.24829 0.08698
vt 0.24831 0.09465
vt 0.27872 0.09762
vt 0.27717 0.10092
vt 0.26896 0.09907
vt 0.26825 0.10385
vt 0.27427 0.11624
vt 0.27452 0.11212
vt 0.26818 0.119
vt 0.26864 0.12416
vt 0.25967 0.10545
vt 0.25993 0.11175
vt 0.25079 0.11761
vt 0.25212 0.12515
vt 0.26351 0.13648
vt 0.26243 0.13047
vt 0.2591 0.15303
vt 0.25704 0.14658
vt 0.27493 0.12867
vt 0.27559 0.13269
vt 0.2724 0.1434
vt 0.27116 0.13893
vt 0.27874 0.14357
vt 0.28028 0.1466
vt 0.27762 0.15454
vt 0.27992 0.15721
vt 0.27035 0.15717
vt 0.26825 0.15272
vt 0.27038 0.17293
vt 0.26709 0.16908
vt 0.27849 0.16678
vt 0.2819 0.16849
vt 0.28227 0.17945
vt 0.28675 0.18038
vt 0.28862 0.1547
vt 0.28615 0.15335
vt 0.28848 0.16194
vt 0.29179 0.16264
vt 0.29689 0.15688
vt 0.2999 0.15719
vt 0.30237 0.16325
vt 0.30605 0.16327
vt 0.29334 0.17078
vt 0.2975 0.17102
vt 0.30103 0.18109
vt 0.30596 0.18106
vt 0.30385 0.09549
vt 0.30156 0.09589
vt 0.29735 0.09147
vt 0.29469 0.09257
vt 0.30495 0.10343
vt 0.3036 0.10373
vt 0.30102 0.10073
vt 0.2995 0.10155
vt 0.29941 0.10675
vt 0.30018 0.1057
vt 0.29594 0.10701
vt 0.29627 0.10531
vt 0.29397 0.10045
vt 0.29545 0.09882
vt 0.28687 0.10193
vt 0.28823 0.09845
vt 0.29267 0.107
vt 0.29361 0.10962
vt 0.29229 0.11254
vt 0.29411 0.11515
vt 0.29899 0.11242
vt 0.29863 0.11079
vt 0.2973 0.11288
vt 0.29828 0.11491
vt 0.30101 0.11739
vt 0.30185 0.11893
vt 0.30244 0.12167
vt 0.30147 0.12027
vt 0.29755 0.11676
vt 0.29892 0.11876
vt 0.30045 0.12287
vt 0.29906 0.12135
vt 0.2851 0.12898
vt 0.28552 0.13145
vt 0.28125 0.13488
vt 0.28218 0.13779
vt 0.29458 0.1304
vt 0.29471 0.13177
vt 0.29126 0.13502
vt 0.29072 0.13329
vt 0.29566 0.13566
vt 0.29611 0.13681
vt 0.29361 0.1395
vt 0.29465 0.14066
vt 0.2877 0.13823
vt 0.28878 0.14017
vt 0.28604 0.14516
vt 0.28772 0.14704
vt 0.29288 0.14468
vt 0.29455 0.14569
vt 0.29614 0.1514
vt 0.29383 0.1507
vt 0.29825 0.13933
vt 0.29925 0.13982
vt 0.29854 0.14302
vt 0.30001 0.14349
vt 0.30397 0.14086
vt 0.30275 0.14068
vt 0.30634 0.14425
vt 0.30472 0.1442
vt 0.30211 0.1479
vt 0.3001 0.14758
vt 0.30353 0.15245
vt 0.3061 0.15251
vt 0.30568 0.10953
vt 0.30494 0.10971
vt 0.30339 0.10723
vt 0.30254 0.10777
vt 0.30616 0.11456
vt 0.30578 0.11464
vt 0.30448 0.11283
vt 0.30493 0.11252
vt 0.3046 0.1155
vt 0.30483 0.1152
vt 0.30348 0.11497
vt 0.30357 0.11428
vt 0.30267 0.11164
vt 0.30308 0.11096
vt 0.30062 0.11141
vt 0.30081 0.11029
vt 0.30248 0.1154
vt 0.30228 0.11432
vt 0.30186 0.11673
vt 0.30133 0.11534
vt 0.30441 0.11694
vt 0.30453 0.11762
vt 0.30388 0.11752
vt 0.30416 0.11843
vt 0.30532 0.12038
vt 0.30512 0.11977
vt 0.30516 0.12096
vt 0.30546 0.12163
vt 0.30363 0.11879
vt 0.3041 0.11984
vt 0.30378 0.12062
vt 0.30437 0.12166
vt 0.30538 0.12238
vt 0.30564 0.12286
vt 0.30556 0.1236
vt 0.30581 0.12394
vt 0.30605 0.12217
vt 0.3059 0.12186
vt 0.30609 0.1229
vt 0.30621 0.12311
vt 0.3064 0.12277
vt 0.30646 0.12282
vt 0.30657 0.12345
vt 0.30651 0.12344
vt 0.30623 0.12377
vt 0.30635 0.12387
vt 0.30657 0.12444
vt 0.30641 0.12443
vt 0.30639 0.11846
vt 0.30623 0.11847
vt 0.30558 0.11686
vt 0.30581 0.11678
vt 0.30651 0.12117
vt 0.30644 0.12114
vt 0.30625 0.11993
vt 0.30612 0.11989
vt 0.30614 0.12097
vt 0.306 0.12082
vt 0.30566 0.11969
vt 0.30545 0.11954
vt 0.30575 0.11854
vt 0.30557 0.1185
vt 0.30502 0.11718
vt 0.30491 0.11725
vt 0.30634 0.12497
vt 0.30608 0.12486
vt 0.30604 0.12419
vt 0.30616 0.12632
vt 0.30571 0.12618
vt 0.30551 0.12524
vt 0.30506 0.12488
vt 0.30406 0.12504
vt 0.30329 0.12425
vt 0.30329 0.12283
vt 0.30512 0.12398
vt 0.30464 0.12335
vt 0.30485 0.12249
vt 0.28909 0.11064
vt 0.28794 0.11229
vt 0.28175 0.10944
vt 0.28086 0.1124
vt 0.29628 0.12115
vt 0.29688 0.12026
vt 0.29103 0.12022
vt 0.29163 0.11859
vt 0.29472 0.12611
vt 0.295 0.12474
vt 0.28997 0.1277
vt 0.29001 0.12576
vt 0.28515 0.12134
vt 0.28552 0.11885
vt 0.27961 0.12203
vt 0.27969 0.12535
vt 0.30016 0.1359
vt 0.30121 0.13586
vt 0.30164 0.13786
vt 0.30262 0.13798
vt 0.29996 0.13229
vt 0.30124 0.13241
vt 0.30239 0.13411
vt 0.30334 0.13415
vt 0.30433 0.13267
vt 0.30513 0.13273
vt 0.30658 0.13426
vt 0.30585 0.13425
vt 0.30408 0.13595
vt 0.30492 0.13602
vt 0.30655 0.13828
vt 0.30559 0.13825
vt 0.306 0.12808
vt 0.30537 0.12795
vt 0.30495 0.12678
vt 0.30429 0.12639
vt 0.30594 0.13025
vt 0.30519 0.13017
vt 0.3045 0.12883
vt 0.30366 0.12853
vt 0.30253 0.12956
vt 0.30136 0.12913
vt 0.30041 0.12685
vt 0.29893 0.1259
vt 0.30311 0.1269
vt 0.30209 0.12618
vt 0.30165 0.12411
vt 0.87874 0.8988
vt 0.87155 0.90068
vt 0.86583 0.89289
vt 0.8598 0.8965
vt 0.84297 0.93511
vt 0.8514 0.92905
vt 0.87192 0.92795
vt 0.87877 0.91806
vt 0.84739 0.90653
vt 0.84707 0.91086
vt 0.83398 0.9261
vt 0.89681 0.81228
vt 0.90016 0.82132
vt 0.88048 0.83942
vt 0.95035 0.81005
vt 0.95243 0.82038
vt 0.92884 0.83043
vt 0.93106 0.84023
vt 0.95791 0.85164
vt 0.95916 0.86233
vt 0.93516 0.87058
vt 0.93512 0.88134
vt 0.90826 0.84872
vt 0.9096 0.85829
vt 0.88375 0.87586
vt 0.90993 0.8888
vt 0.90798 0.89995
vt 0.88389 0.90807
vt 0.96034 0.89624
vt 0.95956 0.90843
vt 0.9305 0.91566
vt 0.92738 0.92763
vt 0.95524 0.94596
vt 0.95335 0.95866
vt 0.91502 0.96388
vt 0.91027 0.97609
vt 0.89479 0.9336
vt 0.88784 0.94503
vt 0.83238 0.96002
vt 0.85086 0.94815
vt 0.84604 0.89664
vt 0.84044 0.89847
vt 0.85369 0.8998
vt 0.83631 0.89159
vt 0.83955 0.89043
vt 0.84747 0.8909
vt 0.85108 0.8887
vt 0.84822 0.88407
vt 0.84722 0.88569
vt 0.85667 0.88157
vt 0.85523 0.87963
vt 0.86461 0.88457
vt 0.86144 0.88793
vt 0.87753 0.8837
vt 0.83539 0.88409
vt 0.83846 0.88423
vt 0.8344 0.8816
vt 0.83072 0.88141
vt 0.83033 0.8885
vt 0.83286 0.88882
vt 0.82747 0.88591
vt 0.83037 0.88614
vt 0.82245 0.88748
vt 0.8197 0.88695
vt 0.81862 0.88502
vt 0.81553 0.88456
vt 0.82599 0.88355
vt 0.82267 0.88336
vt 0.81962 0.8813
vt 0.81738 0.88136
vt 0.70342 0.87309
vt 0.71398 0.87154
vt 0.7248 0.88695
vt 0.73543 0.88531
vt 0.70632 0.8388
vt 0.71662 0.83802
vt 0.72551 0.85349
vt 0.73605 0.85229
vt 0.74785 0.83566
vt 0.75853 0.83485
vt 0.76868 0.84853
vt 0.78026 0.84718
vt 0.74584 0.86689
vt 0.75704 0.86541
vt 0.76856 0.8807
vt 0.78288 0.87934
vt 0.72394 0.94135
vt 0.714 0.94253
vt 0.73814 0.95828
vt 0.74809 0.95739
vt 0.70598 0.90766
vt 0.71638 0.90602
vt 0.72995 0.92226
vt 0.73988 0.92105
vt 0.75727 0.90064
vt 0.74707 0.90152
vt 0.76837 0.919
vt 0.77718 0.91937
vt 0.76294 0.93761
vt 0.75341 0.93827
vt 0.77796 0.95473
vt 0.78792 0.95385
vt 0.78833 0.93771
vt 0.79536 0.93865
vt 0.80459 0.95616
vt 0.81015 0.95693
vt 0.78472 0.90293
vt 0.79264 0.90605
vt 0.80027 0.92368
vt 0.80733 0.92536
vt 0.82082 0.91505
vt 0.81402 0.91377
vt 0.8273 0.92732
vt 0.8147 0.94168
vt 0.82103 0.94206
vt 0.82682 0.95925
vt 0.79266 0.85977
vt 0.80562 0.85769
vt 0.82056 0.86664
vt 0.83315 0.86573
vt 0.79161 0.83157
vt 0.80312 0.83012
vt 0.81675 0.84283
vt 0.82942 0.84166
vt 0.83827 0.82578
vt 0.85013 0.82451
vt 0.86776 0.8396
vt 0.84508 0.85448
vt 0.85813 0.85473
vt 0.87066 0.86955
vt 0.79691 0.88604
vt 0.8011 0.8894
vt 0.80852 0.90125
vt 0.80179 0.89788
vt 0.81035 0.88732
vt 0.81278 0.88848
vt 0.81102 0.89055
vt 0.8153 0.89231
vt 0.82226 0.89163
vt 0.82576 0.8922
vt 0.82914 0.89522
vt 0.834 0.89504
vt 0.81706 0.89745
vt 0.82284 0.89891
vt 0.8345 0.90605
vt 0.828 0.90627
vt 0.86083 0.87512
vt 0.85267 0.87344
vt 0.84575 0.86565
vt 0.84129 0.87968
vt 0.84505 0.88029
vt 0.84015 0.87651
vt 0.83299 0.8764
vt 0.82681 0.87908
vt 0.82185 0.87928
vt 0.81297 0.87789
vt 0.8084 0.87887
vt 0.82335 0.87291
vt 0.81391 0.8742
vt 0.7957 0.87224
vt 0.79834 0.88099
vt 0.79747 0.87948
vt 0.79899 0.88439
vt 0.80264 0.88524
vt 0.81044 0.88173
vt 0.81324 0.88229
vt 0.8081 0.88544
vt 0.80827 0.88474
vt 0.77516 0.33507
vt 0.77607 0.34104
vt 0.77475 0.35003
vt 0.77661 0.35524
vt 0.78345 0.33964
vt 0.78192 0.33926
vt 0.78 0.32726
vt 0.77826 0.32749
vt 0.78111 0.3599
vt 0.78152 0.35658
vt 0.785 0.3549
vt 0.77398 0.31497
vt 0.77168 0.31556
vt 0.77643 0.32792
vt 0.77195 0.28635
vt 0.77455 0.28597
vt 0.77634 0.30038
vt 0.77835 0.30013
vt 0.78075 0.2853
vt 0.78233 0.28522
vt 0.78352 0.29982
vt 0.78505 0.29981
vt 0.77994 0.31403
vt 0.78168 0.31386
vt 0.785 0.32716
vt 0.78335 0.32715
vt 0.77849 0.22547
vt 0.7779 0.23068
vt 0.77197 0.23545
vt 0.77132 0.24193
vt 0.78395 0.22629
vt 0.78372 0.23139
vt 0.78112 0.23672
vt 0.78076 0.24288
vt 0.78323 0.24929
vt 0.78306 0.25616
vt 0.77994 0.26327
vt 0.77958 0.27061
vt 0.77667 0.24913
vt 0.77611 0.25623
vt 0.76978 0.26381
vt 0.76937 0.27151
vt 0.77873 0.21268
vt 0.78029 0.21388
vt 0.78208 0.22175
vt 0.78072 0.22145
vt 0.78426 0.20689
vt 0.78342 0.20729
vt 0.78084 0.20411
vt 0.77943 0.20574
vt 0.7842 0.21837
vt 0.78419 0.21551
vt 0.78517 0.21284
vt 0.58995 0.37852
vt 0.56246 0.36936
vt 0.5036 0.40029
vt 0.6999 0.41519
vt 0.67242 0.40603
vt 0.59639 0.42595
vt 0.61104 0.47855
vt 0.55936 0.49426
vt 0.53907 0.44999
vt 0.49649 0.47959
vt 0.5201 0.51421
vt 0.49126 0.5355
vt 0.56722 0.53163
vt 0.53368 0.5432
vt 0.53995 0.5646
vt 0.51897 0.57252
vt 0.508 0.5568
vt 0.4882 0.57079
vt 0.74262 0.48158
vt 0.75686 0.50371
vt 0.67472 0.47101
vt 0.79958 0.57009
vt 0.81381 0.59222
vt 0.72456 0.54073
vt 0.69216 0.58513
vt 0.64245 0.56705
vt 0.66327 0.52597
vt 0.61043 0.52457
vt 0.7838 0.66591
vt 0.7738 0.69047
vt 0.74509 0.61708
vt 0.74378 0.76416
vt 0.73378 0.78872
vt 0.71804 0.69698
vt 0.65468 0.70942
vt 0.63735 0.66502
vt 0.68846 0.64865
vt 0.65227 0.61577
vt 0.6141 0.63358
vt 0.58976 0.61297
vt 0.59265 0.66993
vt 0.58113 0.64171
vt 0.55425 0.64357
vt 0.54656 0.62727
vt 0.5663 0.62262
vt 0.55027 0.60999
vt 0.60025 0.55986
vt 0.56643 0.55996
vt 0.61607 0.5955
vt 0.58486 0.58448
vt 0.56749 0.60033
vt 0.54835 0.59315
vt 0.55963 0.57973
vt 0.53991 0.57909
vt 0.63861 0.82433
vt 0.60689 0.8362
vt 0.66029 0.76562
vt 0.51172 0.87182
vt 0.56053 0.80892
vt 0.50249 0.78145
vt 0.53427 0.73899
vt 0.58847 0.75588
vt 0.59705 0.70857
vt 0.55067 0.69974
vt 0.5562 0.66733
vt 0.4949 0.71626
vt 0.51564 0.68558
vt 0.49002 0.66789
vt 0.50516 0.64816
vt 0.52744 0.6597
vt 0.53299 0.64108
vt 0.51599 0.63387
vt 0.52655 0.62561
vt 0.48757 0.63565
vt 0.50087 0.62463
vt 0.48676 0.6167
vt 0.5001 0.61066
vt 0.51371 0.61737
vt 0.52767 0.61179
vt 0.51375 0.60552
vt 0.52745 0.59937
vt 0.48668 0.60578
vt 0.50007 0.60105
vt 0.48672 0.59656
vt 0.50062 0.59002
vt 0.51347 0.59501
vt 0.52578 0.58763
vt 0.58665 0.12195
vt 0.5914 0.10194
vt 0.56143 0.05407
vt 0.56768 0.20197
vt 0.57242 0.18196
vt 0.5436 0.12932
vt 0.49631 0.15123
vt 0.47263 0.10795
vt 0.51511 0.08256
vt 0.48383 0.03944
vt 0.51629 0.26616
vt 0.52914 0.25011
vt 0.51707 0.19945
vt 0.47775 0.3143
vt 0.46491 0.33035
vt 0.47428 0.25936
vt 0.42514 0.26016
vt 0.42154 0.21822
vt 0.4659 0.21154
vt 0.45208 0.16801
vt 0.41374 0.18014
vt 0.40305 0.14692
vt 0.3852 0.21912
vt 0.38298 0.1874
vt 0.3601 0.18947
vt 0.35888 0.16654
vt 0.37778 0.15927
vt 0.36994 0.1357
vt 0.4472 0.07032
vt 0.42312 0.04196
vt 0.43509 0.1296
vt 0.4166 0.09815
vt 0.39052 0.11979
vt 0.37735 0.09961
vt 0.39864 0.07513
vt 0.38025 0.06162
vt 0.40532 0.34563
vt 0.38545 0.35072
vt 0.42179 0.30475
vt 0.32586 0.366
vt 0.35653 0.32642
vt 0.32008 0.30259
vt 0.34032 0.27214
vt 0.37527 0.28991
vt 0.38356 0.25375
vt 0.35189 0.24249
vt 0.35788 0.21483
vt 0.31557 0.2514
vt 0.32908 0.22759
vt 0.31257 0.21068
vt 0.32275 0.19366
vt 0.33789 0.20581
vt 0.3431 0.18642
vt 0.81029 0.16975
vt 0.85036 0.11465
vt 0.80652 0.13182
vt 0.97174 0.16927
vt 0.91778 0.13626
vt 0.92155 0.21863
vt 0.95959 0.20363
vt 0.83049 0.18705
vt 0.86581 0.20066
vt 0.86231 0.22786
vt 0.9658 0.22856
vt 0.99249 0.23488
vt 0.92324 0.24097
vt 0.95194 0.27265
vt 0.96836 0.27805
vt 0.91377 0.28284
vt 0.8904 0.25366
vt 0.8634 0.26589
vt 0.92334 0.33958
vt 0.91639 0.3457
vt 0.91285 0.31535
vt 0.89551 0.36406
vt 0.88855 0.37017
vt 0.88937 0.34426
vt 0.85878 0.3529
vt 0.85277 0.32947
vt 0.88053 0.32121
vt 0.86784 0.29661
vt 0.8215 0.36768
vt 0.86816 0.39422
vt 0.86315 0.3752
vt 0.81574 0.44507
vt 0.83992 0.42016
vt 0.79893 0.44435
vt 0.80186 0.3833
vt 0.79242 0.40098
vt 0.79158 0.18053
vt 0.84122 0.201
vt 0.84512 0.20906
vt 0.81471 0.19211
vt 0.80963 0.20683
vt 0.79656 0.20333
vt 0.79688 0.192
vt 0.78741 0.19643
vt 0.82863 0.21715
vt 0.83417 0.25025
vt 0.81991 0.26546
vt 0.80767 0.24852
vt 0.81742 0.23302
vt 0.80374 0.22122
vt 0.84391 0.30678
vt 0.83257 0.28523
vt 0.83014 0.33911
vt 0.826 0.34726
vt 0.8252 0.31793
vt 0.81158 0.32963
vt 0.80737 0.31149
vt 0.81795 0.2984
vt 0.80899 0.28025
vt 0.81323 0.34937
vt 0.79084 0.39019
vt 0.79792 0.37544
vt 0.78843 0.37543
vt 0.79301 0.36435
vt 0.80132 0.35832
vt 0.80216 0.3412
vt 0.33233 0.0621
vt 0.32575 0.06149
vt 0.31165 0.06884
vt 0.35208 0.06392
vt 0.33341 0.07172
vt 0.33541 0.08423
vt 0.32389 0.08775
vt 0.31984 0.07791
vt 0.30989 0.08402
vt 0.36375 0.08697
vt 0.34921 0.08221
vt 0.36126 0.11758
vt 0.35243 0.10543
vt 0.344 0.11898
vt 0.33776 0.1121
vt 0.34323 0.09904
vt 0.33357 0.09758
vt 0.35501 0.14653
vt 0.34967 0.13045
vt 0.34495 0.16876
vt 0.34384 0.15261
vt 0.33454 0.15448
vt 0.33352 0.14356
vt 0.34101 0.13891
vt 0.33735 0.12866
vt 0.32976 0.1793
vt 0.3336 0.16656
vt 0.3109 0.18109
vt 0.3187 0.17076
vt 0.30973 0.16325
vt 0.3153 0.15689
vt 0.32367 0.1619
vt 0.3261 0.15332
vt 0.31499 0.09146
vt 0.3086 0.09548
vt 0.3242 0.09839
vt 0.31708 0.09878
vt 0.31681 0.10696
vt 0.31644 0.10527
vt 0.31263 0.10566
vt 0.31162 0.10071
vt 0.30777 0.10342
vt 0.33067 0.1094
vt 0.3235 0.11059
vt 0.3328 0.12201
vt 0.32704 0.11882
vt 0.32271 0.12575
vt 0.31788 0.12473
vt 0.32111 0.11857
vt 0.31602 0.12023
vt 0.33115 0.13487
vt 0.32746 0.12897
vt 0.32634 0.14513
vt 0.32484 0.13823
vt 0.31908 0.13949
vt 0.31719 0.13564
vt 0.32199 0.1333
vt 0.31829 0.13039
vt 0.31853 0.15069
vt 0.31964 0.14466
vt 0.30869 0.15245
vt 0.31237 0.14759
vt 0.30795 0.1442
vt 0.31012 0.14069
vt 0.31415 0.14302
vt 0.31457 0.13929
vt 0.30948 0.10722
vt 0.30723 0.10952
vt 0.31233 0.11135
vt 0.31212 0.11024
vt 0.30991 0.11093
vt 0.30948 0.11427
vt 0.30824 0.1152
vt 0.3081 0.11251
vt 0.30691 0.11456
vt 0.31117 0.11671
vt 0.31168 0.11531
vt 0.31075 0.11428
vt 0.3093 0.12062
vt 0.30873 0.12166
vt 0.30944 0.11878
vt 0.30795 0.12096
vt 0.30799 0.11976
vt 0.3092 0.11751
vt 0.30867 0.11696
vt 0.30757 0.1236
vt 0.30732 0.12395
vt 0.30774 0.12237
vt 0.30672 0.12443
vt 0.30691 0.12376
vt 0.30663 0.12344
vt 0.30673 0.12277
vt 0.30704 0.1229
vt 0.30722 0.12186
vt 0.30728 0.11678
vt 0.30671 0.11846
vt 0.30806 0.1172
vt 0.30734 0.11854
vt 0.30745 0.11969
vt 0.30697 0.12097
vt 0.30686 0.11993
vt 0.30662 0.12117
vt 0.30709 0.12419
vt 0.3068 0.12497
vt 0.30826 0.12249
vt 0.308 0.12397
vt 0.3098 0.12281
vt 0.30905 0.12503
vt 0.30762 0.12524
vt 0.30698 0.12631
vt 0.31057 0.11809
vt 0.31035 0.12037
vt 0.31229 0.1126
vt 0.31344 0.11403
vt 0.31674 0.10883
vt 0.318 0.11207
vt 0.31361 0.11683
vt 0.31276 0.12053
vt 0.31132 0.13783
vt 0.31283 0.13586
vt 0.30751 0.13825
vt 0.30901 0.13595
vt 0.30731 0.13425
vt 0.30885 0.13267
vt 0.31069 0.1341
vt 0.31307 0.13229
vt 0.30818 0.12677
vt 0.30715 0.12808
vt 0.3114 0.1241
vt 0.30999 0.1269
vt 0.31264 0.12684
vt 0.31058 0.12955
vt 0.30865 0.12882
vt 0.30731 0.13025
vt 0.13474 0.89737
vt 0.12382 0.90258
vt 0.14905 0.90912
vt 0.12804 0.9278
vt 0.15126 0.93513
vt 0.12386 0.85185
vt 0.10992 0.82778
vt 0.12064 0.88307
vt 0.09909 0.85867
vt 0.07413 0.87609
vt 0.05308 0.85829
vt 0.08064 0.8415
vt 0.06199 0.82194
vt 0.09712 0.89294
vt 0.15838 0.95747
vt 0.14428 0.94616
vt 0.10923 0.93142
vt 0.0938 0.95536
vt 0.09832 0.96575
vt 0.05949 0.93812
vt 0.07884 0.91443
vt 0.05082 0.89662
vt 0.15513 0.90181
vt 0.12556 0.88971
vt 0.13845 0.89304
vt 0.14259 0.88792
vt 0.15013 0.89109
vt 0.14971 0.89535
vt 0.15931 0.89572
vt 0.1617 0.88795
vt 0.15789 0.88982
vt 0.1749 0.88796
vt 0.17689 0.888
vt 0.16957 0.88906
vt 0.17663 0.88965
vt 0.17296 0.89141
vt 0.16545 0.89087
vt 0.16284 0.89317
vt 0.26111 0.89934
vt 0.28328 0.88676
vt 0.2178 0.89169
vt 0.24105 0.87961
vt 0.22079 0.86163
vt 0.24174 0.84969
vt 0.26219 0.86738
vt 0.28192 0.85388
vt 0.23762 0.96561
vt 0.24722 0.96684
vt 0.27093 0.95272
vt 0.2088 0.96193
vt 0.1992 0.9607
vt 0.23232 0.9471
vt 0.21763 0.92774
vt 0.2384 0.91236
vt 0.25537 0.93279
vt 0.27961 0.9197
vt 0.18389 0.95949
vt 0.17879 0.95908
vt 0.19885 0.94401
vt 0.16348 0.95788
vt 0.17492 0.94377
vt 0.16459 0.92893
vt 0.17622 0.91753
vt 0.18797 0.92875
vt 0.20208 0.91098
vt 0.1631 0.876
vt 0.17345 0.87717
vt 0.19777 0.87174
vt 0.13184 0.87813
vt 0.15376 0.86587
vt 0.13493 0.85238
vt 0.1609 0.84075
vt 0.17846 0.85592
vt 0.20132 0.84536
vt 0.18726 0.90387
vt 0.19254 0.89294
vt 0.15956 0.90877
vt 0.16491 0.90924
vt 0.17479 0.90156
vt 0.16506 0.89885
vt 0.17188 0.89535
vt 0.18109 0.89512
vt 0.1829 0.89165
vt 0.15268 0.87556
vt 0.13971 0.88294
vt 0.19382 0.88284
vt 0.17088 0.88231
vt 0.17983 0.88621
vt 0.16824 0.88655
vt 0.15683 0.88447
vt 0.15241 0.88704
vt 0.19263 0.88782
vt 0.18522 0.89015
vt 0.18082 0.88839
vt 0.79526 0.35047
vt 0.79485 0.33571
vt 0.7889 0.35992
vt 0.79001 0.32732
vt 0.78656 0.33964
vt 0.79833 0.31619
vt 0.78666 0.32715
vt 0.79007 0.31409
vt 0.78658 0.29982
vt 0.78943 0.2853
vt 0.79368 0.30048
vt 0.79807 0.28634
vt 0.79806 0.23533
vt 0.79156 0.22528
vt 0.80025 0.26377
vt 0.79336 0.2491
vt 0.79017 0.26326
vt 0.787 0.24929
vt 0.78897 0.23669
vt 0.78651 0.22629
vt 0.79131 0.21249
vt 0.78626 0.21837
vt 0.78922 0.20409
vt 0.78583 0.20689
vt 0.42898 0.38274
vt 0.44394 0.46437
vt 0.42172 0.5038
vt 0.37645 0.48556
vt 0.39431 0.43715
vt 0.32846 0.41599
vt 0.45556 0.52485
vt 0.46247 0.56402
vt 0.45126 0.58175
vt 0.44992 0.57709
vt 0.43115 0.56794
vt 0.44002 0.54969
vt 0.41066 0.53677
vt 0.31832 0.4733
vt 0.25154 0.47353
vt 0.37244 0.52693
vt 0.32425 0.52378
vt 0.33964 0.56222
vt 0.29357 0.57451
vt 0.26728 0.53146
vt 0.20057 0.55368
vt 0.24104 0.5992
vt 0.19295 0.63921
vt 0.32625 0.60423
vt 0.28915 0.63043
vt 0.33381 0.64778
vt 0.31298 0.68552
vt 0.25581 0.6707
vt 0.22948 0.72779
vt 0.38172 0.60582
vt 0.3582 0.62207
vt 0.41756 0.60564
vt 0.42498 0.60556
vt 0.40173 0.61562
vt 0.41911 0.62126
vt 0.426 0.61977
vt 0.40891 0.63484
vt 0.38599 0.63123
vt 0.37252 0.65454
vt 0.40759 0.56155
vt 0.37771 0.55895
vt 0.42771 0.57909
vt 0.43036 0.5811
vt 0.41094 0.57879
vt 0.41997 0.59083
vt 0.42664 0.5922
vt 0.40252 0.5962
vt 0.38846 0.58138
vt 0.36027 0.58901
vt 0.30038 0.73643
vt 0.3064 0.79508
vt 0.36391 0.68795
vt 0.36519 0.73141
vt 0.4159 0.71874
vt 0.43953 0.76
vt 0.38285 0.78163
vt 0.42137 0.8382
vt 0.40396 0.65443
vt 0.40547 0.68251
vt 0.42627 0.63541
vt 0.42913 0.63313
vt 0.42913 0.64956
vt 0.44906 0.64037
vt 0.4617 0.6575
vt 0.43756 0.67189
vt 0.4535 0.70061
vt 0.4391 0.62938
vt 0.43946 0.61452
vt 0.45311 0.60811
vt 0.46659 0.61346
vt 0.4528 0.62073
vt 0.46553 0.62966
vt 0.43937 0.60272
vt 0.4401 0.59126
vt 0.45216 0.58588
vt 0.46637 0.59355
vt 0.4532 0.59818
vt 0.46664 0.60351
vt 0.06632 0.03166
vt 0.0863 0.02824
vt 0.03539 0.07745
vt 0.14625 0.01798
vt 0.16623 0.01455
vt 0.11204 0.06067
vt 0.15192 0.08837
vt 0.1273 0.12891
vt 0.08248 0.10534
vt 0.05432 0.15474
vt 0.1047 0.17485
vt 0.08753 0.22454
vt 0.16811 0.14804
vt 0.15251 0.18928
vt 0.19393 0.1987
vt 0.18802 0.23875
vt 0.14114 0.23482
vt 0.1356 0.28546
vt 0.21502 0.13256
vt 0.20333 0.16285
vt 0.24641 0.12592
vt 0.23799 0.1469
vt 0.25482 0.15618
vt 0.25213 0.17781
vt 0.2312 0.17284
vt 0.22752 0.20291
vt 0.1989 0.0333
vt 0.20979 0.03954
vt 0.17749 0.05441
vt 0.24245 0.05828
vt 0.22239 0.06719
vt 0.24135 0.09237
vt 0.22808 0.10878
vt 0.20446 0.08548
vt 0.1861 0.11296
vt 0.18736 0.28237
vt 0.19648 0.3259
vt 0.22702 0.23622
vt 0.23153 0.27181
vt 0.26509 0.25718
vt 0.2807 0.2873
vt 0.24463 0.30804
vt 0.26929 0.34534
vt 0.25255 0.20192
vt 0.25661 0.22843
vt 0.26758 0.17777
vt 0.2711 0.19595
vt 0.28536 0.18627
vt 0.29393 0.20182
vt 0.27807 0.21641
vt 0.28928 0.23933
vt 0.76956 0.1629
vt 0.72277 0.19218
vt 0.58996 0.19552
vt 0.63008 0.21127
vt 0.67607 0.12075
vt 0.62623 0.15243
vt 0.74144 0.12312
vt 0.69659 0.22022
vt 0.69376 0.25973
vt 0.67289 0.28744
vt 0.67649 0.29657
vt 0.63806 0.27794
vt 0.66407 0.2474
vt 0.62699 0.23468
vt 0.65126 0.32812
vt 0.69536 0.30896
vt 0.7213 0.31792
vt 0.7139 0.34098
vt 0.68459 0.33304
vt 0.67731 0.35473
vt 0.73755 0.36288
vt 0.77221 0.39247
vt 0.76656 0.45226
vt 0.77734 0.43559
vt 0.71543 0.41025
vt 0.74308 0.43181
vt 0.70896 0.36432
vt 0.70445 0.38525
vt 0.7686 0.17788
vt 0.77886 0.19373
vt 0.77778 0.20335
vt 0.76772 0.20446
vt 0.76532 0.1913
vt 0.74299 0.19527
vt 0.75153 0.21106
vt 0.73003 0.22529
vt 0.7744 0.21918
vt 0.7714 0.21768
vt 0.76006 0.22641
vt 0.76757 0.24149
vt 0.75643 0.25657
vt 0.7444 0.24105
vt 0.72693 0.26077
vt 0.74365 0.2751
vt 0.73153 0.29581
vt 0.76554 0.27185
vt 0.75648 0.28911
vt 0.76875 0.30188
vt 0.76556 0.30266
vt 0.76022 0.32007
vt 0.74812 0.30794
vt 0.74203 0.32792
vt 0.75728 0.33895
vt 0.75694 0.35968
vt 0.77052 0.33044
vt 0.76841 0.33175
vt 0.76798 0.34949
vt 0.7756 0.35742
vt 0.779 0.37038
vt 0.77006 0.36684
vt 0.77528 0.38322
vt 0.29385 0.0651
vt 0.29771 0.08093
vt 0.29319 0.08958
vt 0.28291 0.08599
vt 0.28602 0.07491
vt 0.27016 0.06828
vt 0.27003 0.08282
vt 0.25555 0.08348
vt 0.28367 0.09819
vt 0.27381 0.09782
vt 0.27805 0.1103
vt 0.27125 0.115
vt 0.26425 0.10157
vt 0.2552 0.1108
vt 0.26527 0.12415
vt 0.25966 0.13798
vt 0.27713 0.1249
vt 0.27295 0.13335
vt 0.27985 0.13889
vt 0.27798 0.14883
vt 0.26957 0.14541
vt 0.26737 0.16067
vt 0.27775 0.1606
vt 0.27998 0.17302
vt 0.28585 0.14918
vt 0.287 0.15761
vt 0.29507 0.15379
vt 0.29932 0.15998
vt 0.29058 0.16629
vt 0.29683 0.17564
vt 0.30089 0.09343
vt 0.30317 0.10199
vt 0.30189 0.10635
vt 0.29828 0.10532
vt 0.29846 0.09965
vt 0.29207 0.09838
vt 0.29429 0.10579
vt 0.29198 0.10932
vt 0.29966 0.11037
vt 0.2978 0.11161
vt 0.30107 0.11623
vt 0.30116 0.11877
vt 0.29722 0.11463
vt 0.29821 0.11907
vt 0.28748 0.12706
vt 0.28299 0.13158
vt 0.29836 0.13008
vt 0.29655 0.12957
vt 0.2926 0.13161
vt 0.29705 0.13423
vt 0.29865 0.13413
vt 0.29448 0.1374
vt 0.28906 0.1355
vt 0.28668 0.14148
vt 0.29306 0.14194
vt 0.29311 0.14763
vt 0.29841 0.13797
vt 0.29909 0.13748
vt 0.29828 0.14103
vt 0.30215 0.13916
vt 0.30358 0.14238
vt 0.29912 0.14522
vt 0.30156 0.15002
vt 0.30465 0.10831
vt 0.30562 0.1135
vt 0.30537 0.11594
vt 0.30422 0.11463
vt 0.30408 0.11165
vt 0.30198 0.1105
vt 0.3029 0.11417
vt 0.30174 0.11471
vt 0.30469 0.11688
vt 0.30413 0.11716
vt 0.3052 0.11933
vt 0.30511 0.12031
vt 0.3037 0.11806
vt 0.30366 0.11966
vt 0.30527 0.12168
vt 0.30548 0.12302
vt 0.30585 0.12125
vt 0.3058 0.12134
vt 0.30601 0.12241
vt 0.30632 0.12196
vt 0.30633 0.12233
vt 0.30645 0.12313
vt 0.30615 0.12335
vt 0.3063 0.12412
vt 0.30615 0.11764
vt 0.30641 0.12059
vt 0.3063 0.12155
vt 0.30593 0.12035
vt 0.30603 0.11924
vt 0.3054 0.11781
vt 0.30617 0.12461
vt 0.30581 0.12583
vt 0.30449 0.12597
vt 0.30366 0.12399
vt 0.30528 0.12462
vt 0.30498 0.12326
vt 0.28552 0.10952
vt 0.29439 0.11928
vt 0.29724 0.12476
vt 0.29255 0.12503
vt 0.28863 0.1184
vt 0.28246 0.12003
vt 0.30106 0.13677
vt 0.3013 0.13324
vt 0.30342 0.13189
vt 0.30342 0.13119
vt 0.30512 0.13344
vt 0.30329 0.13499
vt 0.30481 0.13703
vt 0.30546 0.12748
vt 0.30523 0.12959
vt 0.30346 0.13052
vt 0.30152 0.12836
vt 0.3038 0.12795
vt 0.30239 0.12562
vt 0.87267 0.89391
vt 0.83432 0.9324
vt 0.85567 0.93363
vt 0.84067 0.91334
vt 0.9207 0.80153
vt 0.90695 0.80241
vt 0.88725 0.82176
vt 0.97567 0.798
vt 0.96193 0.79888
vt 0.93942 0.82052
vt 0.98127 0.84228
vt 0.9688 0.8417
vt 0.94683 0.86122
vt 0.91856 0.83981
vt 0.8973 0.8573
vt 0.92287 0.87969
vt 0.8969 0.89841
vt 0.97352 0.88582
vt 0.98688 0.88657
vt 0.94607 0.90612
vt 0.98752 0.93936
vt 0.97218 0.93632
vt 0.93632 0.95514
vt 0.91351 0.92486
vt 0.87393 0.94161
vt 0.83435 0.89704
vt 0.84704 0.89934
vt 0.83224 0.89139
vt 0.83183 0.89075
vt 0.84161 0.89145
vt 0.83914 0.88677
vt 0.8422 0.88702
vt 0.85219 0.88389
vt 0.8541 0.88973
vt 0.86896 0.88579
vt 0.83647 0.88296
vt 0.83187 0.88748
vt 0.82376 0.88876
vt 0.82225 0.8895
vt 0.82078 0.88624
vt 0.82843 0.88483
vt 0.82294 0.88231
vt 0.69449 0.85713
vt 0.69371 0.8659
vt 0.71375 0.88004
vt 0.69763 0.82205
vt 0.69685 0.83082
vt 0.7158 0.84633
vt 0.73905 0.82085
vt 0.73817 0.82863
vt 0.75793 0.84226
vt 0.73548 0.8603
vt 0.75684 0.87353
vt 0.70193 0.93516
vt 0.69981 0.92657
vt 0.72604 0.95025
vt 0.69347 0.90079
vt 0.69136 0.8922
vt 0.71803 0.91476
vt 0.736 0.89401
vt 0.75785 0.90989
vt 0.74169 0.93012
vt 0.76538 0.94661
vt 0.7786 0.92836
vt 0.79711 0.947
vt 0.77782 0.89093
vt 0.79238 0.91371
vt 0.80759 0.90595
vt 0.82067 0.92095
vt 0.80779 0.9329
vt 0.82114 0.95018
vt 0.78014 0.85444
vt 0.80643 0.86373
vt 0.78046 0.81964
vt 0.78043 0.82602
vt 0.80371 0.83717
vt 0.82481 0.81978
vt 0.82309 0.81235
vt 0.85275 0.8323
vt 0.8307 0.8485
vt 0.85892 0.86128
vt 0.79772 0.8906
vt 0.81131 0.88658
vt 0.81316 0.88677
vt 0.81014 0.88858
vt 0.8206 0.89013
vt 0.82505 0.89336
vt 0.81331 0.89352
vt 0.82211 0.90187
vt 0.86009 0.87866
vt 0.85608 0.87065
vt 0.84456 0.8819
vt 0.84247 0.88239
vt 0.84383 0.87843
vt 0.83139 0.88026
vt 0.8206 0.87821
vt 0.83336 0.87459
vt 0.81069 0.87198
vt 0.80451 0.87824
vt 0.79557 0.88168
vt 0.81592 0.8837
vt 0.81156 0.88089
vt 0.80588 0.88585
vt 0.81117 0.88533
vt 0.77458 0.34251
vt 0.78178 0.33349
vt 0.78323 0.35832
vt 0.77414 0.32184
vt 0.77434 0.29341
vt 0.77926 0.27802
vt 0.78213 0.29259
vt 0.77817 0.30728
vt 0.78165 0.32063
vt 0.77561 0.23014
vt 0.7848 0.22203
vt 0.78276 0.23117
vt 0.78431 0.24287
vt 0.78181 0.25611
vt 0.77913 0.24271
vt 0.77352 0.2562
vt 0.77966 0.21705
vt 0.78294 0.20533
vt 0.7832 0.22191
vt 0.7848 0.21539
vt 0.50553 0.37614
vt 0.54466 0.43087
vt 0.60683 0.40696
vt 0.62464 0.46227
vt 0.56766 0.47872
vt 0.57656 0.52026
vt 0.49813 0.46206
vt 0.52424 0.50016
vt 0.49235 0.52358
vt 0.51041 0.54807
vt 0.53896 0.533
vt 0.54542 0.55807
vt 0.52176 0.5666
vt 0.52811 0.57858
vt 0.48878 0.56366
vt 0.5029 0.57707
vt 0.69407 0.45451
vt 0.68211 0.51553
vt 0.74765 0.53334
vt 0.71584 0.58178
vt 0.66092 0.56112
vt 0.6323 0.59343
vt 0.62468 0.51286
vt 0.6139 0.55271
vt 0.77383 0.61698
vt 0.71099 0.65284
vt 0.74074 0.70594
vt 0.67418 0.7215
vt 0.65549 0.67225
vt 0.60579 0.67853
vt 0.67258 0.61627
vt 0.63012 0.63701
vt 0.60273 0.61375
vt 0.57618 0.62493
vt 0.59275 0.64669
vt 0.562 0.64896
vt 0.55388 0.63011
vt 0.53651 0.6321
vt 0.53162 0.63009
vt 0.55873 0.61067
vt 0.54168 0.61723
vt 0.53451 0.61604
vt 0.5755 0.5528
vt 0.568 0.57596
vt 0.59685 0.58108
vt 0.5776 0.59954
vt 0.55622 0.59153
vt 0.54222 0.60177
vt 0.53486 0.60208
vt 0.54532 0.57558
vt 0.53873 0.58761
vt 0.5325 0.58923
vt 0.68065 0.78278
vt 0.60022 0.77222
vt 0.5678 0.82836
vt 0.5047 0.80123
vt 0.48001 0.80291
vt 0.54024 0.75492
vt 0.49657 0.73079
vt 0.48007 0.73173
vt 0.61059 0.72132
vt 0.55872 0.71233
vt 0.56454 0.67621
vt 0.53203 0.66823
vt 0.51946 0.69738
vt 0.49099 0.67846
vt 0.48003 0.67898
vt 0.50713 0.65614
vt 0.48799 0.64231
vt 0.47998 0.6425
vt 0.5374 0.64632
vt 0.51784 0.6392
vt 0.52646 0.62918
vt 0.51381 0.62085
vt 0.50147 0.62944
vt 0.47999 0.62049
vt 0.48685 0.62045
vt 0.50014 0.6136
vt 0.48668 0.60807
vt 0.48001 0.60809
vt 0.52747 0.61511
vt 0.51374 0.60817
vt 0.52767 0.60238
vt 0.51353 0.59772
vt 0.50009 0.60337
vt 0.48 0.59913
vt 0.48669 0.5991
vt 0.50031 0.59321
vt 0.48709 0.58663
vt 0.47993 0.58667
vt 0.52623 0.59053
vt 0.51419 0.58573
vt 0.58114 0.05798
vt 0.5338 0.08711
vt 0.56266 0.13557
vt 0.51401 0.15818
vt 0.48928 0.11251
vt 0.44887 0.13392
vt 0.50289 0.04279
vt 0.46259 0.07193
vt 0.5357 0.2086
vt 0.48102 0.22077
vt 0.48876 0.27071
vt 0.43718 0.27234
vt 0.43367 0.22763
vt 0.3938 0.22825
vt 0.46691 0.17505
vt 0.4253 0.18705
vt 0.41373 0.15109
vt 0.3853 0.16359
vt 0.39109 0.19406
vt 0.36518 0.19595
vt 0.36392 0.17097
vt 0.34811 0.17327
vt 0.37689 0.13784
vt 0.35965 0.14915
vt 0.43489 0.03783
vt 0.40922 0.07276
vt 0.42891 0.09925
vt 0.40012 0.12132
vt 0.38582 0.09863
vt 0.36726 0.11766
vt 0.39049 0.05651
vt 0.3711 0.08382
vt 0.43322 0.31983
vt 0.38237 0.30333
vt 0.36102 0.34105
vt 0.32145 0.31716
vt 0.30601 0.31788
vt 0.34403 0.28484
vt 0.31656 0.2632
vt 0.30624 0.26357
vt 0.39205 0.26531
vt 0.35685 0.25339
vt 0.36306 0.22349
vt 0.34064 0.214
vt 0.33136 0.23774
vt 0.31318 0.21985
vt 0.30612 0.22004
vt 0.32403 0.20112
vt 0.31124 0.18734
vt 0.30596 0.18733
vt 0.34611 0.19263
vt 0.33148 0.185
vt 0.79787 0.16759
vt 0.83887 0.16475
vt 0.84634 0.15826
vt 0.85487 0.17161
vt 0.87167 0.16657
vt 0.80675 0.12049
vt 0.87291 0.1535
vt 0.84957 0.14877
vt 0.94058 0.13964
vt 0.90021 0.17004
vt 0.89748 0.15752
vt 0.96366 0.21631
vt 0.90612 0.18261
vt 0.88404 0.18036
vt 0.85264 0.2005
vt 0.86645 0.18078
vt 0.86004 0.21852
vt 0.89072 0.24343
vt 0.92317 0.22993
vt 0.95659 0.2619
vt 0.97439 0.26726
vt 0.91719 0.27284
vt 0.93659 0.30409
vt 0.95025 0.31044
vt 0.93098 0.31344
vt 0.94422 0.32123
vt 0.86421 0.25645
vt 0.88479 0.28285
vt 0.88181 0.29197
vt 0.92498 0.32122
vt 0.89088 0.32557
vt 0.89933 0.34803
vt 0.86745 0.35605
vt 0.86126 0.33307
vt 0.83634 0.34238
vt 0.83165 0.35073
vt 0.87841 0.30064
vt 0.85215 0.30984
vt 0.8267 0.35929
vt 0.81796 0.39424
vt 0.82557 0.38576
vt 0.82283 0.40232
vt 0.83196 0.39016
vt 0.87235 0.37681
vt 0.84026 0.39237
vt 0.83364 0.40277
vt 0.83395 0.42901
vt 0.81946 0.41536
vt 0.82848 0.41349
vt 0.79196 0.44725
vt 0.81039 0.41888
vt 0.81121 0.40877
vt 0.79165 0.39518
vt 0.80963 0.40061
vt 0.79331 0.17622
vt 0.80013 0.18825
vt 0.82193 0.18948
vt 0.81563 0.20492
vt 0.79981 0.20073
vt 0.79725 0.21288
vt 0.79455 0.21461
vt 0.78812 0.19282
vt 0.79048 0.20151
vt 0.83773 0.21705
vt 0.82438 0.23284
vt 0.84314 0.25173
vt 0.82664 0.26649
vt 0.8131 0.24861
vt 0.80413 0.26396
vt 0.80847 0.21988
vt 0.80169 0.23464
vt 0.84023 0.28737
vt 0.82343 0.29996
vt 0.8311 0.3203
vt 0.81537 0.33152
vt 0.81112 0.31274
vt 0.8003 0.32433
vt 0.8027 0.3254
vt 0.81392 0.28107
vt 0.80128 0.29446
vt 0.80468 0.29514
vt 0.81714 0.35224
vt 0.80344 0.36093
vt 0.79975 0.37911
vt 0.7889 0.37855
vt 0.78509 0.37938
vt 0.79397 0.36667
vt 0.78745 0.36732
vt 0.78501 0.36804
vt 0.78721 0.36454
vt 0.78501 0.36518
vt 0.80437 0.34286
vt 0.79653 0.35236
vt 0.31211 0.0646
vt 0.32125 0.07397
vt 0.33614 0.06724
vt 0.33892 0.07987
vt 0.32599 0.08414
vt 0.3267 0.09543
vt 0.31031 0.08052
vt 0.31607 0.08845
vt 0.35479 0.07722
vt 0.34729 0.09616
vt 0.35746 0.10383
vt 0.3475 0.11843
vt 0.34084 0.11043
vt 0.33537 0.12115
vt 0.33683 0.09417
vt 0.3334 0.10691
vt 0.35377 0.13136
vt 0.34394 0.14045
vt 0.34704 0.15558
vt 0.33687 0.15754
vt 0.33584 0.14541
vt 0.32829 0.14708
vt 0.34 0.12888
vt 0.33348 0.13562
vt 0.33573 0.17082
vt 0.3251 0.16553
vt 0.31964 0.17548
vt 0.31001 0.16681
vt 0.30603 0.1668
vt 0.31609 0.15977
vt 0.30893 0.15478
vt 0.30608 0.15482
vt 0.32784 0.15612
vt 0.31976 0.15308
vt 0.30886 0.09302
vt 0.31234 0.09873
vt 0.31855 0.09656
vt 0.31797 0.10384
vt 0.31352 0.10417
vt 0.313 0.10908
vt 0.30795 0.10167
vt 0.30993 0.10573
vt 0.32557 0.10744
vt 0.32332 0.11645
vt 0.3296 0.11717
vt 0.32514 0.12481
vt 0.31995 0.12341
vt 0.31459 0.129
vt 0.31634 0.12832
vt 0.31774 0.11823
vt 0.31376 0.12498
vt 0.31533 0.12371
vt 0.32994 0.12874
vt 0.32421 0.13351
vt 0.32696 0.13926
vt 0.32076 0.1406
vt 0.31892 0.13608
vt 0.31495 0.1372
vt 0.31388 0.13683
vt 0.3204 0.12999
vt 0.31609 0.13311
vt 0.31445 0.13314
vt 0.32118 0.14649
vt 0.31514 0.14467
vt 0.31305 0.14968
vt 0.30627 0.14612
vt 0.30811 0.14607
vt 0.3106 0.14219
vt 0.30652 0.13956
vt 0.3076 0.13953
vt 0.31562 0.14037
vt 0.31182 0.13894
vt 0.30734 0.10811
vt 0.30839 0.11128
vt 0.31047 0.10971
vt 0.31002 0.11335
vt 0.30857 0.11424
vt 0.30831 0.11656
vt 0.30698 0.1134
vt 0.30744 0.11581
vt 0.31148 0.11346
vt 0.3097 0.11702
vt 0.30997 0.11845
vt 0.3082 0.12092
vt 0.30827 0.11956
vt 0.30733 0.12097
vt 0.30745 0.12095
vt 0.30907 0.11639
vt 0.3078 0.11893
vt 0.30807 0.11868
vt 0.30797 0.12244
vt 0.30713 0.1231
vt 0.30699 0.12398
vt 0.30657 0.12371
vt 0.30665 0.1237
vt 0.30676 0.12304
vt 0.30657 0.12253
vt 0.30661 0.12253
vt 0.3073 0.12203
vt 0.30691 0.12216
vt 0.30675 0.1176
vt 0.30693 0.11925
vt 0.30751 0.11779
vt 0.30757 0.1191
vt 0.30704 0.12044
vt 0.3072 0.1211
vt 0.30663 0.12059
vt 0.30674 0.12163
vt 0.30676 0.12469
vt 0.30747 0.12495
vt 0.30777 0.12378
vt 0.30937 0.12268
vt 0.3088 0.12469
vt 0.31102 0.12365
vt 0.30694 0.12594
vt 0.30804 0.12635
vt 0.3098 0.12049
vt 0.31278 0.11706
vt 0.31251 0.11467
vt 0.31541 0.10979
vt 0.31676 0.11237
vt 0.32194 0.10622
vt 0.32388 0.10619
vt 0.31216 0.12034
vt 0.31618 0.11697
vt 0.31699 0.11746
vt 0.31288 0.1367
vt 0.31071 0.13494
vt 0.30917 0.13697
vt 0.30658 0.13512
vt 0.30733 0.1351
vt 0.30886 0.1334
vt 0.30735 0.13209
vt 0.30665 0.1321
vt 0.31301 0.13318
vt 0.3107 0.13176
vt 0.30711 0.12759
vt 0.30854 0.12827
vt 0.30979 0.12634
vt 0.31238 0.12604
vt 0.31049 0.12882
vt 0.31307 0.12954
vt 0.30727 0.12967
vt 0.30883 0.13068
vt 0.1237 0.89523
vt 0.14009 0.91223
vt 0.14083 0.91551
vt 0.13589 0.91095
vt 0.13836 0.91609
vt 0.15422 0.91119
vt 0.14441 0.91456
vt 0.14404 0.91821
vt 0.14919 0.94101
vt 0.14224 0.92101
vt 0.12176 0.82926
vt 0.09223 0.84225
vt 0.11041 0.85884
vt 0.08552 0.8756
vt 0.06477 0.85837
vt 0.03801 0.8774
vt 0.02547 0.87777
vt 0.07399 0.82339
vt 0.04551 0.83932
vt 0.03381 0.83864
vt 0.10769 0.89237
vt 0.09027 0.91309
vt 0.11948 0.92969
vt 0.10784 0.95344
vt 0.11333 0.96368
vt 0.07265 0.93642
vt 0.03639 0.96322
vt 0.05085 0.96125
vt 0.03825 0.97403
vt 0.05327 0.97196
vt 0.06308 0.8957
vt 0.02896 0.91999
vt 0.04173 0.91856
vt 0.1546 0.90439
vt 0.14777 0.89657
vt 0.13621 0.89472
vt 0.1387 0.88753
vt 0.14727 0.89129
vt 0.15199 0.88895
vt 0.1546 0.88911
vt 0.15801 0.89672
vt 0.15875 0.89274
vt 0.15625 0.89317
vt 0.15714 0.88905
vt 0.16446 0.89014
vt 0.16898 0.88846
vt 0.17606 0.88922
vt 0.17198 0.89083
vt 0.17877 0.89093
vt 0.18091 0.89054
vt 0.16131 0.89235
vt 0.16898 0.89305
vt 0.28338 0.89503
vt 0.26227 0.87524
vt 0.24054 0.88743
vt 0.22028 0.86871
vt 0.24172 0.85707
vt 0.22167 0.84071
vt 0.22176 0.83384
vt 0.28232 0.86207
vt 0.26161 0.84402
vt 0.26131 0.83629
vt 0.26869 0.96101
vt 0.25346 0.94127
vt 0.23022 0.95574
vt 0.21619 0.93643
vt 0.2373 0.92105
vt 0.21825 0.90065
vt 0.27753 0.92793
vt 0.26011 0.90757
vt 0.19662 0.95216
vt 0.18725 0.93624
vt 0.17433 0.95117
vt 0.1642 0.93517
vt 0.17611 0.92337
vt 0.15952 0.91265
vt 0.16493 0.9133
vt 0.20222 0.91924
vt 0.18805 0.90876
vt 0.19626 0.87805
vt 0.17716 0.86208
vt 0.15292 0.87114
vt 0.13286 0.85921
vt 0.12168 0.85903
vt 0.15877 0.84735
vt 0.1435 0.83185
vt 0.13309 0.83065
vt 0.147 0.82507
vt 0.13773 0.82391
vt 0.20054 0.85204
vt 0.18407 0.82974
vt 0.18261 0.83638
vt 0.19581 0.89377
vt 0.18284 0.89623
vt 0.17539 0.90437
vt 0.16493 0.9007
vt 0.17259 0.89638
vt 0.16562 0.8954
vt 0.18489 0.89187
vt 0.17655 0.89303
vt 0.13531 0.88123
vt 0.15538 0.88309
vt 0.17214 0.88019
vt 0.18243 0.88575
vt 0.16847 0.88582
vt 0.17808 0.88777
vt 0.17544 0.88754
vt 0.14989 0.88627
vt 0.16062 0.88722
vt 0.1963 0.88869
vt 0.18744 0.88863
vt 0.18776 0.88834
vt 0.18845 0.88882
vt 0.18973 0.88848
vt 0.18306 0.8903
vt 0.18617 0.88872
vt 0.18689 0.88903
vt 0.17978 0.88806
vt 0.18591 0.88836
vt 0.79659 0.33695
vt 0.79061 0.3438
vt 0.79176 0.34498
vt 0.79023 0.34685
vt 0.7908 0.34869
vt 0.78698 0.36159
vt 0.78959 0.35151
vt 0.78928 0.34803
vt 0.78661 0.33356
vt 0.78935 0.34401
vt 0.79802 0.32335
vt 0.79384 0.30776
vt 0.79008 0.32082
vt 0.78661 0.3069
vt 0.78502 0.30689
vt 0.78966 0.29268
vt 0.7865 0.27779
vt 0.78526 0.27778
vt 0.78642 0.27042
vt 0.78529 0.27042
vt 0.79829 0.2939
vt 0.79277 0.27819
vt 0.79241 0.27074
vt 0.79382 0.22466
vt 0.79052 0.23647
vt 0.79602 0.24899
vt 0.79201 0.26334
vt 0.78817 0.24932
vt 0.78526 0.26316
vt 0.7863 0.26316
vt 0.78729 0.22619
vt 0.78517 0.23687
vt 0.7859 0.23684
vt 0.79226 0.21591
vt 0.78728 0.21297
vt 0.78717 0.21164
vt 0.788 0.21226
vt 0.78755 0.21068
vt 0.78578 0.21842
vt 0.78662 0.21308
vt 0.78669 0.21128
vt 0.78609 0.20489
vt 0.78694 0.20963
vt 0.45447 0.37614
vt 0.41535 0.43086
vt 0.46191 0.46206
vt 0.43581 0.50013
vt 0.39234 0.47863
vt 0.38344 0.51991
vt 0.35317 0.40696
vt 0.33536 0.46224
vt 0.46774 0.52358
vt 0.44961 0.54804
vt 0.47116 0.56366
vt 0.45703 0.57701
vt 0.43823 0.56642
vt 0.43188 0.57797
vt 0.42104 0.53283
vt 0.41458 0.55786
vt 0.26593 0.45451
vt 0.27789 0.51551
vt 0.33532 0.51268
vt 0.34611 0.55254
vt 0.29908 0.5611
vt 0.3277 0.59341
vt 0.21235 0.53334
vt 0.24416 0.58177
vt 0.18617 0.61698
vt 0.24901 0.65284
vt 0.28742 0.61625
vt 0.32988 0.637
vt 0.30451 0.67224
vt 0.35422 0.67852
vt 0.21926 0.70594
vt 0.28581 0.7215
vt 0.35727 0.61372
vt 0.38382 0.62493
vt 0.40127 0.61069
vt 0.41831 0.61729
vt 0.42549 0.6161
vt 0.40612 0.63025
vt 0.42349 0.6326
vt 0.42838 0.63062
vt 0.36725 0.64668
vt 0.398 0.649
vt 0.3845 0.55246
vt 0.392 0.57584
vt 0.41467 0.57523
vt 0.42126 0.5873
vt 0.4275 0.58891
vt 0.40378 0.59151
vt 0.41778 0.60184
vt 0.42514 0.60216
vt 0.36316 0.58104
vt 0.3824 0.59953
vt 0.27935 0.78278
vt 0.35978 0.77222
vt 0.3494 0.72132
vt 0.40129 0.71233
vt 0.41979 0.75492
vt 0.46356 0.73079
vt 0.3922 0.82836
vt 0.45531 0.80123
vt 0.39547 0.6762
vt 0.42798 0.66826
vt 0.4226 0.64658
vt 0.44216 0.63947
vt 0.45287 0.65616
vt 0.47197 0.64231
vt 0.4406 0.69739
vt 0.46907 0.67846
vt 0.43354 0.62969
vt 0.44619 0.62099
vt 0.43252 0.61518
vt 0.44626 0.6082
vt 0.45986 0.61361
vt 0.47333 0.60807
vt 0.45851 0.62948
vt 0.47313 0.62045
vt 0.43233 0.60245
vt 0.44647 0.59771
vt 0.43377 0.59022
vt 0.4458 0.58541
vt 0.45965 0.59318
vt 0.47278 0.58663
vt 0.45991 0.60337
vt 0.47331 0.5991
vt 0.03086 0.05799
vt 0.0782 0.08711
vt 0.10911 0.0428
vt 0.14941 0.07194
vt 0.12272 0.11251
vt 0.16313 0.13394
vt 0.04934 0.13557
vt 0.09799 0.15819
vt 0.07629 0.2086
vt 0.13097 0.22077
vt 0.14509 0.17506
vt 0.1867 0.18707
vt 0.17833 0.22765
vt 0.21822 0.22833
vt 0.12324 0.27071
vt 0.17481 0.27234
vt 0.19827 0.15111
vt 0.2267 0.16361
vt 0.23512 0.13786
vt 0.25238 0.14919
vt 0.24809 0.17105
vt 0.26392 0.17356
vt 0.22092 0.1941
vt 0.24682 0.19601
vt 0.1771 0.03783
vt 0.20278 0.07276
vt 0.22151 0.05651
vt 0.24093 0.08383
vt 0.22619 0.09864
vt 0.24477 0.11769
vt 0.18309 0.09926
vt 0.21188 0.12133
vt 0.17878 0.31983
vt 0.22963 0.30333
vt 0.21995 0.26535
vt 0.2552 0.25343
vt 0.26808 0.28484
vt 0.29588 0.2632
vt 0.25097 0.34105
vt 0.29058 0.31716
vt 0.24896 0.22357
vt 0.27139 0.21404
vt 0.26589 0.19278
vt 0.28054 0.18514
vt 0.28797 0.20114
vt 0.30069 0.18734
vt 0.28085 0.23775
vt 0.29903 0.21985
vt 0.77214 0.16759
vt 0.73113 0.16475
vt 0.71513 0.17161
vt 0.72367 0.15826
vt 0.69833 0.16657
vt 0.71736 0.2005
vt 0.68596 0.18036
vt 0.70355 0.18078
vt 0.60633 0.21631
vt 0.66388 0.18261
vt 0.66979 0.17004
vt 0.62943 0.13964
vt 0.69709 0.1535
vt 0.67252 0.15752
vt 0.76326 0.12049
vt 0.72043 0.14877
vt 0.70996 0.21852
vt 0.67928 0.24343
vt 0.70579 0.25645
vt 0.68521 0.28286
vt 0.68819 0.29199
vt 0.65281 0.27284
vt 0.6334 0.30409
vt 0.63902 0.31345
vt 0.61975 0.31044
vt 0.62578 0.32123
vt 0.64683 0.22994
vt 0.61341 0.2619
vt 0.59561 0.26726
vt 0.64502 0.32122
vt 0.67912 0.32556
vt 0.69159 0.30064
vt 0.71786 0.3098
vt 0.70875 0.33296
vt 0.73368 0.34194
vt 0.73837 0.35024
vt 0.67066 0.34803
vt 0.70255 0.35602
vt 0.74332 0.35885
vt 0.75208 0.39419
vt 0.74719 0.4023
vt 0.74445 0.38565
vt 0.73805 0.39011
vt 0.77868 0.39518
vt 0.75883 0.40876
vt 0.76045 0.40058
vt 0.77804 0.44725
vt 0.75963 0.41887
vt 0.75055 0.41536
vt 0.73606 0.42901
vt 0.73637 0.40276
vt 0.74153 0.41348
vt 0.69766 0.37681
vt 0.72974 0.39235
vt 0.77669 0.17622
vt 0.76988 0.18826
vt 0.78194 0.19282
vt 0.77958 0.20153
vt 0.77021 0.20079
vt 0.7755 0.21488
vt 0.77279 0.21313
vt 0.74807 0.18947
vt 0.75437 0.20494
vt 0.73227 0.21705
vt 0.74562 0.23286
vt 0.76155 0.22
vt 0.76834 0.23475
vt 0.75691 0.24863
vt 0.7659 0.26399
vt 0.72687 0.25173
vt 0.74336 0.2665
vt 0.72977 0.28737
vt 0.74657 0.29993
vt 0.75609 0.28109
vt 0.76874 0.29442
vt 0.76534 0.2951
vt 0.75889 0.31252
vt 0.76972 0.32343
vt 0.76732 0.32458
vt 0.73891 0.32009
vt 0.75463 0.33125
vt 0.75288 0.3518
vt 0.76659 0.36077
vt 0.76564 0.34244
vt 0.77348 0.35196
vt 0.77606 0.36662
vt 0.78257 0.36732
vt 0.78282 0.36454
vt 0.77041 0.37906
vt 0.78126 0.37855
vt 0.29992 0.0646
vt 0.29087 0.07398
vt 0.30187 0.08052
vt 0.29621 0.08847
vt 0.28623 0.08416
vt 0.28565 0.09548
vt 0.2759 0.06725
vt 0.27321 0.07989
vt 0.25726 0.07723
vt 0.26485 0.09618
vt 0.2754 0.0942
vt 0.27895 0.10695
vt 0.27139 0.11045
vt 0.27698 0.12117
vt 0.25461 0.10385
vt 0.26465 0.11845
vt 0.2583 0.13139
vt 0.2682 0.14047
vt 0.27222 0.12889
vt 0.27885 0.13563
vt 0.27638 0.14544
vt 0.28402 0.14712
vt 0.26502 0.15572
vt 0.27526 0.15768
vt 0.27633 0.17111
vt 0.28701 0.1656
vt 0.28436 0.15615
vt 0.29253 0.15309
vt 0.29606 0.15977
vt 0.30324 0.15478
vt 0.29238 0.1755
vt 0.30205 0.16681
vt 0.3035 0.09302
vt 0.30023 0.09874
vt 0.30473 0.10167
vt 0.30288 0.10575
vt 0.29922 0.1042
vt 0.29989 0.10914
vt 0.29391 0.09659
vt 0.29468 0.10388
vt 0.29066 0.10627
vt 0.29606 0.1124
vt 0.29742 0.10984
vt 0.30046 0.11471
vt 0.30019 0.11708
vt 0.30327 0.1205
vt 0.29668 0.117
vt 0.30085 0.12036
vt 0.28254 0.12876
vt 0.28842 0.13351
vt 0.2924 0.13
vt 0.29684 0.13311
vt 0.29853 0.13314
vt 0.29386 0.13609
vt 0.29794 0.13726
vt 0.29905 0.13689
vt 0.2855 0.13928
vt 0.29185 0.14061
vt 0.29126 0.14652
vt 0.29746 0.14467
vt 0.29713 0.14039
vt 0.30109 0.13897
vt 0.30219 0.14218
vt 0.30543 0.13953
vt 0.29933 0.14968
vt 0.30444 0.14607
vt 0.30552 0.10811
vt 0.30461 0.11129
vt 0.30606 0.1134
vt 0.30564 0.11581
vt 0.30449 0.11424
vt 0.30477 0.11654
vt 0.30248 0.10974
vt 0.30301 0.11338
vt 0.30152 0.11351
vt 0.30336 0.11704
vt 0.304 0.11639
vt 0.3053 0.11892
vt 0.30503 0.11868
vt 0.30483 0.11957
vt 0.30578 0.12097
vt 0.30566 0.12095
vt 0.3031 0.11847
vt 0.3049 0.12092
vt 0.30514 0.12244
vt 0.306 0.12311
vt 0.30582 0.12203
vt 0.30621 0.12216
vt 0.30637 0.12304
vt 0.30653 0.12253
vt 0.30614 0.12398
vt 0.30649 0.1237
vt 0.30635 0.11761
vt 0.30617 0.11925
vt 0.30649 0.12059
vt 0.30639 0.12163
vt 0.30608 0.12044
vt 0.30592 0.12109
vt 0.30558 0.11778
vt 0.30553 0.11909
vt 0.30638 0.12469
vt 0.30566 0.12496
vt 0.30621 0.12594
vt 0.3051 0.12635
vt 0.30432 0.12469
vt 0.30204 0.12367
vt 0.30535 0.12378
vt 0.30372 0.12269
vt 0.28694 0.10749
vt 0.28933 0.11648
vt 0.29509 0.11826
vt 0.29924 0.125
vt 0.29761 0.12372
vt 0.29286 0.12343
vt 0.29842 0.12902
vt 0.29661 0.12834
vt 0.28289 0.11719
vt 0.28751 0.12482
vt 0.30008 0.13676
vt 0.30235 0.13495
vt 0.30002 0.13318
vt 0.30241 0.13176
vt 0.30429 0.1334
vt 0.30593 0.13209
vt 0.3039 0.13697
vt 0.30582 0.1351
vt 0.30603 0.12759
vt 0.3046 0.12828
vt 0.30594 0.12967
vt 0.30437 0.13068
vt 0.30262 0.12883
vt 0.29997 0.12956
vt 0.30332 0.12635
vt 0.30066 0.12605
vt 0.87941 0.8902
vt 0.86012 0.91414
vt 0.85714 0.91351
vt 0.86354 0.90836
vt 0.85829 0.90984
vt 0.84505 0.94186
vt 0.85501 0.91964
vt 0.85299 0.91652
vt 0.84088 0.90879
vt 0.85281 0.91248
vt 0.88349 0.81297
vt 0.91609 0.83034
vt 0.93698 0.81056
vt 0.97987 0.83121
vt 0.96718 0.83095
vt 0.94546 0.85085
vt 0.97279 0.87436
vt 0.98548 0.8755
vt 0.89564 0.84823
vt 0.92293 0.86924
vt 0.89807 0.88748
vt 0.91736 0.91319
vt 0.94722 0.89436
vt 0.98736 0.92616
vt 0.97284 0.92345
vt 0.93928 0.94276
vt 0.988 0.97896
vt 0.98816 0.99216
vt 0.96964 0.97516
vt 0.96869 0.98814
vt 0.88231 0.93075
vt 0.89715 0.96019
vt 0.8908 0.97207
vt 0.84087 0.90134
vt 0.84974 0.89232
vt 0.83764 0.89271
vt 0.8373 0.88803
vt 0.84002 0.88843
vt 0.85065 0.8859
vt 0.84524 0.88292
vt 0.84221 0.88318
vt 0.86414 0.88985
vt 0.86152 0.88109
vt 0.83935 0.88314
vt 0.83143 0.88504
vt 0.83458 0.88772
vt 0.82636 0.88919
vt 0.8236 0.88662
vt 0.81601 0.88698
vt 0.81354 0.8864
vt 0.82646 0.88243
vt 0.81909 0.8841
vt 0.70297 0.88173
vt 0.72489 0.86169
vt 0.70551 0.84734
vt 0.72869 0.82115
vt 0.72779 0.82918
vt 0.7472 0.84332
vt 0.77011 0.81995
vt 0.76969 0.8269
vt 0.7458 0.87515
vt 0.7684 0.85599
vt 0.7161 0.95129
vt 0.73184 0.93123
vt 0.70787 0.91634
vt 0.72553 0.89561
vt 0.74815 0.91073
vt 0.76773 0.89026
vt 0.75567 0.94739
vt 0.76996 0.92816
vt 0.79075 0.94619
vt 0.801 0.93158
vt 0.78458 0.91165
vt 0.80056 0.90278
vt 0.81395 0.91992
vt 0.8343 0.91023
vt 0.8277 0.91058
vt 0.81517 0.94963
vt 0.82744 0.93409
vt 0.79349 0.86674
vt 0.81766 0.84962
vt 0.79189 0.8386
vt 0.81244 0.81417
vt 0.8136 0.82142
vt 0.84034 0.83332
vt 0.85876 0.81514
vt 0.85507 0.80688
vt 0.87066 0.81388
vt 0.86573 0.80506
vt 0.84575 0.86054
vt 0.86998 0.84756
vt 0.88286 0.84785
vt 0.79256 0.88592
vt 0.80841 0.89124
vt 0.80759 0.88714
vt 0.81766 0.88926
vt 0.82101 0.89257
vt 0.82943 0.89154
vt 0.81595 0.90023
vt 0.82894 0.89719
vt 0.86632 0.87312
vt 0.84196 0.87472
vt 0.84812 0.87926
vt 0.83562 0.88044
vt 0.82644 0.87791
vt 0.81877 0.88045
vt 0.81586 0.88083
vt 0.82191 0.87024
vt 0.80961 0.87694
vt 0.79272 0.88003
vt 0.80514 0.88248
vt 0.80385 0.88274
vt 0.80457 0.88179
vt 0.80198 0.88178
vt 0.81415 0.88148
vt 0.80691 0.88289
vt 0.80706 0.8821
vt 0.8109 0.88592
vt 0.80607 0.88348
vt 0.77343 0.33613
vt 0.77939 0.34368
vt 0.77978 0.34675
vt 0.77824 0.34476
vt 0.77921 0.34857
vt 0.78339 0.33356
vt 0.78065 0.34395
vt 0.78072 0.34799
vt 0.78304 0.36159
vt 0.78042 0.35146
vt 0.77199 0.32253
vt 0.77617 0.30755
vt 0.77173 0.29386
vt 0.77728 0.27821
vt 0.77764 0.27076
vt 0.78046 0.29268
vt 0.78398 0.27779
vt 0.7841 0.27042
vt 0.77992 0.32076
vt 0.78342 0.3069
vt 0.77622 0.22491
vt 0.77953 0.23654
vt 0.783 0.22621
vt 0.78443 0.23684
vt 0.78199 0.24932
vt 0.78417 0.26316
vt 0.774 0.24903
vt 0.77804 0.26336
vt 0.77778 0.21615
vt 0.78282 0.21301
vt 0.78205 0.21232
vt 0.78292 0.21167
vt 0.78251 0.21071
vt 0.784 0.20489
vt 0.78313 0.20965
vt 0.78341 0.21129
vt 0.78482 0.21842
vt 0.78355 0.2131
vt 0.53498 0.36019
vt 0.48 0.39845
vt 0.64493 0.39686
vt 0.48004 0.47889
vt 0.48004 0.53507
vt 0.47995 0.57063
vt 0.72838 0.45945
vt 0.78534 0.54797
vt 0.79381 0.64135
vt 0.75379 0.7396
vt 0.67033 0.81246
vt 0.54344 0.85994
vt 0.59614 0.08194
vt 0.56566 0.03508
vt 0.57717 0.16196
vt 0.48573 0.0214
vt 0.54199 0.23406
vt 0.4906 0.29825
vt 0.42399 0.02705
vt 0.38043 0.05203
vt 0.42518 0.34053
vt 0.34573 0.36091
vt 0.785 0.16217
vt 0.80547 0.17393
vt 0.82857 0.1116
vt 0.785 0.13086
vt 0.96759 0.15615
vt 0.91572 0.1238
vt 0.94268 0.22324
vt 0.98419 0.20864
vt 0.8364 0.19368
vt 0.87027 0.21049
vt 0.85053 0.22634
vt 0.85279 0.26307
vt 0.9303 0.33347
vt 0.90247 0.35794
vt 0.81704 0.36359
vt 0.87496 0.3862
vt 0.82189 0.44148
vt 0.84777 0.41826
vt 0.785 0.43661
vt 0.7973 0.45585
vt 0.79641 0.38744
vt 0.78514 0.40184
vt 0.78501 0.18016
vt 0.78504 0.19622
vt 0.31916 0.06089
vt 0.30604 0.06869
vt 0.34549 0.06331
vt 0.3061 0.0839
vt 0.30622 0.09537
vt 0.30636 0.10334
vt 0.30645 0.10948
vt 0.30653 0.11453
vt 0.31206 0.11393
vt 0.30994 0.1194
vt 0.30788 0.12312
vt 0.3069 0.12435
vt 0.30655 0.11845
vt 0.30656 0.12116
vt 0.30657 0.12499
vt 0.30657 0.12634
vt 0.30658 0.1281
vt 0.30663 0.13026
vt 0.13024 0.89397
vt 0.11701 0.90172
vt 0.14922 0.90558
vt 0.13505 0.93676
vt 0.11332 0.82025
vt 0.06449 0.81295
vt 0.29384 0.88857
vt 0.29193 0.85494
vt 0.25683 0.96807
vt 0.28073 0.95424
vt 0.21841 0.96316
vt 0.29011 0.92167
vt 0.18899 0.95989
vt 0.16859 0.95828
vt 0.18363 0.87938
vt 0.14238 0.87621
vt 0.19442 0.89078
vt 0.18442 0.89083
vt 0.79547 0.32922
vt 0.78501 0.35865
vt 0.78832 0.32717
vt 0.785 0.33968
vt 0.79106 0.22079
vt 0.78642 0.22204
vt 0.78525 0.21543
vt 0.78505 0.20681
vt 0.42502 0.36019
vt 0.31507 0.39686
vt 0.23162 0.45945
vt 0.17466 0.54797
vt 0.16619 0.64135
vt 0.20621 0.7396
vt 0.28967 0.81246
vt 0.41656 0.85994
vt 0.04634 0.03508
vt 0.01586 0.08194
vt 0.12627 0.0214
vt 0.03483 0.16196
vt 0.07001 0.23406
vt 0.1214 0.29825
vt 0.18801 0.02705
vt 0.23156 0.05204
vt 0.18682 0.34053
vt 0.26627 0.36091
vt 0.76453 0.17393
vt 0.69974 0.21047
vt 0.7336 0.19368
vt 0.58581 0.20864
vt 0.62731 0.22325
vt 0.65428 0.1238
vt 0.60241 0.15615
vt 0.74143 0.1116
vt 0.71948 0.22634
vt 0.71722 0.26307
vt 0.6397 0.33347
vt 0.66753 0.35794
vt 0.75298 0.36323
vt 0.77386 0.38741
vt 0.7727 0.45585
vt 0.72223 0.41826
vt 0.74811 0.44148
vt 0.69504 0.38621
vt 0.29283 0.06089
vt 0.2665 0.06332
vt 0.29048 0.10962
vt 0.29751 0.11955
vt 0.30523 0.12312
vt 0.30624 0.12435
vt 0.88681 0.898
vt 0.87155 0.88881
vt 0.86282 0.93792
vt 0.8474 0.90262
vt 0.89321 0.80329
vt 0.94818 0.79976
vt 0.69293 0.87467
vt 0.69606 0.83959
vt 0.70404 0.94376
vt 0.72818 0.95917
vt 0.69559 0.90939
vt 0.76801 0.95562
vt 0.79904 0.95539
vt 0.82127 0.95848
vt 0.80818 0.86874
vt 0.8581 0.86685
vt 0.79503 0.88336
vt 0.80879 0.88628
vt 0.77454 0.32855
vt 0.78169 0.32714
vt 0.779 0.22099
vt 0.78408 0.22205
vt 0.48 0.34186
vt 0.50749 0.35102
vt 0.48 0.37307
vt 0.61744 0.38769
vt 0.48002 0.46123
vt 0.48005 0.52313
vt 0.47997 0.5635
vt 0.71414 0.43732
vt 0.7711 0.52584
vt 0.80381 0.61679
vt 0.76379 0.71503
vt 0.70206 0.80059
vt 0.57517 0.84807
vt 0.60088 0.06193
vt 0.60562 0.04193
vt 0.58564 0.0385
vt 0.58191 0.14195
vt 0.50571 0.02482
vt 0.55483 0.21801
vt 0.50345 0.2822
vt 0.43487 0.0208
vt 0.39132 0.04579
vt 0.44504 0.33544
vt 0.36559 0.35581
vt 0.7954 0.17189
vt 0.785 0.16688
vt 0.785 0.17127
vt 0.785 0.10549
vt 0.80679 0.10854
vt 0.785 0.11928
vt 0.96344 0.14303
vt 0.95929 0.12991
vt 0.9375 0.12686
vt 0.98834 0.22176
vt 0.85685 0.20939
vt 0.84818 0.21749
vt 0.85316 0.25379
vt 0.93726 0.32735
vt 0.90943 0.35182
vt 0.82162 0.35553
vt 0.88175 0.37819
vt 0.84098 0.42628
vt 0.83418 0.43429
vt 0.82803 0.43788
vt 0.785 0.46304
vt 0.785 0.44861
vt 0.79115 0.45944
vt 0.78518 0.39613
vt 0.785 0.17567
vt 0.78503 0.19256
vt 0.31258 0.06028
vt 0.306 0.05967
vt 0.30602 0.06438
vt 0.33891 0.06271
vt 0.30608 0.0804
vt 0.30618 0.0929
vt 0.30634 0.10157
vt 0.30643 0.10804
vt 0.30652 0.11336
vt 0.30655 0.11759
vt 0.30656 0.12059
vt 0.30657 0.12471
vt 0.30657 0.12597
vt 0.30657 0.12762
vt 0.30661 0.12969
vt 0.11689 0.89287
vt 0.1543 0.90749
vt 0.12552 0.82208
vt 0.07669 0.81477
vt 0.29432 0.89697
vt 0.29241 0.86334
vt 0.27604 0.97053
vt 0.26643 0.9693
vt 0.27838 0.96239
vt 0.22801 0.96439
vt 0.28776 0.92981
vt 0.19409 0.9603
vt 0.17369 0.95868
vt 0.19811 0.89053
vt 0.79746 0.33028
vt 0.78501 0.36215
vt 0.785 0.33362
vt 0.79312 0.21997
vt 0.78533 0.21842
vt 0.78505 0.20479
vt 0.45251 0.35102
vt 0.34256 0.38769
vt 0.24586 0.43732
vt 0.1889 0.52584
vt 0.15619 0.61679
vt 0.19621 0.71503
vt 0.25794 0.80059
vt 0.38483 0.84807
vt 0.01112 0.06193
vt 0.00637 0.04193
vt 0.02636 0.03851
vt 0.10629 0.02482
vt 0.03009 0.14195
vt 0.05717 0.21801
vt 0.10855 0.2822
vt 0.17712 0.0208
vt 0.22067 0.04579
vt 0.16695 0.33544
vt 0.24641 0.35581
vt 0.7746 0.17189
vt 0.71315 0.20939
vt 0.58166 0.22176
vt 0.6325 0.12686
vt 0.61071 0.12991
vt 0.60656 0.14303
vt 0.76321 0.10854
vt 0.72182 0.21749
vt 0.71684 0.25379
vt 0.63274 0.32735
vt 0.66057 0.35182
vt 0.7484 0.35504
vt 0.77885 0.45944
vt 0.72902 0.42628
vt 0.73582 0.43429
vt 0.74197 0.43789
vt 0.68825 0.37819
vt 0.29941 0.06028
vt 0.27309 0.06271
vt 0.28866 0.10625
vt 0.29586 0.11748
vt 0.88753 0.8876
vt 0.84102 0.90476
vt 0.87947 0.80417
vt 0.93444 0.80065
vt 0.69214 0.88343
vt 0.69528 0.84836
vt 0.70827 0.96094
vt 0.70615 0.95235
vt 0.71823 0.96005
vt 0.6977 0.91798
vt 0.75805 0.95651
vt 0.79348 0.95462
vt 0.81571 0.95771
vt 0.7902 0.88193
vt 0.77256 0.32938
vt 0.77693 0.22024
usemtl blub
f 1785/1 448/2 1787/3
f 1786/4 1787/3 448/2
f 1790/5 449/6 1794/7
f 1792/8 1794/7 449/6
f 1800/9 453/10 1802/11
f 1801/12 1802/11 453/10
f 1805/13 454/14 1808/15
f 1807/16 1808/15 454/14
f 1813/17 456/18 1815/19
f 1814/20 1815/19 456/18
f 1818/21 457/22 1822/23
f 1820/24 1822/23 457/22
f 1811/25 458/26 1828/27
f 1827/28 1828/27 458/26
f 1830/29 460/30 1834/31
f 1832/32 1834/31 460/30
f 1839/33 463/34 1841/35
f 1840/36 1841/35 463/34
f 1844/37 464/38 1848/39
f 1846/40 1848/39 464/38
f 1852/41 467/42 1854/43
f 1853/44 1854/43 467/42
f 1857/45 468/46 1860/47
f 1859/48 1860/47 468/46
f 1865/49 470/50 1867/51
f 1866/52 1867/51 470/50
f 1870/53 471/54 1874/55
f 1872/56 1874/55 471/54
f 1863/57 472/58 1880/59
f 1879/60 1880/59 472/58
f 1882/61 474/62 1886/63
f 1884/64 1886/63 474/62
f 1894/65 1892/66 1893/67
f 478/68 1893/67 1892/66
f 1900/69 1897/70 1899/71
f 479/72 1899/71 1897/70
f 1908/73 1906/74 1907/75
f 482/76 1907/75 1906/74
f 1914/77 1911/78 1913/79
f 483/80 1913/79 1911/78
f 1919/81 485/82 1921/83
f 1920/84 1921/83 485/82
f 1924/85 486/86 1928/87
f 1926/88 1928/87 486/86
f 1933/89 1917/90 1932/91
f 487/92 1932/91 1917/90
f 1935/93 489/94 1938/95
f 1937/96 1938/95 489/94
f 1944/97 492/98 1946/99
f 1945/100 1946/99 492/98
f 1949/101 493/102 1952/103
f 1951/104 1952/103 493/102
f 1960/105 1958/106 1959/107
f 496/108 1959/107 1958/106
f 1963/109 497/110 1966/111
f 1965/112 1966/111 497/110
f 1973/113 1971/114 1972/115
f 499/116 1972/115 1971/114
f 1976/117 500/118 1980/119
f 1978/120 1980/119 500/118
f 1969/121 501/122 1985/123
f 1984/124 1985/123 501/122
f 1987/125 503/126 1990/127
f 1989/128 1990/127 503/126
f 1995/129 505/130 1997/131
f 1996/132 1997/131 505/130
f 2000/133 506/134 2004/135
f 2002/136 2004/135 506/134
f 2008/137 509/138 2010/139
f 2009/140 2010/139 509/138
f 2013/141 510/142 2016/143
f 2015/144 2016/143 510/142
f 2023/145 2021/146 2022/147
f 512/148 2022/147 2021/146
f 2028/149 2030/150 513/151
f 2026/152 513/151 2030/150
f 2019/153 514/154 2036/155
f 2035/156 2036/155 514/154
f 2038/157 516/158 2042/159
f 2040/160 2042/159 516/158
f 2046/161 519/162 2048/163
f 2047/164 2048/163 519/162
f 2051/165 520/166 2054/167
f 2053/168 2054/167 520/166
f 1993/169 507/170 2059/171
f 2058/172 2059/171 507/170
f 2061/173 522/174 2064/175
f 2063/176 2064/175 522/174
f 2033/177 517/178 2070/179
f 2069/180 2070/179 517/178
f 2072/181 524/182 2076/183
f 2074/184 2076/183 524/182
f 2067/185 525/186 2081/187
f 2080/188 2081/187 525/186
f 2083/189 527/190 2086/191
f 2085/192 2086/191 527/190
f 2094/193 2092/194 2093/195
f 530/196 2093/195 2092/194
f 2100/197 2097/198 2099/199
f 531/200 2099/199 2097/198
f 2108/201 2106/202 2107/203
f 534/204 2107/203 2106/202
f 2114/205 2111/206 2113/207
f 535/208 2113/207 2111/206
f 2121/209 2119/210 2120/211
f 537/212 2120/211 2119/210
f 2124/213 538/214 2128/215
f 2126/216 2128/215 538/214
f 2133/217 2117/218 2132/219
f 539/220 2132/219 2117/218
f 2138/221 2135/222 2137/223
f 541/224 2137/223 2135/222
f 2144/225 2142/226 2143/227
f 543/228 2143/227 2142/226
f 2150/229 2147/230 2149/231
f 544/232 2149/231 2147/230
f 2156/233 2154/234 2155/235
f 546/236 2155/235 2154/234
f 2162/237 2159/238 2161/239
f 547/240 2161/239 2159/238
f 2169/241 2167/242 2168/243
f 549/244 2168/243 2167/242
f 2176/245 2172/246 2174/247
f 550/248 2174/247 2172/246
f 2181/249 2165/250 2180/251
f 551/252 2180/251 2165/250
f 2186/253 2183/254 2185/255
f 553/256 2185/255 2183/254
f 2192/257 2190/258 2191/259
f 555/260 2191/259 2190/258
f 556/261 2197/262 2195/263
f 2198/264 2195/263 2197/262
f 2204/265 2202/266 2203/267
f 558/268 2203/267 2202/266
f 559/269 2209/270 2207/271
f 2210/272 2207/271 2209/270
f 561/273 2216/274 2215/275
f 2217/276 2215/275 2216/274
f 2224/277 2220/278 2222/279
f 562/280 2222/279 2220/278
f 2229/281 2213/282 2228/283
f 563/284 2228/283 2213/282
f 2234/285 2231/286 2233/287
f 565/288 2233/287 2231/286
f 2239/289 2240/290 567/291
f 2238/292 567/291 2240/290
f 2245/293 2246/294 568/295
f 2243/296 568/295 2246/294
f 2251/297 2252/298 570/299
f 2250/300 570/299 2252/298
f 2257/301 2258/302 571/303
f 2255/304 571/303 2258/302
f 2264/305 2265/306 573/307
f 2263/308 573/307 2265/306
f 2267/309 474/62 2270/310
f 1881/311 2270/310 474/62
f 2261/312 574/313 2275/314
f 2274/315 2275/314 574/313
f 2276/316 471/54 2278/317
f 1869/318 2278/317 471/54
f 2285/319 578/320 2287/321
f 2286/322 2287/321 578/320
f 2294/323 2290/324 2292/325
f 579/326 2292/325 2290/324
f 2300/327 583/328 2302/329
f 2301/330 2302/329 583/328
f 2305/331 584/332 2308/333
f 2307/334 2308/333 584/332
f 2315/335 2313/336 2314/337
f 586/338 2314/337 2313/336
f 2322/339 2318/340 2320/341
f 587/342 2320/341 2318/340
f 2328/343 2311/344 2327/345
f 588/346 2327/345 2311/344
f 2334/347 2330/348 2332/349
f 590/350 2332/349 2330/348
f 2342/351 2340/352 2341/353
f 594/354 2341/353 2340/352
f 2345/355 595/356 2348/357
f 2347/358 2348/357 595/356
f 2356/359 2354/360 2355/361
f 598/362 2355/361 2354/360
f 2362/363 2359/364 2361/365
f 599/366 2361/365 2359/364
f 2369/367 2367/368 2368/369
f 601/370 2368/369 2367/368
f 2372/371 602/372 2376/373
f 2374/374 2376/373 602/372
f 2381/375 2365/376 2380/377
f 603/378 2380/377 2365/376
f 2386/379 2383/380 2385/381
f 605/382 2385/381 2383/380
f 2391/383 607/384 2393/385
f 2392/386 2393/385 607/384
f 2400/387 2396/388 2398/389
f 608/390 2398/389 2396/388
f 2404/391 611/392 2406/393
f 2405/394 2406/393 611/392
f 2409/395 612/396 2412/397
f 2411/398 2412/397 612/396
f 2417/399 614/400 2419/401
f 2418/402 2419/401 614/400
f 2422/403 615/404 2426/405
f 2424/406 2426/405 615/404
f 2415/407 616/408 2432/409
f 2431/410 2432/409 616/408
f 2434/411 618/412 2438/413
f 2436/414 2438/413 618/412
f 2445/415 2443/416 2444/417
f 621/418 2444/417 2443/416
f 2452/419 2448/420 2450/421
f 622/422 2450/421 2448/420
f 2457/423 2389/424 2456/425
f 609/426 2456/425 2389/424
f 2462/427 2459/428 2461/429
f 625/430 2461/429 2459/428
f 2468/431 2429/432 2467/433
f 619/434 2467/433 2429/432
f 2474/435 2470/436 2472/437
f 627/438 2472/437 2470/436
f 2480/439 2465/440 2479/441
f 628/442 2479/441 2465/440
f 2486/443 2482/444 2484/445
f 630/446 2484/445 2482/444
f 2494/447 2492/448 2493/449
f 634/450 2493/449 2492/448
f 2500/451 2497/452 2499/453
f 635/454 2499/453 2497/452
f 2508/455 2506/456 2507/457
f 638/458 2507/457 2506/456
f 2514/459 2511/460 2513/461
f 639/462 2513/461 2511/460
f 2521/463 2519/464 2520/465
f 641/466 2520/465 2519/464
f 2528/467 2524/468 2526/469
f 642/470 2526/469 2524/468
f 2533/471 2517/472 2532/473
f 643/474 2532/473 2517/472
f 2538/475 2535/476 2537/477
f 645/478 2537/477 2535/476
f 2542/479 647/480 2544/481
f 2543/482 2544/481 647/480
f 2547/483 648/484 2550/485
f 2549/486 2550/485 648/484
f 2554/487 650/488 2556/489
f 2555/490 2556/489 650/488
f 2559/491 651/492 2562/493
f 2561/494 2562/493 651/492
f 2569/495 2567/496 2568/497
f 653/498 2568/497 2567/496
f 2576/499 2572/500 2574/501
f 654/502 2574/501 2572/500
f 2565/503 655/504 2581/505
f 2580/506 2581/505 655/504
f 2583/507 657/508 2586/509
f 2585/510 2586/509 657/508
f 660/511 2594/512 2593/513
f 2595/514 2593/513 2594/512
f 2602/515 2598/516 2600/517
f 661/518 2600/517 2598/516
f 2609/519 2607/520 2608/521
f 664/522 2608/521 2607/520
f 2614/523 2611/524 2593/513
f 660/511 2593/513 2611/524
f 2620/525 668/526 2622/527
f 2621/528 2622/527 668/526
f 2624/529 664/522 2626/530
f 2607/520 2626/530 664/522
f 2635/531 2633/532 2634/533
f 671/534 2634/533 2633/532
f 2640/535 2637/536 2620/525
f 668/526 2620/525 2637/536
f 2600/517 661/518 2648/537
f 2647/538 2648/537 661/518
f 2649/539 671/534 2652/540
f 2633/532 2652/540 671/534
f 2659/541 2657/542 2658/543
f 677/544 2658/543 2657/542
f 2666/545 2662/546 2664/547
f 678/548 2664/547 2662/546
f 2672/549 2670/550 2671/551
f 681/552 2671/551 2670/550
f 2678/553 2675/554 2677/555
f 682/556 2677/555 2675/554
f 2685/557 2683/558 2684/559
f 684/560 2684/559 2683/558
f 2692/561 2688/562 2690/563
f 685/564 2690/563 2688/562
f 2698/565 2681/566 2697/567
f 686/568 2697/567 2681/566
f 2704/569 2700/570 2702/571
f 688/572 2702/571 2700/570
f 2709/573 2710/574 691/575
f 2708/576 691/575 2710/574
f 2715/577 2716/578 692/579
f 2713/580 692/579 2716/578
f 2722/581 2720/582 2721/583
f 694/584 2721/583 2720/582
f 2727/585 2728/586 695/587
f 2725/588 695/587 2728/586
f 2735/589 2733/590 2734/591
f 697/592 2734/591 2733/590
f 2740/593 2742/594 698/595
f 2738/596 698/595 2742/594
f 2746/597 2747/598 699/599
f 2731/600 699/599 2747/598
f 2749/601 701/602 2752/603
f 2751/604 2752/603 701/602
f 2758/605 2759/606 703/607
f 2757/608 703/607 2759/606
f 2764/609 2766/610 704/611
f 2762/612 704/611 2766/610
f 2772/613 2770/614 2771/615
f 707/616 2771/615 2770/614
f 703/607 2757/608 2774/617
f 2776/618 2774/617 2757/608
f 2783/619 2784/620 710/621
f 2782/622 710/621 2784/620
f 2770/614 2788/623 707/616
f 2786/624 707/616 2788/623
f 2795/625 713/626 2797/627
f 2796/628 2797/627 713/626
f 2802/629 2799/630 2782/622
f 710/621 2782/622 2799/630
f 2810/631 2764/609 2809/632
f 704/611 2809/632 2764/609
f 2814/633 2811/634 2795/625
f 713/626 2795/625 2811/634
f 2819/635 719/636 2821/637
f 2820/638 2821/637 719/636
f 2828/639 2824/640 2826/641
f 720/642 2826/641 2824/640
f 2834/643 2832/644 2833/645
f 723/646 2833/645 2832/644
f 2840/647 2837/648 2839/649
f 724/650 2839/649 2837/648
f 2845/651 726/652 2847/653
f 2846/654 2847/653 726/652
f 2852/655 2854/656 727/657
f 2850/658 727/657 2854/656
f 2860/659 2843/660 2859/661
f 728/662 2859/661 2843/660
f 2866/663 2862/664 2864/665
f 730/666 2864/665 2862/664
f 2870/667 733/668 2872/669
f 2871/670 2872/669 733/668
f 2875/671 734/672 2878/673
f 2877/674 2878/673 734/672
f 2882/675 736/676 2884/677
f 2883/678 2884/677 736/676
f 2887/679 737/680 2890/681
f 2889/682 2890/681 737/680
f 2896/683 2897/684 739/685
f 2895/686 739/685 2897/684
f 2902/687 2904/688 740/689
f 2900/690 740/689 2904/688
f 2893/691 741/692 2909/693
f 2908/694 2909/693 741/692
f 2911/695 743/696 2914/697
f 2913/698 2914/697 743/696
f 2918/699 745/700 2920/701
f 2919/702 2920/701 745/700
f 2923/703 746/704 2926/705
f 2925/706 2926/705 746/704
f 2932/707 2930/708 2931/709
f 748/710 2931/709 2930/708
f 2935/711 749/712 2938/713
f 2937/714 2938/713 749/712
f 2944/715 2945/716 751/717
f 2943/718 751/717 2945/716
f 2950/719 2952/720 752/721
f 2948/722 752/721 2952/720
f 2941/723 753/724 2957/725
f 2956/726 2957/725 753/724
f 2961/727 2962/728 755/729
f 2959/730 755/729 2962/728
f 2968/731 2966/732 2967/733
f 757/734 2967/733 2966/732
f 2974/735 2971/736 2973/737
f 758/738 2973/737 2971/736
f 2980/739 2978/740 2979/741
f 760/742 2979/741 2978/740
f 2986/743 2983/744 2985/745
f 761/746 2985/745 2983/744
f 2993/747 2991/748 2992/749
f 763/750 2992/749 2991/748
f 2996/751 764/752 3000/753
f 2998/754 3000/753 764/752
f 3005/755 2989/756 3004/757
f 765/758 3004/757 2989/756
f 3009/759 3010/760 767/761
f 3007/762 767/761 3010/760
f 3015/763 769/764 3017/765
f 3016/766 3017/765 769/764
f 3020/767 770/768 3024/769
f 3022/770 3024/769 770/768
f 3028/771 773/772 3030/773
f 3029/774 3030/773 773/772
f 3035/775 3036/776 774/777
f 3033/778 774/777 3036/776
f 3042/779 3043/780 776/781
f 3041/782 776/781 3043/780
f 3048/783 3050/784 777/785
f 3046/786 777/785 3050/784
f 3039/787 778/788 3056/789
f 3055/790 3056/789 778/788
f 3058/791 780/792 3062/793
f 3060/794 3062/793 780/792
f 3068/795 3066/796 3067/797
f 783/798 3067/797 3066/796
f 784/799 3073/800 3071/801
f 3074/802 3071/801 3073/800
f 3080/803 3078/804 3079/805
f 786/806 3079/805 3078/804
f 3086/807 3083/808 3085/809
f 787/810 3085/809 3083/808
f 3093/811 3091/812 3092/813
f 789/814 3092/813 3091/812
f 3100/815 3096/816 3098/817
f 790/818 3098/817 3096/816
f 791/819 3104/820 3089/821
f 3105/822 3089/821 3104/820
f 3109/823 3110/824 793/825
f 3107/826 793/825 3110/824
f 3114/827 795/828 3116/829
f 3115/830 3116/829 795/828
f 3119/831 796/832 3122/833
f 3121/834 3122/833 796/832
f 3126/835 798/836 3128/837
f 3127/838 3128/837 798/836
f 3131/839 799/840 3134/841
f 3133/842 3134/841 799/840
f 3141/843 3139/844 3140/845
f 801/846 3140/845 3139/844
f 3148/847 3144/848 3146/849
f 802/850 3146/849 3144/848
f 3153/851 3137/852 3152/853
f 803/854 3152/853 3137/852
f 3158/855 3155/856 3157/857
f 805/858 3157/857 3155/856
f 3164/859 3162/860 3163/861
f 807/862 3163/861 3162/860
f 3170/863 3167/864 3169/865
f 808/866 3169/865 3167/864
f 3176/867 3174/868 3175/869
f 810/870 3175/869 3174/868
f 3182/871 3179/872 3181/873
f 811/874 3181/873 3179/872
f 3189/875 3187/876 3188/877
f 813/878 3188/877 3187/876
f 3196/879 3192/880 3194/881
f 814/882 3194/881 3192/880
f 3201/883 3185/884 3200/885
f 815/886 3200/885 3185/884
f 817/887 3205/888 3203/889
f 3206/890 3203/889 3205/888
f 3212/891 3213/892 819/893
f 3211/894 819/893 3213/892
f 3218/895 3220/896 820/897
f 3216/898 820/897 3220/896
f 3225/899 3226/900 823/901
f 3224/902 823/901 3226/900
f 3229/903 824/904 3232/905
f 3231/906 3232/905 824/904
f 3237/907 826/908 3239/909
f 3238/910 3239/909 826/908
f 3242/911 827/912 3246/913
f 3244/914 3246/913 827/912
f 3251/915 3252/916 828/917
f 3235/918 828/917 3252/916
f 3256/919 3258/920 830/921
f 3254/922 830/921 3258/920
f 3265/923 3263/924 3264/925
f 833/926 3264/925 3263/924
f 3272/927 3268/928 3270/929
f 834/930 3270/929 3268/928
f 3278/931 3276/932 3277/933
f 837/934 3277/933 3276/932
f 838/935 3283/936 3281/937
f 3284/938 3281/937 3283/936
f 840/939 3290/940 3289/941
f 3291/942 3289/941 3290/940
f 841/943 3296/944 3294/945
f 3298/946 3294/945 3296/944
f 842/947 3303/948 3287/949
f 3304/950 3287/949 3303/948
f 844/951 3308/952 3306/953
f 3310/954 3306/953 3308/952
f 3316/955 3314/956 3315/957
f 847/958 3315/957 3314/956
f 848/959 3321/960 3319/961
f 3322/962 3319/961 3321/960
f 3328/963 3326/964 3327/965
f 850/966 3327/965 3326/964
f 3334/967 3331/968 3333/969
f 851/970 3333/969 3331/968
f 3341/971 3339/972 3340/973
f 853/974 3340/973 3339/972
f 3344/975 854/976 3348/977
f 3346/978 3348/977 854/976
f 3353/979 3337/980 3352/981
f 855/982 3352/981 3337/980
f 3355/983 857/984 3358/985
f 3357/986 3358/985 857/984
f 859/987 3363/988 3362/989
f 3364/990 3362/989 3363/988
f 3370/991 3367/992 3369/993
f 860/994 3369/993 3367/992
f 3376/995 3374/996 3375/997
f 862/998 3375/997 3374/996
f 863/999 3381/1000 3379/1001
f 3382/1002 3379/1001 3381/1000
f 865/1003 3388/1004 3387/1005
f 3389/1006 3387/1005 3388/1004
f 3396/1007 3392/1008 3394/1009
f 866/1010 3394/1009 3392/1008
f 3401/1011 3385/1012 3400/1013
f 867/1014 3400/1013 3385/1012
f 3406/1015 3403/1016 3405/1017
f 869/1018 3405/1017 3403/1016
f 3412/1019 3413/1020 871/1021
f 3411/1022 871/1021 3413/1020
f 3418/1023 3420/1024 872/1025
f 3416/1026 872/1025 3420/1024
f 3424/1027 875/1028 3426/1029
f 3425/1030 3426/1029 875/1028
f 3429/1031 876/1032 3432/1033
f 3431/1034 3432/1033 876/1032
f 3437/1035 878/1036 3439/1037
f 3438/1038 3439/1037 878/1036
f 3442/1039 879/1040 3446/1041
f 3444/1042 3446/1041 879/1040
f 3435/1043 880/1044 3452/1045
f 3451/1046 3452/1045 880/1044
f 3454/1047 882/1048 3458/1049
f 3456/1050 3458/1049 882/1048
f 3464/1051 886/1052 3466/1053
f 3465/1054 3466/1053 886/1052
f 3471/1055 3472/1056 887/1057
f 3469/1058 887/1057 3472/1056
f 3480/1059 3478/1060 3479/1061
f 890/1062 3479/1061 3478/1060
f 3486/1063 3483/1064 3485/1065
f 891/1066 3485/1065 3483/1064
f 3493/1067 3491/1068 3492/1069
f 893/1070 3492/1069 3491/1068
f 894/1071 3498/1072 3496/1073
f 3500/1074 3496/1073 3498/1072
f 3504/1075 3505/1076 895/1077
f 3489/1078 895/1077 3505/1076
f 3509/1079 3510/1080 897/1081
f 3507/1082 897/1081 3510/1080
f 3518/1083 3516/1084 3517/1085
f 900/1086 3517/1085 3516/1084
f 3524/1087 3521/1088 3523/1089
f 901/1090 3523/1089 3521/1088
f 904/1091 3531/1092 3530/1093
f 3532/1094 3530/1093 3531/1092
f 3538/1095 3535/1096 3537/1097
f 905/1098 3537/1097 3535/1096
f 907/1099 3544/1100 3543/1101
f 3545/1102 3543/1101 3544/1100
f 3552/1103 3548/1104 3550/1105
f 908/1106 3550/1105 3548/1104
f 909/1107 3556/1108 3541/1109
f 3557/1110 3541/1109 3556/1108
f 911/1111 3561/1112 3559/1113
f 3562/1114 3559/1113 3561/1112
f 3567/1115 913/1116 3569/1117
f 3568/1118 3569/1117 913/1116
f 3572/1119 914/1120 3576/1121
f 3574/1122 3576/1121 914/1120
f 3581/1123 3509/1079 3580/1124
f 897/1081 3580/1124 3509/1079
f 3585/1125 3586/1126 917/1127
f 3583/1128 917/1127 3586/1126
f 3592/1129 3498/1072 3591/1130
f 894/1071 3591/1130 3498/1072
f 3596/1131 3593/1132 3558/1133
f 911/1111 3558/1133 3593/1132
f 3602/1134 3589/1135 3601/1136
f 919/1137 3601/1136 3589/1135
f 3606/1138 3603/1139 3547/1140
f 908/1106 3547/1140 3603/1139
f 3613/1141 3611/1142 3612/1143
f 923/1144 3612/1143 3611/1142
f 3616/1145 924/1146 3620/1147
f 3618/1148 3620/1147 924/1146
f 3626/1149 3624/1150 3625/1151
f 927/1152 3625/1151 3624/1150
f 3631/1153 3632/1154 928/1155
f 3629/1156 928/1155 3632/1154
f 3638/1157 3639/1158 930/1159
f 3637/1160 930/1159 3639/1158
f 3644/1161 3646/1162 931/1163
f 3642/1164 931/1163 3646/1162
f 3651/1165 3652/1166 932/1167
f 3635/1168 932/1167 3652/1166
f 3654/1169 934/1170 3658/1171
f 3656/1172 3658/1171 934/1170
f 3664/1173 3662/1174 3663/1175
f 937/1176 3663/1175 3662/1174
f 938/1177 3669/1178 3667/1179
f 3670/1180 3667/1179 3669/1178
f 3674/1181 3675/1182 826/908
f 3240/1183 826/908 3675/1182
f 3677/1184 940/1185 3680/1186
f 3679/1187 3680/1186 940/1185
f 3227/1188 823/901 3686/1189
f 3685/1190 3686/1189 823/901
f 835/1191 3271/1192 3687/1193
f 3690/1194 3687/1193 3271/1192
f 942/1195 3694/1196 3683/1197
f 3695/1198 3683/1197 3694/1196
f 3696/1199 845/1200 3698/1201
f 3309/1202 3698/1201 845/1200
f 3704/1203 3702/1204 3703/1205
f 945/1206 3703/1205 3702/1204
f 3710/1207 3707/1208 3709/1209
f 946/1210 3709/1209 3707/1208
f 948/1211 3715/1212 3714/1213
f 3716/1214 3714/1213 3715/1212
f 3722/1215 3719/1216 3721/1217
f 949/1218 3721/1217 3719/1216
f 951/1219 3728/1220 3727/1221
f 3729/1222 3727/1221 3728/1220
f 3736/1223 3732/1224 3734/1225
f 952/1226 3734/1225 3732/1224
f 3741/1227 3725/1228 3740/1229
f 953/1230 3740/1229 3725/1228
f 955/1231 3745/1232 3743/1233
f 3746/1234 3743/1233 3745/1232
f 3752/1235 3753/1236 957/1237
f 3751/1238 957/1237 3753/1236
f 3760/1239 3756/1240 3758/1241
f 958/1242 3758/1241 3756/1240
f 3764/1243 3765/1244 844/951
f 3308/952 844/951 3765/1244
f 3769/1245 3770/1246 961/1247
f 3767/1248 961/1247 3770/1246
f 3775/1249 3776/1250 841/943
f 3296/944 841/943 3776/1250
f 3780/1251 3777/1252 3742/1253
f 955/1231 3742/1253 3777/1252
f 3786/1254 3773/1255 3785/1256
f 963/1257 3785/1256 3773/1255
f 3790/1258 3787/1259 3731/1260
f 952/1226 3731/1260 3787/1259
f 3797/1261 968/1262 3799/1263
f 3798/1264 3799/1263 968/1262
f 3802/1265 969/1266 3806/1267
f 3804/1268 3806/1267 969/1266
f 3814/1269 3815/1270 973/1271
f 3813/1272 973/1271 3815/1270
f 3820/1273 3817/1274 3797/1261
f 968/1262 3797/1261 3817/1274
f 3828/1275 3804/1268 3827/1276
f 969/1266 3827/1276 3804/1268
f 3832/1277 3829/1278 3813/1272
f 973/1271 3813/1272 3829/1278
f 3838/1279 980/1280 3840/1281
f 3839/1282 3840/1281 980/1280
f 3843/1283 981/1284 3846/1285
f 3845/1286 3846/1285 981/1284
f 3852/1287 984/1288 3854/1289
f 3853/1290 3854/1289 984/1288
f 3857/1291 985/1292 3860/1293
f 3859/1294 3860/1293 985/1292
f 3865/1295 987/1296 3867/1297
f 3866/1298 3867/1297 987/1296
f 3870/1299 988/1300 3874/1301
f 3872/1302 3874/1301 988/1300
f 3863/1303 989/1304 3879/1305
f 3878/1306 3879/1305 989/1304
f 3881/1307 991/1308 3884/1309
f 3883/1310 3884/1309 991/1308
f 993/1311 3889/1312 3888/1313
f 3890/1314 3888/1313 3889/1312
f 3895/1315 3896/1316 994/1317
f 3893/1318 994/1317 3896/1316
f 3901/1319 1799/1320 3900/1321
f 452/1322 3900/1321 1799/1320
f 3905/1323 3906/1324 996/1325
f 3903/1326 996/1325 3906/1324
f 3911/1327 3912/1328 447/1329
f 1784/1330 447/1329 3912/1328
f 3916/1331 3918/1332 998/1333
f 3914/1334 998/1333 3918/1332
f 3922/1335 3923/1336 999/1337
f 3909/1338 999/1337 3923/1336
f 3925/1339 1001/1340 3928/1341
f 3927/1342 3928/1341 1001/1340
f 3933/1343 1003/1344 3935/1345
f 3934/1346 3935/1345 1003/1344
f 1004/1347 3940/1348 3938/1349
f 3942/1350 3938/1349 3940/1348
f 3946/1351 1007/1352 3948/1353
f 3947/1354 3948/1353 1007/1352
f 3951/1355 1008/1356 3954/1357
f 3953/1358 3954/1357 1008/1356
f 3959/1359 1010/1360 3961/1361
f 3960/1362 3961/1361 1010/1360
f 3966/1363 3968/1364 1011/1365
f 3964/1366 1011/1365 3968/1364
f 3974/1367 3957/1368 3973/1369
f 1012/1370 3973/1369 3957/1368
f 1014/1371 3978/1372 3976/1373
f 3980/1374 3976/1373 3978/1372
f 3987/1375 3988/1376 1018/1377
f 3986/1378 1018/1377 3988/1376
f 3991/1379 1019/1380 3994/1381
f 3993/1382 3994/1381 1019/1380
f 4002/1383 4000/1384 4001/1385
f 1022/1386 4001/1385 4000/1384
f 4008/1387 4005/1388 4007/1389
f 1023/1390 4007/1389 4005/1388
f 4014/1391 4015/1392 1025/1393
f 4013/1394 1025/1393 4015/1392
f 4022/1395 4018/1396 4020/1397
f 1026/1398 4020/1397 4018/1396
f 1027/1399 4026/1400 4011/1401
f 4027/1402 4011/1401 4026/1400
f 4032/1403 4029/1404 4031/1405
f 1029/1406 4031/1405 4029/1404
f 4038/1407 1032/1408 4040/1409
f 4039/1410 4040/1409 1032/1408
f 4043/1411 1033/1412 4046/1413
f 4045/1414 4046/1413 1033/1412
f 4052/1415 1036/1416 4054/1417
f 4053/1418 4054/1417 1036/1416
f 4057/1419 1037/1420 4060/1421
f 4059/1422 4060/1421 1037/1420
f 4065/1423 1039/1424 4067/1425
f 4066/1426 4067/1425 1039/1424
f 4069/1427 582/1428 4072/1429
f 2295/1430 4072/1429 582/1428
f 4063/1431 1040/1432 4077/1433
f 4076/1434 4077/1433 1040/1432
f 4078/1435 577/1436 4080/1437
f 2279/1438 4080/1437 577/1436
f 1043/1439 4085/1440 4084/1441
f 4086/1442 4084/1441 4085/1440
f 4092/1443 4089/1444 4091/1445
f 1044/1446 4091/1445 4089/1444
f 4098/1447 4096/1448 4097/1449
f 1046/1450 4097/1449 4096/1448
f 1047/1451 4103/1452 4101/1453
f 4104/1454 4101/1453 4103/1452
f 4111/1455 4109/1456 4110/1457
f 1049/1458 4110/1457 4109/1456
f 1035/1459 4047/1460 4113/1461
f 4116/1462 4113/1461 4047/1460
f 4120/1463 4121/1464 1050/1465
f 4107/1466 1050/1465 4121/1464
f 4033/1467 4124/1468 1031/1469
f 4122/1470 1031/1469 4124/1468
f 4130/1471 4128/1472 4129/1473
f 1053/1474 4129/1473 4128/1472
f 4136/1475 4133/1476 4135/1477
f 1054/1478 4135/1477 4133/1476
f 3824/1479 977/1480 4141/1481
f 4140/1482 4141/1481 977/1480
f 4146/1483 4143/1484 4145/1485
f 1056/1486 4145/1485 4143/1484
f 972/1487 4151/1488 3812/1489
f 4152/1490 3812/1489 4151/1488
f 1058/1491 4156/1492 4154/1493
f 4158/1494 4154/1493 4156/1492
f 4163/1495 4149/1496 4162/1497
f 1059/1498 4162/1497 4149/1496
f 4168/1499 4165/1500 4167/1501
f 1061/1502 4167/1501 4165/1500
f 4174/1503 1064/1504 4176/1505
f 4175/1506 4176/1505 1064/1504
f 4179/1507 1065/1508 4182/1509
f 4181/1510 4182/1509 1065/1508
f 3851/1511 983/1512 4189/1513
f 4188/1514 4189/1513 983/1512
f 4191/1515 1068/1516 4194/1517
f 4193/1518 4194/1517 1068/1516
f 4200/1519 3837/1520 4199/1521
f 979/1522 4199/1521 3837/1520
f 4204/1523 4201/1524 2349/1525
f 597/1526 2349/1525 4201/1524
f 4197/1527 1070/1528 4209/1529
f 4208/1530 4209/1529 1070/1528
f 4210/1531 593/1532 4212/1533
f 2335/1534 4212/1533 593/1532
f 1073/1535 4218/1536 4217/1537
f 4219/1538 4217/1537 4218/1536
f 4222/1539 1074/1540 4226/1541
f 4224/1542 4226/1541 1074/1540
f 1005/1543 4230/1544 3931/1545
f 4231/1546 3931/1545 4230/1544
f 4236/1547 4233/1548 4235/1549
f 1077/1550 4235/1549 4233/1548
f 4242/1551 3971/1552 4241/1553
f 1015/1554 4241/1553 3971/1552
f 4246/1555 4243/1556 4028/1557
f 1029/1406 4028/1557 4243/1556
f 4252/1558 4239/1559 4251/1560
f 1079/1561 4251/1560 4239/1559
f 4256/1562 4253/1563 4017/1564
f 1026/1398 4017/1564 4253/1563
f 4260/1565 1083/1566 4262/1567
f 4261/1568 4262/1567 1083/1566
f 4265/1569 1084/1570 4268/1571
f 4267/1572 4268/1571 1084/1570
f 4274/1573 4272/1574 4273/1575
f 1086/1576 4273/1575 4272/1574
f 4279/1577 4280/1578 1087/1579
f 4277/1580 1087/1579 4280/1578
f 4287/1581 4285/1582 4286/1583
f 1089/1584 4286/1583 4285/1582
f 4289/1585 1021/1586 4292/1587
f 3995/1588 4292/1587 1021/1586
f 4283/1589 1090/1590 4297/1591
f 4296/1592 4297/1591 1090/1590
f 4298/1593 1017/1594 4300/1595
f 3981/1596 4300/1595 1017/1594
f 1093/1597 4305/1598 4304/1599
f 4306/1600 4304/1599 4305/1598
f 1094/1601 4311/1602 4309/1603
f 4312/1604 4309/1603 4311/1602
f 4316/1605 1096/1606 4318/1607
f 4317/1608 4318/1607 1096/1606
f 4320/1609 1093/1597 4322/1610
f 4304/1599 4322/1610 1093/1597
f 4311/1602 1094/1601 4327/1611
f 4326/1612 4327/1611 1094/1601
f 4316/1605 4330/1613 1096/1606
f 4328/1614 1096/1606 4330/1613
f 4335/1615 1099/1616 4337/1617
f 4336/1618 4337/1617 1099/1616
f 4342/1619 4344/1620 1100/1621
f 4340/1622 1100/1621 4344/1620
f 4352/1623 4350/1624 4351/1625
f 1104/1626 4351/1625 4350/1624
f 4356/1627 4354/1628 4335/1615
f 1099/1616 4335/1615 4354/1628
f 4364/1629 4342/1619 4363/1630
f 1100/1621 4363/1630 4342/1619
f 4350/1624 4368/1631 1104/1626
f 4365/1632 1104/1626 4368/1631
f 1109/1633 4373/1634 4372/1635
f 4374/1636 4372/1635 4373/1634
f 4380/1637 4377/1638 4379/1639
f 1110/1640 4379/1639 4377/1638
f 4384/1641 1112/1642 4386/1643
f 4385/1644 4386/1643 1112/1642
f 4392/1645 4389/1646 4391/1647
f 1113/1648 4391/1647 4389/1646
f 4399/1649 4397/1650 4398/1651
f 1115/1652 4398/1651 4397/1650
f 4406/1653 4402/1654 4404/1655
f 1116/1656 4404/1655 4402/1654
f 4411/1657 4395/1658 4410/1659
f 1117/1660 4410/1659 4395/1658
f 1119/1661 4415/1662 4413/1663
f 4416/1664 4413/1663 4415/1662
f 4422/1665 4423/1666 1121/1667
f 4421/1668 1121/1667 4423/1666
f 4428/1669 4430/1670 1122/1671
f 4426/1672 1122/1671 4430/1670
f 4434/1673 4435/1674 1119/1661
f 4415/1662 1119/1661 4435/1674
f 4439/1675 4440/1676 1125/1677
f 4437/1678 1125/1677 4440/1676
f 4445/1679 4446/1680 1116/1656
f 4404/1655 1116/1656 4446/1680
f 4452/1681 4448/1682 4450/1683
f 1127/1684 4450/1683 4448/1682
f 4457/1685 4458/1686 1128/1687
f 4443/1688 1128/1687 4458/1686
f 4462/1689 4464/1690 1130/1691
f 4460/1692 1130/1691 4464/1690
f 4470/1693 4468/1694 4469/1695
f 1133/1696 4469/1695 4468/1694
f 4473/1697 1134/1698 4476/1699
f 4475/1700 4476/1699 1134/1698
f 4483/1701 4484/1702 1137/1703
f 4482/1704 1137/1703 4484/1702
f 4468/1694 4488/1705 1133/1696
f 4486/1706 1133/1696 4488/1705
f 4494/1707 4475/1700 4493/1708
f 1134/1698 4493/1708 4475/1700
f 1137/1703 4482/1704 4495/1709
f 4498/1710 4495/1709 4482/1704
f 4504/1711 4505/1712 1141/1713
f 4503/1714 1141/1713 4505/1712
f 4508/1715 1142/1716 4512/1717
f 4510/1718 4512/1717 1142/1716
f 4517/1719 4518/1720 1145/1721
f 4516/1722 1145/1721 4518/1720
f 4523/1723 4524/1724 1146/1725
f 4521/1726 1146/1725 4524/1724
f 4529/1727 1148/1728 4531/1729
f 4530/1730 4531/1729 1148/1728
f 4536/1731 4538/1732 1149/1733
f 4534/1734 1149/1733 4538/1732
f 4527/1735 1150/1736 4544/1737
f 4543/1738 4544/1737 1150/1736
f 4546/1739 1152/1740 4550/1741
f 4548/1742 4550/1741 1152/1740
f 4554/1743 1155/1744 4556/1745
f 4555/1746 4556/1745 1155/1744
f 4559/1747 1156/1748 4562/1749
f 4561/1750 4562/1749 1156/1748
f 4566/1751 1158/1752 4568/1753
f 4567/1754 4568/1753 1158/1752
f 4571/1755 1159/1756 4574/1757
f 4573/1758 4574/1757 1159/1756
f 4579/1759 1161/1760 4581/1761
f 4580/1762 4581/1761 1161/1760
f 4584/1763 1162/1764 4588/1765
f 4586/1766 4588/1765 1162/1764
f 4577/1767 1163/1768 4593/1769
f 4592/1770 4593/1769 1163/1768
f 4595/1771 1165/1772 4598/1773
f 4597/1774 4598/1773 1165/1772
f 4605/1775 4603/1776 4604/1777
f 1167/1778 4604/1777 4603/1776
f 4612/1779 4608/1780 4610/1781
f 1168/1782 4610/1781 4608/1780
f 4617/1783 4618/1784 1171/1785
f 4616/1786 1171/1785 4618/1784
f 4624/1787 4621/1788 4623/1789
f 1172/1790 4623/1789 4621/1788
f 4630/1791 4631/1792 1174/1793
f 4629/1794 1174/1793 4631/1792
f 4636/1795 4638/1796 1175/1797
f 4634/1798 1175/1797 4638/1796
f 4644/1799 4627/1800 4643/1801
f 1176/1802 4643/1801 4627/1800
f 4650/1803 4646/1804 4648/1805
f 1178/1806 4648/1805 4646/1804
f 4656/1807 4657/1808 1181/1809
f 4655/1810 1181/1809 4657/1808
f 4662/1811 4664/1812 1182/1813
f 4660/1814 1182/1813 4664/1812
f 4669/1815 4670/1816 1185/1817
f 4668/1818 1185/1817 4670/1816
f 4675/1819 4676/1820 1186/1821
f 4673/1822 1186/1821 4676/1820
f 4682/1823 4683/1824 1188/1825
f 4681/1826 1188/1825 4683/1824
f 4690/1827 4686/1828 4688/1829
f 1189/1830 4688/1829 4686/1828
f 4695/1831 4696/1832 1190/1833
f 4679/1834 1190/1833 4696/1832
f 4702/1835 4698/1836 4700/1837
f 1192/1838 4700/1837 4698/1836
f 4709/1839 4710/1840 1196/1841
f 4708/1842 1196/1841 4710/1840
f 4715/1843 4716/1844 1197/1845
f 4713/1846 1197/1845 4716/1844
f 4723/1847 4724/1848 1200/1849
f 4722/1850 1200/1849 4724/1848
f 4729/1851 4730/1852 1201/1853
f 4727/1854 1201/1853 4730/1852
f 4735/1855 1203/1856 4737/1857
f 4736/1858 4737/1857 1203/1856
f 4744/1859 4740/1860 4742/1861
f 1204/1862 4742/1861 4740/1860
f 4748/1863 4749/1864 1205/1865
f 4733/1866 1205/1865 4749/1864
f 4753/1867 4754/1868 1207/1869
f 4751/1870 1207/1869 4754/1868
f 4758/1871 1209/1872 4760/1873
f 4759/1874 4760/1873 1209/1872
f 4765/1875 4766/1876 1210/1877
f 4763/1878 1210/1877 4766/1876
f 4771/1879 4772/1880 1212/1881
f 4770/1882 1212/1881 4772/1880
f 4777/1883 4778/1884 1213/1885
f 4775/1886 1213/1885 4778/1884
f 4784/1887 4785/1888 1215/1889
f 4783/1890 1215/1889 4785/1888
f 4717/1891 4790/1892 1199/1893
f 4787/1894 1199/1893 4790/1892
f 4794/1895 4795/1896 1216/1897
f 4781/1898 1216/1897 4795/1896
f 4703/1899 4798/1900 1195/1901
f 4796/1902 1195/1901 4798/1900
f 4805/1903 4803/1904 4804/1905
f 1219/1906 4804/1905 4803/1904
f 4812/1907 4808/1908 4810/1909
f 1220/1910 4810/1909 4808/1908
f 4818/1911 4816/1912 4817/1913
f 1223/1914 4817/1913 4816/1912
f 4824/1915 4821/1916 4823/1917
f 1224/1918 4823/1917 4821/1916
f 4830/1919 4831/1920 1226/1921
f 4829/1922 1226/1921 4831/1920
f 4836/1923 4833/1924 2119/210
f 537/212 2119/210 4833/1924
f 4842/1925 4827/1926 4841/1927
f 1227/1928 4841/1927 4827/1926
f 4846/1929 4843/1930 2106/202
f 534/204 2106/202 4843/1930
f 4852/1931 4850/1932 4851/1933
f 1231/1934 4851/1933 4850/1932
f 4858/1935 4855/1936 4857/1937
f 1232/1938 4857/1937 4855/1936
f 4864/1939 4862/1940 4863/1941
f 1234/1942 4863/1941 4862/1940
f 4870/1943 4867/1944 4869/1945
f 1235/1946 4869/1945 4867/1944
f 4877/1947 4875/1948 4876/1949
f 1237/1950 4876/1949 4875/1948
f 4882/1951 4879/1952 2167/242
f 549/244 2167/242 4879/1952
f 4887/1953 4873/1954 4886/1955
f 1238/1956 4886/1955 4873/1954
f 4890/1957 4888/1958 2154/234
f 546/236 2154/234 4888/1958
f 1241/1959 4895/1960 4894/1961
f 4896/1962 4894/1961 4895/1960
f 4902/1963 4899/1964 4901/1965
f 1242/1966 4901/1965 4899/1964
f 4908/1967 4906/1968 4907/1969
f 1244/1970 4907/1969 4906/1968
f 4914/1971 4911/1972 4913/1973
f 1245/1974 4913/1973 4911/1972
f 4921/1975 4919/1976 4920/1977
f 1247/1978 4920/1977 4919/1976
f 561/273 2215/275 4923/1979
f 4926/1980 4923/1979 2215/275
f 1248/1981 4930/1982 4917/1983
f 4931/1984 4917/1983 4930/1982
f 4934/1985 4932/1986 2202/266
f 558/268 2202/266 4932/1986
f 4938/1987 1251/1988 4940/1989
f 4939/1990 4940/1989 1251/1988
f 4943/1991 1252/1992 4946/1993
f 4945/1994 4946/1993 1252/1992
f 4582/1995 1161/1760 4951/1996
f 4950/1997 4951/1996 1161/1760
f 4955/1998 4956/1999 1254/2000
f 4953/2001 1254/2000 4956/1999
f 4569/2002 1158/1752 4962/2003
f 4961/2004 4962/2003 1158/1752
f 4963/2005 573/307 4966/2006
f 2263/308 4966/2006 573/307
f 4959/2007 1256/2008 4971/2009
f 4970/2010 4971/2009 1256/2008
f 4972/2011 570/299 4974/2012
f 2250/300 4974/2012 570/299
f 4983/2013 4981/2014 4982/2015
f 1260/2016 4982/2015 4981/2014
f 4986/2017 1261/2018 4990/2019
f 4988/2020 4990/2019 1261/2018
f 4998/2021 4996/2022 4997/2023
f 1265/2024 4997/2023 4996/2022
f 5004/2025 5001/2026 5003/2027
f 1266/2028 5003/2027 5001/2026
f 5011/2029 5009/2030 5010/2031
f 1268/2032 5010/2031 5009/2030
f 5018/2033 5014/2034 5016/2035
f 1269/2036 5016/2035 5014/2034
f 5007/2037 1270/2038 5024/2039
f 5023/2040 5024/2039 1270/2038
f 5026/2041 1272/2042 5030/2043
f 5028/2044 5030/2043 1272/2042
f 5035/2045 1275/2046 5037/2047
f 5036/2048 5037/2047 1275/2046
f 5044/2049 5040/2050 5042/2051
f 1276/2052 5042/2051 5040/2050
f 5050/2053 5048/2054 5049/2055
f 1279/2056 5049/2055 5048/2054
f 5056/2057 5053/2058 5055/2059
f 1280/2060 5055/2059 5053/2058
f 5061/2061 1282/2062 5063/2063
f 5062/2064 5063/2063 1282/2062
f 5070/2065 5066/2066 5068/2067
f 1283/2068 5068/2067 5066/2066
f 5076/2069 5059/2070 5075/2071
f 1284/2072 5075/2071 5059/2070
f 5082/2073 5078/2074 5080/2075
f 1286/2076 5080/2075 5078/2074
f 5090/2077 5088/2078 5089/2079
f 1290/2080 5089/2079 5088/2078
f 5093/2081 1291/2082 5096/2083
f 5095/2084 5096/2083 1291/2082
f 5103/2085 5104/2086 1294/2087
f 5102/2088 1294/2087 5104/2086
f 5107/2089 1295/2090 5110/2091
f 5109/2092 5110/2091 1295/2090
f 5116/2093 5117/2094 1297/2095
f 5115/2096 1297/2095 5117/2094
f 5122/2097 5124/2098 1298/2099
f 5120/2100 1298/2099 5124/2098
f 5113/2101 1299/2102 5129/2103
f 5128/2104 5129/2103 1299/2102
f 5131/2105 1301/2106 5134/2107
f 5133/2108 5134/2107 1301/2106
f 5142/2109 5140/2110 5141/2111
f 1304/2112 5141/2111 5140/2110
f 5148/2113 5145/2114 5147/2115
f 1305/2116 5147/2115 5145/2114
f 5156/2117 5154/2118 5155/2119
f 1308/2120 5155/2119 5154/2118
f 5162/2121 5159/2122 5161/2123
f 1309/2124 5161/2123 5159/2122
f 5169/2125 5167/2126 5168/2127
f 1311/2128 5168/2127 5167/2126
f 5174/2129 5171/2130 5097/2131
f 1293/2132 5097/2131 5171/2130
f 5179/2133 5165/2134 5178/2135
f 1312/2136 5178/2135 5165/2134
f 5182/2137 5180/2138 5083/2139
f 1289/2140 5083/2139 5180/2138
f 5189/2141 5187/2142 5188/2143
f 1315/2144 5188/2143 5187/2142
f 5196/2145 5192/2146 5194/2147
f 1316/2148 5194/2147 5192/2146
f 5202/2149 5200/2150 5201/2151
f 1319/2152 5201/2151 5200/2150
f 5208/2153 5205/2154 5207/2155
f 1320/2156 5207/2155 5205/2154
f 5215/2157 5213/2158 5214/2159
f 1322/2160 5214/2159 5213/2158
f 5220/2161 5217/2162 2519/464
f 641/466 2519/464 5217/2162
f 5226/2163 5211/2164 5225/2165
f 1323/2166 5225/2165 5211/2164
f 5230/2167 5227/2168 2506/456
f 638/458 2506/456 5227/2168
f 5235/2169 5236/2170 1327/2171
f 5234/2172 1327/2171 5236/2170
f 5241/2173 5242/2174 1328/2175
f 5239/2176 1328/2175 5242/2174
f 5247/2177 5248/2178 1330/2179
f 5246/2180 1330/2179 5248/2178
f 5253/2181 5254/2182 1331/2183
f 5251/2184 1331/2183 5254/2182
f 5261/2185 5259/2186 5260/2187
f 1333/2188 5260/2187 5259/2186
f 5266/2189 5263/2190 2567/496
f 653/498 2567/496 5263/2190
f 5270/2191 5271/2192 1334/2193
f 5257/2194 1334/2193 5271/2192
f 2554/487 5274/2195 650/488
f 5272/2196 650/488 5274/2195
f 5282/2197 5280/2198 5281/2199
f 1338/2200 5281/2199 5280/2198
f 1339/2201 5287/2202 5285/2203
f 5288/2204 5285/2203 5287/2202
f 5295/2205 1342/2206 5297/2207
f 5296/2208 5297/2207 1342/2206
f 5299/2209 1338/2200 5302/2210
f 5280/2198 5302/2210 1338/2200
f 5311/2211 5309/2212 5310/2213
f 1346/2214 5310/2213 5309/2212
f 5316/2215 5313/2216 5295/2205
f 1342/2206 5295/2205 5313/2216
f 5321/2217 1349/2218 5323/2219
f 5322/2220 5323/2219 1349/2218
f 5325/2221 1346/2214 5328/2222
f 5309/2212 5328/2222 1346/2214
f 5333/2223 5287/2202 5332/2224
f 1339/2201 5332/2224 5287/2202
f 5336/2225 5334/2226 5321/2217
f 1349/2218 5321/2217 5334/2226
f 5344/2227 5342/2228 5343/2229
f 1354/2230 5343/2229 5342/2228
f 5350/2231 5347/2232 5349/2233
f 1355/2234 5349/2233 5347/2232
f 5358/2235 5356/2236 5357/2237
f 1358/2238 5357/2237 5356/2236
f 5364/2239 5361/2240 5363/2241
f 1359/2242 5363/2241 5361/2240
f 5371/2243 5369/2244 5370/2245
f 1361/2246 5370/2245 5369/2244
f 5378/2247 5374/2248 5376/2249
f 1362/2250 5376/2249 5374/2248
f 5383/2251 5367/2252 5382/2253
f 1363/2254 5382/2253 5367/2252
f 5388/2255 5385/2256 5387/2257
f 1365/2258 5387/2257 5385/2256
f 5392/2259 1367/2260 5394/2261
f 5393/2262 5394/2261 1367/2260
f 5397/2263 1368/2264 5400/2265
f 5399/2266 5400/2265 1368/2264
f 5404/2267 1370/2268 5406/2269
f 5405/2270 5406/2269 1370/2268
f 5409/2271 1371/2272 5412/2273
f 5411/2274 5412/2273 1371/2272
f 5417/2275 1373/2276 5419/2277
f 5418/2278 5419/2277 1373/2276
f 5426/2279 5422/2280 5424/2281
f 1374/2282 5424/2281 5422/2280
f 5415/2283 1375/2284 5431/2285
f 5430/2286 5431/2285 1375/2284
f 5436/2287 5433/2288 5435/2289
f 1377/2290 5435/2289 5433/2288
f 5442/2291 1380/2292 5444/2293
f 5443/2294 5444/2293 1380/2292
f 5447/2295 1381/2296 5450/2297
f 5449/2298 5450/2297 1381/2296
f 5457/2299 5455/2300 5456/2301
f 1383/2302 5456/2301 5455/2300
f 5462/2303 5459/2304 5442/2291
f 1380/2292 5442/2291 5459/2304
f 5470/2305 5468/2306 5469/2307
f 1387/2308 5469/2307 5468/2306
f 1383/2302 5455/2300 5472/2309
f 5474/2310 5472/2309 5455/2300
f 5479/2311 1389/2312 5481/2313
f 5480/2314 5481/2313 1389/2312
f 5483/2315 1387/2308 5486/2316
f 5468/2306 5486/2316 1387/2308
f 1381/2296 5490/2317 5449/2298
f 5491/2318 5449/2298 5490/2317
f 5494/2319 5492/2320 5479/2311
f 1389/2312 5479/2311 5492/2320
f 5500/2321 5498/2322 5499/2323
f 1393/2324 5499/2323 5498/2322
f 5505/2325 5506/2326 1394/2327
f 5503/2328 1394/2327 5506/2326
f 5512/2329 5510/2330 5511/2331
f 1396/2332 5511/2331 5510/2330
f 5518/2333 5515/2334 5517/2335
f 1397/2336 5517/2335 5515/2334
f 5523/2337 1399/2338 5525/2339
f 5524/2340 5525/2339 1399/2338
f 5528/2341 1400/2342 5532/2343
f 5530/2344 5532/2343 1400/2342
f 5537/2345 5521/2346 5536/2347
f 1401/2348 5536/2347 5521/2346
f 5542/2349 5539/2350 5541/2351
f 1403/2352 5541/2351 5539/2350
f 5546/2353 1405/2354 5548/2355
f 5547/2356 5548/2355 1405/2354
f 5551/2357 1406/2358 5554/2359
f 5553/2360 5554/2359 1406/2358
f 5558/2361 1408/2362 5560/2363
f 5559/2364 5560/2363 1408/2362
f 5563/2365 1409/2366 5566/2367
f 5565/2368 5566/2367 1409/2366
f 5571/2369 1411/2370 5573/2371
f 5572/2372 5573/2371 1411/2370
f 5576/2373 1412/2374 5580/2375
f 5578/2376 5580/2375 1412/2374
f 5569/2377 1413/2378 5585/2379
f 5584/2380 5585/2379 1413/2378
f 5587/2381 1415/2382 5590/2383
f 5589/2384 5590/2383 1415/2382
f 5594/2385 1417/2386 5596/2387
f 5595/2388 5596/2387 1417/2386
f 5599/2389 1418/2390 5602/2391
f 5601/2392 5602/2391 1418/2390
f 5606/2393 1420/2394 5608/2395
f 5607/2396 5608/2395 1420/2394
f 5611/2397 1421/2398 5614/2399
f 5613/2400 5614/2399 1421/2398
f 5619/2401 1423/2402 5621/2403
f 5620/2404 5621/2403 1423/2402
f 5624/2405 1424/2406 5628/2407
f 5626/2408 5628/2407 1424/2406
f 5617/2409 1425/2410 5633/2411
f 5632/2412 5633/2411 1425/2410
f 5638/2413 5635/2414 5637/2415
f 1427/2416 5637/2415 5635/2414
f 5644/2417 5642/2418 5643/2419
f 1429/2420 5643/2419 5642/2418
f 5650/2421 5647/2422 5649/2423
f 1430/2424 5649/2423 5647/2422
f 5654/2425 1432/2426 5656/2427
f 5655/2428 5656/2427 1432/2426
f 5662/2429 5659/2430 5661/2431
f 1433/2432 5661/2431 5659/2430
f 5667/2433 1435/2434 5669/2435
f 5668/2436 5669/2435 1435/2434
f 5674/2437 5671/2438 2991/748
f 763/750 2991/748 5671/2438
f 5679/2439 5665/2440 5678/2441
f 1436/2442 5678/2441 5665/2440
f 5682/2443 5680/2444 2978/740
f 760/742 2978/740 5680/2444
f 5687/2445 5688/2446 1439/2447
f 5686/2448 1439/2447 5688/2446
f 5693/2449 5694/2450 1440/2451
f 5691/2452 1440/2451 5694/2450
f 5699/2453 5700/2454 1442/2455
f 5698/2456 1442/2455 5700/2454
f 5705/2457 5706/2458 1443/2459
f 5703/2460 1443/2459 5706/2458
f 5711/2461 1445/2462 5713/2463
f 5712/2464 5713/2463 1445/2462
f 5716/2465 1446/2466 5720/2467
f 5718/2468 5720/2467 1446/2466
f 5709/2469 1447/2470 5725/2471
f 5724/2472 5725/2471 1447/2470
f 5729/2473 5730/2474 1449/2475
f 5727/2476 1449/2475 5730/2474
f 1451/2477 5735/2478 5734/2479
f 5736/2480 5734/2479 5735/2478
f 5742/2481 5739/2482 5741/2483
f 1452/2484 5741/2483 5739/2482
f 5746/2485 1454/2486 5748/2487
f 5747/2488 5748/2487 1454/2486
f 1455/2489 5753/2490 5751/2491
f 5754/2492 5751/2491 5753/2490
f 5761/2493 5759/2494 5760/2495
f 1457/2496 5760/2495 5759/2494
f 5768/2497 5764/2498 5766/2499
f 1458/2500 5766/2499 5764/2498
f 5773/2501 5757/2502 5772/2503
f 1459/2504 5772/2503 5757/2502
f 5778/2505 5775/2506 5777/2507
f 1461/2508 5777/2507 5775/2506
f 5783/2509 5784/2510 1463/2511
f 5782/2512 1463/2511 5784/2510
f 5789/2513 5790/2514 1464/2515
f 5787/2516 1464/2515 5790/2514
f 5796/2517 5794/2518 5795/2519
f 1466/2520 5795/2519 5794/2518
f 5802/2521 5799/2522 5801/2523
f 1467/2524 5801/2523 5799/2522
f 5809/2525 5807/2526 5808/2527
f 1469/2528 5808/2527 5807/2526
f 5816/2529 5812/2530 5814/2531
f 1470/2532 5814/2531 5812/2530
f 5820/2533 5821/2534 1471/2535
f 5805/2536 1471/2535 5821/2534
f 5825/2537 5826/2538 1473/2539
f 5823/2540 1473/2539 5826/2538
f 5832/2541 5830/2542 5831/2543
f 1475/2544 5831/2543 5830/2542
f 5838/2545 5835/2546 5837/2547
f 1476/2548 5837/2547 5835/2546
f 1478/2549 5843/2550 5842/2551
f 5844/2552 5842/2551 5843/2550
f 5850/2553 5847/2554 5849/2555
f 1479/2556 5849/2555 5847/2554
f 5857/2557 5855/2558 5856/2559
f 1481/2560 5856/2559 5855/2558
f 5862/2561 5859/2562 3187/876
f 813/878 3187/876 5859/2562
f 5867/2563 5853/2564 5866/2565
f 1482/2566 5866/2565 5853/2564
f 5870/2567 5868/2568 3174/868
f 810/870 3174/868 5868/2568
f 5874/2569 1485/2570 5876/2571
f 5875/2572 5876/2571 1485/2570
f 5879/2573 1486/2574 5882/2575
f 5881/2576 5882/2575 1486/2574
f 5886/2577 1488/2578 5888/2579
f 5887/2580 5888/2579 1488/2578
f 5891/2581 1489/2582 5894/2583
f 5893/2584 5894/2583 1489/2582
f 5900/2585 5901/2586 1491/2587
f 5899/2588 1491/2587 5901/2586
f 5906/2589 5908/2590 1492/2591
f 5904/2592 1492/2591 5908/2590
f 5912/2593 5913/2594 1493/2595
f 5897/2596 1493/2595 5913/2594
f 5915/2597 1495/2598 5918/2599
f 5917/2600 5918/2599 1495/2598
f 5923/2601 1497/2602 5925/2603
f 5924/2604 5925/2603 1497/2602
f 5932/2605 5928/2606 5930/2607
f 1498/2608 5930/2607 5928/2606
f 5937/2609 5938/2610 1501/2611
f 5936/2612 1501/2611 5938/2610
f 5944/2613 5941/2614 5943/2615
f 1502/2616 5943/2615 5941/2614
f 5951/2617 5949/2618 5950/2619
f 1504/2620 5950/2619 5949/2618
f 1505/2621 5956/2622 5954/2623
f 5958/2624 5954/2623 5956/2622
f 5964/2625 5947/2626 5963/2627
f 1506/2628 5963/2627 5947/2626
f 5968/2629 5970/2630 1508/2631
f 5966/2632 1508/2631 5970/2630
f 1512/2633 5977/2634 5976/2635
f 5978/2636 5976/2635 5977/2634
f 5984/2637 5981/2638 5983/2639
f 1513/2640 5983/2639 5981/2638
f 5991/2641 5992/2642 1516/2643
f 5990/2644 1516/2643 5992/2642
f 5998/2645 5995/2646 5997/2647
f 1517/2648 5997/2647 5995/2646
f 6004/2649 6005/2650 1519/2651
f 6003/2652 1519/2651 6005/2650
f 6012/2653 6008/2654 6010/2655
f 1520/2656 6010/2655 6008/2654
f 6017/2657 6001/2658 6016/2659
f 1521/2660 6016/2659 6001/2658
f 6022/2661 6019/2662 6021/2663
f 1523/2664 6021/2663 6019/2662
f 6028/2665 6026/2666 6027/2667
f 1525/2668 6027/2667 6026/2666
f 1526/2669 6033/2670 6031/2671
f 6034/2672 6031/2671 6033/2670
f 6040/2673 6038/2674 6039/2675
f 1528/2676 6039/2675 6038/2674
f 6046/2677 6043/2678 6045/2679
f 1529/2680 6045/2679 6043/2678
f 6053/2681 6051/2682 6052/2683
f 1531/2684 6052/2683 6051/2682
f 865/1003 3387/1005 6055/2685
f 6058/2686 6055/2685 3387/1005
f 1532/2687 6062/2688 6049/2689
f 6063/2690 6049/2689 6062/2688
f 6066/2691 6064/2692 3374/996
f 862/998 3374/996 6064/2692
f 6070/2693 1535/2694 6072/2695
f 6071/2696 6072/2695 1535/2694
f 6075/2697 1536/2698 6078/2699
f 6077/2700 6078/2699 1536/2698
f 6083/2701 6084/2702 1538/2703
f 6082/2704 1538/2703 6084/2702
f 6089/2705 6090/2706 1539/2707
f 6087/2708 1539/2707 6090/2706
f 6096/2709 6097/2710 1541/2711
f 6095/2712 1541/2711 6097/2710
f 6102/2713 6104/2714 1542/2715
f 6100/2716 1542/2715 6104/2714
f 6108/2717 6109/2718 1543/2719
f 6093/2720 1543/2719 6109/2718
f 6113/2721 6114/2722 1545/2723
f 6111/2724 1545/2723 6114/2722
f 6118/2725 1547/2726 6120/2727
f 6119/2728 6120/2727 1547/2726
f 6125/2729 6126/2730 1548/2731
f 6123/2732 1548/2731 6126/2730
f 6130/2733 1550/2734 6132/2735
f 6131/2736 6132/2735 1550/2734
f 6135/2737 1551/2738 6138/2739
f 6137/2740 6138/2739 1551/2738
f 1553/2741 6144/2742 6143/2743
f 6145/2744 6143/2743 6144/2742
f 6152/2745 6148/2746 6150/2747
f 1554/2748 6150/2747 6148/2746
f 6157/2749 6141/2750 6156/2751
f 1555/2752 6156/2751 6141/2750
f 6162/2753 6159/2754 6161/2755
f 1557/2756 6161/2755 6159/2754
f 6169/2757 6167/2758 6168/2759
f 1559/2760 6168/2759 6167/2758
f 6176/2761 6172/2762 6174/2763
f 1560/2764 6174/2763 6172/2762
f 1563/2765 6181/2766 6180/2767
f 6182/2768 6180/2767 6181/2766
f 1564/2769 6187/2770 6185/2771
f 6188/2772 6185/2771 6187/2770
f 6195/2773 6193/2774 6194/2775
f 1566/2776 6194/2775 6193/2774
f 907/1099 3543/1101 6197/2777
f 6200/2778 6197/2777 3543/1101
f 6206/2779 6191/2780 6205/2781
f 1567/2782 6205/2781 6191/2780
f 904/1091 3530/1093 6207/2783
f 6210/2784 6207/2783 3530/1093
f 6214/2785 1571/2786 6216/2787
f 6215/2788 6216/2787 1571/2786
f 6221/2789 6222/2790 1572/2791
f 6219/2792 1572/2791 6222/2790
f 6227/2793 6196/2794 6226/2795
f 1566/2776 6226/2795 6196/2794
f 6232/2796 6229/2797 6231/2798
f 1574/2799 6231/2798 6229/2797
f 6238/2800 6183/2801 6237/2802
f 1563/2765 6237/2802 6183/2801
f 6242/2803 6239/2804 6143/2743
f 1553/2741 6143/2743 6239/2804
f 6235/2805 1576/2806 6247/2807
f 6246/2808 6247/2807 1576/2806
f 6250/2809 6248/2810 6130/2733
f 1550/2734 6130/2733 6248/2810
f 6254/2811 1579/2812 6256/2813
f 6255/2814 6256/2813 1579/2812
f 6262/2815 6259/2816 6261/2817
f 1580/2818 6261/2817 6259/2816
f 6266/2819 1582/2820 6268/2821
f 6267/2822 6268/2821 1582/2820
f 6271/2823 1583/2824 6274/2825
f 6273/2826 6274/2825 1583/2824
f 6279/2827 1585/2828 6281/2829
f 6280/2830 6281/2829 1585/2828
f 6283/2831 1508/2631 6286/2832
f 5965/2833 6286/2832 1508/2631
f 6277/2834 1586/2835 6291/2836
f 6290/2837 6291/2836 1586/2835
f 6294/2838 6292/2839 5953/2840
f 1505/2621 5953/2840 6292/2839
f 6300/2841 6298/2842 6299/2843
f 1589/2844 6299/2843 6298/2842
f 6306/2845 6303/2846 6305/2847
f 1590/2848 6305/2847 6303/2846
f 1592/2849 6311/2850 6310/2851
f 6312/2852 6310/2851 6311/2850
f 1593/2853 6317/2854 6315/2855
f 6318/2856 6315/2855 6317/2854
f 1595/2857 6324/2858 6323/2859
f 6325/2860 6323/2859 6324/2858
f 1515/2861 5985/2862 6327/2863
f 6330/2864 6327/2863 5985/2862
f 1596/2865 6334/2866 6321/2867
f 6335/2868 6321/2867 6334/2866
f 6338/2869 6336/2870 5971/2871
f 1511/2872 5971/2871 6336/2870
f 6344/2873 6342/2874 6343/2875
f 1599/2876 6343/2875 6342/2874
f 6350/2877 6347/2878 6349/2879
f 1600/2880 6349/2879 6347/2878
f 1602/2881 6355/2882 6354/2883
f 6356/2884 6354/2883 6355/2882
f 6362/2885 6359/2886 6361/2887
f 1603/2888 6361/2887 6359/2886
f 6369/2889 6367/2890 6368/2891
f 1605/2892 6368/2891 6367/2890
f 951/1219 3727/1221 6371/2893
f 6374/2894 6371/2893 3727/1221
f 6379/2895 6365/2896 6378/2897
f 1606/2898 6378/2897 6365/2896
f 948/1211 3714/1213 6380/2899
f 6382/2900 6380/2899 3714/1213
f 6388/2901 6386/2902 6387/2903
f 1609/2904 6387/2903 6386/2902
f 6391/2905 1610/2906 6394/2907
f 6393/2908 6394/2907 1610/2906
f 6399/2909 6370/2910 6398/2911
f 1605/2892 6398/2911 6370/2910
f 6404/2912 6401/2913 6403/2914
f 1612/2915 6403/2914 6401/2913
f 6410/2916 6357/2917 6409/2918
f 1602/2881 6409/2918 6357/2917
f 6411/2919 1595/2857 6414/2920
f 6323/2859 6414/2920 1595/2857
f 6407/2921 1614/2922 6419/2923
f 6418/2924 6419/2923 1614/2922
f 6420/2925 1592/2849 6422/2926
f 6310/2851 6422/2926 1592/2849
f 6429/2927 1618/2928 6431/2929
f 6430/2930 6431/2929 1618/2928
f 6436/2931 6438/2932 1619/2933
f 6434/2934 1619/2933 6438/2932
f 6447/2935 6445/2936 6446/2937
f 1623/2938 6446/2937 6445/2936
f 6452/2939 6449/2940 6429/2927
f 1618/2928 6429/2927 6449/2940
f 6460/2941 6436/2931 6459/2942
f 1619/2933 6459/2942 6436/2931
f 6461/2943 1623/2938 6464/2944
f 6445/2936 6464/2944 1623/2938
f 6469/2945 1629/2946 6471/2947
f 6470/2948 6471/2947 1629/2946
f 6474/2949 1630/2950 6478/2951
f 6476/2952 6478/2951 1630/2950
f 3883/2953 991/2954 6483/2955
f 6482/2956 6483/2955 991/2954
f 6485/2957 1633/2958 6488/2959
f 6487/2960 6488/2959 1633/2958
f 6493/2961 6494/2962 988/2963
f 3872/2964 988/2963 6494/2962
f 6496/2965 1635/2966 6500/2967
f 6498/2968 6500/2967 1635/2966
f 6491/2969 1636/2970 6506/2971
f 6505/2972 6506/2971 1636/2970
f 6508/2973 1638/2974 6512/2975
f 6510/2976 6512/2975 1638/2974
f 6516/2977 1641/2978 6518/2979
f 6517/2980 6518/2979 1641/2978
f 1642/2981 6523/2982 6521/2983
f 6524/2984 6521/2983 6523/2982
f 6528/2985 6529/2986 1001/2987
f 3927/2988 1001/2987 6529/2986
f 6531/2989 1644/2990 6534/2991
f 6533/2992 6534/2991 1644/2990
f 3916/2993 998/2994 6540/2995
f 6539/2996 6540/2995 998/2994
f 6541/2997 1143/2998 6544/2999
f 4511/3000 6544/2999 1143/2998
f 6537/3001 1646/3002 6549/3003
f 6548/3004 6549/3003 1646/3002
f 6552/3005 6550/3006 4549/3007
f 1153/3008 4549/3007 6550/3006
f 1650/3009 6559/3010 6558/3011
f 6560/3012 6558/3011 6559/3010
f 6565/3013 6566/3014 1651/3015
f 6563/3016 1651/3015 6566/3014
f 1654/3017 6573/3018 6572/3019
f 6574/3020 6572/3019 6573/3018
f 6580/3021 6577/3022 6579/3023
f 1655/3024 6579/3023 6577/3022
f 6585/3025 1657/3026 6587/3027
f 6586/3028 6587/3027 1657/3026
f 6590/3029 1658/3030 6594/3031
f 6592/3032 6594/3031 1658/3030
f 6598/3033 6599/3034 1659/3035
f 6583/3036 1659/3035 6599/3034
f 6603/3037 6604/3038 1661/3039
f 6601/3040 1661/3039 6604/3038
f 6610/3041 6611/3042 1663/3043
f 6609/3044 1663/3043 6611/3042
f 6614/3045 1664/3046 6618/3047
f 6616/3048 6618/3047 1664/3046
f 6624/3049 6622/3050 6623/3051
f 1667/3052 6623/3051 6622/3050
f 1668/3053 6629/3054 6627/3055
f 6630/3056 6627/3055 6629/3054
f 6637/3057 6635/3058 6636/3059
f 1670/3060 6636/3059 6635/3058
f 6640/3061 1671/3062 6644/3063
f 6642/3064 6644/3063 1671/3062
f 6650/3065 6633/3066 6649/3067
f 1672/3068 6649/3067 6633/3066
f 6656/3069 6652/3070 6654/3071
f 1674/3072 6654/3071 6652/3070
f 6661/3073 1677/3074 6663/3075
f 6662/3076 6663/3075 1677/3074
f 6666/3077 1678/3078 6670/3079
f 6668/3080 6670/3079 1678/3078
f 4978/3081 1262/3082 6675/3083
f 6674/3084 6675/3083 1262/3082
f 6677/3085 1681/3086 6680/3087
f 6679/3088 6680/3087 1681/3086
f 5021/3089 1273/3090 6686/3091
f 6685/3092 6686/3091 1273/3090
f 6688/3093 1683/3094 6692/3095
f 6690/3096 6692/3095 1683/3094
f 6683/3097 1684/3098 6698/3099
f 6697/3100 6698/3099 1684/3098
f 6700/3101 1686/3102 6704/3103
f 6702/3104 6704/3103 1686/3102
f 6710/3105 6708/3106 6709/3107
f 1689/3108 6709/3107 6708/3106
f 6713/3109 1690/3110 6716/3111
f 6715/3112 6716/3111 1690/3110
f 6659/3113 1679/3114 6721/3115
f 6720/3116 6721/3115 1679/3114
f 6723/3117 1692/3118 6726/3119
f 6725/3120 6726/3119 1692/3118
f 1687/3121 6731/3122 6695/3123
f 6732/3124 6695/3123 6731/3122
f 6738/3125 6734/3126 6736/3127
f 1694/3128 6736/3127 6734/3126
f 1695/3129 6742/3130 6729/3131
f 6743/3132 6729/3131 6742/3130
f 6748/3133 6745/3134 6747/3135
f 1697/3136 6747/3135 6745/3134
f 6754/3137 6752/3138 6753/3139
f 1699/3140 6753/3139 6752/3138
f 6760/3141 6757/3142 6759/3143
f 1700/3144 6759/3143 6757/3142
f 6766/3145 6764/3146 6765/3147
f 1702/3148 6765/3147 6764/3146
f 6772/3149 6769/3150 6771/3151
f 1703/3152 6771/3151 6769/3150
f 1705/3153 6778/3154 6777/3155
f 6779/3156 6777/3155 6778/3154
f 1627/3157 6463/3158 6781/3159
f 6784/3160 6781/3159 6463/3158
f 6789/3161 6775/3162 6788/3163
f 1706/3164 6788/3163 6775/3162
f 6439/3165 6792/3166 1622/3167
f 6790/3168 1622/3167 6792/3166
f 6797/3169 1709/3170 6799/3171
f 6798/3172 6799/3171 1709/3170
f 6802/3173 1710/3174 6806/3175
f 6804/3176 6806/3175 1710/3174
f 5033/3177 1277/3178 6811/3179
f 6810/3180 6811/3179 1277/3178
f 6813/3181 1713/3182 6816/3183
f 6815/3184 6816/3183 1713/3182
f 6822/3185 5073/3186 6821/3187
f 1287/3188 6821/3187 5073/3186
f 6826/3189 6823/3190 6477/3191
f 1631/3192 6477/3191 6823/3190
f 1715/3193 6831/3194 6819/3195
f 6832/3196 6819/3195 6831/3194
f 1639/3197 6511/3198 6833/3199
f 6836/3200 6833/3199 6511/3198
f 6842/3201 1720/3202 6844/3203
f 6843/3204 6844/3203 1720/3202
f 1721/3205 6849/3206 6847/3207
f 6850/3208 6847/3207 6849/3206
f 6857/3209 6638/3210 6856/3211
f 1670/3060 6856/3211 6638/3210
f 6862/3212 6859/3213 6861/3214
f 1724/3215 6861/3214 6859/3213
f 6868/3216 6625/3217 6867/3218
f 1667/3052 6867/3218 6625/3217
f 6872/3219 6869/3220 6567/3221
f 1653/3222 6567/3221 6869/3220
f 6877/3223 6865/3224 6876/3225
f 1726/3226 6876/3225 6865/3224
f 1649/3227 6553/3228 6878/3229
f 6880/3230 6878/3229 6553/3228
f 6884/3231 1729/3232 6886/3233
f 6885/3234 6886/3233 1729/3232
f 6889/3235 1730/3236 6892/3237
f 6891/3238 6892/3237 1730/3236
f 1665/3239 6896/3240 6607/3241
f 6897/3242 6607/3241 6896/3240
f 6899/3243 1732/3244 6902/3245
f 6901/3246 6902/3245 1732/3244
f 6647/3247 1675/3248 6908/3249
f 6907/3250 6908/3249 1675/3248
f 6914/3251 6910/3252 6912/3253
f 1734/3254 6912/3253 6910/3252
f 6905/3255 1735/3256 6919/3257
f 6918/3258 6919/3257 1735/3256
f 6924/3259 6921/3260 6923/3261
f 1737/3262 6923/3261 6921/3260
f 1739/3263 6929/3264 6928/3265
f 6930/3266 6928/3265 6929/3264
f 1740/3267 6935/3268 6933/3269
f 6936/3270 6933/3269 6935/3268
f 6940/3271 1742/3272 6942/3273
f 6941/3274 6942/3273 1742/3272
f 6944/3275 1739/3263 6946/3276
f 6928/3265 6946/3276 1739/3263
f 6935/3268 1740/3267 6951/3277
f 6950/3278 6951/3277 1740/3267
f 6940/3271 6954/3279 1742/3272
f 6952/3280 1742/3272 6954/3279
f 6960/3281 1746/3282 6962/3283
f 6961/3284 6962/3283 1746/3282
f 6965/3285 1747/3286 6968/3287
f 6967/3288 6968/3287 1747/3286
f 6973/3289 1749/3290 6975/3291
f 6974/3292 6975/3291 1749/3290
f 6980/3293 6977/3294 6960/3281
f 1746/3282 6960/3281 6977/3294
f 6985/3295 6967/3288 6984/3296
f 1747/3286 6984/3296 6967/3288
f 6988/3297 6986/3298 6973/3289
f 1749/3290 6973/3289 6986/3298
f 6994/3299 6992/3300 6993/3301
f 1753/3302 6993/3301 6992/3300
f 1754/3303 6999/3304 6997/3305
f 7000/3306 6997/3305 6999/3304
f 1756/3307 7005/3308 7004/3309
f 7006/3310 7004/3309 7005/3308
f 7012/3311 7009/3312 7011/3313
f 1757/3314 7011/3313 7009/3312
f 7019/3315 7017/3316 7018/3317
f 1759/3318 7018/3317 7017/3316
f 7024/3319 7021/3320 4397/1650
f 1115/1652 4397/1650 7021/3320
f 7029/3321 7015/3322 7028/3323
f 1760/3324 7028/3323 7015/3322
f 4384/1641 7032/3325 1112/1642
f 7030/3326 1112/1642 7032/3325
f 7038/3327 1764/3328 7040/3329
f 7039/3330 7040/3329 1764/3328
f 7043/3331 1765/3332 7046/3333
f 7045/3334 7046/3333 1765/3332
f 4462/1689 1130/1691 7053/3335
f 7052/3336 7053/3335 1130/1691
f 7055/3337 1768/3338 7058/3339
f 7057/3340 7058/3339 1768/3338
f 7064/3341 4450/1683 7063/3342
f 1127/1684 7063/3342 4450/1683
f 7065/3343 1759/3318 7068/3344
f 7017/3316 7068/3344 1759/3318
f 7061/3345 1770/3346 7073/3347
f 7072/3348 7073/3347 1770/3346
f 7074/3349 1756/3307 7076/3350
f 7004/3309 7076/3350 1756/3307
f 7080/3351 1773/3352 7082/3353
f 7081/3354 7082/3353 1773/3352
f 7088/3355 7085/3356 7087/3357
f 1774/3358 7087/3357 7085/3356
f 1776/3359 7093/3360 7092/3361
f 7094/3362 7092/3361 7093/3360
f 7098/3363 7096/3364 7080/3351
f 1773/3352 7080/3351 7096/3364
f 7087/3357 1774/3358 7103/3365
f 7102/3366 7103/3365 1774/3358
f 7104/3367 1776/3359 7106/3368
f 7092/3361 7106/3368 1776/3359
f 1780/3369 1787/3 451/3370
f 1786/4 451/3370 1787/3
f 1793/3371 1794/7 116/3372
f 1792/8 116/3372 1794/7
f 1802/11 1801/12 1796/3373
f 455/3374 1796/3373 1801/12
f 1808/15 1807/16 1788/3375
f 117/3376 1788/3375 1807/16
f 1815/19 1814/20 1809/3377
f 459/3378 1809/3377 1814/20
f 1822/23 1820/24 1821/3379
f 115/3380 1821/3379 1820/24
f 1828/27 1827/28 1823/3381
f 462/3382 1823/3381 1827/28
f 1833/3383 1834/31 18/3384
f 1832/32 18/3384 1834/31
f 1841/35 1840/36 1835/3385
f 466/3386 1835/3385 1840/36
f 1847/3387 1848/39 120/3388
f 1846/40 120/3388 1848/39
f 1854/43 1853/44 1849/3389
f 469/3390 1849/3389 1853/44
f 1860/47 1859/48 1842/3391
f 121/3392 1842/3391 1859/48
f 1867/51 1866/52 1861/3393
f 473/3394 1861/3393 1866/52
f 1874/55 1872/56 1873/3395
f 119/3396 1873/3395 1872/56
f 1880/59 1879/60 1875/3397
f 476/3398 1875/3397 1879/60
f 1886/63 1884/64 1885/3399
f 17/3400 1885/3399 1884/64
f 1888/3401 1894/65 480/3402
f 1893/67 480/3402 1894/65
f 1900/69 1899/71 1803/3403
f 114/3404 1803/3403 1899/71
f 1902/3405 1908/73 484/3406
f 1907/75 484/3406 1908/73
f 1895/3407 1914/77 125/3408
f 1913/79 125/3408 1914/77
f 1921/83 1920/84 1915/3409
f 488/3410 1915/3409 1920/84
f 1928/87 1926/88 1927/3411
f 124/3412 1927/3411 1926/88
f 1929/3413 1933/89 490/3414
f 1932/91 490/3414 1933/89
f 1938/95 1937/96 1816/3415
f 16/3416 1816/3415 1937/96
f 1946/99 1945/100 1940/3417
f 494/3418 1940/3417 1945/100
f 1952/103 1951/104 1909/3419
f 123/3420 1909/3419 1951/104
f 1954/3421 1960/105 498/3422
f 1959/107 498/3422 1960/105
f 1966/111 1965/112 1947/3423
f 129/3424 1947/3423 1965/112
f 1973/113 1972/115 1967/3425
f 502/3426 1967/3425 1972/115
f 1980/119 1978/120 1979/3427
f 128/3428 1979/3427 1978/120
f 1985/123 1984/124 1981/3429
f 504/3430 1981/3429 1984/124
f 1990/127 1989/128 1922/3431
f 21/3432 1922/3431 1989/128
f 1997/131 1996/132 1991/3433
f 508/3434 1991/3433 1996/132
f 2004/135 2002/136 2003/3435
f 132/3436 2003/3435 2002/136
f 2010/139 2009/140 2005/3437
f 511/3438 2005/3437 2009/140
f 2016/143 2015/144 1998/3439
f 133/3440 1998/3439 2015/144
f 2017/3441 2023/145 515/3442
f 2022/147 515/3442 2023/145
f 2030/150 2028/149 2029/3443
f 131/3444 2029/3443 2028/149
f 2036/155 2035/156 2031/3445
f 518/3446 2031/3445 2035/156
f 2042/159 2040/160 2041/3447
f 20/3448 2041/3447 2040/160
f 2048/163 2047/164 2043/3449
f 521/3450 2043/3449 2047/164
f 2054/167 2053/168 1855/3451
f 118/3452 1855/3451 2053/168
f 2059/171 2058/172 2055/3453
f 523/3454 2055/3453 2058/172
f 2064/175 2063/176 2049/3455
f 135/3456 2049/3455 2063/176
f 2070/179 2069/180 2065/3457
f 526/3458 2065/3457 2069/180
f 2076/183 2074/184 2075/3459
f 134/3460 2075/3459 2074/184
f 2081/187 2080/188 2077/3461
f 528/3462 2077/3461 2080/188
f 2086/191 2085/192 1868/3463
f 5/3464 1868/3463 2085/192
f 2088/3465 2094/193 532/3466
f 2093/195 532/3466 2094/193
f 1961/3467 2100/197 127/3468
f 2099/199 127/3468 2100/197
f 2102/3469 2108/201 536/3470
f 2107/203 536/3470 2108/201
f 2095/3471 2114/205 139/3472
f 2113/207 139/3472 2114/205
f 2115/3473 2121/209 540/3474
f 2120/211 540/3474 2121/209
f 2128/215 2126/216 2127/3475
f 138/3476 2127/3475 2126/216
f 2129/3477 2133/217 542/3478
f 2132/219 542/3478 2133/217
f 2138/221 2137/223 1974/3479
f 19/3480 1974/3479 2137/223
f 2139/3481 2144/225 545/3482
f 2143/227 545/3482 2144/225
f 2011/3483 2150/229 130/3484
f 2149/231 130/3484 2150/229
f 2151/3485 2156/233 548/3486
f 2155/235 548/3486 2156/233
f 2145/3487 2162/237 142/3488
f 2161/239 142/3488 2162/237
f 2163/3489 2169/241 552/3490
f 2168/243 552/3490 2169/241
f 2175/3491 2176/245 141/3492
f 2174/247 141/3492 2176/245
f 2177/3493 2181/249 554/3494
f 2180/251 554/3494 2181/249
f 2024/3495 2186/253 6/3496
f 2185/255 6/3496 2186/253
f 2187/3497 2192/257 557/3498
f 2191/259 557/3498 2192/257
f 2197/262 131/3444 2198/264
f 2028/149 2198/264 131/3444
f 2199/3499 2204/265 560/3500
f 2203/267 560/3500 2204/265
f 2209/270 145/3501 2210/272
f 2193/3502 2210/272 145/3501
f 2216/274 564/3503 2217/276
f 2211/3504 2217/276 564/3503
f 2223/3505 2224/277 144/3506
f 2222/279 144/3506 2224/277
f 2225/3507 2229/281 566/3508
f 2228/283 566/3508 2229/281
f 2040/160 2234/285 20/3448
f 2233/287 20/3448 2234/285
f 2235/3509 2240/290 569/3510
f 2239/289 569/3510 2240/290
f 2074/184 2246/294 134/3460
f 2245/293 134/3460 2246/294
f 572/3511 2247/3512 2251/297
f 2252/298 2251/297 2247/3512
f 147/3513 2241/3514 2257/301
f 2258/302 2257/301 2241/3514
f 2265/306 2264/305 2259/3515
f 575/3516 2259/3515 2264/305
f 2270/310 1881/311 2269/3517
f 119/3396 2269/3517 1881/311
f 2275/314 2274/315 2271/3518
f 576/3519 2271/3518 2274/315
f 2278/317 1869/318 2085/192
f 5/3464 2085/192 1869/318
f 2287/321 2286/322 2280/3520
f 581/3521 2280/3520 2286/322
f 2293/3522 2294/323 151/3523
f 2292/325 151/3523 2294/323
f 2302/329 2301/330 2296/3524
f 585/3525 2296/3524 2301/330
f 2308/333 2307/334 2288/3526
f 152/3527 2288/3526 2307/334
f 2309/3528 2315/335 589/3529
f 2314/337 589/3529 2315/335
f 2321/3530 2322/339 150/3531
f 2320/341 150/3531 2322/339
f 2323/3532 2328/343 592/3533
f 2327/345 592/3533 2328/343
f 2333/3534 2334/347 25/3535
f 2332/349 25/3535 2334/347
f 2342/351 2341/353 2336/3536
f 596/3537 2336/3536 2341/353
f 2348/357 2347/358 2303/3538
f 149/3539 2303/3538 2347/358
f 2350/3540 2356/359 600/3541
f 2355/361 600/3541 2356/359
f 2343/3542 2362/363 156/3543
f 2361/365 156/3543 2362/363
f 2363/3544 2369/367 604/3545
f 2368/369 604/3545 2369/367
f 2376/373 2374/374 2375/3546
f 155/3547 2375/3546 2374/374
f 2377/3548 2381/375 606/3549
f 2380/377 606/3549 2381/375
f 2316/3550 2386/379 29/3551
f 2385/381 29/3551 2386/379
f 2393/385 2392/386 2387/3552
f 610/3553 2387/3552 2392/386
f 2399/3554 2400/387 159/3555
f 2398/389 159/3555 2400/387
f 2406/393 2405/394 2401/3556
f 613/3557 2401/3556 2405/394
f 2412/397 2411/398 2394/3558
f 160/3559 2394/3558 2411/398
f 2419/401 2418/402 2413/3560
f 617/3561 2413/3560 2418/402
f 2426/405 2424/406 2425/3562
f 158/3563 2425/3562 2424/406
f 2432/409 2431/410 2427/3564
f 620/3565 2427/3564 2431/410
f 2437/3566 2438/413 28/3567
f 2436/414 28/3567 2438/413
f 2439/3568 2445/415 624/3569
f 2444/417 624/3569 2445/415
f 2451/3570 2452/419 162/3571
f 2450/421 162/3571 2452/419
f 2453/3572 2457/423 626/3573
f 2456/425 626/3573 2457/423
f 2446/3574 2462/427 163/3575
f 2461/429 163/3575 2462/427
f 2463/3576 2468/431 629/3577
f 2467/433 629/3577 2468/431
f 2473/3578 2474/435 161/3579
f 2472/437 161/3579 2474/435
f 2475/3580 2480/439 632/3581
f 2479/441 632/3581 2480/439
f 2485/3582 2486/443 8/3583
f 2484/445 8/3583 2486/443
f 2488/3584 2494/447 636/3585
f 2493/449 636/3585 2494/447
f 2357/3586 2500/451 154/3587
f 2499/453 154/3587 2500/451
f 2502/3588 2508/455 640/3589
f 2507/457 640/3589 2508/455
f 2495/3590 2514/459 167/3591
f 2513/461 167/3591 2514/459
f 2515/3592 2521/463 644/3593
f 2520/465 644/3593 2521/463
f 2527/3594 2528/467 166/3595
f 2526/469 166/3595 2528/467
f 2529/3596 2533/471 646/3597
f 2532/473 646/3597 2533/471
f 2370/3598 2538/475 27/3599
f 2537/477 27/3599 2538/475
f 2544/481 2543/482 2539/3600
f 649/3601 2539/3600 2543/482
f 2550/485 2549/486 2407/3602
f 157/3603 2407/3602 2549/486
f 2556/489 2555/490 2551/3604
f 652/3605 2551/3604 2555/490
f 2562/493 2561/494 2545/3606
f 170/3607 2545/3606 2561/494
f 2563/3608 2569/495 656/3609
f 2568/497 656/3609 2569/495
f 2575/3610 2576/499 169/3611
f 2574/501 169/3611 2576/499
f 2581/505 2580/506 2577/3612
f 658/3613 2577/3612 2580/506
f 2586/509 2585/510 2420/3614
f 7/3615 2420/3614 2585/510
f 2588/3616 2595/514 663/3617
f 2594/512 663/3617 2595/514
f 2600/517 174/3618 2602/515
f 2601/3619 2602/515 174/3618
f 2603/3620 2609/519 666/3621
f 2608/521 666/3621 2609/519
f 2613/3622 2614/523 171/3623
f 2593/513 171/3623 2614/523
f 2622/527 2621/528 2616/3624
f 669/3625 2616/3624 2621/528
f 2626/530 2607/520 2091/3626
f 136/3627 2091/3626 2607/520
f 2628/3628 2635/531 673/3629
f 2634/533 673/3629 2635/531
f 2639/3630 2640/535 172/3631
f 2620/525 172/3631 2640/535
f 2648/537 2647/538 2642/3632
f 676/3633 2642/3632 2647/538
f 2652/540 2633/532 2651/3634
f 173/3635 2651/3634 2633/532
f 2653/3636 2659/541 680/3637
f 2658/543 680/3637 2659/541
f 2665/3638 2666/545 178/3639
f 2664/547 178/3639 2666/545
f 2667/3640 2672/549 683/3641
f 2671/551 683/3641 2672/549
f 2660/3642 2678/553 179/3643
f 2677/555 179/3643 2678/553
f 2679/3644 2685/557 687/3645
f 2684/559 687/3645 2685/557
f 2691/3646 2692/561 177/3647
f 2690/563 177/3647 2692/561
f 2693/3648 2698/565 690/3649
f 2697/567 690/3649 2698/565
f 2703/3650 2704/569 33/3651
f 2702/571 33/3651 2704/569
f 693/3652 2705/3653 2709/573
f 2710/574 2709/573 2705/3653
f 2716/578 2715/577 2690/563
f 177/3647 2690/563 2715/577
f 696/3654 2717/3655 2721/583
f 2722/581 2721/583 2717/3655
f 182/3656 2711/3657 2727/585
f 2728/586 2727/585 2711/3657
f 2729/3658 2735/589 700/3659
f 2734/591 700/3659 2735/589
f 181/3660 2741/3661 2740/593
f 2742/594 2740/593 2741/3661
f 702/3662 2743/3663 2746/597
f 2747/598 2746/597 2743/3663
f 2752/603 2751/604 2702/571
f 33/3651 2702/571 2751/604
f 706/3664 2753/3665 2758/605
f 2759/606 2758/605 2753/3665
f 185/3666 2765/3667 2764/609
f 2766/610 2764/609 2765/3667
f 2767/3668 2772/613 708/3669
f 2771/615 708/3669 2772/613
f 2723/3670 2776/618 180/3671
f 2757/608 180/3671 2776/618
f 711/3672 2778/3673 2783/619
f 2784/620 2783/619 2778/3673
f 162/3674 2477/3675 2770/614
f 2788/623 2770/614 2477/3675
f 2790/3676 2797/627 715/3677
f 2796/628 715/3677 2797/627
f 2801/3678 2802/629 183/3679
f 2782/622 183/3679 2802/629
f 2804/3680 2810/631 718/3681
f 2809/632 718/3681 2810/631
f 2813/3682 2814/633 184/3683
f 2795/625 184/3683 2814/633
f 2821/637 2820/638 2815/3684
f 722/3685 2815/3684 2820/638
f 2827/3686 2828/639 189/3687
f 2826/641 189/3687 2828/639
f 2829/3688 2834/643 725/3689
f 2833/645 725/3689 2834/643
f 2822/3690 2840/647 190/3691
f 2839/649 190/3691 2840/647
f 729/3692 2841/3693 2846/654
f 2847/653 2846/654 2841/3693
f 2853/3694 2854/656 188/3695
f 2852/655 188/3695 2854/656
f 2855/3696 2860/659 732/3697
f 2859/661 732/3697 2860/659
f 2865/3698 2866/663 39/3699
f 2864/665 39/3699 2866/663
f 2872/669 2871/670 2867/3700
f 735/3701 2867/3700 2871/670
f 2878/673 2877/674 2835/3702
f 187/3703 2835/3702 2877/674
f 2884/677 2883/678 2879/3704
f 738/3705 2879/3704 2883/678
f 2890/681 2889/682 2873/3706
f 193/3707 2873/3706 2889/682
f 2897/684 2896/683 2891/3708
f 742/3709 2891/3708 2896/683
f 192/3710 2903/3711 2902/687
f 2904/688 2902/687 2903/3711
f 2909/693 2908/694 2905/3712
f 744/3713 2905/3712 2908/694
f 2914/697 2913/698 2848/3714
f 40/3715 2848/3714 2913/698
f 2920/701 2919/702 2915/3716
f 747/3717 2915/3716 2919/702
f 2926/705 2925/706 2885/3718
f 191/3719 2885/3718 2925/706
f 750/3720 2927/3721 2931/709
f 2932/707 2931/709 2927/3721
f 2938/713 2937/714 2921/3722
f 196/3723 2921/3722 2937/714
f 2945/716 2944/715 2939/3724
f 754/3725 2939/3724 2944/715
f 195/3726 2951/3727 2950/719
f 2952/720 2950/719 2951/3727
f 2957/725 2956/726 2953/3728
f 756/3729 2953/3728 2956/726
f 38/3730 2898/3731 2961/727
f 2962/728 2961/727 2898/3731
f 2963/3732 2968/731 759/3733
f 2967/733 759/3733 2968/731
f 2933/3734 2974/735 194/3735
f 2973/737 194/3735 2974/735
f 2975/3736 2980/739 762/3737
f 2979/741 762/3737 2980/739
f 2969/3738 2986/743 199/3739
f 2985/745 199/3739 2986/743
f 2987/3740 2993/747 766/3741
f 2992/749 766/3741 2993/747
f 3000/753 2998/754 2999/3742
f 198/3743 2999/3742 2998/754
f 3001/3744 3005/755 768/3745
f 3004/757 768/3745 3005/755
f 41/3746 2946/3747 3009/759
f 3010/760 3009/759 2946/3747
f 3017/765 3016/766 3011/3748
f 772/3749 3011/3748 3016/766
f 3024/769 3022/770 3023/3750
f 202/3751 3023/3750 3022/770
f 3030/773 3029/774 3025/3752
f 775/3753 3025/3752 3029/774
f 3036/776 3035/775 3018/3754
f 203/3755 3018/3754 3035/775
f 779/3756 3037/3757 3042/779
f 3043/780 3042/779 3037/3757
f 201/3758 3049/3759 3048/783
f 3050/784 3048/783 3049/3759
f 3056/789 3055/790 3051/3760
f 782/3761 3051/3760 3055/790
f 3062/793 3060/794 3061/3762
f 45/3763 3061/3762 3060/794
f 3063/3764 3068/795 785/3765
f 3067/797 785/3765 3068/795
f 3073/800 200/3766 3074/802
f 3031/3767 3074/802 200/3766
f 3075/3768 3080/803 788/3769
f 3079/805 788/3769 3080/803
f 3069/3770 3086/807 206/3771
f 3085/809 206/3771 3086/807
f 3087/3772 3093/811 792/3773
f 3092/813 792/3773 3093/811
f 3098/817 205/3774 3100/815
f 3099/3775 3100/815 205/3774
f 3104/820 794/3776 3105/822
f 3101/3777 3105/822 794/3776
f 44/3778 3044/3779 3109/823
f 3110/824 3109/823 3044/3779
f 3116/829 3115/830 3111/3780
f 797/3781 3111/3780 3115/830
f 3081/3782 3122/833 204/3783
f 3121/834 204/3783 3122/833
f 3128/837 3127/838 3123/3784
f 800/3785 3123/3784 3127/838
f 3134/841 3133/842 3117/3786
f 209/3787 3117/3786 3133/842
f 3140/845 804/3788 3141/843
f 3135/3789 3141/843 804/3788
f 3147/3790 3148/847 208/3791
f 3146/849 208/3791 3148/847
f 3149/3792 3153/851 806/3793
f 3152/853 806/3793 3153/851
f 3094/3794 3158/855 46/3795
f 3157/857 46/3795 3158/855
f 3159/3796 3164/859 809/3797
f 3163/861 809/3797 3164/859
f 3129/3798 3170/863 207/3799
f 3169/865 207/3799 3170/863
f 3171/3800 3176/867 812/3801
f 3175/869 812/3801 3176/867
f 3165/3802 3182/871 212/3803
f 3181/873 212/3803 3182/871
f 3183/3804 3189/875 816/3805
f 3188/877 816/3805 3189/875
f 3195/3806 3196/879 211/3807
f 3194/881 211/3807 3196/879
f 3197/3808 3201/883 818/3809
f 3200/885 818/3809 3201/883
f 3205/888 43/3810 3206/890
f 3142/3811 3206/890 43/3810
f 822/3812 3207/3813 3212/891
f 3213/892 3212/891 3207/3813
f 215/3814 3219/3815 3218/895
f 3220/896 3218/895 3219/3815
f 3226/900 3225/899 3221/3816
f 825/3817 3221/3816 3225/899
f 3232/905 3231/906 3214/3818
f 216/3819 3214/3818 3231/906
f 3239/909 3238/910 3233/3820
f 829/3821 3233/3820 3238/910
f 3246/913 3244/914 3245/3822
f 214/3823 3245/3822 3244/914
f 832/3824 3247/3825 3251/915
f 3252/916 3251/915 3247/3825
f 50/3826 3257/3827 3256/919
f 3258/920 3256/919 3257/3827
f 3259/3828 3265/923 836/3829
f 3264/925 836/3829 3265/923
f 3271/1192 3272/927 219/3830
f 3270/929 219/3830 3272/927
f 3273/3831 3278/931 839/3832
f 3277/933 839/3832 3278/931
f 3283/936 220/3833 3284/938
f 3266/3834 3284/938 220/3833
f 3290/940 843/3835 3291/942
f 3285/3836 3291/942 843/3835
f 3296/944 218/3837 3298/946
f 3297/3838 3298/946 218/3837
f 3303/948 846/3839 3304/950
f 3299/3840 3304/950 846/3839
f 3308/952 59/3841 3310/954
f 3309/1202 3310/954 59/3841
f 3311/3842 3316/955 849/3843
f 3315/957 849/3843 3316/955
f 3321/960 217/3844 3322/962
f 3279/3845 3322/962 217/3844
f 3323/3846 3328/963 852/3847
f 3327/965 852/3847 3328/963
f 3317/3848 3334/967 223/3849
f 3333/969 223/3849 3334/967
f 3340/973 856/3850 3341/971
f 3335/3851 3341/971 856/3850
f 3348/977 3346/978 3347/3852
f 222/3853 3347/3852 3346/978
f 3349/3854 3353/979 858/3855
f 3352/981 858/3855 3353/979
f 58/3856 3292/3857 3357/986
f 3358/985 3357/986 3292/3857
f 3359/3858 3364/990 861/3859
f 3363/988 861/3859 3364/990
f 3329/3860 3370/991 221/3861
f 3369/993 221/3861 3370/991
f 3371/3862 3376/995 864/3863
f 3375/997 864/3863 3376/995
f 3365/3864 3382/1002 226/3865
f 3381/1000 226/3865 3382/1002
f 3388/1004 868/3866 3389/1006
f 3383/3867 3389/1006 868/3866
f 3395/3868 3396/1007 225/3869
f 3394/1009 225/3869 3396/1007
f 3397/3870 3401/1011 870/3871
f 3400/1013 870/3871 3401/1011
f 3342/3872 3406/1015 48/3873
f 3405/1017 48/3873 3406/1015
f 874/3874 3407/3875 3412/1019
f 3413/1020 3412/1019 3407/3875
f 229/3876 3419/3877 3418/1023
f 3420/1024 3418/1023 3419/3877
f 3426/1029 3425/1030 3421/3878
f 877/3879 3421/3878 3425/1030
f 3432/1033 3431/1034 3414/3880
f 230/3881 3414/3880 3431/1034
f 3439/1037 3438/1038 3433/3882
f 881/3883 3433/3882 3438/1038
f 3446/1041 3444/1042 3445/3884
f 228/3885 3445/3884 3444/1042
f 3452/1045 3451/1046 3447/3886
f 884/3887 3447/3886 3451/1046
f 55/3888 3457/3889 3456/1050
f 3458/1049 3456/1050 3457/3889
f 3466/1053 3465/1054 3460/3890
f 888/3891 3460/3890 3465/1054
f 3472/1056 3471/1055 3427/3892
f 227/3893 3427/3892 3471/1055
f 3474/3894 3480/1059 892/3895
f 3479/1061 892/3895 3480/1059
f 3486/1063 3485/1065 3467/3896
f 234/3897 3467/3896 3485/1065
f 3487/3898 3493/1067 896/3899
f 3492/1069 896/3899 3493/1067
f 233/3900 3499/3901 3498/1072
f 3500/1074 3498/1072 3499/3901
f 898/3902 3501/3903 3504/1075
f 3505/1076 3504/1075 3501/3903
f 54/3904 3440/3905 3509/1079
f 3510/1080 3509/1079 3440/3905
f 3512/3906 3518/1083 902/3907
f 3517/1085 902/3907 3518/1083
f 3481/3908 3524/1087 232/3909
f 3523/1089 232/3909 3524/1087
f 3526/3910 3532/1094 906/3911
f 3531/1092 906/3911 3532/1094
f 3519/3912 3538/1095 238/3913
f 3537/1097 238/3913 3538/1095
f 3539/3914 3545/1102 910/3915
f 3544/1100 910/3915 3545/1102
f 3550/1105 237/3916 3552/1103
f 3551/3917 3552/1103 237/3916
f 3556/1108 912/3918 3557/1110
f 3553/3919 3557/1110 912/3918
f 3561/1112 56/3920 3562/1114
f 3494/3921 3562/1114 56/3920
f 3569/1117 3568/1118 3563/3922
f 916/3923 3563/3922 3568/1118
f 3576/1121 3574/1122 3575/3924
f 239/3925 3575/3924 3574/1122
f 918/3926 3577/3927 3580/1124
f 3581/1123 3580/1124 3577/3927
f 240/3928 3570/3929 3585/1125
f 3586/1126 3585/1125 3570/3929
f 3587/3930 3592/1129 920/3931
f 3591/1130 920/3931 3592/1129
f 3595/3932 3596/1131 237/3916
f 3558/1133 237/3916 3596/1131
f 3597/3933 3602/1134 922/3934
f 3601/1136 922/3934 3602/1134
f 3605/3935 3606/1138 53/3936
f 3547/1140 53/3936 3606/1138
f 3607/3937 3613/1141 926/3938
f 3612/1143 926/3938 3613/1141
f 243/3939 3619/3940 3618/1148
f 3620/1147 3618/1148 3619/3940
f 3621/3941 3626/1149 929/3942
f 3625/1151 929/3942 3626/1149
f 244/3943 3614/3944 3631/1153
f 3632/1154 3631/1153 3614/3944
f 933/3945 3633/3946 3638/1157
f 3639/1158 3638/1157 3633/3946
f 242/3947 3645/3948 3644/1161
f 3646/1162 3644/1161 3645/3948
f 936/3949 3647/3950 3651/1165
f 3652/1166 3651/1165 3647/3950
f 3658/1171 3656/1172 3657/3951
f 57/3952 3657/3951 3656/1172
f 3659/3953 3664/1173 939/3954
f 3663/1175 939/3954 3664/1173
f 241/3955 3627/3956 3669/1178
f 3670/1180 3669/1178 3627/3956
f 941/3957 3671/3958 3674/1181
f 3675/1182 3674/1181 3671/3958
f 3679/1187 245/3959 3680/1186
f 3665/3960 3680/1186 245/3959
f 3686/1189 3685/1190 3681/3961
f 943/3962 3681/3961 3685/1190
f 3690/1194 3271/1192 3689/3963
f 219/3830 3689/3963 3271/1192
f 3695/1198 3694/1196 3691/3964
f 944/3965 3691/3964 3694/1196
f 59/3841 3640/3966 3309/1202
f 3698/1201 3309/1202 3640/3966
f 3699/3967 3704/1203 947/3968
f 3703/1205 947/3968 3704/1203
f 3346/978 3710/1207 222/3853
f 3709/1209 222/3853 3710/1207
f 3715/1212 950/3969 3716/1214
f 3711/3970 3716/1214 950/3969
f 3705/3971 3722/1215 248/3972
f 3721/1217 248/3972 3722/1215
f 3723/3973 3729/1222 954/3974
f 3728/1220 954/3974 3729/1222
f 3735/3975 3736/1223 247/3976
f 3734/1225 247/3976 3736/1223
f 3737/3977 3741/1227 956/3978
f 3740/1229 956/3978 3741/1227
f 3745/1232 58/3856 3746/1234
f 3357/986 3746/1234 58/3856
f 960/3979 3747/3980 3752/1235
f 3753/1236 3752/1235 3747/3980
f 3759/3981 3760/1239 249/3982
f 3758/1241 249/3982 3760/1239
f 962/3983 3761/3984 3764/1243
f 3765/1244 3764/1243 3761/3984
f 250/3985 3754/3986 3769/1245
f 3770/1246 3769/1245 3754/3986
f 964/3987 3771/3988 3775/1249
f 3776/1250 3775/1249 3771/3988
f 3779/3989 3780/1251 247/3976
f 3742/1253 247/3976 3780/1251
f 3781/3990 3786/1254 966/3991
f 3785/1256 966/3991 3786/1254
f 3789/3992 3790/1258 60/3993
f 3731/1260 60/3993 3790/1258
f 3799/1263 3798/1264 3792/3994
f 971/3995 3792/3994 3798/1264
f 3806/1267 3804/1268 3805/3996
f 253/3997 3805/3996 3804/1268
f 975/3998 3808/3999 3814/1269
f 3815/1270 3814/1269 3808/3999
f 3819/4000 3820/1273 251/4001
f 3797/1261 251/4001 3820/1273
f 3822/4002 3828/1275 978/4003
f 3827/1276 978/4003 3828/1275
f 3831/4004 3832/1277 252/4005
f 3813/1272 252/4005 3832/1277
f 3840/1281 3839/1282 3834/4006
f 982/4007 3834/4006 3839/1282
f 3846/1285 3845/1286 2491/4008
f 164/4009 2491/4008 3845/1286
f 3854/1289 3853/1290 3848/4010
f 986/4011 3848/4010 3853/1290
f 3860/1293 3859/1294 3841/4012
f 258/4013 3841/4012 3859/1294
f 3867/1297 3866/1298 3861/4014
f 990/4015 3861/4014 3866/1298
f 3874/1301 3872/1302 3873/4016
f 257/4017 3873/4016 3872/1302
f 3879/1305 3878/1306 3875/4018
f 992/4019 3875/4018 3878/1306
f 3884/1309 3883/1310 2505/4020
f 9/4021 2505/4020 3883/1310
f 3885/4022 3890/1314 995/4023
f 3889/1312 995/4023 3890/1314
f 3896/1316 3895/1315 3855/4024
f 256/4025 3855/4024 3895/1315
f 3900/1321 997/4026 3901/1319
f 3897/4027 3901/1319 997/4026
f 260/4028 3891/4029 3905/1323
f 3906/1324 3905/1323 3891/4029
f 1000/4030 3907/4031 3911/1327
f 3912/1328 3911/1327 3907/4031
f 259/4032 3917/4033 3916/1331
f 3918/1332 3916/1331 3917/4033
f 1002/4034 3919/4035 3922/1335
f 3923/1336 3922/1335 3919/4035
f 3928/1341 3927/1342 3868/4036
f 11/4037 3868/4036 3927/1342
f 3934/1346 1006/4038 3935/1345
f 3929/4039 3935/1345 1006/4038
f 3940/1348 263/4040 3942/1350
f 3941/4041 3942/1350 263/4040
f 3948/1353 3947/1354 3943/4042
f 1009/4043 3943/4042 3947/1354
f 3954/1357 3953/1358 3936/4044
f 264/4045 3936/4044 3953/1358
f 3961/1361 3960/1362 3955/4046
f 1013/4047 3955/4046 3960/1362
f 262/4048 3967/4049 3966/1363
f 3968/1364 3966/1363 3967/4049
f 3969/4050 3974/1367 1016/4051
f 3973/1369 1016/4051 3974/1367
f 3979/4052 3980/1374 64/4053
f 3978/1372 64/4053 3980/1374
f 3988/1376 3987/1375 3982/4054
f 1020/4055 3982/4054 3987/1375
f 262/4048 3966/1363 3993/1382
f 3994/1381 3993/1382 3966/1363
f 3996/4056 4002/1383 1024/4057
f 4001/1385 1024/4057 4002/1383
f 268/4058 3989/4059 4007/1389
f 4008/1387 4007/1389 3989/4059
f 1028/4060 4009/4061 4014/1391
f 4015/1392 4014/1391 4009/4061
f 4021/4062 4022/1395 267/4063
f 4020/1397 267/4063 4022/1395
f 4026/1400 1030/4064 4027/1402
f 4023/4065 4027/1402 1030/4064
f 3978/1372 4032/1403 64/4053
f 4031/1405 64/4053 4032/1403
f 4040/1409 4039/1410 4034/4066
f 1034/4067 4034/4066 4039/1410
f 4046/1413 4045/1414 2673/4068
f 176/4069 2673/4068 4045/1414
f 4054/1417 4053/1418 4048/4070
f 1038/4071 4048/4070 4053/1418
f 4060/1421 4059/1422 4041/4072
f 271/4073 4041/4072 4059/1422
f 4067/1425 4066/1426 4061/4074
f 1041/4075 4061/4074 4066/1426
f 4072/1429 2295/1430 4071/4076
f 148/4077 4071/4076 2295/1430
f 4077/1433 4076/1434 4073/4078
f 1042/4079 4073/4078 4076/1434
f 4080/1437 2279/1438 2686/4080
f 3/4081 2686/4080 2279/1438
f 4085/1440 1045/4082 4086/1442
f 4081/4083 4086/1442 1045/4082
f 2619/4084 4092/1443 172/4085
f 4091/1445 172/4085 4092/1443
f 4093/4086 4098/1447 1048/4087
f 4097/1449 1048/4087 4098/1447
f 4103/1452 273/4088 4104/1454
f 4087/4089 4104/1454 273/4088
f 4105/4090 4111/1455 1051/4091
f 4110/1457 1051/4091 4111/1455
f 269/4092 4115/4093 4047/1460
f 4116/1462 4047/1460 4115/4093
f 1052/4094 4117/4095 4120/1463
f 4121/1464 4120/1463 4117/4095
f 2630/4096 4124/1468 12/4097
f 4033/1467 12/4097 4124/1468
f 4125/4098 4130/1471 1055/4099
f 4129/1473 1055/4099 4130/1471
f 4099/4100 4136/1475 272/4101
f 4135/1477 272/4101 4136/1475
f 4141/1481 4140/1482 4137/4102
f 1057/4103 4137/4102 4140/1482
f 4131/4104 4146/1483 275/4105
f 4145/1485 275/4105 4146/1483
f 4151/1488 1060/4106 4152/1490
f 4147/4107 4152/1490 1060/4106
f 4156/1492 274/4108 4158/1494
f 4157/4109 4158/1494 274/4108
f 4159/4110 4163/1495 1062/4111
f 4162/1497 1062/4111 4163/1495
f 4112/4112 4168/1499 67/4113
f 4167/1501 67/4113 4168/1499
f 1066/4114 4170/4115 4175/1506
f 4176/1505 4175/1506 4170/4115
f 4182/1509 4181/1510 4055/4116
f 270/4117 4055/4116 4181/1510
f 4189/1513 4188/1514 4184/4118
f 1069/4119 4184/4118 4188/1514
f 4194/1517 4193/1518 4177/4120
f 277/4121 4177/4120 4193/1518
f 4195/4122 4200/1519 1071/4123
f 4199/1521 1071/4123 4200/1519
f 4203/4124 4204/1523 153/4125
f 2349/1525 153/4125 4204/1523
f 4209/1529 4208/1530 4205/4126
f 1072/4127 4205/4126 4208/1530
f 4212/1533 2335/1534 4068/4128
f 14/4129 4068/4128 2335/1534
f 1076/4130 4213/4131 4218/1536
f 4219/1538 4218/1536 4213/4131
f 4226/1541 4224/1542 4225/4132
f 278/4133 4225/4132 4224/1542
f 4230/1544 1078/4134 4231/1546
f 4227/4135 4231/1546 1078/4134
f 4220/4136 4236/1547 279/4137
f 4235/1549 279/4137 4236/1547
f 4237/4138 4242/1551 1080/4139
f 4241/1553 1080/4139 4242/1551
f 4245/4140 4246/1555 267/4063
f 4028/1557 267/4063 4246/1555
f 4247/4141 4252/1558 1082/4142
f 4251/1560 1082/4142 4252/1558
f 4255/4143 4256/1562 65/4144
f 4017/1564 65/4144 4256/1562
f 1085/4145 4257/4146 4261/1568
f 4262/1567 4261/1568 4257/4146
f 4268/1571 4267/1572 3949/4147
f 261/4148 3949/4147 4267/1572
f 4273/1575 1088/4149 4274/1573
f 4269/4150 4274/1573 1088/4149
f 4280/1578 4279/1577 4263/4151
f 281/4152 4263/4151 4279/1577
f 4287/1581 4286/1583 4281/4153
f 1091/4154 4281/4153 4286/1583
f 4292/1587 3995/1588 4291/4155
f 265/4156 4291/4155 3995/1588
f 4297/1591 4296/1592 4293/4157
f 1092/4158 4293/4157 4296/1592
f 3962/4159 4300/1595 63/4160
f 3981/1596 63/4160 4300/1595
f 4305/1598 1095/4161 4306/1600
f 4301/4162 4306/1600 1095/4161
f 4275/4163 4312/1604 280/4164
f 4311/1602 280/4164 4312/1604
f 1097/4165 4313/4166 4317/1608
f 4318/1607 4317/1608 4313/4166
f 4322/1610 4304/1599 4249/4167
f 278/4133 4249/4167 4304/1599
f 4327/1611 4326/1612 4323/4168
f 1098/4169 4323/4168 4326/1612
f 4316/1605 266/4170 4330/1613
f 4003/4171 4330/1613 266/4170
f 1102/4172 4331/4173 4336/1618
f 4337/1617 4336/1618 4331/4173
f 284/4174 4343/4175 4342/1619
f 4344/1620 4342/1619 4343/4175
f 4346/4176 4352/1623 1105/4177
f 4351/1625 1105/4177 4352/1623
f 2998/754 4356/1627 198/3743
f 4335/1615 198/3743 4356/1627
f 4364/1629 4363/1630 4358/4178
f 1108/4179 4358/4178 4363/1630
f 283/4180 4367/4181 4350/1624
f 4368/1631 4350/1624 4367/4181
f 4373/1634 1111/4182 4374/1636
f 4369/4183 4374/1636 1111/4182
f 4379/1639 195/3726 4380/1637
f 2950/719 4380/1637 195/3726
f 4381/4184 4386/1643 1114/4185
f 4385/1644 1114/4185 4386/1643
f 4375/4186 4392/1645 288/4187
f 4391/1647 288/4187 4392/1645
f 4393/4188 4399/1649 1118/4189
f 4398/1651 1118/4189 4399/1649
f 4405/4190 4406/1653 287/4191
f 4404/1655 287/4191 4406/1653
f 4407/4192 4411/1657 1120/4193
f 4410/1659 1120/4193 4411/1657
f 4415/1662 38/3730 4416/1664
f 2961/727 4416/1664 38/3730
f 1124/4194 4417/4195 4422/1665
f 4423/1666 4422/1665 4417/4195
f 290/4196 4429/4197 4428/1669
f 4430/1670 4428/1669 4429/4197
f 1126/4198 4431/4199 4434/1673
f 4435/1674 4434/1673 4431/4199
f 291/4200 4424/4201 4439/1675
f 4440/1676 4439/1675 4424/4201
f 1129/4202 4441/4203 4445/1679
f 4446/1680 4445/1679 4441/4203
f 289/4204 4451/4205 4450/1683
f 4452/1681 4450/1683 4451/4205
f 1132/4206 4453/4207 4457/1685
f 4458/1686 4457/1685 4453/4207
f 70/4208 4463/4209 4462/1689
f 4464/1690 4462/1689 4463/4209
f 4465/4210 4470/1693 1135/4211
f 4469/1695 1135/4211 4470/1693
f 188/3695 2852/655 4475/1700
f 4476/1699 4475/1700 2852/655
f 1138/4212 4478/4213 4483/1701
f 4484/1702 4483/1701 4478/4213
f 290/4196 4455/4214 4468/1694
f 4488/1705 4468/1694 4455/4214
f 4489/4215 4494/1707 1140/4216
f 4493/1708 1140/4216 4494/1707
f 4497/4217 4498/1710 292/4218
f 4482/1704 292/4218 4498/1710
f 4499/4219 4505/1712 1144/4220
f 4504/1711 1144/4220 4505/1712
f 4512/1717 4510/1718 4511/4221
f 296/4222 4511/4221 4510/1718
f 1147/4223 4513/4224 4517/1719
f 4518/1720 4517/1719 4513/4224
f 297/4225 4506/4226 4523/1723
f 4524/1724 4523/1723 4506/4226
f 1151/4227 4525/4228 4530/1730
f 4531/1729 4530/1730 4525/4228
f 295/4229 4537/4230 4536/1731
f 4538/1732 4536/1731 4537/4230
f 4544/1737 4543/1738 4539/4231
f 1154/4232 4539/4231 4543/1738
f 4550/1741 4548/1742 4549/4233
f 72/4234 4549/4233 4548/1742
f 4556/1745 4555/1746 4551/4235
f 1157/4236 4551/4235 4555/1746
f 4562/1749 4561/1750 4519/4237
f 294/4238 4519/4237 4561/1750
f 4568/1753 4567/1754 4563/4239
f 1160/4240 4563/4239 4567/1754
f 4574/1757 4573/1758 4557/4241
f 300/4242 4557/4241 4573/1758
f 4581/1761 4580/1762 4575/4243
f 1164/4244 4575/4243 4580/1762
f 4588/1765 4586/1766 4587/4245
f 299/4246 4587/4245 4586/1766
f 4593/1769 4592/1770 4589/4247
f 1166/4248 4589/4247 4592/1770
f 4598/1773 4597/1774 4532/4249
f 82/4250 4532/4249 4597/1774
f 4599/4251 4605/1775 1170/4252
f 4604/1777 1170/4252 4605/1775
f 4611/4253 4612/1779 303/4254
f 4610/1781 303/4254 4612/1779
f 1173/4255 4613/4256 4617/1783
f 4618/1784 4617/1783 4613/4256
f 4606/4257 4624/1787 304/4258
f 4623/1789 304/4258 4624/1787
f 1177/4259 4625/4260 4630/1791
f 4631/1792 4630/1791 4625/4260
f 302/4261 4637/4262 4636/1795
f 4638/1796 4636/1795 4637/4262
f 4639/4263 4644/1799 1180/4264
f 4643/1801 1180/4264 4644/1799
f 4649/4265 4650/1803 80/4266
f 4648/1805 80/4266 4650/1803
f 1184/4267 4651/4268 4656/1807
f 4657/1808 4656/1807 4651/4268
f 4663/4269 4664/1812 307/4270
f 4662/1811 307/4270 4664/1812
f 1187/4271 4665/4272 4669/1815
f 4670/1816 4669/1815 4665/4272
f 308/4273 4658/4274 4675/1819
f 4676/1820 4675/1819 4658/4274
f 1191/4275 4677/4276 4682/1823
f 4683/1824 4682/1823 4677/4276
f 4689/4277 4690/1827 306/4278
f 4688/1829 306/4278 4690/1827
f 4691/4279 4696/1832 1194/4280
f 4695/1831 1194/4280 4696/1832
f 4701/4281 4702/1835 74/4282
f 4700/1837 74/4282 4702/1835
f 1198/4283 4704/4284 4709/1839
f 4710/1840 4709/1839 4704/4284
f 305/4285 4671/4286 4715/1843
f 4716/1844 4715/1843 4671/4286
f 1202/4287 4718/4288 4723/1847
f 4724/1848 4723/1847 4718/4288
f 312/4289 4711/4290 4729/1851
f 4730/1852 4729/1851 4711/4290
f 1206/4291 4731/4292 4736/1858
f 4737/1857 4736/1858 4731/4292
f 4743/4293 4744/1859 311/4294
f 4742/1861 311/4294 4744/1859
f 1208/4295 4745/4296 4748/1863
f 4749/1864 4748/1863 4745/4296
f 83/4297 4684/4298 4753/1867
f 4754/1868 4753/1867 4684/4298
f 1211/4299 4755/4300 4759/1874
f 4760/1873 4759/1874 4755/4300
f 301/4301 4619/4302 4765/1875
f 4766/1876 4765/1875 4619/4302
f 1214/4303 4767/4304 4771/1879
f 4772/1880 4771/1879 4767/4304
f 314/4305 4761/4306 4777/1883
f 4778/1884 4777/1883 4761/4306
f 1217/4307 4779/4308 4784/1887
f 4785/1888 4784/1887 4779/4308
f 309/4309 4789/4310 4717/1891
f 4790/1892 4717/1891 4789/4310
f 1218/4311 4791/4312 4794/1895
f 4795/1896 4794/1895 4791/4312
f 85/4313 4632/4314 4703/1899
f 4798/1900 4703/1899 4632/4314
f 4799/4315 4805/1903 1222/4316
f 4804/1905 1222/4316 4805/1903
f 4811/4317 4812/1907 316/4318
f 4810/1909 316/4318 4812/1907
f 4813/4319 4818/1911 1225/4320
f 4817/1913 1225/4320 4818/1911
f 4806/4321 4824/1915 317/4322
f 4823/1917 317/4322 4824/1915
f 1228/4323 4825/4324 4830/1919
f 4831/1920 4830/1919 4825/4324
f 4835/4325 4836/1923 137/4326
f 2119/210 137/4326 4836/1923
f 4837/4327 4842/1925 1230/4328
f 4841/1927 1230/4328 4842/1925
f 4845/4329 4846/1929 15/4330
f 2106/202 15/4330 4846/1929
f 4847/4331 4852/1931 1233/4332
f 4851/1933 1233/4332 4852/1931
f 4819/4333 4858/1935 315/4334
f 4857/1937 315/4334 4858/1935
f 4859/4335 4864/1939 1236/4336
f 4863/1941 1236/4336 4864/1939
f 4853/4337 4870/1943 319/4338
f 4869/1945 319/4338 4870/1943
f 4871/4339 4877/1947 1239/4340
f 4876/1949 1239/4340 4877/1947
f 4881/4341 4882/1951 140/4342
f 2167/242 140/4342 4882/1951
f 4883/4343 4887/1953 1240/4344
f 4886/1955 1240/4344 4887/1953
f 4832/4345 4890/1957 23/4346
f 2154/234 23/4346 4890/1957
f 4895/1960 1243/4347 4896/1962
f 4891/4348 4896/1962 1243/4347
f 4865/4349 4902/1963 318/4350
f 4901/1965 318/4350 4902/1963
f 4903/4351 4908/1967 1246/4352
f 4907/1969 1246/4352 4908/1967
f 4913/1973 321/4353 4914/1971
f 4897/4354 4914/1971 321/4353
f 4915/4355 4921/1975 1249/4356
f 4920/1977 1249/4356 4921/1975
f 2215/275 143/4357 4926/1980
f 4925/4358 4926/1980 143/4357
f 4927/4359 4931/1984 1250/4360
f 4930/1982 1250/4360 4931/1984
f 4878/4361 4934/1985 22/4362
f 2202/266 22/4362 4934/1985
f 4940/1989 4939/1990 4935/4363
f 1253/4364 4935/4363 4939/1990
f 4909/4365 4946/1993 320/4366
f 4945/1994 320/4366 4946/1993
f 1255/4367 4947/4368 4950/1997
f 4951/1996 4950/1997 4947/4368
f 322/4369 4941/4370 4955/1998
f 4956/1999 4955/1998 4941/4370
f 4962/2003 4961/2004 4957/4371
f 1257/4372 4957/4371 4961/2004
f 146/4373 4965/4374 2263/308
f 4966/2006 2263/308 4965/4374
f 4971/2009 4970/2010 4967/4375
f 1258/4376 4967/4375 4970/2010
f 4922/4377 4974/2012 24/4378
f 2250/300 24/4378 4974/2012
f 1263/4379 4976/4380 4982/2015
f 4983/2013 4982/2015 4976/4380
f 4990/2019 4988/2020 4989/4381
f 326/4382 4989/4381 4988/2020
f 4992/4383 4998/2021 1267/4384
f 4997/2023 1267/4384 4998/2021
f 4984/4385 5004/2025 327/4386
f 5003/2027 327/4386 5004/2025
f 5005/4387 5011/2029 1271/4388
f 5010/2031 1271/4388 5011/2029
f 325/4389 5017/4390 5016/2035
f 5018/2033 5016/2035 5017/4390
f 5024/2039 5023/2040 5019/4391
f 1274/4392 5019/4391 5023/2040
f 5030/2043 5028/2044 5029/4393
f 81/4394 5029/4393 5028/2044
f 5037/2047 5036/2048 5031/4395
f 1278/4396 5031/4395 5036/2048
f 5042/2051 330/4397 5044/2049
f 5043/4398 5044/2049 330/4397
f 5045/4399 5050/2053 1281/4400
f 5049/2055 1281/4400 5050/2053
f 5038/4401 5056/2057 331/4402
f 5055/2059 331/4402 5056/2057
f 5057/4403 5063/2063 1285/4404
f 5062/2064 1285/4404 5063/2063
f 5069/4405 5070/2065 329/4406
f 5068/2067 329/4406 5070/2065
f 5071/4407 5076/2069 1288/4408
f 5075/2071 1288/4408 5076/2069
f 5081/4409 5082/2073 71/4410
f 5080/2075 71/4410 5082/2073
f 5084/4411 5090/2077 1292/4412
f 5089/2079 1292/4412 5090/2077
f 5096/2083 5095/2084 5051/4413
f 328/4414 5051/4413 5095/2084
f 1296/4415 5098/4416 5103/2085
f 5104/2086 5103/2085 5098/4416
f 5110/2091 5109/2092 5091/4417
f 335/4418 5091/4417 5109/2092
f 5117/2094 5116/2093 5111/4419
f 1300/4420 5111/4419 5116/2093
f 5124/2098 5122/2097 5123/4421
f 334/4422 5123/4421 5122/2097
f 5129/2103 5128/2104 5125/4423
f 1302/4424 5125/4423 5128/2104
f 5134/2107 5133/2108 5064/4425
f 87/4426 5064/4425 5133/2108
f 5136/4427 5142/2109 1306/4428
f 5141/2111 1306/4428 5142/2109
f 4999/4429 5148/2113 324/4430
f 5147/2115 324/4430 5148/2113
f 5150/4431 5156/2117 1310/4432
f 5155/2119 1310/4432 5156/2117
f 5143/4433 5162/2121 338/4434
f 5161/2123 338/4434 5162/2121
f 5163/4435 5169/2125 1313/4436
f 5168/2127 1313/4436 5169/2125
f 5173/4437 5174/2129 332/4438
f 5097/2131 332/4438 5174/2129
f 5175/4439 5179/2133 1314/4440
f 5178/2135 1314/4440 5179/2133
f 5012/4441 5182/2137 89/4442
f 5083/2139 89/4442 5182/2137
f 5183/4443 5189/2141 1318/4444
f 5188/2143 1318/4444 5189/2141
f 5195/4445 5196/2145 340/4446
f 5194/2147 340/4446 5196/2145
f 5197/4447 5202/2149 1321/4448
f 5201/2151 1321/4448 5202/2149
f 5190/4449 5208/2153 341/4450
f 5207/2155 341/4450 5208/2153
f 5209/4451 5215/2157 1324/4452
f 5214/2159 1324/4452 5215/2157
f 5219/4453 5220/2161 165/4454
f 2519/464 165/4454 5220/2161
f 5221/4455 5226/2163 1326/4456
f 5225/2165 1326/4456 5226/2163
f 5229/4457 5230/2167 9/4458
f 2506/456 9/4458 5230/2167
f 1329/4459 5231/4460 5235/2169
f 5236/2170 5235/2169 5231/4460
f 339/4461 5203/4462 5241/2173
f 5242/2174 5241/2173 5203/4462
f 1332/4463 5243/4464 5247/2177
f 5248/2178 5247/2177 5243/4464
f 343/4465 5237/4466 5253/2181
f 5254/2182 5253/2181 5237/4466
f 5255/4467 5261/2185 1335/4468
f 5260/2187 1335/4468 5261/2185
f 5265/4469 5266/2189 168/4470
f 2567/496 168/4470 5266/2189
f 1336/4471 5267/4472 5270/2191
f 5271/2192 5270/2191 5267/4472
f 5216/4473 5274/2195 31/4474
f 2554/487 31/4474 5274/2195
f 5276/4475 5282/2197 1340/4476
f 5281/2199 1340/4476 5282/2197
f 5287/2202 171/3623 5288/2204
f 2592/4477 5288/2204 171/3623
f 5297/2207 5296/2208 5290/4478
f 1344/4479 5290/4478 5296/2208
f 5302/2210 5280/2198 5301/4480
f 344/4481 5301/4480 5280/2198
f 5304/4482 5311/2211 1348/4483
f 5310/2213 1348/4483 5311/2211
f 5315/4484 5316/2215 345/4485
f 5295/2205 345/4485 5316/2215
f 5323/2219 5322/2220 5317/4486
f 1351/4487 5317/4486 5322/2220
f 5328/2222 5309/2212 5327/4488
f 346/4489 5327/4488 5309/2212
f 5329/4490 5333/2223 1352/4491
f 5332/2224 1352/4491 5333/2223
f 4839/4492 5336/2225 316/4493
f 5321/2217 316/4493 5336/2225
f 5338/4494 5344/2227 1356/4495
f 5343/2229 1356/4495 5344/2227
f 5294/4496 5350/2231 345/4485
f 5349/2233 345/4485 5350/2231
f 5352/4497 5358/2235 1360/4498
f 5357/2237 1360/4498 5358/2235
f 5345/4499 5364/2239 351/4500
f 5363/2241 351/4500 5364/2239
f 5365/4501 5371/2243 1364/4502
f 5370/2245 1364/4502 5371/2243
f 5377/4503 5378/2247 350/4504
f 5376/2249 350/4504 5378/2247
f 5379/4505 5383/2251 1366/4506
f 5382/2253 1366/4506 5383/2251
f 5306/4507 5388/2255 79/4508
f 5387/2257 79/4508 5388/2255
f 5394/2261 5393/2262 5389/4509
f 1369/4510 5389/4509 5393/2262
f 5400/2265 5399/2266 4980/4511
f 323/4512 4980/4511 5399/2266
f 5406/2269 5405/2270 5401/4513
f 1372/4514 5401/4513 5405/2270
f 5412/2273 5411/2274 5395/4515
f 354/4516 5395/4515 5411/2274
f 5419/2277 5418/2278 5413/4517
f 1376/4518 5413/4517 5418/2278
f 5425/4519 5426/2279 353/4520
f 5424/2281 353/4520 5426/2279
f 5431/2285 5430/2286 5427/4521
f 1378/4522 5427/4521 5430/2286
f 5436/2287 5435/2289 4995/4523
f 86/4524 4995/4523 5435/2289
f 5444/2293 5443/2294 5438/4525
f 1382/4526 5438/4525 5443/2294
f 5450/2297 5449/2298 5424/2281
f 353/4520 5424/2281 5449/2298
f 5451/4527 5457/2299 1385/4528
f 5456/2301 1385/4528 5457/2299
f 5461/4529 5462/2303 355/4530
f 5442/2291 355/4530 5462/2303
f 5464/4531 5470/2305 1388/4532
f 5469/2307 1388/4532 5470/2305
f 5455/2300 184/3683 5474/2310
f 2794/4533 5474/2310 184/3683
f 5481/2313 5480/2314 5475/4534
f 1391/4535 5475/4534 5480/2314
f 5486/2316 5468/2306 5485/4536
f 356/4537 5485/4536 5468/2306
f 5490/2317 1392/4538 5491/2318
f 5487/4539 5491/2318 1392/4538
f 5479/2311 336/4540 5494/2319
f 5139/4541 5494/2319 336/4540
f 5495/4542 5500/2321 1395/4543
f 5499/2323 1395/4543 5500/2321
f 344/4481 5279/4544 5505/2325
f 5506/2326 5505/2325 5279/4544
f 5507/4545 5512/2329 1398/4546
f 5511/2331 1398/4546 5512/2329
f 5501/4547 5518/2333 360/4548
f 5517/2335 360/4548 5518/2333
f 5525/2339 5524/2340 5519/4549
f 1402/4550 5519/4549 5524/2340
f 5532/2343 5530/2344 5531/4551
f 359/4552 5531/4551 5530/2344
f 5533/4553 5537/2345 1404/4554
f 5536/2347 1404/4554 5537/2345
f 5292/4555 5542/2349 91/4556
f 5541/2351 91/4556 5542/2349
f 5548/2355 5547/2356 5543/4557
f 1407/4558 5543/4557 5547/2356
f 5554/2359 5553/2360 5341/4559
f 348/4560 5341/4559 5553/2360
f 5560/2363 5559/2364 5555/4561
f 1410/4562 5555/4561 5559/2364
f 5566/2367 5565/2368 5549/4563
f 363/4564 5549/4563 5565/2368
f 5573/2371 5572/2372 5567/4565
f 1414/4566 5567/4565 5572/2372
f 5580/2375 5578/2376 5579/4567
f 362/4568 5579/4567 5578/2376
f 5585/2379 5584/2380 5581/4569
f 1416/4570 5581/4569 5584/2380
f 5590/2383 5589/2384 5355/4571
f 90/4572 5355/4571 5589/2384
f 5596/2387 5595/2388 5591/4573
f 1419/4574 5591/4573 5595/2388
f 5602/2391 5601/2392 5407/4575
f 352/4576 5407/4575 5601/2392
f 5608/2395 5607/2396 5603/4577
f 1422/4578 5603/4577 5607/2396
f 5614/2399 5613/2400 5597/4579
f 366/4580 5597/4579 5613/2400
f 5621/2403 5620/2404 5615/4581
f 1426/4582 5615/4581 5620/2404
f 5628/2407 5626/2408 5627/4583
f 365/4584 5627/4583 5626/2408
f 5633/2411 5632/2412 5629/4585
f 1428/4586 5629/4585 5632/2412
f 5420/4587 5638/2413 92/4588
f 5637/2415 92/4588 5638/2413
f 5639/4589 5644/2417 1431/4590
f 5643/2419 1431/4590 5644/2417
f 5649/2423 355/4530 5650/2421
f 5441/4591 5650/2421 355/4530
f 5651/4592 5656/2427 1434/4593
f 5655/2428 1434/4593 5656/2427
f 5645/4594 5662/2429 368/4595
f 5661/2431 368/4595 5662/2429
f 1437/4596 5663/4597 5668/2436
f 5669/2435 5668/2436 5663/4597
f 5673/4598 5674/2437 197/4599
f 2991/748 197/4599 5674/2437
f 5675/4600 5679/2439 1438/4601
f 5678/2441 1438/4601 5679/2439
f 5453/4602 5682/2443 37/4603
f 2978/740 37/4603 5682/2443
f 1441/4604 5683/4605 5687/2445
f 5688/2446 5687/2445 5683/4605
f 356/4606 5467/4607 5693/2449
f 5694/2450 5693/2449 5467/4607
f 1444/4608 5695/4609 5699/2453
f 5700/2454 5699/2453 5695/4609
f 371/4610 5689/4611 5705/2457
f 5706/2458 5705/2457 5689/4611
f 5713/2463 5712/2464 5707/4612
f 1448/4613 5707/4612 5712/2464
f 5720/2467 5718/2468 5719/4614
f 370/4615 5719/4614 5718/2468
f 5725/2471 5724/2472 5721/4616
f 1450/4617 5721/4616 5724/2472
f 78/4618 5477/4619 5729/2473
f 5730/2474 5729/2473 5477/4619
f 5731/4620 5736/2480 1453/4621
f 5735/2478 1453/4621 5736/2480
f 5157/4622 5742/2481 337/4623
f 5741/2483 337/4623 5742/2481
f 5748/2487 5747/2488 5743/4624
f 1456/4625 5743/4624 5747/2488
f 5737/4626 5754/2492 374/4627
f 5753/2490 374/4627 5754/2492
f 5760/2495 1460/4628 5761/2493
f 5755/4629 5761/2493 1460/4628
f 5767/4630 5768/2497 373/4631
f 5766/2499 373/4631 5768/2497
f 5769/4632 5773/2501 1462/4633
f 5772/2503 1462/4633 5773/2501
f 5170/4634 5778/2505 88/4635
f 5777/2507 88/4635 5778/2505
f 1465/4636 5779/4637 5783/2509
f 5784/2510 5783/2509 5779/4637
f 333/4638 5105/4639 5789/2513
f 5790/2514 5789/2513 5105/4639
f 5791/4640 5796/2517 1468/4641
f 5795/2519 1468/4641 5796/2517
f 377/4642 5785/4643 5801/2523
f 5802/2521 5801/2523 5785/4643
f 5803/4644 5809/2525 1472/4645
f 5808/2527 1472/4645 5809/2525
f 5815/4646 5816/2529 376/4647
f 5814/2531 376/4647 5816/2529
f 1474/4648 5817/4649 5820/2533
f 5821/2534 5820/2533 5817/4649
f 77/4650 5118/4651 5825/2537
f 5826/2538 5825/2537 5118/4651
f 5827/4652 5832/2541 1477/4653
f 5831/2543 1477/4653 5832/2541
f 5249/4654 5838/2545 342/4655
f 5837/2547 342/4655 5838/2545
f 5843/2550 1480/4656 5844/2552
f 5839/4657 5844/2552 1480/4656
f 5833/4658 5850/2553 379/4659
f 5849/2555 379/4659 5850/2553
f 5851/4660 5857/2557 1483/4661
f 5856/2559 1483/4661 5857/2557
f 5861/4662 5862/2561 210/4663
f 3187/876 210/4663 5862/2561
f 5863/4664 5867/2563 1484/4665
f 5866/2565 1484/4665 5867/2563
f 5262/4666 5870/2567 30/4667
f 3174/868 30/4667 5870/2567
f 5876/2571 5875/2572 5871/4668
f 1487/4669 5871/4668 5875/2572
f 5882/2575 5881/2576 5701/4670
f 369/4671 5701/4670 5881/2576
f 5888/2579 5887/2580 5883/4672
f 1490/4673 5883/4672 5887/2580
f 5894/2583 5893/2584 5877/4674
f 382/4675 5877/4674 5893/2584
f 1494/4676 5895/4677 5900/2585
f 5901/2586 5900/2585 5895/4677
f 381/4678 5907/4679 5906/2589
f 5908/2590 5906/2589 5907/4679
f 1496/4680 5909/4681 5912/2593
f 5913/2594 5912/2593 5909/4681
f 97/4682 5714/4683 5917/2600
f 5918/2599 5917/2600 5714/4683
f 5919/4684 5925/2603 1500/4685
f 5924/2604 1500/4685 5925/2603
f 5932/2605 5930/2607 5931/4686
f 385/4687 5931/4686 5930/2607
f 1503/4688 5933/4689 5937/2609
f 5938/2610 5937/2609 5933/4689
f 5926/4690 5944/2613 386/4691
f 5943/2615 386/4691 5944/2613
f 5945/4692 5951/2617 1507/4693
f 5950/2619 1507/4693 5951/2617
f 384/4694 5957/4695 5956/2622
f 5958/2624 5956/2622 5957/4695
f 5964/2625 5963/2627 5959/4696
f 1510/4697 5959/4696 5963/2627
f 105/4698 5969/4699 5968/2629
f 5970/2630 5968/2629 5969/4699
f 5972/4700 5978/2636 1514/4701
f 5977/2634 1514/4701 5978/2636
f 5797/4702 5984/2637 375/4703
f 5983/2639 375/4703 5984/2637
f 5992/2642 5991/2641 5986/4704
f 1518/4705 5986/4704 5991/2641
f 5997/2647 390/4706 5998/2645
f 5979/4707 5998/2645 390/4706
f 5999/4708 6005/2650 1522/4709
f 6004/2649 1522/4709 6005/2650
f 6011/4710 6012/2653 389/4711
f 6010/2655 389/4711 6012/2653
f 6013/4712 6017/2657 1524/4713
f 6016/2659 1524/4713 6017/2657
f 5810/4714 6022/2661 96/4715
f 6021/2663 96/4715 6022/2661
f 6023/4716 6028/2665 1527/4717
f 6027/2667 1527/4717 6028/2665
f 6033/2670 378/4718 6034/2672
f 5845/4719 6034/2672 378/4718
f 6035/4720 6040/2673 1530/4721
f 6039/2675 1530/4721 6040/2673
f 6029/4722 6046/2677 392/4723
f 6045/2679 392/4723 6046/2677
f 6052/2683 1533/4724 6053/2681
f 6047/4725 6053/2681 1533/4724
f 3387/1005 224/4726 6058/2686
f 6057/4727 6058/2686 224/4726
f 6062/2688 1534/4728 6063/2690
f 6059/4729 6063/2690 1534/4728
f 5858/4730 6066/2691 47/4731
f 3374/996 47/4731 6066/2691
f 6072/2695 6071/2696 6067/4732
f 1537/4733 6067/4732 6071/2696
f 6078/2699 6077/2700 5889/4734
f 380/4735 5889/4734 6077/2700
f 6084/2702 6083/2701 6079/4736
f 1540/4737 6079/4736 6083/2701
f 395/4738 6073/4739 6089/2705
f 6090/2706 6089/2705 6073/4739
f 1544/4740 6091/4741 6096/2709
f 6097/2710 6096/2709 6091/4741
f 394/4742 6103/4743 6102/2713
f 6104/2714 6102/2713 6103/4743
f 1546/4744 6105/4745 6108/2717
f 6109/2718 6108/2717 6105/4745
f 100/4746 5902/4747 6113/2721
f 6114/2722 6113/2721 5902/4747
f 1549/4748 6115/4749 6119/2728
f 6120/2727 6119/2728 6115/4749
f 383/4750 5939/4751 6125/2729
f 6126/2730 6125/2729 5939/4751
f 6132/2735 6131/2736 6127/4752
f 1552/4753 6127/4752 6131/2736
f 6138/2739 6137/2740 6121/4754
f 398/4755 6121/4754 6137/2740
f 6144/2742 1556/4756 6145/2744
f 6139/4757 6145/2744 1556/4756
f 6151/4758 6152/2745 397/4759
f 6150/2747 397/4759 6152/2745
f 6153/4760 6157/2749 1558/4761
f 6156/2751 1558/4761 6157/2749
f 5952/4762 6162/2753 101/4763
f 6161/2755 101/4763 6162/2753
f 6163/4764 6169/2757 1562/4765
f 6168/2759 1562/4765 6169/2757
f 6175/4766 6176/2761 400/4767
f 6174/2763 400/4767 6176/2761
f 6181/2766 1565/4768 6182/2768
f 6177/4769 6182/2768 1565/4768
f 6170/4770 6188/2772 401/4771
f 6187/2770 401/4771 6188/2772
f 6189/4772 6195/2773 1568/4773
f 6194/2775 1568/4773 6195/2773
f 3543/1101 236/4774 6200/2778
f 6199/4775 6200/2778 236/4774
f 6201/4776 6206/2779 1570/4777
f 6205/2781 1570/4777 6206/2779
f 3530/1093 32/4778 6210/2784
f 6209/4779 6210/2784 32/4778
f 6216/2787 6215/2788 6211/4780
f 1573/4781 6211/4780 6215/2788
f 393/4782 6085/4783 6221/2789
f 6222/2790 6221/2789 6085/4783
f 6223/4784 6227/2793 1575/4785
f 6226/2795 1575/4785 6227/2793
f 6217/4786 6232/2796 402/4787
f 6231/2798 402/4787 6232/2796
f 6233/4788 6238/2800 1577/4789
f 6237/2802 1577/4789 6238/2800
f 6241/4790 6242/2803 396/4791
f 6143/2743 396/4791 6242/2803
f 6247/2807 6246/2808 6243/4792
f 1578/4793 6243/4792 6246/2808
f 6250/2809 6130/2733 6098/4794
f 102/4795 6098/4794 6130/2733
f 6256/2813 6255/2814 6251/4796
f 1581/4797 6251/4796 6255/2814
f 6203/4798 6262/2815 400/4767
f 6261/2817 400/4767 6262/2815
f 6268/2821 6267/2822 6263/4799
f 1584/4800 6263/4799 6267/2822
f 6274/2825 6273/2826 6257/4801
f 404/4802 6257/4801 6273/2826
f 6281/2829 6280/2830 6275/4803
f 1587/4804 6275/4803 6280/2830
f 6286/2832 5965/2833 6285/4805
f 384/4694 6285/4805 5965/2833
f 6291/2836 6290/2837 6287/4806
f 1588/4807 6287/4806 6290/2837
f 6165/4808 6294/2838 101/4763
f 5953/2840 101/4763 6294/2838
f 6295/4809 6300/2841 1591/4810
f 6299/2843 1591/4810 6300/2841
f 5749/4811 6306/2845 372/4812
f 6305/2847 372/4812 6306/2845
f 6311/2850 1594/4813 6312/2852
f 6307/4814 6312/2852 1594/4813
f 6317/2854 406/4815 6318/2856
f 6301/4816 6318/2856 406/4815
f 6324/2858 1597/4817 6325/2860
f 6319/4818 6325/2860 1597/4817
f 5985/2862 387/4819 6330/2864
f 6329/4820 6330/2864 387/4819
f 6334/2866 1598/4821 6335/2868
f 6331/4822 6335/2868 1598/4821
f 5762/4823 6338/2869 98/4824
f 5971/2871 98/4824 6338/2869
f 6339/4825 6344/2873 1601/4826
f 6343/2875 1601/4826 6344/2873
f 6041/4827 6350/2877 391/4828
f 6349/2879 391/4828 6350/2877
f 6351/4829 6356/2884 1604/4830
f 6355/2882 1604/4830 6356/2884
f 6345/4831 6362/2885 408/4832
f 6361/2887 408/4832 6362/2885
f 6363/4833 6369/2889 1607/4834
f 6368/2891 1607/4834 6369/2889
f 3727/1221 246/4835 6374/2894
f 6373/4836 6374/2894 246/4835
f 6375/4837 6379/2895 1608/4838
f 6378/2897 1608/4838 6379/2895
f 3714/1213 52/4839 6382/2900
f 6054/4840 6382/2900 52/4839
f 6388/2901 6387/2903 6383/4841
f 1611/4842 6383/4841 6387/2903
f 6394/2907 6393/2908 6269/4843
f 403/4844 6269/4843 6393/2908
f 6395/4845 6399/2909 1613/4846
f 6398/2911 1613/4846 6399/2909
f 6389/4847 6404/2912 409/4848
f 6403/2914 409/4848 6404/2912
f 6405/4849 6410/2916 1615/4850
f 6409/2918 1615/4850 6410/2916
f 6414/2920 6323/2859 6413/4851
f 405/4852 6413/4851 6323/2859
f 6419/2923 6418/2924 6415/4853
f 1616/4854 6415/4853 6418/2924
f 6422/2926 6310/2851 6282/4855
f 105/4698 6282/4855 6310/2851
f 6431/2929 6430/2930 6424/4856
f 1621/4857 6424/4856 6430/2930
f 6438/2932 6436/2931 6437/4858
f 412/4859 6437/4858 6436/2931
f 6440/4860 6447/2935 1625/4861
f 6446/2937 1625/4861 6447/2935
f 6451/4862 6452/2939 410/4863
f 6429/2927 410/4863 6452/2939
f 6460/2941 6459/2942 6454/4864
f 1628/4865 6454/4864 6459/2942
f 411/4866 6463/3158 6445/2936
f 6464/2944 6445/2936 6463/3158
f 6471/2947 6470/2948 6465/4867
f 1632/4868 6465/4867 6470/2948
f 6478/2951 6476/2952 6477/3191
f 415/4869 6477/3191 6476/2952
f 6483/2955 6482/2956 6479/4870
f 1634/4871 6479/4870 6482/2956
f 6488/2959 6487/2960 6472/4872
f 416/4873 6472/4872 6487/2960
f 6494/2962 6493/2961 6489/4874
f 1637/4875 6489/4874 6493/2961
f 6500/2967 6498/2968 6499/4876
f 414/4877 6499/4876 6498/2968
f 6506/2971 6505/2972 6501/4878
f 1640/4879 6501/4878 6505/2972
f 6512/2975 6510/2976 6511/3198
f 106/4880 6511/3198 6510/2976
f 6518/2979 6517/2980 6513/4881
f 1643/4882 6513/4881 6517/2980
f 6428/4883 6524/2984 410/4863
f 6523/2982 410/4863 6524/2984
f 6529/2986 6528/2985 6525/4884
f 1645/4885 6525/4884 6528/2985
f 6534/2991 6533/2992 6519/4886
f 417/4887 6519/4886 6533/2992
f 6540/2995 6539/2996 6535/4888
f 1647/4889 6535/4888 6539/2996
f 6544/2999 4511/3000 6543/4890
f 296/4891 6543/4890 4511/3000
f 6549/3003 6548/3004 6545/4892
f 1648/4893 6545/4892 6548/3004
f 4549/3007 72/4894 6552/3005
f 6442/4895 6552/3005 72/4894
f 6559/3010 1652/4896 6560/3012
f 6554/4897 6560/3012 1652/4896
f 6566/3014 6565/3013 6458/4898
f 412/4859 6458/4898 6565/3013
f 6568/4899 6574/3020 1656/4900
f 6573/3018 1656/4900 6574/3020
f 6561/4901 6580/3021 421/4902
f 6579/3023 421/4902 6580/3021
f 1660/4903 6581/4904 6586/3028
f 6587/3027 6586/3028 6581/4904
f 6594/3031 6592/3032 6593/4905
f 420/4906 6593/4905 6592/3032
f 1662/4907 6595/4908 6598/3033
f 6599/3034 6598/3033 6595/4908
f 106/4880 6426/4909 6603/3037
f 6604/3038 6603/3037 6426/4909
f 1666/4910 6605/4911 6610/3041
f 6611/3042 6610/3041 6605/4911
f 6618/3047 6616/3048 6617/4912
f 424/4913 6617/4912 6616/3048
f 6623/3051 1669/4914 6624/3049
f 6619/4915 6624/3049 1669/4914
f 6629/3054 425/4916 6630/3056
f 6612/4917 6630/3056 425/4916
f 6631/4918 6637/3057 1673/4919
f 6636/3059 1673/4919 6637/3057
f 6644/3063 6642/3064 6643/4920
f 423/4921 6643/4920 6642/3064
f 6645/4922 6650/3065 1676/4923
f 6649/3067 1676/4923 6650/3065
f 6655/4924 6656/3069 111/4925
f 6654/3071 111/4925 6656/3069
f 6663/3075 6662/3076 6657/4926
f 1680/4927 6657/4926 6662/3076
f 6670/3079 6668/3080 6669/4928
f 427/4929 6669/4928 6668/3080
f 6675/3083 6674/3084 6671/4930
f 1682/4931 6671/4930 6674/3084
f 6680/3087 6679/3088 6664/4932
f 428/4933 6664/4932 6679/3088
f 6686/3091 6685/3092 6681/4934
f 1685/4935 6681/4934 6685/3092
f 6692/3095 6690/3096 6691/4936
f 426/4937 6691/4936 6690/3096
f 6698/3099 6697/3100 6693/4938
f 1688/4939 6693/4938 6697/3100
f 6704/3103 6702/3104 6703/4940
f 112/4941 6703/4940 6702/3104
f 6709/3107 1691/4942 6710/3105
f 6705/4943 6710/3105 1691/4942
f 6716/3111 6715/3112 4693/4944
f 307/4945 4693/4944 6715/3112
f 6717/4946 6721/3115 1693/4947
f 6720/3116 1693/4947 6721/3115
f 6726/3119 6725/3120 6711/4948
f 430/4949 6711/4948 6725/3120
f 6731/3122 1696/4950 6732/3124
f 6727/4951 6732/3124 1696/4950
f 6737/4952 6738/3125 429/4953
f 6736/3127 429/4953 6738/3125
f 6742/3130 1698/4954 6743/3132
f 6739/4955 6743/3132 1698/4954
f 4653/4956 6748/3133 80/4957
f 6747/3135 80/4957 6748/3133
f 6749/4958 6754/3137 1701/4959
f 6753/3139 1701/4959 6754/3137
f 4641/4960 6760/3141 303/4961
f 6759/3143 303/4961 6760/3141
f 6761/4962 6766/3145 1704/4963
f 6765/3147 1704/4963 6766/3145
f 6755/4964 6772/3149 432/4965
f 6771/3151 432/4965 6772/3149
f 6778/3154 1707/4966 6779/3156
f 6773/4967 6779/3156 1707/4966
f 6783/4968 6784/3160 411/4866
f 6463/3158 411/4866 6784/3160
f 6785/4969 6789/3161 1708/4970
f 6788/3163 1708/4970 6789/3161
f 72/4894 4601/4971 6439/3165
f 6792/3166 6439/3165 4601/4971
f 6799/3171 6798/3172 6793/4972
f 1712/4973 6793/4972 6798/3172
f 6806/3175 6804/3176 6805/4974
f 433/4975 6805/4974 6804/3176
f 6811/3179 6810/3180 6807/4976
f 1714/4977 6807/4976 6810/3180
f 6816/3183 6815/3184 6800/4978
f 434/4979 6800/4978 6815/3184
f 6817/4980 6822/3185 1716/4981
f 6821/3187 1716/4981 6822/3185
f 6825/4982 6826/3189 415/4869
f 6477/3191 415/4869 6826/3189
f 6832/3196 6831/3194 6827/4983
f 1718/4984 6827/4983 6831/3194
f 106/4880 6835/4985 6511/3198
f 6836/3200 6511/3198 6835/4985
f 6844/3203 6843/3204 6838/4986
f 1722/4987 6838/4986 6843/3204
f 6849/3206 431/4988 6850/3208
f 6767/4989 6850/3208 431/4988
f 6852/4990 6857/3209 1725/4991
f 6856/3211 1725/4991 6857/3209
f 6845/4992 6862/3212 436/4993
f 6861/3214 436/4993 6862/3212
f 6863/4994 6868/3216 1727/4995
f 6867/3218 1727/4995 6868/3216
f 6871/4996 6872/3219 418/4997
f 6567/3221 418/4997 6872/3219
f 6873/4998 6877/3223 1728/4999
f 6876/3225 1728/4999 6877/3223
f 6553/3228 107/5000 6880/3230
f 6780/5001 6880/3230 107/5000
f 6886/3233 6885/3234 6881/5002
f 1731/5003 6881/5002 6885/3234
f 6892/3237 6891/3238 6829/5004
f 433/4975 6829/5004 6891/3238
f 1733/5005 6893/5006 6896/3240
f 6897/3242 6896/3240 6893/5006
f 6902/3245 6901/3246 6887/5007
f 438/5008 6887/5007 6901/3246
f 6908/3249 6907/3250 6903/5009
f 1736/5010 6903/5009 6907/3250
f 6913/5011 6914/3251 437/5012
f 6912/3253 437/5012 6914/3251
f 6919/3257 6918/3258 6915/5013
f 1738/5014 6915/5013 6918/3258
f 112/4941 6795/5015 6923/3261
f 6924/3259 6923/3261 6795/5015
f 6929/3264 1741/5016 6930/3266
f 6925/5017 6930/3266 1741/5016
f 6841/5018 6936/3270 435/5019
f 6935/3268 435/5019 6936/3270
f 1743/5020 6937/5021 6941/3274
f 6942/3273 6941/3274 6937/5021
f 6946/3276 6928/3265 6912/3253
f 437/5012 6912/3253 6928/3265
f 6951/3277 6950/3278 6947/5022
f 1744/5023 6947/5022 6950/3278
f 6642/3064 6954/3279 423/4921
f 6940/3271 423/4921 6954/3279
f 6962/3283 6961/3284 6956/5024
f 1748/5025 6956/5024 6961/3284
f 6968/3287 6967/3288 5657/5026
f 367/5027 5657/5026 6967/3288
f 6975/3291 6974/3292 6969/5028
f 1751/5029 6969/5028 6974/3292
f 6979/5030 6980/3293 440/5031
f 6960/3281 440/5031 6980/3293
f 6981/5032 6985/3295 1752/5033
f 6984/3296 1752/5033 6985/3295
f 4349/5034 6988/3297 283/4180
f 6973/3289 283/4180 6988/3297
f 6993/3301 1755/5035 6994/3299
f 6989/5036 6994/3299 1755/5035
f 6999/3304 440/5031 7000/3306
f 6959/5037 7000/3306 440/5031
f 7001/5038 7006/3310 1758/5039
f 7005/3308 1758/5039 7006/3310
f 6995/5040 7012/3311 443/5041
f 7011/3313 443/5041 7012/3311
f 7013/5042 7019/3315 1761/5043
f 7018/3317 1761/5043 7019/3315
f 7023/5044 7024/3319 286/5045
f 4397/1650 286/5045 7024/3319
f 7025/5046 7029/3321 1762/5047
f 7028/3323 1762/5047 7029/3321
f 68/5048 6971/5049 4384/1641
f 7032/3325 4384/1641 6971/5049
f 7040/3329 7039/3330 7034/5050
f 1766/5051 7034/5050 7039/3330
f 7046/3333 7045/3334 5561/5052
f 361/5053 5561/5052 7045/3334
f 7053/3335 7052/3336 7048/5054
f 1769/5055 7048/5054 7052/3336
f 7058/3339 7057/3340 7041/5056
f 445/5057 7041/5056 7057/3340
f 7064/3341 7063/3342 7059/5058
f 1771/5059 7059/5058 7063/3342
f 7068/3344 7017/3316 7067/5060
f 442/5061 7067/5060 7017/3316
f 7073/3347 7072/3348 7069/5062
f 1772/5063 7069/5062 7072/3348
f 7076/3350 7004/3309 5574/5064
f 93/5065 5574/5064 7004/3309
f 7077/5066 7082/3353 1775/5067
f 7081/3354 1775/5067 7082/3353
f 7087/3357 444/5068 7088/3355
f 7037/5069 7088/3355 444/5068
f 7089/5070 7094/3362 1777/5071
f 7093/3360 1777/5071 7094/3362
f 5513/5072 7098/3363 358/5073
f 7080/3351 358/5073 7098/3363
f 7103/3365 7102/3366 7099/5074
f 1778/5075 7099/5074 7102/3366
f 292/4218 4481/5076 7092/3361
f 7106/3368 7092/3361 4481/5076
f 113/5077 1785/1 1784/5078
f 1787/3 1784/5078 1785/1
f 1781/5079 451/3370 1794/7
f 1790/5 1794/7 451/3370
f 2/5080 1800/9 1799/5081
f 1802/11 1799/5081 1800/9
f 455/3374 1805/13 1797/5082
f 1808/15 1797/5082 1805/13
f 114/3404 1813/17 1804/5083
f 1815/19 1804/5083 1813/17
f 459/3378 1818/21 1810/5084
f 1822/23 1810/5084 1818/21
f 117/3376 1811/25 1789/5085
f 1828/27 1789/5085 1811/25
f 462/3382 1830/29 1824/5086
f 1834/31 1824/5086 1830/29
f 115/3380 1839/33 1829/5087
f 1841/35 1829/5087 1839/33
f 466/3386 1844/37 1836/5088
f 1848/39 1836/5088 1844/37
f 16/3416 1852/41 1817/5089
f 1854/43 1817/5089 1852/41
f 469/3390 1857/45 1850/5090
f 1860/47 1850/5090 1857/45
f 118/3452 1865/49 1856/5091
f 1867/51 1856/5091 1865/49
f 473/3394 1870/53 1862/5092
f 1874/55 1862/5092 1870/53
f 121/3392 1863/57 1843/5093
f 1880/59 1843/5093 1863/57
f 476/3398 1882/61 1876/5094
f 1886/63 1876/5094 1882/61
f 1891/5095 122/5096 1894/65
f 1892/66 1894/65 122/5096
f 1889/5097 480/3402 1900/69
f 1897/70 1900/69 480/3402
f 1905/5098 13/5099 1908/73
f 1906/74 1908/73 13/5099
f 1903/5100 484/3406 1914/77
f 1911/78 1914/77 484/3406
f 123/3420 1919/81 1910/5101
f 1921/83 1910/5101 1919/81
f 488/3410 1924/85 1916/5102
f 1928/87 1916/5102 1924/85
f 1896/5103 125/3408 1933/89
f 1917/90 1933/89 125/3408
f 490/3414 1935/93 1930/5104
f 1938/95 1930/5104 1935/93
f 1943/5105 126/5106 1946/99
f 1944/97 1946/99 126/5106
f 494/3418 1949/101 1941/5107
f 1952/103 1941/5107 1949/101
f 1957/5108 4/5109 1960/105
f 1958/106 1960/105 4/5109
f 1955/5110 498/3422 1966/111
f 1963/109 1966/111 498/3422
f 1962/5111 127/3468 1973/113
f 1971/114 1973/113 127/3468
f 502/3426 1976/117 1968/5112
f 1980/119 1968/5112 1976/117
f 129/3424 1969/121 1948/5113
f 1985/123 1948/5113 1969/121
f 504/3430 1987/125 1982/5114
f 1990/127 1982/5114 1987/125
f 128/3428 1995/129 1986/5115
f 1997/131 1986/5115 1995/129
f 508/3434 2000/133 1992/5116
f 2004/135 1992/5116 2000/133
f 19/3480 2008/137 1975/5117
f 2010/139 1975/5117 2008/137
f 511/3438 2013/141 2006/5118
f 2016/143 2006/5118 2013/141
f 2012/5119 130/3484 2023/145
f 2021/146 2023/145 130/3484
f 515/3442 2026/152 2018/5120
f 2030/150 2018/5120 2026/152
f 133/3440 2019/153 1999/5121
f 2036/155 1999/5121 2019/153
f 518/3446 2038/157 2032/5122
f 2042/159 2032/5122 2038/157
f 124/3412 2046/161 1934/5123
f 2048/163 1934/5123 2046/161
f 521/3450 2051/165 2044/5124
f 2054/167 2044/5124 2051/165
f 21/3432 1993/169 1923/5125
f 2059/171 1923/5125 1993/169
f 523/3454 2061/173 2056/5126
f 2064/175 2056/5126 2061/173
f 132/3436 2033/177 2060/5127
f 2070/179 2060/5127 2033/177
f 526/3458 2072/181 2066/5128
f 2076/183 2066/5128 2072/181
f 135/3456 2067/185 2050/5129
f 2081/187 2050/5129 2067/185
f 528/3462 2083/189 2078/5130
f 2086/191 2078/5130 2083/189
f 2091/5131 136/5132 2094/193
f 2092/194 2094/193 136/5132
f 2089/5133 532/3466 2100/197
f 2097/198 2100/197 532/3466
f 2105/5134 15/4330 2108/201
f 2106/202 2108/201 15/4330
f 2103/5135 536/3470 2114/205
f 2111/206 2114/205 536/3470
f 2110/5136 137/4326 2121/209
f 2119/210 2121/209 137/4326
f 540/3474 2124/213 2116/5137
f 2128/215 2116/5137 2124/213
f 2096/5138 139/3472 2133/217
f 2117/218 2133/217 139/3472
f 2130/5139 542/3478 2138/221
f 2135/222 2138/221 542/3478
f 2134/5140 138/3476 2144/225
f 2142/226 2144/225 138/3476
f 2140/5141 545/3482 2150/229
f 2147/230 2150/229 545/3482
f 2123/5142 23/4346 2156/233
f 2154/234 2156/233 23/4346
f 2152/5143 548/3486 2162/237
f 2159/238 2162/237 548/3486
f 2158/5144 140/4342 2169/241
f 2167/242 2169/241 140/4342
f 2164/5145 552/3490 2176/245
f 2172/246 2176/245 552/3490
f 2146/5146 142/3488 2181/249
f 2165/250 2181/249 142/3488
f 2178/5147 554/3494 2186/253
f 2183/254 2186/253 554/3494
f 2182/5148 141/3492 2192/257
f 2190/258 2192/257 141/3492
f 2195/263 2198/264 557/3498
f 2188/5149 557/3498 2198/264
f 2171/5150 22/4362 2204/265
f 2202/266 2204/265 22/4362
f 2200/5151 560/3500 2210/272
f 2207/271 2210/272 560/3500
f 2215/275 2217/276 143/4357
f 2206/5152 143/4357 2217/276
f 2212/5153 564/3503 2224/277
f 2220/278 2224/277 564/3503
f 2213/282 2229/281 145/3501
f 2194/5154 145/3501 2229/281
f 2226/5155 566/3508 2234/285
f 2231/286 2234/285 566/3508
f 2230/5156 144/3506 2240/290
f 2238/292 2240/290 144/3506
f 2246/294 2236/5157 2243/296
f 569/3510 2243/296 2236/5157
f 2219/5158 24/4378 2252/298
f 2250/300 2252/298 24/4378
f 2258/302 2248/5159 2255/304
f 572/3511 2255/304 2248/5159
f 146/4373 2263/308 2254/5160
f 2265/306 2254/5160 2263/308
f 575/3516 2267/309 2260/5161
f 2270/310 2260/5161 2267/309
f 147/3513 2261/312 2242/5162
f 2275/314 2242/5162 2261/312
f 576/3519 2276/316 2272/5163
f 2278/317 2272/5163 2276/316
f 148/5164 2285/319 2284/5165
f 2287/321 2284/5165 2285/319
f 581/3521 2290/324 2281/5166
f 2294/323 2281/5166 2290/324
f 14/5167 2300/327 2299/5168
f 2302/329 2299/5168 2300/327
f 585/3525 2305/331 2297/5169
f 2308/333 2297/5169 2305/331
f 149/3539 2313/336 2304/5170
f 2315/335 2304/5170 2313/336
f 2310/5171 589/3529 2322/339
f 2318/340 2322/339 589/3529
f 2289/5172 152/3527 2328/343
f 2311/344 2328/343 152/3527
f 2324/5173 592/3533 2334/347
f 2330/348 2334/347 592/3533
f 2340/352 2342/351 153/5174
f 2339/5175 153/5174 2342/351
f 596/3537 2345/355 2337/5176
f 2348/357 2337/5176 2345/355
f 2353/5177 1/5178 2356/359
f 2354/360 2356/359 1/5178
f 2351/5179 600/3541 2362/363
f 2359/364 2362/363 600/3541
f 2358/5180 154/3587 2369/367
f 2367/368 2369/367 154/3587
f 2364/5181 604/3545 2376/373
f 2372/371 2376/373 604/3545
f 2344/5182 156/3543 2381/375
f 2365/376 2381/375 156/3543
f 2378/5183 606/3549 2386/379
f 2383/380 2386/379 606/3549
f 155/3547 2391/383 2382/5184
f 2393/385 2382/5184 2391/383
f 2388/5185 610/3553 2400/387
f 2396/388 2400/387 610/3553
f 27/3599 2404/391 2371/5186
f 2406/393 2371/5186 2404/391
f 613/3557 2409/395 2402/5187
f 2412/397 2402/5187 2409/395
f 157/3603 2417/399 2408/5188
f 2419/401 2408/5188 2417/399
f 617/3561 2422/403 2414/5189
f 2426/405 2414/5189 2422/403
f 160/3559 2415/407 2395/5190
f 2432/409 2395/5190 2415/407
f 620/3565 2434/411 2428/5191
f 2438/413 2428/5191 2434/411
f 2329/5192 150/3531 2445/415
f 2443/416 2445/415 150/3531
f 2440/5193 624/3569 2452/419
f 2448/420 2452/419 624/3569
f 2317/5194 29/3551 2457/423
f 2389/424 2457/423 29/3551
f 2454/5195 626/3573 2462/427
f 2459/428 2462/427 626/3573
f 2458/5196 159/3555 2468/431
f 2429/432 2468/431 159/3555
f 2464/5197 629/3577 2474/435
f 2470/436 2474/435 629/3577
f 2447/5198 163/3575 2480/439
f 2465/440 2480/439 163/3575
f 2476/5199 632/3581 2486/443
f 2482/444 2486/443 632/3581
f 2491/5200 164/5201 2494/447
f 2492/448 2494/447 164/5201
f 2489/5202 636/3585 2500/451
f 2497/452 2500/451 636/3585
f 2505/5203 9/4458 2508/455
f 2506/456 2508/455 9/4458
f 2503/5204 640/3589 2514/459
f 2511/460 2514/459 640/3589
f 2510/5205 165/4454 2521/463
f 2519/464 2521/463 165/4454
f 2516/5206 644/3593 2528/467
f 2524/468 2528/467 644/3593
f 2496/5207 167/3591 2533/471
f 2517/472 2533/471 167/3591
f 2530/5208 646/3597 2538/475
f 2535/476 2538/475 646/3597
f 166/3595 2542/479 2534/5209
f 2544/481 2534/5209 2542/479
f 649/3601 2547/483 2540/5210
f 2550/485 2540/5210 2547/483
f 2523/5211 31/4474 2556/489
f 2554/487 2556/489 31/4474
f 652/3605 2559/491 2552/5212
f 2562/493 2552/5212 2559/491
f 2558/5213 168/4470 2569/495
f 2567/496 2569/495 168/4470
f 2564/5214 656/3609 2576/499
f 2572/500 2576/499 656/3609
f 170/3607 2565/503 2546/5215
f 2581/505 2546/5215 2565/503
f 658/3613 2583/507 2578/5216
f 2586/509 2578/5216 2583/507
f 2593/513 2595/514 171/3623
f 2592/4477 171/3623 2595/514
f 2589/5217 663/3617 2602/515
f 2598/516 2602/515 663/3617
f 2101/5218 136/3627 2609/519
f 2607/520 2609/519 136/3627
f 2604/5219 666/3621 2614/523
f 2611/524 2614/523 666/3621
f 172/3631 2620/525 2619/5220
f 2622/527 2619/5220 2620/525
f 669/3625 2624/529 2617/5221
f 2626/530 2617/5221 2624/529
f 2632/5222 173/3635 2635/531
f 2633/532 2635/531 173/3635
f 2629/5223 673/3629 2640/535
f 2637/536 2640/535 673/3629
f 2648/537 2646/5224 2600/517
f 174/3618 2600/517 2646/5224
f 676/3633 2649/539 2643/5225
f 2652/540 2643/5225 2649/539
f 2651/3634 173/3635 2659/541
f 2657/542 2659/541 173/3635
f 2654/5226 680/3637 2666/545
f 2662/546 2666/545 680/3637
f 2627/5227 12/5228 2672/549
f 2670/550 2672/549 12/5228
f 2668/5229 683/3641 2678/553
f 2675/554 2678/553 683/3641
f 2674/5230 176/5231 2685/557
f 2683/558 2685/557 176/5231
f 2680/5232 687/3645 2692/561
f 2688/562 2692/561 687/3645
f 2661/5233 179/3643 2698/565
f 2681/566 2698/565 179/3643
f 2694/5234 690/3649 2704/569
f 2700/570 2704/569 690/3649
f 2710/574 2293/5235 2708/576
f 151/5236 2708/576 2293/5235
f 2716/578 2706/5237 2713/580
f 693/3652 2713/580 2706/5237
f 2722/581 2333/5238 2720/582
f 25/5239 2720/582 2333/5238
f 2728/586 2718/5240 2725/588
f 696/3654 2725/588 2718/5240
f 2724/5241 180/3671 2735/589
f 2733/590 2735/589 180/3671
f 2742/594 2730/5242 2738/596
f 700/3659 2738/596 2730/5242
f 2747/598 2712/5243 2731/600
f 182/3656 2731/600 2712/5243
f 702/3662 2749/601 2744/5244
f 2752/603 2744/5244 2749/601
f 2759/606 2733/590 2757/608
f 180/3671 2757/608 2733/590
f 2766/610 2754/5245 2762/612
f 706/3664 2762/612 2754/5245
f 2770/614 2772/613 162/3674
f 2451/5246 162/3674 2772/613
f 2774/617 2776/618 708/3669
f 2768/5247 708/3669 2776/618
f 2784/620 2781/5248 2782/622
f 183/3679 2782/622 2781/5248
f 2788/623 2779/5249 2786/624
f 711/3672 2786/624 2779/5249
f 184/3683 2795/625 2794/4533
f 2797/627 2794/4533 2795/625
f 2791/5250 715/3677 2802/629
f 2799/630 2802/629 715/3677
f 2808/5251 185/3666 2810/631
f 2764/609 2810/631 185/3666
f 2805/5252 718/3681 2814/633
f 2811/634 2814/633 718/3681
f 174/3618 2819/635 2601/3619
f 2821/637 2601/3619 2819/635
f 2816/5253 722/3685 2828/639
f 2824/640 2828/639 722/3685
f 2641/5254 35/5255 2834/643
f 2832/644 2834/643 35/5255
f 2830/5256 725/3689 2840/647
f 2837/648 2840/647 725/3689
f 2847/653 2836/5257 2845/651
f 187/3703 2845/651 2836/5257
f 2854/656 2842/5258 2850/658
f 729/3692 2850/658 2842/5258
f 2823/5259 190/3691 2860/659
f 2843/660 2860/659 190/3691
f 2856/5260 732/3697 2866/663
f 2862/664 2866/663 732/3697
f 178/3639 2870/667 2665/3638
f 2872/669 2665/3638 2870/667
f 735/3701 2875/671 2868/5261
f 2878/673 2868/5261 2875/671
f 33/3651 2882/675 2703/3650
f 2884/677 2703/3650 2882/675
f 738/3705 2887/679 2880/5262
f 2890/681 2880/5262 2887/679
f 191/3719 2895/686 2886/5263
f 2897/684 2886/5263 2895/686
f 2904/688 2892/5264 2900/690
f 742/3709 2900/690 2892/5264
f 193/3707 2893/691 2874/5265
f 2909/693 2874/5265 2893/691
f 744/3713 2911/695 2906/5266
f 2914/697 2906/5266 2911/695
f 2920/701 2748/5267 2918/699
f 181/3660 2918/699 2748/5267
f 747/3717 2923/703 2916/5268
f 2926/705 2916/5268 2923/703
f 2737/5269 36/5270 2932/707
f 2930/708 2932/707 36/5270
f 2938/713 2928/5271 2935/711
f 750/3720 2935/711 2928/5271
f 2945/716 2934/5272 2943/718
f 194/3735 2943/718 2934/5272
f 754/3725 2948/722 2940/5273
f 2952/720 2940/5273 2948/722
f 196/3723 2941/723 2922/5274
f 2957/725 2922/5274 2941/723
f 2962/728 2954/5275 2959/730
f 756/3729 2959/730 2954/5275
f 2966/732 2968/731 185/3666
f 2765/3667 185/3666 2968/731
f 2964/5276 759/3733 2974/735
f 2971/736 2974/735 759/3733
f 2803/5277 37/4603 2980/739
f 2978/740 2980/739 37/4603
f 2976/5278 762/3737 2986/743
f 2983/744 2986/743 762/3737
f 2982/5279 197/4599 2993/747
f 2991/748 2993/747 197/4599
f 766/3741 2996/751 2988/5280
f 3000/753 2988/5280 2996/751
f 2970/5281 199/3739 3005/755
f 2989/756 3005/755 199/3739
f 3002/5282 768/3745 3010/760
f 3007/762 3010/760 768/3745
f 183/5283 3015/763 2801/5284
f 3017/765 2801/5284 3015/763
f 772/3749 3020/767 3012/5285
f 3024/769 3012/5285 3020/767
f 8/3583 3028/771 2777/5286
f 3030/773 2777/5286 3028/771
f 3036/776 3026/5287 3033/778
f 775/3753 3033/778 3026/5287
f 3043/780 3032/5288 3041/782
f 200/3766 3041/782 3032/5288
f 3050/784 3038/5289 3046/786
f 779/3756 3046/786 3038/5289
f 203/3755 3039/787 3019/5290
f 3056/789 3019/5290 3039/787
f 782/3761 3058/791 3052/5291
f 3062/793 3052/5291 3058/791
f 2481/5292 161/3579 3068/795
f 3066/796 3068/795 161/3579
f 3064/5293 785/3765 3074/802
f 3071/801 3074/802 785/3765
f 2469/5294 28/3567 3080/803
f 3078/804 3080/803 28/3567
f 3076/5295 788/3769 3086/807
f 3083/808 3086/807 788/3769
f 3082/5296 204/3783 3093/811
f 3091/812 3093/811 204/3783
f 3096/816 3100/815 792/3773
f 3088/5297 792/3773 3100/815
f 3070/5298 206/3771 3105/822
f 3089/821 3105/822 206/3771
f 3110/824 3102/5299 3107/826
f 794/3776 3107/826 3102/5299
f 158/3563 3114/827 2433/5300
f 3116/829 2433/5300 3114/827
f 797/3781 3119/831 3112/5301
f 3122/833 3112/5301 3119/831
f 7/3615 3126/835 2421/5302
f 3128/837 2421/5302 3126/835
f 800/3785 3131/839 3124/5303
f 3134/841 3124/5303 3131/839
f 3130/5304 207/3799 3141/843
f 3139/844 3141/843 207/3799
f 3136/5305 804/3788 3148/847
f 3144/848 3148/847 804/3788
f 209/3787 3137/852 3118/5306
f 3153/851 3118/5306 3137/852
f 3150/5307 806/3793 3158/855
f 3155/856 3158/855 806/3793
f 2582/5308 169/3611 3164/859
f 3162/860 3164/859 169/3611
f 3160/5309 809/3797 3170/863
f 3167/864 3170/863 809/3797
f 2571/5310 30/4667 3176/867
f 3174/868 3176/867 30/4667
f 3172/5311 812/3801 3182/871
f 3179/872 3182/871 812/3801
f 3178/5312 210/4663 3189/875
f 3187/876 3189/875 210/4663
f 3184/5313 816/3805 3196/879
f 3192/880 3196/879 816/3805
f 3166/5314 212/3803 3201/883
f 3185/884 3201/883 212/3803
f 3203/889 3206/890 818/3809
f 3198/5315 818/3809 3206/890
f 3213/892 3057/5316 3211/894
f 201/3758 3211/894 3057/5316
f 3220/896 3208/5317 3216/898
f 822/3812 3216/898 3208/5317
f 44/3778 3224/902 3045/5318
f 3226/900 3045/5318 3224/902
f 825/3817 3229/903 3222/5319
f 3232/905 3222/5319 3229/903
f 213/5320 3237/907 3228/5321
f 3239/909 3228/5321 3237/907
f 829/3821 3242/911 3234/5322
f 3246/913 3234/5322 3242/911
f 3252/916 3215/5323 3235/918
f 216/3819 3235/918 3215/5323
f 3258/920 3248/5324 3254/922
f 832/3824 3254/922 3248/5324
f 3106/5325 205/3774 3265/923
f 3263/924 3265/923 205/3774
f 3260/5326 836/3829 3272/927
f 3268/928 3272/927 836/3829
f 3095/5327 46/3795 3278/931
f 3276/932 3278/931 46/3795
f 3281/937 3284/938 839/3832
f 3274/5328 839/3832 3284/938
f 3289/941 3291/942 217/3844
f 3280/5329 217/3844 3291/942
f 3294/945 3298/946 843/3835
f 3286/5330 843/3835 3298/946
f 3287/949 3304/950 220/3833
f 3267/5331 220/3833 3304/950
f 3306/953 3310/954 846/3839
f 3300/5332 846/3839 3310/954
f 3154/5333 208/3791 3316/955
f 3314/956 3316/955 208/3791
f 3312/5334 849/3843 3322/962
f 3319/961 3322/962 849/3843
f 3143/5335 43/3810 3328/963
f 3326/964 3328/963 43/3810
f 3324/5336 852/3847 3334/967
f 3331/968 3334/967 852/3847
f 3330/5337 221/3861 3341/971
f 3339/972 3341/971 221/3861
f 3336/5338 856/3850 3348/977
f 3344/975 3348/977 856/3850
f 3337/980 3353/979 223/3849
f 3318/5339 223/3849 3353/979
f 3358/985 3350/5340 3355/983
f 858/3855 3355/983 3350/5340
f 3362/989 3364/990 211/3807
f 3202/5341 211/3807 3364/990
f 3360/5342 861/3859 3370/991
f 3367/992 3370/991 861/3859
f 3191/5343 47/4731 3376/995
f 3374/996 3376/995 47/4731
f 3379/1001 3382/1002 864/3863
f 3372/5344 864/3863 3382/1002
f 3387/1005 3389/1006 224/4726
f 3378/5345 224/4726 3389/1006
f 3392/1008 3396/1007 868/3866
f 3384/5346 868/3866 3396/1007
f 3366/5347 226/3865 3401/1011
f 3385/1012 3401/1011 226/3865
f 3398/5348 870/3871 3406/1015
f 3403/1016 3406/1015 870/3871
f 3413/1020 3253/5349 3411/1022
f 214/3823 3411/1022 3253/5349
f 3420/1024 3408/5350 3416/1026
f 874/3874 3416/1026 3408/5350
f 49/5351 3424/1027 3241/5352
f 3426/1029 3241/5352 3424/1027
f 877/3879 3429/1031 3422/5353
f 3432/1033 3422/5353 3429/1031
f 227/3893 3437/1035 3428/5354
f 3439/1037 3428/5354 3437/1035
f 881/3883 3442/1039 3434/5355
f 3446/1041 3434/5355 3442/1039
f 230/3881 3435/1043 3415/5356
f 3452/1045 3415/5356 3435/1043
f 3458/1049 3448/5357 3454/1047
f 884/3887 3454/1047 3448/5357
f 231/5358 3464/1051 3463/5359
f 3466/1053 3463/5359 3464/1051
f 888/3891 3469/1058 3461/5360
f 3472/1056 3461/5360 3469/1058
f 3477/5361 51/5362 3480/1059
f 3478/1060 3480/1059 51/5362
f 3475/5363 892/3895 3486/1063
f 3483/1064 3486/1063 892/3895
f 3482/5364 232/3909 3493/1067
f 3491/1068 3493/1067 232/3909
f 3496/1073 3500/1074 896/3899
f 3488/5365 896/3899 3500/1074
f 3505/1076 3468/5366 3489/1078
f 234/3897 3489/1078 3468/5366
f 3510/1080 3502/5367 3507/1082
f 898/3902 3507/1082 3502/5367
f 3515/5368 235/5369 3518/1083
f 3516/1084 3518/1083 235/5369
f 3513/5370 902/3907 3524/1087
f 3521/1088 3524/1087 902/3907
f 3530/1093 3532/1094 32/4778
f 3529/5371 32/4778 3532/1094
f 3527/5372 906/3911 3538/1095
f 3535/1096 3538/1095 906/3911
f 3543/1101 3545/1102 236/4774
f 3534/5373 236/4774 3545/1102
f 3540/5374 910/3915 3552/1103
f 3548/1104 3552/1103 910/3915
f 3520/5375 238/3913 3557/1110
f 3541/1109 3557/1110 238/3913
f 3559/1113 3562/1114 912/3918
f 3554/5376 912/3918 3562/1114
f 228/3885 3567/1115 3453/5377
f 3569/1117 3453/5377 3567/1115
f 916/3923 3572/1119 3564/5378
f 3576/1121 3564/5378 3572/1119
f 3581/1123 3441/5379 3509/1079
f 54/3904 3509/1079 3441/5379
f 3586/1126 3578/5380 3583/1128
f 918/3926 3583/1128 3578/5380
f 3582/5381 233/3900 3592/1129
f 3498/1072 3592/1129 233/3900
f 3588/5382 920/3931 3596/1131
f 3593/1132 3596/1131 920/3931
f 3571/5383 240/3928 3602/1134
f 3589/1135 3602/1134 240/3928
f 3598/5384 922/3934 3606/1138
f 3603/1139 3606/1138 922/3934
f 3525/5385 235/5369 3613/1141
f 3611/1142 3613/1141 235/5369
f 926/3938 3616/1145 3608/5386
f 3620/1147 3608/5386 3616/1145
f 3511/5387 51/5362 3626/1149
f 3624/1150 3626/1149 51/5362
f 3632/1154 3622/5388 3629/1156
f 929/3942 3629/1156 3622/5388
f 3639/1158 3628/5389 3637/1160
f 241/3955 3637/1160 3628/5389
f 3646/1162 3634/5390 3642/1164
f 933/3945 3642/1164 3634/5390
f 3652/1166 3615/5391 3635/1168
f 244/3943 3635/1168 3615/5391
f 936/3949 3654/1169 3648/5392
f 3658/1171 3648/5392 3654/1169
f 3662/1174 3664/1173 231/5358
f 3473/5393 231/5358 3664/1173
f 3660/5394 939/3954 3670/1180
f 3667/1179 3670/1180 939/3954
f 3675/1182 3459/5395 3240/1183
f 49/5351 3240/1183 3459/5395
f 941/3957 3677/1184 3672/5396
f 3680/1186 3672/5396 3677/1184
f 213/5320 3227/1188 3676/5397
f 3686/1189 3676/5397 3227/1188
f 3687/1193 3690/1194 943/3962
f 3682/5398 943/3962 3690/1194
f 3683/1197 3695/1198 245/3959
f 3666/5399 245/3959 3695/1198
f 944/3965 3696/1199 3692/5400
f 3698/1201 3692/5400 3696/1199
f 3402/5401 225/3869 3704/1203
f 3702/1204 3704/1203 225/3869
f 3700/5402 947/3968 3710/1207
f 3707/1208 3710/1207 947/3968
f 3714/1213 3716/1214 52/4839
f 3391/5403 52/4839 3716/1214
f 3712/5404 950/3969 3722/1215
f 3719/1216 3722/1215 950/3969
f 3727/1221 3729/1222 246/4835
f 3718/5405 246/4835 3729/1222
f 3724/5406 954/3974 3736/1223
f 3732/1224 3736/1223 954/3974
f 3706/5407 248/3972 3741/1227
f 3725/1228 3741/1227 248/3972
f 3738/5408 956/3978 3746/1234
f 3743/1233 3746/1234 956/3978
f 3753/1236 3653/5409 3751/1238
f 242/3947 3751/1238 3653/5409
f 3760/1239 3748/5410 3756/1240
f 960/3979 3756/1240 3748/5410
f 3765/1244 3641/5411 3308/952
f 59/3841 3308/952 3641/5411
f 3770/1246 3762/5412 3767/1248
f 962/3983 3767/1248 3762/5412
f 3776/1250 3766/5413 3296/944
f 218/3837 3296/944 3766/5413
f 3772/5414 964/3987 3780/1251
f 3777/1252 3780/1251 964/3987
f 3755/5415 250/3985 3786/1254
f 3773/1255 3786/1254 250/3985
f 3782/5416 966/3991 3790/1258
f 3787/1259 3790/1258 966/3991
f 3799/1263 3796/5417 3797/1261
f 251/4001 3797/1261 3796/5417
f 971/3995 3802/1265 3793/5418
f 3806/1267 3793/5418 3802/1265
f 252/4005 3813/1272 3812/1489
f 3815/1270 3812/1489 3813/1272
f 3820/1273 3809/5419 3817/1274
f 975/3998 3817/1274 3809/5419
f 3826/5420 253/3997 3828/1275
f 3804/1268 3828/1275 253/3997
f 3823/5421 978/4003 3832/1277
f 3829/1278 3832/1277 978/4003
f 255/5422 3838/1279 3837/1520
f 3840/1281 3837/1520 3838/1279
f 982/4007 3843/1283 3835/5423
f 3846/1285 3835/5423 3843/1283
f 61/5424 3852/1287 3851/1511
f 3854/1289 3851/1511 3852/1287
f 986/4011 3857/1291 3849/5425
f 3860/1293 3849/5425 3857/1291
f 256/4025 3865/1295 3856/5426
f 3867/1297 3856/5426 3865/1295
f 990/4015 3870/1299 3862/5427
f 3874/1301 3862/5427 3870/1299
f 258/4013 3863/1303 3842/5428
f 3879/1305 3842/5428 3863/1303
f 992/4019 3881/1307 3876/5429
f 3884/1309 3876/5429 3881/1307
f 3805/3996 253/3997 3890/1314
f 3888/1313 3890/1314 253/3997
f 3896/1316 3886/5430 3893/1318
f 995/4023 3893/1318 3886/5430
f 2/5431 1799/1320 3821/5432
f 3901/1319 3821/5432 1799/1320
f 3906/1324 3898/5433 3903/1326
f 997/4026 3903/1326 3898/5433
f 3912/1328 3902/5434 1784/1330
f 113/5435 1784/1330 3902/5434
f 3918/1332 3908/5436 3914/1334
f 1000/4030 3914/1334 3908/5436
f 3923/1336 3892/5437 3909/1338
f 260/4028 3909/1338 3892/5437
f 3928/1341 3920/5438 3925/1339
f 1002/4034 3925/1339 3920/5438
f 3935/1345 3819/4000 3933/1343
f 251/4001 3933/1343 3819/4000
f 3938/1349 3942/1350 1006/4038
f 3930/5439 1006/4038 3942/1350
f 61/5424 3946/1351 3791/5440
f 3948/1353 3791/5440 3946/1351
f 1009/4043 3951/1355 3944/5441
f 3954/1357 3944/5441 3951/1355
f 3961/1361 3950/5442 3959/1359
f 261/4148 3959/1359 3950/5442
f 1013/4047 3964/1366 3956/5443
f 3968/1364 3956/5443 3964/1366
f 3937/5444 264/4045 3974/1367
f 3957/1368 3974/1367 264/4045
f 3970/5445 1016/4051 3980/1374
f 3976/1373 3980/1374 1016/4051
f 3988/1376 3985/5446 3986/1378
f 265/4156 3986/1378 3985/5446
f 1020/4055 3991/1379 3983/5447
f 3994/1381 3983/5447 3991/1379
f 3999/5448 66/5449 4002/1383
f 4000/1384 4002/1383 66/5449
f 3997/5450 1024/4057 4008/1387
f 4005/1388 4008/1387 1024/4057
f 4015/1392 4004/5451 4013/1394
f 266/4170 4013/1394 4004/5451
f 4010/5452 1028/4060 4022/1395
f 4018/1396 4022/1395 1028/4060
f 4011/1401 4027/1402 268/4058
f 3990/5453 268/4058 4027/1402
f 4029/1404 4032/1403 1030/4064
f 4024/5454 1030/4064 4032/1403
f 269/4092 4038/1407 4037/5455
f 4040/1409 4037/5455 4038/1407
f 1034/4067 4043/1411 4035/5456
f 4046/1413 4035/5456 4043/1411
f 4054/1417 4051/5457 4052/1415
f 67/4113 4052/1415 4051/5457
f 1038/4071 4057/1419 4049/5458
f 4060/1421 4049/5458 4057/1419
f 270/4117 4065/1423 4056/5459
f 4067/1425 4056/5459 4065/1423
f 1041/4075 4069/1427 4062/5460
f 4072/1429 4062/5460 4069/1427
f 271/4073 4063/1431 4042/5461
f 4077/1433 4042/5461 4063/1431
f 1042/4079 4078/1435 4074/5462
f 4080/1437 4074/5462 4078/1435
f 4084/1441 4086/1442 126/5463
f 1953/5464 126/5463 4086/1442
f 4089/1444 4092/1443 1045/4082
f 4082/5465 1045/4082 4092/1443
f 1939/5466 13/5467 4098/1447
f 4096/1448 4098/1447 13/5467
f 4101/1453 4104/1454 1048/4087
f 4094/5468 1048/4087 4104/1454
f 4100/5469 272/4101 4111/1455
f 4109/1456 4111/1455 272/4101
f 4113/1461 4116/1462 1051/4091
f 4106/5470 1051/4091 4116/1462
f 4121/1464 4088/5471 4107/1466
f 273/4088 4107/1466 4088/5471
f 4118/5472 1052/4094 4124/1468
f 4122/1470 4124/1468 1052/4094
f 1901/5473 122/5474 4130/1471
f 4128/1472 4130/1471 122/5474
f 4126/5475 1055/4099 4136/1475
f 4133/1476 4136/1475 1055/4099
f 2/5431 3824/1479 1887/5476
f 4141/1481 1887/5476 3824/1479
f 4138/5477 1057/4103 4146/1483
f 4143/1484 4146/1483 1057/4103
f 4142/5478 252/4005 4152/1490
f 3812/1489 4152/1490 252/4005
f 4154/1493 4158/1494 1060/4106
f 4148/5479 1060/4106 4158/1494
f 4132/5480 275/4105 4163/1495
f 4149/1496 4163/1495 275/4105
f 4160/5481 1062/4111 4168/1499
f 4165/1500 4168/1499 1062/4111
f 276/5482 4174/1503 4173/5483
f 4176/1505 4173/5483 4174/1503
f 1066/4114 4179/1507 4171/5484
f 4182/1509 4171/5484 4179/1507
f 61/5424 3851/1511 4187/5485
f 4189/1513 4187/5485 3851/1511
f 1069/4119 4191/1515 4185/5486
f 4194/1517 4185/5486 4191/1515
f 4190/5487 255/5422 4200/1519
f 3837/1520 4200/1519 255/5422
f 4196/5488 1071/4123 4204/1523
f 4201/1524 4204/1523 1071/4123
f 277/4121 4197/1527 4178/5489
f 4209/1529 4178/5489 4197/1527
f 1072/4127 4210/1531 4206/5490
f 4212/1533 4206/5490 4210/1531
f 4217/1537 4219/1538 274/4108
f 4164/5491 274/4108 4219/1538
f 1076/4130 4222/1539 4214/5492
f 4226/1541 4214/5492 4222/1539
f 3931/1545 4231/1546 62/5493
f 4153/5494 62/5493 4231/1546
f 4228/5495 1078/4134 4236/1547
f 4233/1548 4236/1547 1078/4134
f 4232/5496 263/4040 4242/1551
f 3971/1552 4242/1551 263/4040
f 4238/5497 1080/4139 4246/1555
f 4243/1556 4246/1555 1080/4139
f 4221/5498 279/4137 4252/1558
f 4239/1559 4252/1558 279/4137
f 4248/5499 1082/4142 4256/1562
f 4253/1563 4256/1562 1082/4142
f 276/5482 4260/1565 4183/5500
f 4262/1567 4183/5500 4260/1565
f 4268/1571 4258/5501 4265/1569
f 1085/4145 4265/1569 4258/5501
f 67/4113 4272/1574 4169/5502
f 4274/1573 4169/5502 4272/1574
f 4277/1580 4280/1578 1088/4149
f 4270/5503 1088/4149 4280/1578
f 4276/5504 280/4164 4287/1581
f 4285/1582 4287/1581 280/4164
f 1091/4154 4289/1585 4282/5505
f 4292/1587 4282/5505 4289/1585
f 281/4152 4283/1589 4264/5506
f 4297/1591 4264/5506 4283/1589
f 1092/4158 4298/1593 4294/5507
f 4300/1595 4294/5507 4298/1593
f 4225/4132 278/4133 4306/1600
f 4304/1599 4306/1600 278/4133
f 4309/1603 4312/1604 1095/4161
f 4302/5508 1095/4161 4312/1604
f 4013/1394 266/4170 4318/1607
f 4316/1605 4318/1607 266/4170
f 1097/4165 4320/1609 4314/5509
f 4322/1610 4314/5509 4320/1609
f 280/4164 4311/1602 4285/1582
f 4327/1611 4285/1582 4311/1602
f 1098/4169 4328/1614 4324/5510
f 4330/1613 4324/5510 4328/1614
f 198/3743 4335/1615 3006/5511
f 4337/1617 3006/5511 4335/1615
f 4344/1620 4332/5512 4340/1622
f 1102/4172 4340/1622 4332/5512
f 4349/5034 283/4180 4352/1623
f 4350/1624 4352/1623 283/4180
f 4347/5513 1105/4177 4356/1627
f 4354/1628 4356/1627 1105/4177
f 4362/5514 284/4174 4364/1629
f 4342/1619 4364/1629 284/4174
f 4368/1631 4359/5515 4365/1632
f 1108/4179 4365/1632 4359/5515
f 4372/1635 4374/1636 284/4174
f 4343/4175 284/4174 4374/1636
f 4377/1638 4380/1637 1111/4182
f 4370/5516 1111/4182 4380/1637
f 68/5048 4384/1641 4357/5517
f 4386/1643 4357/5517 4384/1641
f 4382/5518 1114/4185 4392/1645
f 4389/1646 4392/1645 1114/4185
f 4388/5519 286/5045 4399/1649
f 4397/1650 4399/1649 286/5045
f 4394/5520 1118/4189 4406/1653
f 4402/1654 4406/1653 1118/4189
f 4376/5521 288/4187 4411/1657
f 4395/1658 4411/1657 288/4187
f 4408/5522 1120/4193 4416/1664
f 4413/1663 4416/1664 1120/4193
f 4423/1666 2910/5523 4421/1668
f 192/3710 4421/1668 2910/5523
f 4430/1670 4418/5524 4426/1672
f 1124/4194 4426/1672 4418/5524
f 4435/1674 2899/5525 4415/1662
f 38/3730 4415/1662 2899/5525
f 4440/1676 4432/5526 4437/1678
f 1126/4198 4437/1678 4432/5526
f 4446/1680 4436/5527 4404/1655
f 287/4191 4404/1655 4436/5527
f 4452/1681 4442/5528 4448/1682
f 1129/4202 4448/1682 4442/5528
f 4458/1686 4425/5529 4443/1688
f 291/4200 4443/1688 4425/5529
f 4464/1690 4454/5530 4460/1692
f 1132/4206 4460/1692 4454/5530
f 4468/1694 4470/1693 290/4196
f 4429/4197 290/4196 4470/1693
f 4466/5531 1135/4211 4476/1699
f 4473/1697 4476/1699 1135/4211
f 292/4218 4482/1704 4481/5076
f 4484/1702 4481/5076 4482/1704
f 4488/1705 4479/5532 4486/1706
f 1138/4212 4486/1706 4479/5532
f 2861/5533 188/3695 4494/1707
f 4475/1700 4494/1707 188/3695
f 4490/5534 1140/4216 4498/1710
f 4495/1709 4498/1710 1140/4216
f 1793/3371 116/3372 4505/1712
f 4503/1714 4505/1712 116/3372
f 4500/5535 1144/4220 4512/1717
f 4508/1715 4512/1717 1144/4220
f 1833/3383 18/3384 4518/1720
f 4516/1722 4518/1720 18/3384
f 4524/1724 4514/5536 4521/1726
f 1147/4223 4521/1726 4514/5536
f 294/4238 4529/1727 4520/5537
f 4531/1729 4520/5537 4529/1727
f 4538/1732 4526/5538 4534/1734
f 1151/4227 4534/1734 4526/5538
f 297/4225 4527/1735 4507/5539
f 4544/1737 4507/5539 4527/1735
f 1154/4232 4546/1739 4540/5540
f 4550/1741 4540/5540 4546/1739
f 1847/3387 120/3388 4556/1745
f 4554/1743 4556/1745 120/3388
f 1157/4236 4559/1747 4552/5541
f 4562/1749 4552/5541 4559/1747
f 4568/1753 1885/3399 4566/1751
f 17/3400 4566/1751 1885/3399
f 1160/4240 4571/1755 4564/5542
f 4574/1757 4564/5542 4571/1755
f 298/5543 4579/1759 4570/5544
f 4581/1761 4570/5544 4579/1759
f 1164/4244 4584/1763 4576/5545
f 4588/1765 4576/5545 4584/1763
f 300/4242 4577/1767 4558/5546
f 4593/1769 4558/5546 4577/1767
f 1166/4248 4595/1771 4590/5547
f 4598/1773 4590/5547 4595/1771
f 4605/1775 4545/5548 4603/1776
f 295/4229 4603/1776 4545/5548
f 4600/5549 1170/4252 4612/1779
f 4608/1780 4612/1779 1170/4252
f 4618/1784 4533/5550 4616/1786
f 82/4250 4616/1786 4533/5550
f 4614/5551 1173/4255 4624/1787
f 4621/1788 4624/1787 1173/4255
f 4631/1792 4620/5552 4629/1794
f 301/4301 4629/1794 4620/5552
f 4638/1796 4626/5553 4634/1798
f 1177/4259 4634/1798 4626/5553
f 4607/5554 304/4258 4644/1799
f 4627/1800 4644/1799 304/4258
f 4640/5555 1180/4264 4650/1803
f 4646/1804 4650/1803 1180/4264
f 4657/1808 4645/5556 4655/1810
f 302/4261 4655/1810 4645/5556
f 4664/1812 4652/5557 4660/1814
f 1184/4267 4660/1814 4652/5557
f 4670/1816 4633/5558 4668/1818
f 85/4313 4668/1818 4633/5558
f 4676/1820 4666/5559 4673/1822
f 1187/4271 4673/1822 4666/5559
f 4683/1824 4672/5560 4681/1826
f 305/4285 4681/1826 4672/5560
f 4690/1827 4678/5561 4686/1828
f 1191/4275 4686/1828 4678/5561
f 4696/1832 4659/5562 4679/1834
f 308/4273 4679/1834 4659/5562
f 4692/5563 1194/4280 4702/1835
f 4698/1836 4702/1835 1194/4280
f 4710/1840 4707/5564 4708/1842
f 309/4309 4708/1842 4707/5564
f 4716/1844 4705/5565 4713/1846
f 1198/4283 4713/1846 4705/5565
f 4724/1848 4721/5566 4722/1850
f 84/5567 4722/1850 4721/5566
f 4730/1852 4719/5568 4727/1854
f 1202/4287 4727/1854 4719/5568
f 4737/1857 4726/5569 4735/1855
f 310/5570 4735/1855 4726/5569
f 4732/5571 1206/4291 4744/1859
f 4740/1860 4744/1859 1206/4291
f 4749/1864 4712/5572 4733/1866
f 312/4289 4733/1866 4712/5572
f 4754/1868 4746/5573 4751/1870
f 1208/4295 4751/1870 4746/5573
f 299/4246 4758/1871 4594/5574
f 4760/1873 4594/5574 4758/1871
f 4766/1876 4756/5575 4763/1878
f 1211/4299 4763/1878 4756/5575
f 4772/1880 4583/5576 4770/1882
f 75/5577 4770/1882 4583/5576
f 4778/1884 4768/5578 4775/1886
f 1214/4303 4775/1886 4768/5578
f 4785/1888 4774/5579 4783/1890
f 313/5580 4783/1890 4774/5579
f 4790/1892 4780/5581 4787/1894
f 1217/4307 4787/1894 4780/5581
f 4795/1896 4762/5582 4781/1898
f 314/4305 4781/1898 4762/5582
f 4798/1900 4792/5583 4796/1902
f 1218/4311 4796/1902 4792/5583
f 4697/5584 306/4278 4805/1903
f 4803/1904 4805/1903 306/4278
f 4800/5585 1222/4316 4812/1907
f 4808/1908 4812/1907 1222/4316
f 4818/1911 4685/5586 4816/1912
f 83/4297 4816/1912 4685/5586
f 4814/5587 1225/4320 4824/1915
f 4821/1916 4824/1915 1225/4320
f 4831/1920 4820/5588 4829/1922
f 315/4334 4829/1922 4820/5588
f 4826/5589 1228/4323 4836/1923
f 4833/1924 4836/1923 1228/4323
f 4807/5590 317/4322 4842/1925
f 4827/1926 4842/1925 317/4322
f 4838/5591 1230/4328 4846/1929
f 4843/1930 4846/1929 1230/4328
f 4750/5592 311/4294 4852/1931
f 4850/1932 4852/1931 311/4294
f 4848/5593 1233/4332 4858/1935
f 4855/1936 4858/1935 1233/4332
f 4739/5594 76/5595 4864/1939
f 4862/1940 4864/1939 76/5595
f 4860/5596 1236/4336 4870/1943
f 4867/1944 4870/1943 1236/4336
f 4866/5597 318/4350 4877/1947
f 4875/1948 4877/1947 318/4350
f 4872/5598 1239/4340 4882/1951
f 4879/1952 4882/1951 1239/4340
f 4854/5599 319/4338 4887/1953
f 4873/1954 4887/1953 319/4338
f 4884/5600 1240/4344 4890/1957
f 4888/1958 4890/1957 1240/4344
f 4894/1961 4896/1962 310/5570
f 4735/1855 310/5570 4896/1962
f 4892/5601 1243/4347 4902/1963
f 4899/1964 4902/1963 1243/4347
f 4722/1850 84/5567 4908/1967
f 4906/1968 4908/1967 84/5567
f 4904/5602 1246/4352 4914/1971
f 4911/1972 4914/1971 1246/4352
f 4910/5603 320/4366 4921/1975
f 4919/1976 4921/1975 320/4366
f 4923/1979 4926/1980 1249/4356
f 4916/5604 1249/4356 4926/1980
f 4917/1983 4931/1984 321/4353
f 4898/5605 321/4353 4931/1984
f 4928/5606 1250/4360 4934/1985
f 4932/1986 4934/1985 1250/4360
f 4783/1890 313/5580 4940/1989
f 4938/1987 4940/1989 313/5580
f 4936/5607 1253/4364 4946/1993
f 4943/1991 4946/1993 1253/4364
f 4951/1996 4770/1882 4582/1995
f 75/5577 4582/1995 4770/1882
f 4956/1999 4948/5608 4953/2001
f 1255/4367 4953/2001 4948/5608
f 298/5543 4569/2002 4952/5609
f 4962/2003 4952/5609 4569/2002
f 4966/2006 4958/5610 4963/2005
f 1257/4372 4963/2005 4958/5610
f 322/4369 4959/2007 4942/5611
f 4971/2009 4942/5611 4959/2007
f 1258/4376 4972/2011 4968/5612
f 4974/2012 4968/5612 4972/2011
f 4980/5613 323/5614 4983/2013
f 4981/2014 4983/2013 323/5614
f 1263/4379 4986/2017 4977/5615
f 4990/2019 4977/5615 4986/2017
f 4995/5616 86/5617 4998/2021
f 4996/2022 4998/2021 86/5617
f 4993/5618 1267/4384 5004/2025
f 5001/2026 5004/2025 1267/4384
f 5000/5619 324/4430 5011/2029
f 5009/2030 5011/2029 324/4430
f 5006/5620 1271/4388 5018/2033
f 5014/2034 5018/2033 1271/4388
f 5024/2039 4985/5621 5007/2037
f 327/4386 5007/2037 4985/5621
f 1274/4392 5026/2041 5020/5622
f 5030/2043 5020/5622 5026/2041
f 325/4389 5035/2045 5025/5623
f 5037/2047 5025/5623 5035/2045
f 1278/4396 5040/2050 5032/5624
f 5044/2049 5032/5624 5040/2050
f 5013/5625 89/4442 5050/2053
f 5048/2054 5050/2053 89/4442
f 5046/5626 1281/4400 5056/2057
f 5053/2058 5056/2057 1281/4400
f 328/4414 5061/2061 5052/5627
f 5063/2063 5052/5627 5061/2061
f 5058/5628 1285/4404 5070/2065
f 5066/2066 5070/2065 1285/4404
f 5039/5629 331/4402 5076/2069
f 5059/2070 5076/2069 331/4402
f 5072/5630 1288/4408 5082/2073
f 5078/2074 5082/2073 1288/4408
f 5087/5631 332/4438 5090/2077
f 5088/2078 5090/2077 332/4438
f 1292/4412 5093/2081 5085/5632
f 5096/2083 5085/5632 5093/2081
f 5101/5633 88/4635 5104/2086
f 5102/2088 5104/2086 88/4635
f 1296/4415 5107/2089 5099/5634
f 5110/2091 5099/5634 5107/2089
f 333/4638 5115/2096 5106/5635
f 5117/2094 5106/5635 5115/2096
f 1300/4420 5120/2100 5112/5636
f 5124/2098 5112/5636 5120/2100
f 335/4418 5113/2101 5092/5637
f 5129/2103 5092/5637 5113/2101
f 1302/4424 5131/2105 5126/5638
f 5134/2107 5126/5638 5131/2105
f 5139/5639 336/5640 5142/2109
f 5140/2110 5142/2109 336/5640
f 5137/5641 1306/4428 5148/2113
f 5145/2114 5148/2113 1306/4428
f 5153/5642 78/4618 5156/2117
f 5154/2118 5156/2117 78/4618
f 5151/5643 1310/4432 5162/2121
f 5159/2122 5162/2121 1310/4432
f 5158/5644 337/4623 5169/2125
f 5167/2126 5169/2125 337/4623
f 5164/5645 1313/4436 5174/2129
f 5171/2130 5174/2129 1313/4436
f 5144/5646 338/4434 5179/2133
f 5165/2134 5179/2133 338/4434
f 5176/5647 1314/4440 5182/2137
f 5180/2138 5182/2137 1314/4440
f 5077/5648 329/4406 5189/2141
f 5187/2142 5189/2141 329/4406
f 5184/5649 1318/4444 5196/2145
f 5192/2146 5196/2145 1318/4444
f 5065/5650 87/4426 5202/2149
f 5200/2150 5202/2149 87/4426
f 5198/5651 1321/4448 5208/2153
f 5205/2154 5208/2153 1321/4448
f 5204/5652 339/4461 5215/2157
f 5213/2158 5215/2157 339/4461
f 5210/5653 1324/4452 5220/2161
f 5217/2162 5220/2161 1324/4452
f 5191/5654 341/4450 5226/2163
f 5211/2164 5226/2163 341/4450
f 5222/5655 1326/4456 5230/2167
f 5227/2168 5230/2167 1326/4456
f 5236/2170 5130/5656 5234/2172
f 334/4422 5234/2172 5130/5656
f 5242/2174 5232/5657 5239/2176
f 1329/4459 5239/2176 5232/5657
f 5248/2178 5119/5658 5246/2180
f 77/4650 5246/2180 5119/5658
f 5254/2182 5244/5659 5251/2184
f 1332/4463 5251/2184 5244/5659
f 5250/5660 342/4655 5261/2185
f 5259/2186 5261/2185 342/4655
f 5256/5661 1335/4468 5266/2189
f 5263/2190 5266/2189 1335/4468
f 5271/2192 5238/5662 5257/2194
f 343/4465 5257/2194 5238/5662
f 5274/2195 5268/5663 5272/2196
f 1336/4471 5272/2196 5268/5663
f 5280/2198 5282/2197 344/4481
f 5279/4544 344/4481 5282/2197
f 5277/5664 1340/4476 5288/2204
f 5285/2203 5288/2204 1340/4476
f 345/4485 5295/2205 5294/4496
f 5297/2207 5294/4496 5295/2205
f 1344/4479 5299/2209 5291/5665
f 5302/2210 5291/5665 5299/2209
f 5308/5666 346/4489 5311/2211
f 5309/2212 5311/2211 346/4489
f 5305/5667 1348/4483 5316/2215
f 5313/2216 5316/2215 1348/4483
f 316/4493 5321/2217 4811/5668
f 5323/2219 4811/5668 5321/2217
f 1351/4487 5325/2221 5318/5669
f 5328/2222 5318/5669 5325/2221
f 2613/3622 171/3623 5333/2223
f 5287/2202 5333/2223 171/3623
f 5330/5670 1352/4491 5336/2225
f 5334/2226 5336/2225 1352/4491
f 5341/4559 348/4560 5344/2227
f 5342/2228 5344/2227 348/4560
f 5339/5671 1356/4495 5350/2231
f 5347/2232 5350/2231 1356/4495
f 5355/4571 90/4572 5358/2235
f 5356/2236 5358/2235 90/4572
f 5353/5672 1360/4498 5364/2239
f 5361/2240 5364/2239 1360/4498
f 5360/5673 349/5674 5371/2243
f 5369/2244 5371/2243 349/5674
f 5366/5675 1364/4502 5378/2247
f 5374/2248 5378/2247 1364/4502
f 5346/5676 351/4500 5383/2251
f 5367/2252 5383/2251 351/4500
f 5380/5677 1366/4506 5388/2255
f 5385/2256 5388/2255 1366/4506
f 349/5674 5392/2259 5369/2244
f 5394/2261 5369/2244 5392/2259
f 1369/4510 5397/2263 5390/5678
f 5400/2265 5390/5678 5397/2263
f 90/4572 5404/2267 5356/2236
f 5406/2269 5356/2236 5404/2267
f 1372/4514 5409/2271 5402/5679
f 5412/2273 5402/5679 5409/2271
f 352/4576 5417/2275 5408/5680
f 5419/2277 5408/5680 5417/2275
f 5414/5681 1376/4518 5426/2279
f 5422/2280 5426/2279 1376/4518
f 354/4516 5415/2283 5396/5682
f 5431/2285 5396/5682 5415/2283
f 1378/4522 5433/2288 5428/5683
f 5436/2287 5428/5683 5433/2288
f 355/4530 5442/2291 5441/4591
f 5444/2293 5441/4591 5442/2291
f 1382/4526 5447/2295 5439/5684
f 5450/2297 5439/5684 5447/2295
f 2813/3682 184/3683 5457/2299
f 5455/2300 5457/2299 184/3683
f 5452/5685 1385/4528 5462/2303
f 5459/2304 5462/2303 1385/4528
f 5467/5686 356/4537 5470/2305
f 5468/2306 5470/2305 356/4537
f 5465/5687 1388/4532 5474/2310
f 5472/2309 5474/2310 1388/4532
f 336/4540 5479/2311 5149/5688
f 5481/2313 5149/5688 5479/2311
f 1391/4535 5483/2315 5476/5689
f 5486/2316 5476/5689 5483/2315
f 5432/5690 353/4520 5491/2318
f 5449/2298 5491/2318 353/4520
f 5488/5691 1392/4538 5494/2319
f 5492/2320 5494/2319 1392/4538
f 2827/3686 189/3687 5500/2321
f 5498/2322 5500/2321 189/3687
f 5506/2326 5496/5692 5503/2328
f 1395/4543 5503/2328 5496/5692
f 2865/3698 39/3699 5512/2329
f 5510/2330 5512/2329 39/3699
f 5508/5693 1398/4546 5518/2333
f 5515/2334 5518/2333 1398/4546
f 5514/5694 358/5073 5525/2339
f 5523/2337 5525/2339 358/5073
f 1402/4550 5528/2341 5520/5695
f 5532/2343 5520/5695 5528/2341
f 5502/5696 360/4548 5537/2345
f 5521/2346 5537/2345 360/4548
f 5534/5697 1404/4554 5542/2349
f 5539/2350 5542/2349 1404/4554
f 359/4552 5546/2353 5538/5698
f 5548/2355 5538/5698 5546/2353
f 1407/4558 5551/2357 5544/5699
f 5554/2359 5544/5699 5551/2357
f 94/5700 5558/2361 5527/5701
f 5560/2363 5527/5701 5558/2361
f 1410/4562 5563/2365 5556/5702
f 5566/2367 5556/5702 5563/2365
f 361/5053 5571/2369 5562/5703
f 5573/2371 5562/5703 5571/2369
f 1414/4566 5576/2373 5568/5704
f 5580/2375 5568/5704 5576/2373
f 363/4564 5569/2377 5550/5705
f 5585/2379 5550/5705 5569/2377
f 1416/4570 5587/2381 5582/5706
f 5590/2383 5582/5706 5587/2381
f 362/4568 5594/2385 5586/5707
f 5596/2387 5586/5707 5594/2385
f 1419/4574 5599/2389 5592/5708
f 5602/2391 5592/5708 5599/2389
f 93/5065 5606/2393 5575/5709
f 5608/2395 5575/5709 5606/2393
f 1422/4578 5611/2397 5604/5710
f 5614/2399 5604/5710 5611/2397
f 364/5711 5619/2401 5610/5712
f 5621/2403 5610/5712 5619/2401
f 1426/4582 5624/2405 5616/5713
f 5628/2407 5616/5713 5624/2405
f 366/4580 5617/2409 5598/5714
f 5633/2411 5598/5714 5617/2409
f 1428/4586 5635/2414 5630/5715
f 5638/2413 5630/5715 5635/2414
f 5634/5716 365/4584 5644/2417
f 5642/2418 5644/2417 365/4584
f 5640/5717 1431/4590 5650/2421
f 5647/2422 5650/2421 1431/4590
f 95/5718 5654/2425 5623/5719
f 5656/2427 5623/5719 5654/2425
f 5652/5720 1434/4593 5662/2429
f 5659/2430 5662/2429 1434/4593
f 367/5027 5667/2433 5658/5721
f 5669/2435 5658/5721 5667/2433
f 5664/5722 1437/4596 5674/2437
f 5671/2438 5674/2437 1437/4596
f 5646/5723 368/4595 5679/2439
f 5665/2440 5679/2439 368/4595
f 5676/5724 1438/4601 5682/2443
f 5680/2444 5682/2443 1438/4601
f 5688/2446 3023/3750 5686/2448
f 202/3751 5686/2448 3023/3750
f 5694/2450 5684/5725 5691/2452
f 1441/4604 5691/2452 5684/5725
f 5700/2454 3061/3762 5698/2456
f 45/3763 5698/2456 3061/3762
f 5706/2458 5696/5726 5703/2460
f 1444/4608 5703/2460 5696/5726
f 369/4671 5711/2461 5702/5727
f 5713/2463 5702/5727 5711/2461
f 1448/4613 5716/2465 5708/5728
f 5720/2467 5708/5728 5716/2465
f 5725/2471 5690/5729 5709/2469
f 371/4610 5709/2469 5690/5729
f 5730/2474 5722/5730 5727/2476
f 1450/4617 5727/2476 5722/5730
f 5734/2479 5736/2480 370/4615
f 5726/5731 370/4615 5736/2480
f 5732/5732 1453/4621 5742/2481
f 5739/2482 5742/2481 1453/4621
f 97/4682 5746/2485 5715/5733
f 5748/2487 5715/5733 5746/2485
f 5751/2491 5754/2492 1456/4625
f 5744/5734 1456/4625 5754/2492
f 5759/2494 5761/2493 372/4812
f 5750/5735 372/4812 5761/2493
f 5756/5736 1460/4628 5768/2497
f 5764/2498 5768/2497 1460/4628
f 5738/5737 374/4627 5773/2501
f 5757/2502 5773/2501 374/4627
f 5770/5738 1462/4633 5778/2505
f 5775/2506 5778/2505 1462/4633
f 5774/5739 373/4631 5784/2510
f 5782/2512 5784/2510 373/4631
f 5790/2514 5780/5740 5787/2516
f 1465/4636 5787/2516 5780/5740
f 5763/5741 98/4824 5796/2517
f 5794/2518 5796/2517 98/4824
f 5792/5742 1468/4641 5802/2521
f 5799/2522 5802/2521 1468/4641
f 5798/5743 375/4703 5809/2525
f 5807/2526 5809/2525 375/4703
f 5812/2530 5816/2529 1472/4645
f 5804/5744 1472/4645 5816/2529
f 5821/2534 5786/5745 5805/2536
f 377/4642 5805/2536 5786/5745
f 5826/2538 5818/5746 5823/2540
f 1474/4648 5823/2540 5818/5746
f 5822/5747 376/4647 5832/2541
f 5830/2542 5832/2541 376/4647
f 5828/5748 1477/4653 5838/2545
f 5835/2546 5838/2545 1477/4653
f 5842/2551 5844/2552 96/4715
f 5811/5749 96/4715 5844/2552
f 5840/5750 1480/4656 5850/2553
f 5847/2554 5850/2553 1480/4656
f 5846/5751 378/4718 5857/2557
f 5855/2558 5857/2557 378/4718
f 5852/5752 1483/4661 5862/2561
f 5859/2562 5862/2561 1483/4661
f 5834/5753 379/4659 5867/2563
f 5853/2564 5867/2563 379/4659
f 5864/5754 1484/4665 5870/2567
f 5868/2568 5870/2567 1484/4665
f 215/3814 5874/2569 3219/3815
f 5876/2571 3219/3815 5874/2569
f 1487/4669 5879/2573 5872/5755
f 5882/2575 5872/5755 5879/2573
f 50/3826 5886/2577 3257/3827
f 5888/2579 3257/3827 5886/2577
f 1490/4673 5891/2581 5884/5756
f 5894/2583 5884/5756 5891/2581
f 5901/2586 5890/5757 5899/2588
f 380/4735 5899/2588 5890/5757
f 5908/2590 5896/5758 5904/2592
f 1494/4676 5904/2592 5896/5758
f 5913/2594 5878/5759 5897/2596
f 382/4675 5897/2596 5878/5759
f 5918/2599 5910/5760 5915/2597
f 1496/4680 5915/2597 5910/5760
f 381/4678 5923/2601 5914/5761
f 5925/2603 5914/5761 5923/2601
f 5920/5762 1500/4685 5932/2605
f 5928/2606 5932/2605 1500/4685
f 5938/2610 5903/5763 5936/2612
f 100/4746 5936/2612 5903/5763
f 1503/4688 5941/2614 5934/5764
f 5944/2613 5934/5764 5941/2614
f 5940/5765 383/4750 5951/2617
f 5949/2618 5951/2617 383/4750
f 5954/2623 5958/2624 1507/4693
f 5946/5766 1507/4693 5958/2624
f 5927/5767 386/4691 5964/2625
f 5947/2626 5964/2625 386/4691
f 1510/4697 5966/2632 5960/5768
f 5970/2630 5960/5768 5966/2632
f 5976/2635 5978/2636 387/4819
f 5975/5769 387/4819 5978/2636
f 5973/5770 1514/4701 5984/2637
f 5981/2638 5984/2637 1514/4701
f 104/5771 5990/2644 5989/5772
f 5992/2642 5989/5772 5990/2644
f 5987/5773 1518/4705 5998/2645
f 5995/2646 5998/2645 1518/4705
f 6005/2650 5994/5774 6003/2652
f 388/5775 6003/2652 5994/5774
f 6008/2654 6012/2653 1522/4709
f 6000/5776 1522/4709 6012/2653
f 5980/5777 390/4706 6017/2657
f 6001/2658 6017/2657 390/4706
f 6014/5778 1524/4713 6022/2661
f 6019/2662 6022/2661 1524/4713
f 6018/5779 389/4711 6028/2665
f 6026/2666 6028/2665 389/4711
f 6024/5780 1527/4717 6034/2672
f 6031/2671 6034/2672 1527/4717
f 6007/5781 99/5782 6040/2673
f 6038/2674 6040/2673 99/5782
f 6036/5783 1530/4721 6046/2677
f 6043/2678 6046/2677 1530/4721
f 6042/5784 391/4828 6053/2681
f 6051/2682 6053/2681 391/4828
f 6055/2685 6058/2686 1533/4724
f 6048/5785 1533/4724 6058/2686
f 6030/5786 392/4723 6063/2690
f 6049/2689 6063/2690 392/4723
f 6060/5787 1534/4728 6066/2691
f 6064/2692 6066/2691 1534/4728
f 229/3876 6070/2693 3419/3877
f 6072/2695 3419/3877 6070/2693
f 1537/4733 6075/2697 6068/5788
f 6078/2699 6068/5788 6075/2697
f 55/3888 6082/2704 3457/3889
f 6084/2702 3457/3889 6082/2704
f 6090/2706 6080/5789 6087/2708
f 1540/4737 6087/2708 6080/5789
f 6097/2710 6086/5790 6095/2712
f 393/4782 6095/2712 6086/5790
f 6104/2714 6092/5791 6100/2716
f 1544/4740 6100/2716 6092/5791
f 6109/2718 6074/5792 6093/2720
f 395/4738 6093/2720 6074/5792
f 6114/2722 6106/5793 6111/2724
f 1546/4744 6111/2724 6106/5793
f 6120/2727 6110/5794 6118/2725
f 394/4742 6118/2725 6110/5794
f 6126/2730 6116/5795 6123/2732
f 1549/4748 6123/2732 6116/5795
f 102/4795 6130/2733 6099/5796
f 6132/2735 6099/5796 6130/2733
f 1552/4753 6135/2737 6128/5797
f 6138/2739 6128/5797 6135/2737
f 396/4791 6143/2743 6134/5798
f 6145/2744 6134/5798 6143/2743
f 6140/5799 1556/4756 6152/2745
f 6148/2746 6152/2745 1556/4756
f 6157/2749 6122/5800 6141/2750
f 398/4755 6141/2750 6122/5800
f 6154/5801 1558/4761 6162/2753
f 6159/2754 6162/2753 1558/4761
f 6158/5802 397/4759 6169/2757
f 6167/2758 6169/2757 397/4759
f 6164/5803 1562/4765 6176/2761
f 6172/2762 6176/2761 1562/4765
f 6180/2767 6182/2768 103/5804
f 6147/5805 103/5804 6182/2768
f 6185/2771 6188/2772 1565/4768
f 6178/5806 1565/4768 6188/2772
f 6193/2774 6195/2773 399/5807
f 6184/5808 399/5807 6195/2773
f 6190/5809 1568/4773 6200/2778
f 6197/2777 6200/2778 1568/4773
f 6171/5810 401/4771 6206/2779
f 6191/2780 6206/2779 401/4771
f 6202/5811 1570/4777 6210/2784
f 6207/2783 6210/2784 1570/4777
f 239/3925 6214/2785 3575/3924
f 6216/2787 3575/3924 6214/2785
f 1573/4781 6219/2792 6212/5812
f 6222/2790 6212/5812 6219/2792
f 3605/3935 53/3936 6227/2793
f 6196/2794 6227/2793 53/3936
f 6224/5813 1575/4785 6232/2796
f 6229/2797 6232/2796 1575/4785
f 6228/5814 399/5807 6238/2800
f 6183/2801 6238/2800 399/5807
f 6234/5815 1577/4789 6242/2803
f 6239/2804 6242/2803 1577/4789
f 402/4787 6235/2805 6218/5816
f 6247/2807 6218/5816 6235/2805
f 1578/4793 6248/2810 6244/5817
f 6250/2809 6244/5817 6248/2810
f 243/3939 6254/2811 3619/3940
f 6256/2813 3619/3940 6254/2811
f 6252/5818 1581/4797 6262/2815
f 6259/2816 6262/2815 1581/4797
f 57/3952 6266/2819 3657/3951
f 6268/2821 3657/3951 6266/2819
f 1584/4800 6271/2823 6264/5819
f 6274/2825 6264/5819 6271/2823
f 403/4844 6279/2827 6270/5820
f 6281/2829 6270/5820 6279/2827
f 1587/4804 6283/2831 6276/5821
f 6286/2832 6276/5821 6283/2831
f 404/4802 6277/2834 6258/5822
f 6291/2836 6258/5822 6277/2834
f 6288/5823 1588/4807 6294/2838
f 6292/2839 6294/2838 1588/4807
f 5931/4686 385/4687 6300/2841
f 6298/2842 6300/2841 385/4687
f 6296/5824 1591/4810 6306/2845
f 6303/2846 6306/2845 1591/4810
f 6310/2851 6312/2852 105/4698
f 5969/4699 105/4698 6312/2852
f 6315/2855 6318/2856 1594/4813
f 6308/5825 1594/4813 6318/2856
f 6323/2859 6325/2860 405/4852
f 6314/5826 405/4852 6325/2860
f 6327/2863 6330/2864 1597/4817
f 6320/5827 1597/4817 6330/2864
f 6321/2867 6335/2868 406/4815
f 6302/5828 406/4815 6335/2868
f 6332/5829 1598/4821 6338/2869
f 6336/2870 6338/2869 1598/4821
f 6003/2652 388/5775 6344/2873
f 6342/2874 6344/2873 388/5775
f 6340/5830 1601/4826 6350/2877
f 6347/2878 6350/2877 1601/4826
f 6354/2883 6356/2884 104/5771
f 5990/2644 104/5771 6356/2884
f 6352/5831 1604/4830 6362/2885
f 6359/2886 6362/2885 1604/4830
f 6358/5832 407/5833 6369/2889
f 6367/2890 6369/2889 407/5833
f 6364/5834 1607/4834 6374/2894
f 6371/2893 6374/2894 1607/4834
f 6346/5835 408/4832 6379/2895
f 6365/2896 6379/2895 408/4832
f 6380/2899 6382/2900 1608/4838
f 6376/5836 1608/4838 6382/2900
f 3759/3981 249/3982 6388/2901
f 6386/2902 6388/2901 249/3982
f 1611/4842 6391/2905 6384/5837
f 6394/2907 6384/5837 6391/2905
f 3789/3992 60/3993 6399/2909
f 6370/2910 6399/2909 60/3993
f 6396/5838 1613/4846 6404/2912
f 6401/2913 6404/2912 1613/4846
f 6400/5839 407/5833 6410/2916
f 6357/2917 6410/2916 407/5833
f 1615/4850 6411/2919 6406/5840
f 6414/2920 6406/5840 6411/2919
f 409/4848 6407/2921 6390/5841
f 6419/2923 6390/5841 6407/2921
f 1616/4854 6420/2925 6416/5842
f 6422/2926 6416/5842 6420/2925
f 410/4863 6429/2927 6428/4883
f 6431/2929 6428/4883 6429/2927
f 1621/4857 6434/2934 6425/5843
f 6438/2932 6425/5843 6434/2934
f 6444/5844 411/4866 6447/2935
f 6445/2936 6447/2935 411/4866
f 6441/5845 1625/4861 6452/2939
f 6449/2940 6452/2939 1625/4861
f 6458/4898 412/4859 6460/2941
f 6436/2931 6460/2941 412/4859
f 1628/4865 6461/2943 6455/5846
f 6464/2944 6455/5846 6461/2943
f 340/5847 6469/2945 5195/5848
f 6471/2947 5195/5848 6469/2945
f 1632/4868 6474/2949 6466/5849
f 6478/2951 6466/5849 6474/2949
f 9/5850 3883/2953 5229/5851
f 6483/2955 5229/5851 3883/2953
f 1634/4871 6485/2957 6480/5852
f 6488/2959 6480/5852 6485/2957
f 257/5853 3872/2964 6484/5854
f 6494/2962 6484/5854 3872/2964
f 1637/4875 6496/2965 6490/5855
f 6500/2967 6490/5855 6496/2965
f 416/4873 6491/2969 6473/5856
f 6506/2971 6473/5856 6491/2969
f 1640/4879 6508/2973 6502/5857
f 6512/2975 6502/5857 6508/2973
f 414/4877 6516/2977 6507/5858
f 6518/2979 6507/5858 6516/2977
f 6514/5859 1643/4882 6524/2984
f 6521/2983 6524/2984 1643/4882
f 6529/2986 6495/5860 3927/2988
f 11/5861 3927/2988 6495/5860
f 1645/4885 6531/2989 6526/5862
f 6534/2991 6526/5862 6531/2989
f 259/5863 3916/2993 6530/5864
f 6540/2995 6530/5864 3916/2993
f 1647/4889 6541/2997 6536/5865
f 6544/2999 6536/5865 6541/2997
f 417/4887 6537/3001 6520/5866
f 6549/3003 6520/5866 6537/3001
f 6550/3006 6552/3005 1648/4893
f 6546/5867 1648/4893 6552/3005
f 6558/3011 6560/3012 418/4997
f 6557/5868 418/4997 6560/3012
f 6563/3016 6566/3014 1652/4896
f 6555/5869 1652/4896 6566/3014
f 6571/5870 109/5871 6574/3020
f 6572/3019 6574/3020 109/5871
f 6569/5872 1656/4900 6580/3021
f 6577/3022 6580/3021 1656/4900
f 419/5873 6585/3025 6576/5874
f 6587/3027 6576/5874 6585/3025
f 6594/3031 6582/5875 6590/3029
f 1660/4903 6590/3029 6582/5875
f 6599/3034 6562/5876 6583/3036
f 421/4902 6583/3036 6562/5876
f 6604/3038 6596/5877 6601/3040
f 1662/4907 6601/3040 6596/5877
f 419/5873 6609/3044 6585/3025
f 6611/3042 6585/3025 6609/3044
f 6618/3047 6606/5878 6614/3045
f 1666/4910 6614/3045 6606/5878
f 6572/3019 109/5871 6624/3049
f 6622/3050 6624/3049 109/5871
f 6627/3055 6630/3056 1669/4914
f 6620/5879 1669/4914 6630/3056
f 6626/5880 422/5881 6637/3057
f 6635/3058 6637/3057 422/5881
f 1673/4919 6640/3061 6632/5882
f 6644/3063 6632/5882 6640/3061
f 425/4916 6633/3066 6613/5883
f 6650/3065 6613/5883 6633/3066
f 6646/5884 1676/4923 6656/3069
f 6652/3070 6656/3069 1676/4923
f 350/5885 6661/3073 5384/5886
f 6663/3075 5384/5886 6661/3073
f 1680/4927 6666/3077 6658/5887
f 6670/3079 6658/5887 6666/3077
f 73/5888 4978/3081 5373/5889
f 6675/3083 5373/5889 4978/3081
f 1682/4931 6677/3085 6672/5890
f 6680/3087 6672/5890 6677/3085
f 326/5891 5021/3089 6676/5892
f 6686/3091 6676/5892 5021/3089
f 1685/4935 6688/3093 6682/5893
f 6692/3095 6682/5893 6688/3093
f 428/4933 6683/3097 6665/5894
f 6698/3099 6665/5894 6683/3097
f 1688/4939 6700/3101 6694/5895
f 6704/3103 6694/5895 6700/3101
f 5327/5896 346/5897 6710/3105
f 6708/3106 6710/3105 346/5897
f 1691/4942 6713/3109 6706/5898
f 6716/3111 6706/5898 6713/3109
f 5303/5899 79/5900 6721/3115
f 6659/3113 6721/3115 79/5900
f 1693/4947 6723/3117 6718/5901
f 6726/3119 6718/5901 6723/3117
f 427/4929 6695/3123 6722/5902
f 6732/3124 6722/5902 6695/3123
f 6728/5903 1696/4950 6738/3125
f 6734/3126 6738/3125 1696/4950
f 6729/3131 6743/3132 430/4949
f 6712/5904 430/4949 6743/3132
f 6740/5905 1698/4954 6748/3133
f 6745/3134 6748/3133 1698/4954
f 6744/5906 429/4953 6754/3137
f 6752/3138 6754/3137 429/4953
f 6750/5907 1701/4959 6760/3141
f 6757/3142 6760/3141 1701/4959
f 6733/5908 112/4941 6766/3145
f 6764/3146 6766/3145 112/4941
f 6762/5909 1704/4963 6772/3149
f 6769/3150 6772/3149 1704/4963
f 6777/3155 6779/3156 431/4988
f 6768/5910 431/4988 6779/3156
f 6781/3159 6784/3160 1707/4966
f 6774/5911 1707/4966 6784/3160
f 6756/5912 432/4965 6789/3161
f 6775/3162 6789/3161 432/4965
f 6792/3166 6786/5913 6790/3168
f 1708/4970 6790/3168 6786/5913
f 426/4937 6797/3169 6699/5914
f 6799/3171 6699/5914 6797/3169
f 1712/4973 6802/3173 6794/5915
f 6806/3175 6794/5915 6802/3173
f 81/5916 5033/3177 6687/5917
f 6811/3179 6687/5917 5033/3177
f 1714/4977 6813/3181 6808/5918
f 6816/3183 6808/5918 6813/3181
f 6812/5919 330/5920 6822/3185
f 5073/3186 6822/3185 330/5920
f 6818/5921 1716/4981 6826/3189
f 6823/3190 6826/3189 1716/4981
f 434/4979 6819/3195 6801/5922
f 6832/3196 6801/5922 6819/3195
f 1718/4984 6833/3199 6828/5923
f 6836/3200 6828/5923 6833/3199
f 435/5019 6842/3201 6841/5018
f 6844/3203 6841/5018 6842/3201
f 1722/4987 6847/3207 6839/5924
f 6850/3208 6839/5924 6847/3207
f 6855/5925 110/5926 6857/3209
f 6638/3210 6857/3209 110/5926
f 6853/5927 1725/4991 6862/3212
f 6859/3213 6862/3212 1725/4991
f 6858/5928 422/5881 6868/3216
f 6625/3217 6868/3216 422/5881
f 6864/5929 1727/4995 6872/3219
f 6869/3220 6872/3219 1727/4995
f 6846/5930 436/4993 6877/3223
f 6865/3224 6877/3223 436/4993
f 6878/3229 6880/3230 1728/4999
f 6874/5931 1728/4999 6880/3230
f 420/4906 6884/3231 6600/5932
f 6886/3233 6600/5932 6884/3231
f 1731/5003 6889/3235 6882/5933
f 6892/3237 6882/5933 6889/3235
f 6589/5934 108/5935 6897/3242
f 6607/3241 6897/3242 108/5935
f 1733/5005 6899/3243 6894/5936
f 6902/3245 6894/5936 6899/3243
f 424/4913 6647/3247 6898/5937
f 6908/3249 6898/5937 6647/3247
f 1736/5010 6910/3252 6904/5938
f 6914/3251 6904/5938 6910/3252
f 438/5008 6905/3255 6888/5939
f 6919/3257 6888/5939 6905/3255
f 6921/3260 6924/3259 1738/5014
f 6916/5940 1738/5014 6924/3259
f 6920/5941 437/5012 6930/3266
f 6928/3265 6930/3266 437/5012
f 6933/3269 6936/3270 1741/5016
f 6926/5942 1741/5016 6936/3270
f 6940/3271 6942/3273 423/4921
f 6651/5943 423/4921 6942/3273
f 1743/5020 6944/3275 6938/5944
f 6946/3276 6938/5944 6944/3275
f 435/5019 6935/3268 6851/5945
f 6951/3277 6851/5945 6935/3268
f 1744/5023 6952/3280 6948/5946
f 6954/3279 6948/5946 6952/3280
f 440/5031 6960/3281 6959/5037
f 6962/3283 6959/5037 6960/3281
f 1748/5025 6965/3285 6957/5947
f 6968/3287 6957/5947 6965/3285
f 283/4180 6973/3289 4367/4181
f 6975/3291 4367/4181 6973/3289
f 6980/3293 6970/5948 6977/3294
f 1751/5029 6977/3294 6970/5948
f 5667/2433 367/5027 6985/3295
f 6967/3288 6985/3295 367/5027
f 6982/5949 1752/5033 6988/3297
f 6986/3298 6988/3297 1752/5033
f 6992/3300 6994/3299 364/5711
f 5619/2401 364/5711 6994/3299
f 6997/3305 7000/3306 1755/5035
f 6990/5950 1755/5035 7000/3306
f 7004/3309 7006/3310 93/5065
f 5606/2393 93/5065 7006/3310
f 7002/5951 1758/5039 7012/3311
f 7009/3312 7012/3311 1758/5039
f 7008/5952 442/5061 7019/3315
f 7017/3316 7019/3315 442/5061
f 7014/5953 1761/5043 7024/3319
f 7021/3320 7024/3319 1761/5043
f 6996/5954 443/5041 7029/3321
f 7015/3322 7029/3321 443/5041
f 7026/5955 1762/5047 7032/3325
f 7030/3326 7032/3325 1762/5047
f 444/5068 7038/3327 7037/5069
f 7040/3329 7037/5069 7038/3327
f 1766/5051 7043/3331 7035/5956
f 7046/3333 7035/5956 7043/3331
f 70/4208 4462/1689 7051/5957
f 7053/3335 7051/5957 4462/1689
f 1769/5055 7055/3337 7049/5958
f 7058/3339 7049/5958 7055/3337
f 289/4204 4450/1683 7054/5959
f 7064/3341 7054/5959 4450/1683
f 1771/5059 7065/3343 7060/5960
f 7068/3344 7060/5960 7065/3343
f 445/5057 7061/3345 7042/5961
f 7073/3347 7042/5961 7061/3345
f 1772/5063 7074/3349 7070/5962
f 7076/3350 7070/5962 7074/3349
f 358/5073 7080/3351 5523/2337
f 7082/3353 5523/2337 7080/3351
f 7078/5963 1775/5067 7088/3355
f 7085/3356 7088/3355 1775/5067
f 4497/4217 292/4218 7094/3362
f 7092/3361 7094/3362 292/4218
f 7090/5964 1777/5071 7098/3363
f 7096/3364 7098/3363 1777/5071
f 444/5068 7087/3357 7047/5965
f 7103/3365 7047/5965 7087/3357
f 1778/5075 7104/3367 7100/5966
f 7106/3368 7100/5966 7104/3367
f 1783/5967 1780/3369 1781/5079
f 451/3370 1781/5079 1780/3369
f 1788/3375 117/3376 1791/5968
f 1789/5085 1791/5968 117/3376
f 1796/3373 455/3374 1798/5969
f 1797/5082 1798/5969 455/3374
f 1803/3403 114/3404 1806/5970
f 1804/5083 1806/5970 114/3404
f 1809/3377 459/3378 1812/5971
f 1810/5084 1812/5971 459/3378
f 1816/3415 16/3416 1819/5972
f 1817/5089 1819/5972 16/3416
f 1823/3381 462/3382 1826/5973
f 1824/5086 1826/5973 462/3382
f 1821/3379 115/3380 1831/5974
f 1829/5087 1831/5974 115/3380
f 1835/3385 466/3386 1838/5975
f 1836/5088 1838/5975 466/3386
f 1842/3391 121/3392 1845/5976
f 1843/5093 1845/5976 121/3392
f 1849/3389 469/3390 1851/5977
f 1850/5090 1851/5977 469/3390
f 1855/3451 118/3452 1858/5978
f 1856/5091 1858/5978 118/3452
f 1861/3393 473/3394 1864/5979
f 1862/5092 1864/5979 473/3394
f 1868/3463 5/3464 1871/5980
f 1869/318 1871/5980 5/3464
f 1875/3397 476/3398 1878/5981
f 1876/5094 1878/5981 476/3398
f 1873/3395 119/3396 1883/5982
f 1881/311 1883/5982 119/3396
f 1890/5983 1888/3401 1889/5097
f 480/3402 1889/5097 1888/3401
f 1898/5984 1895/3407 1896/5103
f 125/3408 1896/5103 1895/3407
f 1904/5985 1902/3405 1903/5100
f 484/3406 1903/5100 1902/3405
f 1909/3419 123/3420 1912/5986
f 1910/5101 1912/5986 123/3420
f 1918/5987 1915/3409 1916/5102
f 488/3410 1916/5102 1915/3409
f 1922/3431 21/3432 1925/5988
f 1923/5125 1925/5988 21/3432
f 1929/3413 490/3414 1931/5989
f 1930/5104 1931/5989 490/3414
f 1927/3411 124/3412 1936/5990
f 1934/5123 1936/5990 124/3412
f 1940/3417 494/3418 1942/5991
f 1941/5107 1942/5991 494/3418
f 1947/3423 129/3424 1950/5992
f 1948/5113 1950/5992 129/3424
f 1956/5993 1954/3421 1955/5110
f 498/3422 1955/5110 1954/3421
f 1964/5994 1961/3467 1962/5111
f 127/3468 1962/5111 1961/3467
f 1967/3425 502/3426 1970/5995
f 1968/5112 1970/5995 502/3426
f 1974/3479 19/3480 1977/5996
f 1975/5117 1977/5996 19/3480
f 1981/3429 504/3430 1983/5997
f 1982/5114 1983/5997 504/3430
f 1979/3427 128/3428 1988/5998
f 1986/5115 1988/5998 128/3428
f 1991/3433 508/3434 1994/5999
f 1992/5116 1994/5999 508/3434
f 1998/3439 133/3440 2001/6000
f 1999/5121 2001/6000 133/3440
f 2005/3437 511/3438 2007/6001
f 2006/5118 2007/6001 511/3438
f 2014/6002 2011/3483 2012/5119
f 130/3484 2012/5119 2011/3483
f 2017/3441 515/3442 2020/6003
f 2018/5120 2020/6003 515/3442
f 2027/6004 2024/3495 2025/6005
f 6/3496 2025/6005 2024/3495
f 2031/3445 518/3446 2034/6006
f 2032/5122 2034/6006 518/3446
f 2029/3443 131/3444 2039/6007
f 2037/6008 2039/6007 131/3444
f 2043/3449 521/3450 2045/6009
f 2044/5124 2045/6009 521/3450
f 2049/3455 135/3456 2052/6010
f 2050/5129 2052/6010 135/3456
f 2055/3453 523/3454 2057/6011
f 2056/5126 2057/6011 523/3454
f 2003/3435 132/3436 2062/6012
f 2060/5127 2062/6012 132/3436
f 2065/3457 526/3458 2068/6013
f 2066/5128 2068/6013 526/3458
f 2041/3447 20/3448 2073/6014
f 2071/6015 2073/6014 20/3448
f 2077/3461 528/3462 2079/6016
f 2078/5130 2079/6016 528/3462
f 2075/3459 134/3460 2084/6017
f 2082/6018 2084/6017 134/3460
f 2090/6019 2088/3465 2089/5133
f 532/3466 2089/5133 2088/3465
f 2098/6020 2095/3471 2096/5138
f 139/3472 2096/5138 2095/3471
f 2104/6021 2102/3469 2103/5135
f 536/3470 2103/5135 2102/3469
f 2112/6022 2109/6023 2110/5136
f 137/4326 2110/5136 2109/6023
f 2118/6024 2115/3473 2116/5137
f 540/3474 2116/5137 2115/3473
f 2125/6025 2122/6026 2123/5142
f 23/4346 2123/5142 2122/6026
f 2131/6027 2129/3477 2130/5139
f 542/3478 2130/5139 2129/3477
f 2127/3475 138/3476 2136/6028
f 2134/5140 2136/6028 138/3476
f 2141/6029 2139/3481 2140/5141
f 545/3482 2140/5141 2139/3481
f 2148/6030 2145/3487 2146/5146
f 142/3488 2146/5146 2145/3487
f 2153/6031 2151/3485 2152/5143
f 548/3486 2152/5143 2151/3485
f 2160/6032 2157/6033 2158/5144
f 140/4342 2158/5144 2157/6033
f 2166/6034 2163/3489 2164/5145
f 552/3490 2164/5145 2163/3489
f 2173/6035 2170/6036 2171/5150
f 22/4362 2171/5150 2170/6036
f 2179/6037 2177/3493 2178/5147
f 554/3494 2178/5147 2177/3493
f 2184/6038 2175/3491 2182/5148
f 141/3492 2182/5148 2175/3491
f 557/3498 2188/5149 2187/3497
f 2189/6039 2187/3497 2188/5149
f 145/3501 2194/5154 2193/3502
f 2196/6040 2193/3502 2194/5154
f 2201/6041 2199/3499 2200/5151
f 560/3500 2200/5151 2199/3499
f 143/4357 2206/5152 2205/6042
f 2208/6043 2205/6042 2206/5152
f 564/3503 2212/5153 2211/3504
f 2214/6044 2211/3504 2212/5153
f 2219/5158 2221/6045 24/4378
f 2218/6046 24/4378 2221/6045
f 2227/6047 2225/3507 2226/5155
f 566/3508 2226/5155 2225/3507
f 2232/6048 2223/3505 2230/5156
f 144/3506 2230/5156 2223/3505
f 2237/6049 2235/3509 2236/5157
f 569/3510 2236/5157 2235/3509
f 2242/5162 2244/6050 147/3513
f 2241/3514 147/3513 2244/6050
f 2248/5159 2249/6051 572/3511
f 2247/3512 572/3511 2249/6051
f 2253/6052 146/4373 2256/6053
f 2254/5160 2256/6053 146/4373
f 2259/3515 575/3516 2262/6054
f 2260/5161 2262/6054 575/3516
f 1884/64 2268/6055 17/3400
f 2266/6056 17/3400 2268/6055
f 2271/3518 576/3519 2273/6057
f 2272/5163 2273/6057 576/3519
f 2269/3517 119/3396 2277/6058
f 1872/56 2277/6058 119/3396
f 2280/3520 581/3521 2283/6059
f 2281/5166 2283/6059 581/3521
f 2288/3526 152/3527 2291/6060
f 2289/5172 2291/6060 152/3527
f 2296/3524 585/3525 2298/6061
f 2297/5169 2298/6061 585/3525
f 2303/3538 149/3539 2306/6062
f 2304/5170 2306/6062 149/3539
f 2312/6063 2309/3528 2310/5171
f 589/3529 2310/5171 2309/3528
f 2319/6064 2316/3550 2317/5194
f 29/3551 2317/5194 2316/3550
f 2326/6065 2323/3532 2324/5173
f 592/3533 2324/5173 2323/3532
f 2331/6066 2321/3530 2329/5192
f 150/3531 2329/5192 2321/3530
f 2336/3536 596/3537 2338/6067
f 2337/5176 2338/6067 596/3537
f 2346/6068 2343/3542 2344/5182
f 156/3543 2344/5182 2343/3542
f 2352/6069 2350/3540 2351/5179
f 600/3541 2351/5179 2350/3540
f 2360/6070 2357/3586 2358/5180
f 154/3587 2358/5180 2357/3586
f 2366/6071 2363/3544 2364/5181
f 604/3545 2364/5181 2363/3544
f 2370/3598 27/3599 2373/6072
f 2371/5186 2373/6072 27/3599
f 2379/6073 2377/3548 2378/5183
f 606/3549 2378/5183 2377/3548
f 2375/3546 155/3547 2384/6074
f 2382/5184 2384/6074 155/3547
f 2390/6075 2387/3552 2388/5185
f 610/3553 2388/5185 2387/3552
f 2394/3558 160/3559 2397/6076
f 2395/5190 2397/6076 160/3559
f 2401/3556 613/3557 2403/6077
f 2402/5187 2403/6077 613/3557
f 2407/3602 157/3603 2410/6078
f 2408/5188 2410/6078 157/3603
f 2413/3560 617/3561 2416/6079
f 2414/5189 2416/6079 617/3561
f 2420/3614 7/3615 2423/6080
f 2421/5302 2423/6080 7/3615
f 2427/3564 620/3565 2430/6081
f 2428/5191 2430/6081 620/3565
f 2425/3562 158/3563 2435/6082
f 2433/5300 2435/6082 158/3563
f 2442/6083 2439/3568 2440/5193
f 624/3569 2440/5193 2439/3568
f 2449/6084 2446/3574 2447/5198
f 163/3575 2447/5198 2446/3574
f 2455/6085 2453/3572 2454/5195
f 626/3573 2454/5195 2453/3572
f 2460/6086 2399/3554 2458/5196
f 159/3555 2458/5196 2399/3554
f 2466/6087 2463/3576 2464/5197
f 629/3577 2464/5197 2463/3576
f 2471/6088 2437/3566 2469/5294
f 28/3567 2469/5294 2437/3566
f 2478/6089 2475/3580 2476/5199
f 632/3581 2476/5199 2475/3580
f 2483/6090 2473/3578 2481/5292
f 161/3579 2481/5292 2473/3578
f 2490/6091 2488/3584 2489/5202
f 636/3585 2489/5202 2488/3584
f 2498/6092 2495/3590 2496/5207
f 167/3591 2496/5207 2495/3590
f 2504/6093 2502/3588 2503/5204
f 640/3589 2503/5204 2502/3588
f 2512/6094 2509/6095 2510/5205
f 165/4454 2510/5205 2509/6095
f 2518/6096 2515/3592 2516/5206
f 644/3593 2516/5206 2515/3592
f 2525/6097 2522/6098 2523/5211
f 31/4474 2523/5211 2522/6098
f 2531/6099 2529/3596 2530/5208
f 646/3597 2530/5208 2529/3596
f 2536/6100 2527/3594 2534/5209
f 166/3595 2534/5209 2527/3594
f 2539/3600 649/3601 2541/6101
f 2540/5210 2541/6101 649/3601
f 2545/3606 170/3607 2548/6102
f 2546/5215 2548/6102 170/3607
f 2551/3604 652/3605 2553/6103
f 2552/5212 2553/6103 652/3605
f 2560/6104 2557/6105 2558/5213
f 168/4470 2558/5213 2557/6105
f 2566/6106 2563/3608 2564/5214
f 656/3609 2564/5214 2563/3608
f 2573/6107 2570/6108 2571/5310
f 30/4667 2571/5310 2570/6108
f 2577/3612 658/3613 2579/6109
f 2578/5216 2579/6109 658/3613
f 2584/6110 2575/3610 2582/5308
f 169/3611 2582/5308 2575/3610
f 2591/6111 2588/3616 2589/5217
f 663/3617 2589/5217 2588/3616
f 2599/6112 2596/6113 2597/6114
f 175/6115 2597/6114 2596/6113
f 2606/6116 2603/3620 2604/5219
f 666/3621 2604/5219 2603/3620
f 175/6115 2596/6113 2610/6117
f 2612/6118 2610/6117 2596/6113
f 2616/3624 669/3625 2618/6119
f 2617/5221 2618/6119 669/3625
f 2623/6120 175/6115 2625/6121
f 2610/6117 2625/6121 175/6115
f 2631/6122 2628/3628 2629/5223
f 673/3629 2629/5223 2628/3628
f 2638/6123 2636/6124 2623/6120
f 175/6115 2623/6120 2636/6124
f 2642/3632 676/3633 2645/6125
f 2643/5225 2645/6125 676/3633
f 2597/6114 175/6115 2650/6126
f 2636/6124 2650/6126 175/6115
f 2656/6127 2653/3636 2654/5226
f 680/3637 2654/5226 2653/3636
f 2663/6128 2660/3642 2661/5233
f 179/3643 2661/5233 2660/3642
f 2669/6129 2667/3640 2668/5229
f 683/3641 2668/5229 2667/3640
f 2676/6130 2673/6131 2674/5230
f 176/5231 2674/5230 2673/6131
f 2682/6132 2679/3644 2680/5232
f 687/3645 2680/5232 2679/3644
f 2689/6133 2686/6134 2687/6135
f 3/6136 2687/6135 2686/6134
f 2696/6137 2693/3648 2694/5234
f 690/3649 2694/5234 2693/3648
f 2701/6138 2691/3646 2699/6139
f 177/3647 2699/6139 2691/3646
f 2706/5237 2707/6140 693/3652
f 2705/3653 693/3652 2707/6140
f 2712/5243 2714/6141 182/3656
f 2711/3657 182/3656 2714/6141
f 2718/5240 2719/6142 696/3654
f 2717/3655 696/3654 2719/6142
f 2726/6143 2723/3670 2724/5241
f 180/3671 2724/5241 2723/3670
f 2730/5242 2732/6144 700/3659
f 2729/3658 700/3659 2732/6144
f 2739/6145 2736/6146 2737/5269
f 36/5270 2737/5269 2736/6146
f 2743/3663 702/3662 2745/6147
f 2744/5244 2745/6147 702/3662
f 2748/5267 2750/6148 181/3660
f 2741/3661 181/3660 2750/6148
f 2754/5245 2756/6149 706/3664
f 2753/3665 706/3664 2756/6149
f 2761/6150 2763/6151 186/6152
f 2760/6153 186/6152 2763/6151
f 2769/6154 2767/3668 2768/5247
f 708/3669 2768/5247 2767/3668
f 2775/6155 2773/6156 2760/6153
f 186/6152 2760/6153 2773/6156
f 2779/5249 2780/6157 711/3672
f 2778/3673 711/3672 2780/6157
f 2785/6158 186/6152 2787/6159
f 2773/6156 2787/6159 186/6152
f 2793/6160 2790/3676 2791/5250
f 715/3677 2791/5250 2790/3676
f 2800/6161 2798/6162 2785/6158
f 186/6152 2785/6158 2798/6162
f 2807/6163 2804/3680 2805/5252
f 718/3681 2805/5252 2804/3680
f 186/6152 2798/6162 2761/6150
f 2812/6164 2761/6150 2798/6162
f 2815/3684 722/3685 2818/6165
f 2816/5253 2818/6165 722/3685
f 2825/6166 2822/3690 2823/5259
f 190/3691 2823/5259 2822/3690
f 2831/6167 2829/3688 2830/5256
f 725/3689 2830/5256 2829/3688
f 2836/5257 2838/6168 187/3703
f 2835/3702 187/3703 2838/6168
f 2842/5258 2844/6169 729/3692
f 2841/3693 729/3692 2844/6169
f 2848/3714 40/3715 2851/6170
f 2849/6171 2851/6170 40/3715
f 2858/6172 2855/3696 2856/5260
f 732/3697 2856/5260 2855/3696
f 2863/6173 2853/3694 2861/5533
f 188/3695 2861/5533 2853/3694
f 2867/3700 735/3701 2869/6174
f 2868/5261 2869/6174 735/3701
f 2873/3706 193/3707 2876/6175
f 2874/5265 2876/6175 193/3707
f 2879/3704 738/3705 2881/6176
f 2880/5262 2881/6176 738/3705
f 2885/3718 191/3719 2888/6177
f 2886/5263 2888/6177 191/3719
f 2891/3708 742/3709 2894/6178
f 2892/5264 2894/6178 742/3709
f 2899/5525 2901/6179 38/3730
f 2898/3731 38/3730 2901/6179
f 2905/3712 744/3713 2907/6180
f 2906/5266 2907/6180 744/3713
f 2903/3711 192/3710 2912/6181
f 2910/5523 2912/6181 192/3710
f 2915/3716 747/3717 2917/6182
f 2916/5268 2917/6182 747/3717
f 2921/3722 196/3723 2924/6183
f 2922/5274 2924/6183 196/3723
f 2928/5271 2929/6184 750/3720
f 2927/3721 750/3720 2929/6184
f 2936/6185 2933/3734 2934/5272
f 194/3735 2934/5272 2933/3734
f 2939/3724 754/3725 2942/6186
f 2940/5273 2942/6186 754/3725
f 2947/6187 2949/6188 41/3746
f 2946/3747 41/3746 2949/6188
f 2953/3728 756/3729 2955/6189
f 2954/5275 2955/6189 756/3729
f 2958/6190 2960/6191 195/3726
f 2951/3727 195/3726 2960/6191
f 2965/6192 2963/3732 2964/5276
f 759/3733 2964/5276 2963/3732
f 2972/6193 2969/3738 2970/5281
f 199/3739 2970/5281 2969/3738
f 2977/6194 2975/3736 2976/5278
f 762/3737 2976/5278 2975/3736
f 2984/6195 2981/6196 2982/5279
f 197/4599 2982/5279 2981/6196
f 2990/6197 2987/3740 2988/5280
f 766/3741 2988/5280 2987/3740
f 2997/6198 2994/6199 2995/6200
f 42/6201 2995/6200 2994/6199
f 3003/6202 3001/3744 3002/5282
f 768/3745 3002/5282 3001/3744
f 2999/3742 198/3743 3008/6203
f 3006/5511 3008/6203 198/3743
f 3011/3748 772/3749 3014/6204
f 3012/5285 3014/6204 772/3749
f 3018/3754 203/3755 3021/6205
f 3019/5290 3021/6205 203/3755
f 3025/3752 775/3753 3027/6206
f 3026/5287 3027/6206 775/3753
f 3032/5288 3034/6207 200/3766
f 3031/3767 200/3766 3034/6207
f 3038/5289 3040/6208 779/3756
f 3037/3757 779/3756 3040/6208
f 44/3778 3045/5318 3044/3779
f 3047/6209 3044/3779 3045/5318
f 3051/3760 782/3761 3054/6210
f 3052/5291 3054/6210 782/3761
f 3057/5316 3059/6211 201/3758
f 3049/3759 201/3758 3059/6211
f 3065/6212 3063/3764 3064/5293
f 785/3765 3064/5293 3063/3764
f 3072/6213 3069/3770 3070/5298
f 206/3771 3070/5298 3069/3770
f 3077/6214 3075/3768 3076/5295
f 788/3769 3076/5295 3075/3768
f 3084/6215 3081/3782 3082/5296
f 204/3783 3082/5296 3081/3782
f 3090/6216 3087/3772 3088/5297
f 792/3773 3088/5297 3087/3772
f 3097/6217 3094/3794 3095/5327
f 46/3795 3095/5327 3094/3794
f 3102/5299 3103/6218 794/3776
f 3101/3777 794/3776 3103/6218
f 205/3774 3106/5325 3099/3775
f 3108/6219 3099/3775 3106/5325
f 3111/3780 797/3781 3113/6220
f 3112/5301 3113/6220 797/3781
f 3117/3786 209/3787 3120/6221
f 3118/5306 3120/6221 209/3787
f 3123/3784 800/3785 3125/6222
f 3124/5303 3125/6222 800/3785
f 3132/6223 3129/3798 3130/5304
f 207/3799 3130/5304 3129/3798
f 3138/6224 3135/3789 3136/5305
f 804/3788 3136/5305 3135/3789
f 3145/6225 3142/3811 3143/5335
f 43/3810 3143/5335 3142/3811
f 3151/6226 3149/3792 3150/5307
f 806/3793 3150/5307 3149/3792
f 3156/6227 3147/3790 3154/5333
f 208/3791 3154/5333 3147/3790
f 3161/6228 3159/3796 3160/5309
f 809/3797 3160/5309 3159/3796
f 3168/6229 3165/3802 3166/5314
f 212/3803 3166/5314 3165/3802
f 3173/6230 3171/3800 3172/5311
f 812/3801 3172/5311 3171/3800
f 3180/6231 3177/6232 3178/5312
f 210/4663 3178/5312 3177/6232
f 3186/6233 3183/3804 3184/5313
f 816/3805 3184/5313 3183/3804
f 3193/6234 3190/6235 3191/5343
f 47/4731 3191/5343 3190/6235
f 818/3809 3198/5315 3197/3808
f 3199/6236 3197/3808 3198/5315
f 211/3807 3202/5341 3195/3806
f 3204/6237 3195/3806 3202/5341
f 3207/3813 822/3812 3210/6238
f 3208/5317 3210/6238 822/3812
f 3215/5323 3217/6239 216/3819
f 3214/3818 216/3819 3217/6239
f 3221/3816 825/3817 3223/6240
f 3222/5319 3223/6240 825/3817
f 3227/1188 213/5320 3230/6241
f 3228/5321 3230/6241 213/5320
f 3233/3820 829/3821 3236/6242
f 3234/5322 3236/6242 829/3821
f 3240/1183 49/5351 3243/6243
f 3241/5352 3243/6243 49/5351
f 3248/5324 3250/6244 832/3824
f 3247/3825 832/3824 3250/6244
f 3253/5349 3255/6245 214/3823
f 3245/3822 214/3823 3255/6245
f 3262/6246 3259/3828 3260/5326
f 836/3829 3260/5326 3259/3828
f 3269/6247 3266/3834 3267/5331
f 220/3833 3267/5331 3266/3834
f 3275/6248 3273/3831 3274/5328
f 839/3832 3274/5328 3273/3831
f 217/3844 3280/5329 3279/3845
f 3282/6249 3279/3845 3280/5329
f 843/3835 3286/5330 3285/3836
f 3288/6250 3285/3836 3286/5330
f 58/3856 3293/6251 3292/3857
f 3295/6252 3292/3857 3293/6251
f 846/3839 3300/5332 3299/3840
f 3302/6253 3299/3840 3300/5332
f 218/3837 3305/6254 3297/3838
f 3307/6255 3297/3838 3305/6254
f 3313/6256 3311/3842 3312/5334
f 849/3843 3312/5334 3311/3842
f 3320/6257 3317/3848 3318/5339
f 223/3849 3318/5339 3317/3848
f 3325/6258 3323/3846 3324/5336
f 852/3847 3324/5336 3323/3846
f 3332/6259 3329/3860 3330/5337
f 221/3861 3330/5337 3329/3860
f 856/3850 3336/5338 3335/3851
f 3338/6260 3335/3851 3336/5338
f 3345/6261 3342/3872 3343/6262
f 48/3873 3343/6262 3342/3872
f 858/3855 3350/5340 3349/3854
f 3351/6263 3349/3854 3350/5340
f 3347/3852 222/3853 3356/6264
f 3354/6265 3356/6264 222/3853
f 3361/6266 3359/3858 3360/5342
f 861/3859 3360/5342 3359/3858
f 3368/6267 3365/3864 3366/5347
f 226/3865 3366/5347 3365/3864
f 3373/6268 3371/3862 3372/5344
f 864/3863 3372/5344 3371/3862
f 224/4726 3378/5345 3377/6269
f 3380/6270 3377/6269 3378/5345
f 868/3866 3384/5346 3383/3867
f 3386/6271 3383/3867 3384/5346
f 52/4839 3391/5403 3390/6272
f 3393/6273 3390/6272 3391/5403
f 3399/6274 3397/3870 3398/5348
f 870/3871 3398/5348 3397/3870
f 3404/6275 3395/3868 3402/5401
f 225/3869 3402/5401 3395/3868
f 3408/5350 3410/6276 874/3874
f 3407/3875 874/3874 3410/6276
f 3414/3880 230/3881 3417/6277
f 3415/5356 3417/6277 230/3881
f 3421/3878 877/3879 3423/6278
f 3422/5353 3423/6278 877/3879
f 3427/3892 227/3893 3430/6279
f 3428/5354 3430/6279 227/3893
f 3433/3882 881/3883 3436/6280
f 3434/5355 3436/6280 881/3883
f 3441/5379 3443/6281 54/3904
f 3440/3905 54/3904 3443/6281
f 3448/5357 3450/6282 884/3887
f 3447/3886 884/3887 3450/6282
f 3445/3884 228/3885 3455/6283
f 3453/5377 3455/6283 228/3885
f 3460/3890 888/3891 3462/6284
f 3461/5360 3462/6284 888/3891
f 3467/3896 234/3897 3470/6285
f 3468/5366 3470/6285 234/3897
f 3476/6286 3474/3894 3475/5363
f 892/3895 3475/5363 3474/3894
f 3484/6287 3481/3908 3482/5364
f 232/3909 3482/5364 3481/3908
f 3490/6288 3487/3898 3488/5365
f 896/3899 3488/5365 3487/3898
f 56/3920 3495/6289 3494/3921
f 3497/6290 3494/3921 3495/6289
f 3502/5367 3503/6291 898/3902
f 3501/3903 898/3902 3503/6291
f 3506/6292 3508/6293 233/3900
f 3499/3901 233/3900 3508/6293
f 3514/6294 3512/3906 3513/5370
f 902/3907 3513/5370 3512/3906
f 3522/6295 3519/3912 3520/5375
f 238/3913 3520/5375 3519/3912
f 3528/6296 3526/3910 3527/5372
f 906/3911 3527/5372 3526/3910
f 236/4774 3534/5373 3533/6297
f 3536/6298 3533/6297 3534/5373
f 3542/6299 3539/3914 3540/5374
f 910/3915 3540/5374 3539/3914
f 53/3936 3547/1140 3546/6300
f 3549/6301 3546/6300 3547/1140
f 912/3918 3554/5376 3553/3919
f 3555/6302 3553/3919 3554/5376
f 237/3916 3558/1133 3551/3917
f 3560/6303 3551/3917 3558/1133
f 3563/3922 916/3923 3566/6304
f 3564/5378 3566/6304 916/3923
f 3571/5383 3573/6305 240/3928
f 3570/3929 240/3928 3573/6305
f 3578/5380 3579/6306 918/3926
f 3577/3927 918/3926 3579/6306
f 3584/6307 3506/6292 3582/5381
f 233/3900 3582/5381 3506/6292
f 3590/6308 3587/3930 3588/5382
f 920/3931 3588/5382 3587/3930
f 3594/6309 3495/6289 3561/1112
f 56/3920 3561/1112 3495/6289
f 3600/6310 3597/3933 3598/5384
f 922/3934 3598/5384 3597/3933
f 3604/6311 3595/3932 3550/1105
f 237/3916 3550/1105 3595/3932
f 3610/6312 3607/3937 3608/5386
f 926/3938 3608/5386 3607/3937
f 3615/5391 3617/6313 244/3943
f 3614/3944 244/3943 3617/6313
f 3623/6314 3621/3941 3622/5388
f 929/3942 3622/5388 3621/3941
f 3628/5389 3630/6315 241/3955
f 3627/3956 241/3955 3630/6315
f 3634/5390 3636/6316 933/3945
f 3633/3946 933/3945 3636/6316
f 3641/5411 3643/6317 59/3841
f 3640/3966 59/3841 3643/6317
f 3647/3950 936/3949 3650/6318
f 3648/5392 3650/6318 936/3949
f 3653/5409 3655/6319 242/3947
f 3645/3948 242/3947 3655/6319
f 3661/6320 3659/3953 3660/5394
f 939/3954 3660/5394 3659/3953
f 245/3959 3666/5399 3665/3960
f 3668/6321 3665/3960 3666/5399
f 3671/3958 941/3957 3673/6322
f 3672/5396 3673/6322 941/3957
f 3237/907 213/5320 3678/6323
f 3676/5397 3678/6323 213/5320
f 943/3962 3682/5398 3681/3961
f 3684/6324 3681/3961 3682/5398
f 3688/6325 3224/902 3261/6326
f 44/3778 3261/6326 3224/902
f 3691/3964 944/3965 3693/6327
f 3692/5400 3693/6327 944/3965
f 3689/3963 219/3830 3697/6328
f 3301/6329 3697/6328 219/3830
f 3701/6330 3699/3967 3700/5402
f 947/3968 3700/5402 3699/3967
f 3708/6331 3705/3971 3706/5407
f 248/3972 3706/5407 3705/3971
f 3713/6332 3711/3970 3712/5404
f 950/3969 3712/5404 3711/3970
f 246/4835 3718/5405 3717/6333
f 3720/6334 3717/6333 3718/5405
f 3726/6335 3723/3973 3724/5406
f 954/3974 3724/5406 3723/3973
f 3733/6336 3730/6337 3731/1260
f 60/3993 3731/1260 3730/6337
f 3739/6338 3737/3977 3738/5408
f 956/3978 3738/5408 3737/3977
f 247/3976 3742/1253 3735/3975
f 3744/6339 3735/3975 3742/1253
f 3747/3980 960/3979 3750/6340
f 3748/5410 3750/6340 960/3979
f 3757/6341 3754/3986 3755/5415
f 250/3985 3755/5415 3754/3986
f 3762/5412 3763/6342 962/3983
f 3761/3984 962/3983 3763/6342
f 3766/5413 3768/6343 218/3837
f 3305/6254 218/3837 3768/6343
f 3774/6344 3771/3988 3772/5414
f 964/3987 3772/5414 3771/3988
f 3778/6345 3293/6251 3745/1232
f 58/3856 3745/1232 3293/6251
f 3784/6346 3781/3990 3782/5416
f 966/3991 3782/5416 3781/3990
f 3788/6347 3779/3989 3734/1225
f 247/3976 3734/1225 3779/3989
f 3792/3994 971/3995 3795/6348
f 3793/5418 3795/6348 971/3995
f 3800/6349 254/6350 3803/6351
f 3801/6352 3803/6351 254/6350
f 3809/5419 3811/6353 975/3998
f 3808/3999 975/3998 3811/6353
f 3818/6354 3816/6355 3800/6349
f 254/6350 3800/6349 3816/6355
f 3825/6356 3822/4002 3823/5421
f 978/4003 3823/5421 3822/4002
f 3830/6357 3801/6352 3816/6355
f 254/6350 3816/6355 3801/6352
f 3834/4006 982/4007 3836/6358
f 3835/5423 3836/6358 982/4007
f 3841/4012 258/4013 3844/6359
f 3842/5428 3844/6359 258/4013
f 3848/4010 986/4011 3850/6360
f 3849/5425 3850/6360 986/4011
f 3855/4024 256/4025 3858/6361
f 3856/5426 3858/6361 256/4025
f 3861/4014 990/4015 3864/6362
f 3862/5427 3864/6362 990/4015
f 3868/4036 11/4037 3871/6363
f 3869/6364 3871/6363 11/4037
f 3875/4018 992/4019 3877/6365
f 3876/5429 3877/6365 992/4019
f 3873/4016 257/4017 3882/6366
f 3880/6367 3882/6366 257/4017
f 3887/6368 3885/4022 3886/5430
f 995/4023 3886/5430 3885/4022
f 3892/5437 3894/6369 260/4028
f 3891/4029 260/4028 3894/6369
f 3898/5433 3899/6370 997/4026
f 3897/4027 997/4026 3899/6370
f 3904/6371 1795/6372 3902/5434
f 113/5435 3902/5434 1795/6372
f 3908/5436 3910/6373 1000/4030
f 3907/4031 1000/4030 3910/6373
f 3913/6374 3915/6375 10/6376
f 1779/6377 10/6376 3915/6375
f 3919/4035 1002/4034 3921/6378
f 3920/5438 3921/6378 1002/4034
f 3924/6379 3926/6380 259/4032
f 3917/4033 259/4032 3926/6380
f 1006/4038 3930/5439 3929/4039
f 3932/6381 3929/4039 3930/5439
f 3939/6382 3936/4044 3937/5444
f 264/4045 3937/5444 3936/4044
f 3943/4042 1009/4043 3945/6383
f 3944/5441 3945/6383 1009/4043
f 3950/5442 3952/6384 261/4148
f 3949/4147 261/4148 3952/6384
f 3955/4046 1013/4047 3958/6385
f 3956/5443 3958/6385 1013/4047
f 3965/6386 3962/4159 3963/6387
f 63/4160 3963/6387 3962/4159
f 3972/6388 3969/4050 3970/5445
f 1016/4051 3970/5445 3969/4050
f 262/4048 3975/6389 3967/4049
f 3977/6390 3967/4049 3975/6389
f 3982/4054 1020/4055 3984/6391
f 3983/5447 3984/6391 1020/4055
f 3990/5453 3992/6392 268/4058
f 3989/4059 268/4058 3992/6392
f 3997/5450 3998/6393 1024/4057
f 3996/4056 1024/4057 3998/6393
f 4006/6394 4003/4171 4004/5451
f 266/4170 4004/5451 4003/4171
f 4010/5452 4012/6395 1028/4060
f 4009/4061 1028/4060 4012/6395
f 4017/1564 4019/6396 65/4144
f 4016/6397 65/4144 4019/6396
f 1030/4064 4024/5454 4023/4065
f 4025/6398 4023/4065 4024/5454
f 4030/6399 4021/4062 4028/1557
f 267/4063 4028/1557 4021/4062
f 4034/4066 1034/4067 4036/6400
f 4035/5456 4036/6400 1034/4067
f 4041/4072 271/4073 4044/6401
f 4042/5461 4044/6401 271/4073
f 4048/4070 1038/4071 4050/6402
f 4049/5458 4050/6402 1038/4071
f 4055/4116 270/4117 4058/6403
f 4056/5459 4058/6403 270/4117
f 4061/4074 1041/4075 4064/6404
f 4062/5460 4064/6404 1041/4075
f 4068/4128 14/4129 4070/6405
f 2299/6406 4070/6405 14/4129
f 4073/4078 1042/4079 4075/6407
f 4074/5462 4075/6407 1042/4079
f 4071/4076 148/4077 4079/6408
f 2284/6409 4079/6408 148/4077
f 4083/6410 4081/4083 4082/5465
f 1045/4082 4082/5465 4081/4083
f 4088/5471 4090/6411 273/4088
f 4087/4089 273/4088 4090/6411
f 4095/6412 4093/4086 4094/5468
f 1048/4087 4094/5468 4093/4086
f 4102/6413 4099/4100 4100/5469
f 272/4101 4100/5469 4099/4100
f 1051/4091 4106/5470 4105/4090
f 4108/6414 4105/4090 4106/5470
f 4114/6415 4112/4112 4051/5457
f 67/4113 4051/5457 4112/4112
f 4119/6416 4117/4095 4118/5472
f 1052/4094 4118/5472 4117/4095
f 4037/5455 4123/6417 269/4092
f 4115/4093 269/4092 4123/6417
f 4127/6418 4125/4098 4126/5475
f 1055/4099 4126/5475 4125/4098
f 4134/6419 4131/4104 4132/5480
f 275/4105 4132/5480 4131/4104
f 4137/4102 1057/4103 4139/6420
f 4138/5477 4139/6420 1057/4103
f 4144/6421 3831/4004 4142/5478
f 252/4005 4142/5478 3831/4004
f 4150/6422 4147/4107 4148/5479
f 1060/4106 4148/5479 4147/4107
f 62/5493 4153/5494 3807/6423
f 4155/6424 3807/6423 4153/5494
f 4161/6425 4159/4110 4160/5481
f 1062/4111 4160/5481 4159/4110
f 274/4108 4164/5491 4157/4109
f 4166/6426 4157/4109 4164/5491
f 4171/5484 4172/6427 1066/4114
f 4170/4115 1066/4114 4172/6427
f 4177/4120 277/4121 4180/6428
f 4178/5489 4180/6428 277/4121
f 4184/4118 1069/4119 4186/6429
f 4185/5486 4186/6429 1069/4119
f 4192/6430 3847/6431 4190/5487
f 255/5422 4190/5487 3847/6431
f 4198/6432 4195/4122 4196/5488
f 1071/4123 4196/5488 4195/4122
f 4202/6433 3833/6434 2353/6435
f 1/6436 2353/6435 3833/6434
f 4205/4126 1072/4127 4207/6437
f 4206/5490 4207/6437 1072/4127
f 2339/6438 4211/6439 153/4125
f 4203/4124 153/4125 4211/6439
f 4214/5492 4216/6440 1076/4130
f 4213/4131 1076/4130 4216/6440
f 4223/6441 4220/4136 4221/5498
f 279/4137 4221/5498 4220/4136
f 1078/4134 4228/5495 4227/4135
f 4229/6442 4227/4135 4228/5495
f 263/4040 4232/5496 3941/4041
f 4234/6443 3941/4041 4232/5496
f 4240/6444 4237/4138 4238/5497
f 1080/4139 4238/5497 4237/4138
f 4244/6445 3979/4052 4031/1405
f 64/4053 4031/1405 3979/4052
f 4250/6446 4247/4141 4248/5499
f 1082/4142 4248/5499 4247/4141
f 4254/6447 4245/4140 4020/1397
f 267/4063 4020/1397 4245/4140
f 4258/5501 4259/6448 1085/4145
f 4257/4146 1085/4145 4259/6448
f 4263/4151 281/4152 4266/6449
f 4264/5506 4266/6449 281/4152
f 4269/4150 1088/4149 4271/6450
f 4270/5503 4271/6450 1088/4149
f 4278/6451 4275/4163 4276/5504
f 280/4164 4276/5504 4275/4163
f 4281/4153 1091/4154 4284/6452
f 4282/5505 4284/6452 1091/4154
f 4288/6453 66/5449 4290/6454
f 3999/5448 4290/6454 66/5449
f 4293/4157 1092/4158 4295/6455
f 4294/5507 4295/6455 1092/4158
f 4291/4155 265/4156 4299/6456
f 3985/5446 4299/6456 265/4156
f 1095/4161 4302/5508 4301/4162
f 4303/6457 4301/4162 4302/5508
f 282/6458 4308/6459 4307/6460
f 4310/6461 4307/6460 4308/6459
f 1097/4165 4314/5509 4313/4166
f 4315/6462 4313/4166 4314/5509
f 4319/6463 282/6458 4321/6464
f 4307/6460 4321/6464 282/6458
f 1098/4169 4324/5510 4323/4168
f 4325/6465 4323/4168 4324/5510
f 4319/6463 4329/6466 282/6458
f 4308/6459 282/6458 4329/6466
f 4332/5512 4334/6467 1102/4172
f 4331/4173 1102/4172 4334/6467
f 4339/6468 4341/6469 285/6470
f 4338/6471 285/6470 4341/6469
f 4348/6472 4346/4176 4347/5513
f 1105/4177 4347/5513 4346/4176
f 4355/6473 4353/6474 4338/6471
f 285/6470 4338/6471 4353/6474
f 4358/4178 1108/4179 4361/6475
f 4359/5515 4361/6475 1108/4179
f 4339/6468 285/6470 4366/6476
f 4353/6474 4366/6476 285/6470
f 1111/4182 4370/5516 4369/4183
f 4371/6477 4369/4183 4370/5516
f 4378/6478 4375/4186 4376/5521
f 288/4187 4376/5521 4375/4186
f 4383/6479 4381/4184 4382/5518
f 1114/4185 4382/5518 4381/4184
f 4390/6480 4387/6481 4388/5519
f 286/5045 4388/5519 4387/6481
f 4396/6482 4393/4188 4394/5520
f 1118/4189 4394/5520 4393/4188
f 4403/6483 4400/6484 4401/6485
f 69/6486 4401/6485 4400/6484
f 4409/6487 4407/4192 4408/5522
f 1120/4193 4408/5522 4407/4192
f 4414/6488 4405/4190 4412/6489
f 287/4191 4412/6489 4405/4190
f 4418/5524 4420/6490 1124/4194
f 4417/4195 1124/4194 4420/6490
f 4425/5529 4427/6491 291/4200
f 4424/4201 291/4200 4427/6491
f 4432/5526 4433/6492 1126/4198
f 4431/4199 1126/4198 4433/6492
f 4436/5527 4438/6493 287/4191
f 4412/6489 287/4191 4438/6493
f 4442/5528 4444/6494 1129/4202
f 4441/4203 1129/4202 4444/6494
f 4447/6495 4449/6496 69/6486
f 4401/6485 69/6486 4449/6496
f 4454/5530 4456/6497 1132/4206
f 4453/4207 1132/4206 4456/6497
f 4459/6498 4461/6499 289/4204
f 4451/4205 289/4204 4461/6499
f 4467/6500 4465/4210 4466/5531
f 1135/4211 4466/5531 4465/4210
f 4471/6501 293/6502 4474/6503
f 4472/6504 4474/6503 293/6502
f 4479/5532 4480/6505 1138/4212
f 4478/4213 1138/4212 4480/6505
f 4471/6501 4487/6506 293/6502
f 4485/6507 293/6502 4487/6506
f 4492/6508 4489/4215 4490/5534
f 1140/4216 4490/5534 4489/4215
f 4496/6509 4472/6504 4485/6507
f 293/6502 4485/6507 4472/6504
f 4502/6510 4499/4219 4500/5535
f 1144/4220 4500/5535 4499/4219
f 4507/5539 4509/6511 297/4225
f 4506/4226 297/4225 4509/6511
f 4514/5536 4515/6512 1147/4223
f 4513/4224 1147/4223 4515/6512
f 4519/4237 294/4238 4522/6513
f 4520/5537 4522/6513 294/4238
f 4526/5538 4528/6514 1151/4227
f 4525/4228 1151/4227 4528/6514
f 4533/5550 4535/6515 82/4250
f 4532/4249 82/4250 4535/6515
f 4539/4231 1154/4232 4542/6516
f 4540/5540 4542/6516 1154/4232
f 4545/5548 4547/6517 295/4229
f 4537/4230 295/4229 4547/6517
f 4551/4235 1157/4236 4553/6518
f 4552/5541 4553/6518 1157/4236
f 4557/4241 300/4242 4560/6519
f 4558/5546 4560/6519 300/4242
f 4563/4239 1160/4240 4565/6520
f 4564/5542 4565/6520 1160/4240
f 4569/2002 298/5543 4572/6521
f 4570/5544 4572/6521 298/5543
f 4575/4243 1164/4244 4578/6522
f 4576/5545 4578/6522 1164/4244
f 4582/1995 75/5577 4585/6523
f 4583/5576 4585/6523 75/5577
f 4589/4247 1166/4248 4591/6524
f 4590/5547 4591/6524 1166/4248
f 4587/4245 299/4246 4596/6525
f 4594/5574 4596/6525 299/4246
f 4602/6526 4599/4251 4600/5549
f 1170/4252 4600/5549 4599/4251
f 4609/6527 4606/4257 4607/5554
f 304/4258 4607/5554 4606/4257
f 4614/5551 4615/6528 1173/4255
f 4613/4256 1173/4255 4615/6528
f 4620/5552 4622/6529 301/4301
f 4619/4302 301/4301 4622/6529
f 4628/6530 4625/4260 4626/5553
f 1177/4259 4626/5553 4625/4260
f 4633/5558 4635/6531 85/4313
f 4632/4314 85/4313 4635/6531
f 4642/6532 4639/4263 4640/5555
f 1180/4264 4640/5555 4639/4263
f 4645/5556 4647/6533 302/4261
f 4637/4262 302/4261 4647/6533
f 4652/5557 4654/6534 1184/4267
f 4651/4268 1184/4267 4654/6534
f 4659/5562 4661/6535 308/4273
f 4658/4274 308/4273 4661/6535
f 4666/5559 4667/6536 1187/4271
f 4665/4272 1187/4271 4667/6536
f 4672/5560 4674/6537 305/4285
f 4671/4286 305/4285 4674/6537
f 4678/5561 4680/6538 1191/4275
f 4677/4276 1191/4275 4680/6538
f 4685/5586 4687/6539 83/4297
f 4684/4298 83/4297 4687/6539
f 4694/6540 4691/4279 4692/5563
f 1194/4280 4692/5563 4691/4279
f 4699/6541 4689/4277 4697/5584
f 306/4278 4697/5584 4689/4277
f 4705/5565 4706/6542 1198/4283
f 4704/4284 1198/4283 4706/6542
f 4712/5572 4714/6543 312/4289
f 4711/4290 312/4289 4714/6543
f 4719/5568 4720/6544 1202/4287
f 4718/4288 1202/4287 4720/6544
f 4726/5569 4728/6545 310/5570
f 4725/6546 310/5570 4728/6545
f 4732/5571 4734/6547 1206/4291
f 4731/4292 1206/4291 4734/6547
f 4741/6548 4738/6549 4739/5594
f 76/5595 4739/5594 4738/6549
f 4746/5573 4747/6550 1208/4295
f 4745/4296 1208/4295 4747/6550
f 4752/6551 4743/4293 4750/5592
f 311/4294 4750/5592 4743/4293
f 4756/5575 4757/6552 1211/4299
f 4755/4300 1211/4299 4757/6552
f 4762/5582 4764/6553 314/4305
f 4761/4306 314/4305 4764/6553
f 4768/5578 4769/6554 1214/4303
f 4767/4304 1214/4303 4769/6554
f 4774/5579 4776/6555 313/5580
f 4773/6556 313/5580 4776/6555
f 4780/5581 4782/6557 1217/4307
f 4779/4308 1217/4307 4782/6557
f 4721/5566 4788/6558 84/5567
f 4786/6559 84/5567 4788/6558
f 4792/5583 4793/6560 1218/4311
f 4791/4312 1218/4311 4793/6560
f 4707/5564 4797/6561 309/4309
f 4789/4310 309/4309 4797/6561
f 4802/6562 4799/4315 4800/5585
f 1222/4316 4800/5585 4799/4315
f 4809/6563 4806/4321 4807/5590
f 317/4322 4807/5590 4806/4321
f 4815/6564 4813/4319 4814/5587
f 1225/4320 4814/5587 4813/4319
f 4820/5588 4822/6565 315/4334
f 4819/4333 315/4334 4822/6565
f 4828/6566 4825/4324 4826/5589
f 1228/4323 4826/5589 4825/4324
f 4834/6567 4832/4345 2122/6026
f 23/4346 2122/6026 4832/4345
f 4840/6568 4837/4327 4838/5591
f 1230/4328 4838/5591 4837/4327
f 4844/6569 4835/4325 2109/6023
f 137/4326 2109/6023 4835/4325
f 4849/6570 4847/4331 4848/5593
f 1233/4332 4848/5593 4847/4331
f 4856/6571 4853/4337 4854/5599
f 319/4338 4854/5599 4853/4337
f 4861/6572 4859/4335 4860/5596
f 1236/4336 4860/5596 4859/4335
f 4868/6573 4865/4349 4866/5597
f 318/4350 4866/5597 4865/4349
f 4874/6574 4871/4339 4872/5598
f 1239/4340 4872/5598 4871/4339
f 4880/6575 4878/4361 2170/6036
f 22/4362 2170/6036 4878/4361
f 4885/6576 4883/4343 4884/5600
f 1240/4344 4884/5600 4883/4343
f 4889/6577 4881/4341 2157/6033
f 140/4342 2157/6033 4881/4341
f 1243/4347 4892/5601 4891/4348
f 4893/6578 4891/4348 4892/5601
f 321/4353 4898/5605 4897/4354
f 4900/6579 4897/4354 4898/5605
f 4905/6580 4903/4351 4904/5602
f 1246/4352 4904/5602 4903/4351
f 4912/6581 4909/4365 4910/5603
f 320/4366 4910/5603 4909/4365
f 1249/4356 4916/5604 4915/4355
f 4918/6582 4915/4355 4916/5604
f 4922/4377 24/4378 4924/6583
f 2218/6046 4924/6583 24/4378
f 4929/6584 4927/4359 4928/5606
f 1250/4360 4928/5606 4927/4359
f 143/4357 2205/6042 4925/4358
f 4933/6585 4925/4358 2205/6042
f 4937/6586 4935/4363 4936/5607
f 1253/4364 4936/5607 4935/4363
f 4941/4370 322/4369 4944/6587
f 4942/5611 4944/6587 322/4369
f 4948/5608 4949/6588 1255/4367
f 4947/4368 1255/4367 4949/6588
f 4579/1759 298/5543 4954/6589
f 4952/5609 4954/6589 298/5543
f 4958/5610 4960/6590 1257/4372
f 4957/4371 1257/4372 4960/6590
f 4566/1751 17/3400 4964/6591
f 2266/6056 4964/6591 17/3400
f 4967/4375 1258/4376 4969/6592
f 4968/5612 4969/6592 1258/4376
f 2253/6052 4973/6593 146/4373
f 4965/4374 146/4373 4973/6593
f 4977/5615 4979/6594 1263/4379
f 4976/4380 1263/4379 4979/6594
f 4985/5621 4987/6595 327/4386
f 4984/4385 327/4386 4987/6595
f 4994/6596 4992/4383 4993/5618
f 1267/4384 4993/5618 4992/4383
f 5002/6597 4999/4429 5000/5619
f 324/4430 5000/5619 4999/4429
f 5008/6598 5005/4387 5006/5620
f 1271/4388 5006/5620 5005/4387
f 5015/6599 5012/4441 5013/5625
f 89/4442 5013/5625 5012/4441
f 5019/4391 1274/4392 5022/6600
f 5020/5622 5022/6600 1274/4392
f 5017/4390 325/4389 5027/6601
f 5025/5623 5027/6601 325/4389
f 5031/4395 1278/4396 5034/6602
f 5032/5624 5034/6602 1278/4396
f 5041/6603 5038/4401 5039/5629
f 331/4402 5039/5629 5038/4401
f 5047/6604 5045/4399 5046/5626
f 1281/4400 5046/5626 5045/4399
f 5051/4413 328/4414 5054/6605
f 5052/5627 5054/6605 328/4414
f 5060/6606 5057/4403 5058/5628
f 1285/4404 5058/5628 5057/4403
f 5065/5650 5067/6607 87/4426
f 5064/4425 87/4426 5067/6607
f 5074/6608 5071/4407 5072/5630
f 1288/4408 5072/5630 5071/4407
f 5079/6609 5069/4405 5077/5648
f 329/4406 5077/5648 5069/4405
f 5086/6610 5084/4411 5085/5632
f 1292/4412 5085/5632 5084/4411
f 5091/4417 335/4418 5094/6611
f 5092/5637 5094/6611 335/4418
f 5099/5634 5100/6612 1296/4415
f 5098/4416 1296/4415 5100/6612
f 5105/4639 333/4638 5108/6613
f 5106/5635 5108/6613 333/4638
f 5111/4419 1300/4420 5114/6614
f 5112/5636 5114/6614 1300/4420
f 5119/5658 5121/6615 77/4650
f 5118/4651 77/4650 5121/6615
f 5125/4423 1302/4424 5127/6616
f 5126/5638 5127/6616 1302/4424
f 5123/4421 334/4422 5132/6617
f 5130/5656 5132/6617 334/4422
f 5138/6618 5136/4427 5137/5641
f 1306/4428 5137/5641 5136/4427
f 5146/6619 5143/4433 5144/5646
f 338/4434 5144/5646 5143/4433
f 5152/6620 5150/4431 5151/5643
f 1310/4432 5151/5643 5150/4431
f 5160/6621 5157/4622 5158/5644
f 337/4623 5158/5644 5157/4622
f 5166/6622 5163/4435 5164/5645
f 1313/4436 5164/5645 5163/4435
f 5172/6623 5170/4634 5101/5633
f 88/4635 5101/5633 5170/4634
f 5177/6624 5175/4439 5176/5647
f 1314/4440 5176/5647 5175/4439
f 5181/6625 5173/4437 5087/5631
f 332/4438 5087/5631 5173/4437
f 5186/6626 5183/4443 5184/5649
f 1318/4444 5184/5649 5183/4443
f 5193/6627 5190/4449 5191/5654
f 341/4450 5191/5654 5190/4449
f 5199/6628 5197/4447 5198/5651
f 1321/4448 5198/5651 5197/4447
f 5206/6629 5203/4462 5204/5652
f 339/4461 5204/5652 5203/4462
f 5212/6630 5209/4451 5210/5653
f 1324/4452 5210/5653 5209/4451
f 5218/6631 5216/4473 2522/6098
f 31/4474 2522/6098 5216/4473
f 5224/6632 5221/4455 5222/5655
f 1326/4456 5222/5655 5221/4455
f 5228/6633 5219/4453 2509/6095
f 165/4454 2509/6095 5219/4453
f 5232/5657 5233/6634 1329/4459
f 5231/4460 1329/4459 5233/6634
f 5238/5662 5240/6635 343/4465
f 5237/4466 343/4465 5240/6635
f 5244/5659 5245/6636 1332/4463
f 5243/4464 1332/4463 5245/6636
f 5252/6637 5249/4654 5250/5660
f 342/4655 5250/5660 5249/4654
f 5258/6638 5255/4467 5256/5661
f 1335/4468 5256/5661 5255/4467
f 5264/6639 5262/4666 2570/6108
f 30/4667 2570/6108 5262/4666
f 5268/5663 5269/6640 1336/4471
f 5267/4472 1336/4471 5269/6640
f 5273/6641 5265/4469 2557/6105
f 168/4470 2557/6105 5265/4469
f 5278/6642 5276/4475 5277/5664
f 1340/4476 5277/5664 5276/4475
f 5286/6643 5283/6644 5284/6645
f 347/6646 5284/6645 5283/6644
f 5290/4478 1344/4479 5293/6647
f 5291/5665 5293/6647 1344/4479
f 5298/6648 347/6646 5300/6649
f 5283/6644 5300/6649 347/6646
f 5307/6650 5304/4482 5305/5667
f 1348/4483 5305/5667 5304/4482
f 5314/6651 5312/6652 5298/6648
f 347/6646 5298/6648 5312/6652
f 5317/4486 1351/4487 5320/6653
f 5318/5669 5320/6653 1351/4487
f 347/6646 5312/6652 5324/6654
f 5326/6655 5324/6654 5312/6652
f 5331/6656 5329/4490 5330/5670
f 1352/4491 5330/5670 5329/4490
f 347/6646 5324/6654 5284/6645
f 5335/6657 5284/6645 5324/6654
f 5340/6658 5338/4494 5339/5671
f 1356/4495 5339/5671 5338/4494
f 5348/6659 5345/4499 5346/5676
f 351/4500 5346/5676 5345/4499
f 5354/6660 5352/4497 5353/5672
f 1360/4498 5353/5672 5352/4497
f 5362/6661 5359/6662 5360/5673
f 349/5674 5360/5673 5359/6662
f 5368/6663 5365/4501 5366/5675
f 1364/4502 5366/5675 5365/4501
f 5375/6664 5372/6665 5373/6666
f 73/6667 5373/6666 5372/6665
f 5381/6668 5379/4505 5380/5677
f 1366/4506 5380/5677 5379/4505
f 5386/6669 5377/4503 5384/6670
f 350/4504 5384/6670 5377/4503
f 5389/4509 1369/4510 5391/6671
f 5390/5678 5391/6671 1369/4510
f 5395/4515 354/4516 5398/6672
f 5396/5682 5398/6672 354/4516
f 5401/4513 1372/4514 5403/6673
f 5402/5679 5403/6673 1372/4514
f 5407/4575 352/4576 5410/6674
f 5408/5680 5410/6674 352/4576
f 5413/4517 1376/4518 5416/6675
f 5414/5681 5416/6675 1376/4518
f 5423/6676 5420/4587 5421/6677
f 92/4588 5421/6677 5420/4587
f 5427/4521 1378/4522 5429/6678
f 5428/5683 5429/6678 1378/4522
f 5434/6679 5425/4519 5432/5690
f 353/4520 5432/5690 5425/4519
f 5438/4525 1382/4526 5440/6680
f 5439/5684 5440/6680 1382/4526
f 5445/6681 357/6682 5448/6683
f 5446/6684 5448/6683 357/6682
f 5454/6685 5451/4527 5452/5685
f 1385/4528 5452/5685 5451/4527
f 357/6682 5445/6681 5458/6686
f 5460/6687 5458/6686 5445/6681
f 5466/6688 5464/4531 5465/5687
f 1388/4532 5465/5687 5464/4531
f 5473/6689 5471/6690 5458/6686
f 357/6682 5458/6686 5471/6690
f 5475/4534 1391/4535 5478/6691
f 5476/5689 5478/6691 1391/4535
f 5482/6692 357/6682 5484/6693
f 5471/6690 5484/6693 357/6682
f 5489/6694 5487/4539 5488/5691
f 1392/4538 5488/5691 5487/4539
f 5493/6695 5446/6684 5482/6692
f 357/6682 5482/6692 5446/6684
f 5496/5692 5497/6696 1395/4543
f 5495/4542 1395/4543 5497/6696
f 5504/6697 5501/4547 5502/5696
f 360/4548 5502/5696 5501/4547
f 5509/6698 5507/4545 5508/5693
f 1398/4546 5508/5693 5507/4545
f 5516/6699 5513/5072 5514/5694
f 358/5073 5514/5694 5513/5072
f 5519/4549 1402/4550 5522/6700
f 5520/5695 5522/6700 1402/4550
f 5526/6701 94/5700 5529/6702
f 5527/5701 5529/6702 94/5700
f 5535/6703 5533/4553 5534/5697
f 1404/4554 5534/5697 5533/4553
f 5531/4551 359/4552 5540/6704
f 5538/5698 5540/6704 359/4552
f 5543/4557 1407/4558 5545/6705
f 5544/5699 5545/6705 1407/4558
f 5549/4563 363/4564 5552/6706
f 5550/5705 5552/6706 363/4564
f 5555/4561 1410/4562 5557/6707
f 5556/5702 5557/6707 1410/4562
f 5561/5052 361/5053 5564/6708
f 5562/5703 5564/6708 361/5053
f 5567/4565 1414/4566 5570/6709
f 5568/5704 5570/6709 1414/4566
f 5574/5064 93/5065 5577/6710
f 5575/5709 5577/6710 93/5065
f 5581/4569 1416/4570 5583/6711
f 5582/5706 5583/6711 1416/4570
f 5579/4567 362/4568 5588/6712
f 5586/5707 5588/6712 362/4568
f 5591/4573 1419/4574 5593/6713
f 5592/5708 5593/6713 1419/4574
f 5597/4579 366/4580 5600/6714
f 5598/5714 5600/6714 366/4580
f 5603/4577 1422/4578 5605/6715
f 5604/5710 5605/6715 1422/4578
f 5609/6716 364/5711 5612/6717
f 5610/5712 5612/6717 364/5711
f 5615/4581 1426/4582 5618/6718
f 5616/5713 5618/6718 1426/4582
f 5622/6719 95/5718 5625/6720
f 5623/5719 5625/6720 95/5718
f 5629/4585 1428/4586 5631/6721
f 5630/5715 5631/6721 1428/4586
f 5636/6722 5627/4583 5634/5716
f 365/4584 5634/5716 5627/4583
f 5641/6723 5639/4589 5640/5717
f 1431/4590 5640/5717 5639/4589
f 5648/6724 5645/4594 5646/5723
f 368/4595 5646/5723 5645/4594
f 5653/6725 5651/4592 5652/5720
f 1434/4593 5652/5720 5651/4592
f 5657/5026 367/5027 5660/6726
f 5658/5721 5660/6726 367/5027
f 5666/6727 5663/4597 5664/5722
f 1437/4596 5664/5722 5663/4597
f 5672/6728 5670/6729 2994/6199
f 42/6201 2994/6199 5670/6729
f 5677/6730 5675/4600 5676/5724
f 1438/4601 5676/5724 5675/4600
f 5681/6731 5673/4598 2981/6196
f 197/4599 2981/6196 5673/4598
f 5683/4605 1441/4604 5685/6732
f 5684/5725 5685/6732 1441/4604
f 5690/5729 5692/6733 371/4610
f 5689/4611 371/4610 5692/6733
f 5696/5726 5697/6734 1444/4608
f 5695/4609 1444/4608 5697/6734
f 5701/4670 369/4671 5704/6735
f 5702/5727 5704/6735 369/4671
f 5707/4612 1448/4613 5710/6736
f 5708/5728 5710/6736 1448/4613
f 97/4682 5715/5733 5714/4683
f 5717/6737 5714/4683 5715/5733
f 5722/5730 5723/6738 1450/4617
f 5721/4616 1450/4617 5723/6738
f 5719/4614 370/4615 5728/6739
f 5726/5731 5728/6739 370/4615
f 5733/6740 5731/4620 5732/5732
f 1453/4621 5732/5732 5731/4620
f 5740/6741 5737/4626 5738/5737
f 374/4627 5738/5737 5737/4626
f 5743/4624 1456/4625 5745/6742
f 5744/5734 5745/6742 1456/4625
f 372/4812 5750/5735 5749/4811
f 5752/6743 5749/4811 5750/5735
f 5758/6744 5755/4629 5756/5736
f 1460/4628 5756/5736 5755/4629
f 5765/6745 5762/4823 5763/5741
f 98/4824 5763/5741 5762/4823
f 5771/6746 5769/4632 5770/5738
f 1462/4633 5770/5738 5769/4632
f 5776/6747 5767/4630 5774/5739
f 373/4631 5774/5739 5767/4630
f 5780/5740 5781/6748 1465/4636
f 5779/4637 1465/4636 5781/6748
f 5786/5745 5788/6749 377/4642
f 5785/4643 377/4642 5788/6749
f 5793/6750 5791/4640 5792/5742
f 1468/4641 5792/5742 5791/4640
f 5800/6751 5797/4702 5798/5743
f 375/4703 5798/5743 5797/4702
f 5806/6752 5803/4644 5804/5744
f 1472/4645 5804/5744 5803/4644
f 5813/6753 5810/4714 5811/5749
f 96/4715 5811/5749 5810/4714
f 5818/5746 5819/6754 1474/4648
f 5817/4649 1474/4648 5819/6754
f 5824/6755 5815/4646 5822/5747
f 376/4647 5822/5747 5815/4646
f 5829/6756 5827/4652 5828/5748
f 1477/4653 5828/5748 5827/4652
f 5836/6757 5833/4658 5834/5753
f 379/4659 5834/5753 5833/4658
f 1480/4656 5840/5750 5839/4657
f 5841/6758 5839/4657 5840/5750
f 378/4718 5846/5751 5845/4719
f 5848/6759 5845/4719 5846/5751
f 5854/6760 5851/4660 5852/5752
f 1483/4661 5852/5752 5851/4660
f 5860/6761 5858/4730 3190/6235
f 47/4731 3190/6235 5858/4730
f 5865/6762 5863/4664 5864/5754
f 1484/4665 5864/5754 5863/4664
f 5869/6763 5861/4662 3177/6232
f 210/4663 3177/6232 5861/4662
f 5872/5755 5873/6764 1487/4669
f 5871/4668 1487/4669 5873/6764
f 5877/4674 382/4675 5880/6765
f 5878/5759 5880/6765 382/4675
f 5883/4672 1490/4673 5885/6766
f 5884/5756 5885/6766 1490/4673
f 5889/4734 380/4735 5892/6767
f 5890/5757 5892/6767 380/4735
f 5896/5758 5898/6768 1494/4676
f 5895/4677 1494/4676 5898/6768
f 5903/5763 5905/6769 100/4746
f 5902/4747 100/4746 5905/6769
f 5910/5760 5911/6770 1496/4680
f 5909/4681 1496/4680 5911/6770
f 5914/5761 5916/6771 381/4678
f 5907/4679 381/4678 5916/6771
f 5922/6772 5919/4684 5920/5762
f 1500/4685 5920/5762 5919/4684
f 5929/6773 5926/4690 5927/5767
f 386/4691 5927/5767 5926/4690
f 5933/4689 1503/4688 5935/6774
f 5934/5764 5935/6774 1503/4688
f 5939/4751 383/4750 5942/6775
f 5940/5765 5942/6775 383/4750
f 5948/6776 5945/4692 5946/5766
f 1507/4693 5946/5766 5945/4692
f 5955/6777 5952/4762 5953/2840
f 101/4763 5953/2840 5952/4762
f 5959/4696 1510/4697 5962/6778
f 5960/5768 5962/6778 1510/4697
f 5965/2833 5967/6779 384/4694
f 5957/4695 384/4694 5967/6779
f 5974/6780 5972/4700 5973/5770
f 1514/4701 5973/5770 5972/4700
f 5982/6781 5979/4707 5980/5777
f 390/4706 5980/5777 5979/4707
f 1518/4705 5987/5773 5986/4704
f 5988/6782 5986/4704 5987/5773
f 5994/5774 5996/6783 388/5775
f 5993/6784 388/5775 5996/6783
f 1522/4709 6000/5776 5999/4708
f 6002/6785 5999/4708 6000/5776
f 6009/6786 6006/6787 6007/5781
f 99/5782 6007/5781 6006/6787
f 6015/6788 6013/4712 6014/5778
f 1524/4713 6014/5778 6013/4712
f 6020/6789 6011/4710 6018/5779
f 389/4711 6018/5779 6011/4710
f 6025/6790 6023/4716 6024/5780
f 1527/4717 6024/5780 6023/4716
f 6032/6791 6029/4722 6030/5786
f 392/4723 6030/5786 6029/4722
f 6037/6792 6035/4720 6036/5783
f 1530/4721 6036/5783 6035/4720
f 6044/6793 6041/4827 6042/5784
f 391/4828 6042/5784 6041/4827
f 1533/4724 6048/5785 6047/4725
f 6050/6794 6047/4725 6048/5785
f 52/4839 3390/6272 6054/4840
f 6056/6795 6054/4840 3390/6272
f 6061/6796 6059/4729 6060/5787
f 1534/4728 6060/5787 6059/4729
f 224/4726 3377/6269 6057/4727
f 6065/6797 6057/4727 3377/6269
f 6067/4732 1537/4733 6069/6798
f 6068/5788 6069/6798 1537/4733
f 6074/5792 6076/6799 395/4738
f 6073/4739 395/4738 6076/6799
f 6079/4736 1540/4737 6081/6800
f 6080/5789 6081/6800 1540/4737
f 6086/5790 6088/6801 393/4782
f 6085/4783 393/4782 6088/6801
f 6092/5791 6094/6802 1544/4740
f 6091/4741 1544/4740 6094/6802
f 6098/4794 102/4795 6101/6803
f 6099/5796 6101/6803 102/4795
f 6106/5793 6107/6804 1546/4744
f 6105/4745 1546/4744 6107/6804
f 6110/5794 6112/6805 394/4742
f 6103/4743 394/4742 6112/6805
f 6116/5795 6117/6806 1549/4748
f 6115/4749 1549/4748 6117/6806
f 6122/5800 6124/6807 398/4755
f 6121/4754 398/4755 6124/6807
f 6127/4752 1552/4753 6129/6808
f 6128/5797 6129/6808 1552/4753
f 6133/6809 396/4791 6136/6810
f 6134/5798 6136/6810 396/4791
f 6142/6811 6139/4757 6140/5799
f 1556/4756 6140/5799 6139/4757
f 103/5804 6147/5805 6146/6812
f 6149/6813 6146/6812 6147/5805
f 6155/6814 6153/4760 6154/5801
f 1558/4761 6154/5801 6153/4760
f 6160/6815 6151/4758 6158/5802
f 397/4759 6158/5802 6151/4758
f 6166/6816 6163/4764 6164/5803
f 1562/4765 6164/5803 6163/4764
f 6173/6817 6170/4770 6171/5810
f 401/4771 6171/5810 6170/4770
f 1565/4768 6178/5806 6177/4769
f 6179/6818 6177/4769 6178/5806
f 399/5807 6184/5808 6183/2801
f 6186/6819 6183/2801 6184/5808
f 6192/6820 6189/4772 6190/5809
f 1568/4773 6190/5809 6189/4772
f 53/3936 3546/6300 6196/2794
f 6198/6821 6196/2794 3546/6300
f 6204/6822 6201/4776 6202/5811
f 1570/4777 6202/5811 6201/4776
f 236/4774 3533/6297 6199/4775
f 6208/6823 6199/4775 3533/6297
f 6211/4780 1573/4781 6213/6824
f 6212/5812 6213/6824 1573/4781
f 6217/4786 402/4787 6220/6825
f 6218/5816 6220/6825 402/4787
f 6225/6826 6223/4784 6224/5813
f 1575/4785 6224/5813 6223/4784
f 6230/6827 6193/2774 6228/5814
f 399/5807 6228/5814 6193/2774
f 6236/6828 6233/4788 6234/5815
f 1577/4789 6234/5815 6233/4788
f 6240/6829 6180/2767 6146/6812
f 103/5804 6146/6812 6180/2767
f 6243/4792 1578/4793 6245/6830
f 6244/5817 6245/6830 1578/4793
f 6249/6831 6241/4790 6133/6809
f 396/4791 6133/6809 6241/4790
f 6253/6832 6251/4796 6252/5818
f 1581/4797 6252/5818 6251/4796
f 6257/4801 404/4802 6260/6833
f 6258/5822 6260/6833 404/4802
f 6263/4799 1584/4800 6265/6834
f 6264/5819 6265/6834 1584/4800
f 6269/4843 403/4844 6272/6835
f 6270/5820 6272/6835 403/4844
f 6275/4803 1587/4804 6278/6836
f 6276/5821 6278/6836 1587/4804
f 6282/4855 105/4698 6284/6837
f 5968/2629 6284/6837 105/4698
f 6289/6838 6287/4806 6288/5823
f 1588/4807 6288/5823 6287/4806
f 6285/4805 384/4694 6293/6839
f 5956/2622 6293/6839 384/4694
f 6297/6840 6295/4809 6296/5824
f 1591/4810 6296/5824 6295/4809
f 6304/6841 6301/4816 6302/5828
f 406/4815 6302/5828 6301/4816
f 1594/4813 6308/5825 6307/4814
f 6309/6842 6307/4814 6308/5825
f 405/4852 6314/5826 6313/6843
f 6316/6844 6313/6843 6314/5826
f 1597/4817 6320/5827 6319/4818
f 6322/6845 6319/4818 6320/5827
f 104/5771 5989/5772 6326/6846
f 6328/6847 6326/6846 5989/5772
f 6333/6848 6331/4822 6332/5829
f 1598/4821 6332/5829 6331/4822
f 387/4819 5975/5769 6329/4820
f 6337/6849 6329/4820 5975/5769
f 6341/6850 6339/4825 6340/5830
f 1601/4826 6340/5830 6339/4825
f 6348/6851 6345/4831 6346/5835
f 408/4832 6346/5835 6345/4831
f 6353/6852 6351/4829 6352/5831
f 1604/4830 6352/5831 6351/4829
f 407/5833 6358/5832 6357/2917
f 6360/6853 6357/2917 6358/5832
f 6366/6854 6363/4833 6364/5834
f 1607/4834 6364/5834 6363/4833
f 6372/6855 6370/2910 3730/6337
f 60/3993 3730/6337 6370/2910
f 6377/6856 6375/4837 6376/5836
f 1608/4838 6376/5836 6375/4837
f 246/4835 3717/6333 6373/4836
f 6381/6857 6373/4836 3717/6333
f 6383/4841 1611/4842 6385/6858
f 6384/5837 6385/6858 1611/4842
f 6392/6859 6389/4847 6390/5841
f 409/4848 6390/5841 6389/4847
f 6397/6860 6395/4845 6396/5838
f 1613/4846 6396/5838 6395/4845
f 6402/6861 6367/2890 6400/5839
f 407/5833 6400/5839 6367/2890
f 6408/6862 6405/4849 6406/5840
f 1615/4850 6406/5840 6405/4849
f 6412/6863 6354/2883 6326/6846
f 104/5771 6326/6846 6354/2883
f 6415/4853 1616/4854 6417/6864
f 6416/5842 6417/6864 1616/4854
f 6413/4851 405/4852 6421/6865
f 6313/6843 6421/6865 405/4852
f 6424/4856 1621/4857 6427/6866
f 6425/5843 6427/6866 1621/4857
f 6432/6867 413/6868 6435/6869
f 6433/6870 6435/6869 413/6868
f 6443/6871 6440/4860 6441/5845
f 1625/4861 6441/5845 6440/4860
f 6450/6872 6448/6873 6432/6867
f 413/6868 6432/6867 6448/6873
f 6454/4864 1628/4865 6457/6874
f 6455/5846 6457/6874 1628/4865
f 6462/6875 6433/6870 6448/6873
f 413/6868 6448/6873 6433/6870
f 6465/4867 1632/4868 6468/6876
f 6466/5849 6468/6876 1632/4868
f 6472/4872 416/4873 6475/6877
f 6473/5856 6475/6877 416/4873
f 6479/4870 1634/4871 6481/6878
f 6480/5852 6481/6878 1634/4871
f 3880/6879 257/5853 6486/6880
f 6484/5854 6486/6880 257/5853
f 6489/4874 1637/4875 6492/6881
f 6490/5855 6492/6881 1637/4875
f 6495/5860 6497/6882 11/5861
f 3869/6883 11/5861 6497/6882
f 6501/4878 1640/4879 6504/6884
f 6502/5857 6504/6884 1640/4879
f 6499/4876 414/4877 6509/6885
f 6507/5858 6509/6885 414/4877
f 6515/6886 6513/4881 6514/5859
f 1643/4882 6514/5859 6513/4881
f 6519/4886 417/4887 6522/6887
f 6520/5866 6522/6887 417/4887
f 6525/4884 1645/4885 6527/6888
f 6526/5862 6527/6888 1645/4885
f 3924/6889 259/5863 6532/6890
f 6530/5864 6532/6890 259/5863
f 6535/4888 1647/4889 6538/6891
f 6536/5865 6538/6891 1647/4889
f 3913/6892 10/6893 6542/6894
f 4501/6895 6542/6894 10/6893
f 6545/4892 1648/4893 6547/6896
f 6546/5867 6547/6896 1648/4893
f 6551/6897 6543/4890 4541/6898
f 296/4891 4541/6898 6543/4890
f 1652/4896 6555/5869 6554/4897
f 6556/6899 6554/4897 6555/5869
f 6564/6900 6561/4901 6562/5876
f 421/4902 6562/5876 6561/4901
f 6570/6901 6568/4899 6569/5872
f 1656/4900 6569/5872 6568/4899
f 419/5873 6576/5874 6575/6902
f 6578/6903 6575/6902 6576/5874
f 6582/5875 6584/6904 1660/4903
f 6581/4904 1660/4903 6584/6904
f 6591/6905 6588/6906 6589/5934
f 108/5935 6589/5934 6588/6906
f 6596/5877 6597/6907 1662/4907
f 6595/4908 1662/4907 6597/6907
f 6593/4905 420/4906 6602/6908
f 6600/5932 6602/6908 420/4906
f 6606/5878 6608/6909 1666/4910
f 6605/4911 1666/4910 6608/6909
f 6612/4917 425/4916 6615/6910
f 6613/5883 6615/6910 425/4916
f 1669/4914 6620/5879 6619/4915
f 6621/6911 6619/4915 6620/5879
f 6628/6912 6625/3217 6626/5880
f 422/5881 6626/5880 6625/3217
f 6631/4918 1673/4919 6634/6913
f 6632/5882 6634/6913 1673/4919
f 6638/3210 110/5926 6641/6914
f 6639/6915 6641/6914 110/5926
f 6645/4922 1676/4923 6648/6916
f 6646/5884 6648/6916 1676/4923
f 6653/6917 6643/4920 6651/5943
f 423/4921 6651/5943 6643/4920
f 6657/4926 1680/4927 6660/6918
f 6658/5887 6660/6918 1680/4927
f 6664/4932 428/4933 6667/6919
f 6665/5894 6667/6919 428/4933
f 6671/4930 1682/4931 6673/6920
f 6672/5890 6673/6920 1682/4931
f 4989/6921 326/5891 6678/6922
f 6676/5892 6678/6922 326/5891
f 6681/4934 1685/4935 6684/6923
f 6682/5893 6684/6923 1685/4935
f 5029/6924 81/5916 6689/6925
f 6687/5917 6689/6925 81/5916
f 6693/4938 1688/4939 6696/6926
f 6694/5895 6696/6926 1688/4939
f 6691/4936 426/4937 6701/6927
f 6699/5914 6701/6927 426/4937
f 6707/6928 6705/4943 6706/5898
f 1691/4942 6706/5898 6705/4943
f 6711/4948 430/4949 6714/6929
f 6712/5904 6714/6929 430/4949
f 6719/6930 6717/4946 6718/5901
f 1693/4947 6718/5901 6717/4946
f 6669/4928 427/4929 6724/6931
f 6722/5902 6724/6931 427/4929
f 1696/4950 6728/5903 6727/4951
f 6730/6932 6727/4951 6728/5903
f 6735/6933 6703/4940 6733/5908
f 112/4941 6733/5908 6703/4940
f 6741/6934 6739/4955 6740/5905
f 1698/4954 6740/5905 6739/4955
f 6746/6935 6737/4952 6744/5906
f 429/4953 6744/5906 6737/4952
f 6751/6936 6749/4958 6750/5907
f 1701/4959 6750/5907 6749/4958
f 6758/6937 6755/4964 6756/5912
f 432/4965 6756/5912 6755/4964
f 6763/6938 6761/4962 6762/5909
f 1704/4963 6762/5909 6761/4962
f 431/4988 6768/5910 6767/4989
f 6770/6939 6767/4989 6768/5910
f 6776/6940 6773/4967 6774/5911
f 1707/4966 6774/5911 6773/4967
f 107/5000 6456/6941 6780/5001
f 6782/6942 6780/5001 6456/6941
f 6786/5913 6787/6943 1708/4970
f 6785/4969 1708/4970 6787/6943
f 6791/6944 6783/4968 6444/5844
f 411/4866 6444/5844 6783/4968
f 6793/4972 1712/4973 6796/6945
f 6794/5915 6796/6945 1712/4973
f 6800/4978 434/4979 6803/6946
f 6801/5922 6803/6946 434/4979
f 6807/4976 1714/4977 6809/6947
f 6808/5918 6809/6947 1714/4977
f 5043/6948 330/5920 6814/6949
f 6812/5919 6814/6949 330/5920
f 6820/6950 6817/4980 6818/5921
f 1716/4981 6818/5921 6817/4980
f 6824/6951 5081/6952 6467/6953
f 71/6954 6467/6953 5081/6952
f 6827/4983 1718/4984 6830/6955
f 6828/5923 6830/6955 1718/4984
f 6834/6956 6825/4982 6503/6957
f 415/4869 6503/6957 6825/4982
f 6838/4986 1722/4987 6840/6958
f 6839/5924 6840/6958 1722/4987
f 6848/6959 6845/4992 6846/5930
f 436/4993 6846/5930 6845/4992
f 6854/6960 6852/4990 6853/5927
f 1725/4991 6853/5927 6852/4990
f 6860/6961 6635/3058 6858/5928
f 422/5881 6858/5928 6635/3058
f 6866/6962 6863/4994 6864/5929
f 1727/4995 6864/5929 6863/4994
f 6870/6963 6622/3050 6571/5870
f 109/5871 6571/5870 6622/3050
f 1728/4999 6874/5931 6873/4998
f 6875/6964 6873/4998 6874/5931
f 418/4997 6557/5868 6871/4996
f 6879/6965 6871/4996 6557/5868
f 6881/5002 1731/5003 6883/6966
f 6882/5933 6883/6966 1731/5003
f 6887/5007 438/5008 6890/6967
f 6888/5939 6890/6967 438/5008
f 6893/5006 1733/5005 6895/6968
f 6894/5936 6895/6968 1733/5005
f 6617/4912 424/4913 6900/6969
f 6898/5937 6900/6969 424/4913
f 6903/5009 1736/5010 6906/6970
f 6904/5938 6906/6970 1736/5010
f 6655/4924 111/4925 6911/6971
f 6909/6972 6911/6971 111/4925
f 6915/5013 1738/5014 6917/6973
f 6916/5940 6917/6973 1738/5014
f 6922/6974 6913/5011 6920/5941
f 437/5012 6920/5941 6913/5011
f 1741/5016 6926/5942 6925/5017
f 6927/6975 6925/5017 6926/5942
f 439/6976 6932/6977 6931/6978
f 6934/6979 6931/6978 6932/6977
f 1743/5020 6938/5944 6937/5021
f 6939/6980 6937/5021 6938/5944
f 6943/6981 439/6976 6945/6982
f 6931/6978 6945/6982 439/6976
f 1744/5023 6948/5946 6947/5022
f 6949/6983 6947/5022 6948/5946
f 6943/6981 6953/6984 439/6976
f 6932/6977 439/6976 6953/6984
f 6956/5024 1748/5025 6958/6985
f 6957/5947 6958/6985 1748/5025
f 6963/6986 441/6987 6966/6988
f 6964/6989 6966/6988 441/6987
f 6970/5948 6972/6990 1751/5029
f 6969/5028 1751/5029 6972/6990
f 6963/6986 6978/6991 441/6987
f 6976/6992 441/6987 6978/6991
f 6983/6993 6981/5032 6982/5949
f 1752/5033 6982/5949 6981/5032
f 6987/6994 6964/6989 6976/6992
f 441/6987 6976/6992 6964/6989
f 1755/5035 6990/5950 6989/5036
f 6991/6995 6989/5036 6990/5950
f 6998/6996 6995/5040 6996/5954
f 443/5041 6996/5954 6995/5040
f 7003/6997 7001/5038 7002/5951
f 1758/5039 7002/5951 7001/5038
f 7010/6998 7007/6999 7008/5952
f 442/5061 7008/5952 7007/6999
f 7016/7000 7013/5042 7014/5953
f 1761/5043 7014/5953 7013/5042
f 7022/7001 7020/7002 4400/6484
f 69/6486 4400/6484 7020/7002
f 7027/7003 7025/5046 7026/5955
f 1762/5047 7026/5955 7025/5046
f 7031/7004 7023/5044 4387/6481
f 286/5045 4387/6481 7023/5044
f 7034/5050 1766/5051 7036/7005
f 7035/5956 7036/7005 1766/5051
f 7041/5056 445/5057 7044/7006
f 7042/5961 7044/7006 445/5057
f 7048/5054 1769/5055 7050/7007
f 7049/5958 7050/7007 1769/5055
f 4459/6498 289/4204 7056/7008
f 7054/5959 7056/7008 289/4204
f 7059/5058 1771/5059 7062/7009
f 7060/5960 7062/7009 1771/5059
f 4447/6495 69/6486 7066/7010
f 7020/7002 7066/7010 69/6486
f 7069/5062 1772/5063 7071/7011
f 7070/5962 7071/7011 1772/5063
f 7067/5060 442/5061 7075/7012
f 7007/6999 7075/7012 442/5061
f 7079/7013 7077/5066 7078/5963
f 1775/5067 7078/5963 7077/5066
f 7084/7014 7086/7015 446/7016
f 7083/7017 446/7016 7086/7015
f 7091/7018 7089/5070 7090/5964
f 1777/5071 7090/5964 7089/5070
f 7097/7019 7095/7020 7083/7017
f 446/7016 7083/7017 7095/7020
f 7099/5074 1778/5075 7101/7021
f 7100/5966 7101/7021 1778/5075
f 7084/7014 446/7016 7105/7022
f 7095/7020 7105/7022 446/7016
f 447/7023 1784/5078 1780/3369
f 1787/3 1780/3369 1784/5078
f 450/7024 1781/5079 1793/3371
f 1794/7 1793/3371 1781/5079
f 1799/5081 1802/11 452/7025
f 1796/3373 452/7025 1802/11
f 1797/5082 1808/15 448/2
f 1788/3375 448/2 1808/15
f 1804/5083 1815/19 454/14
f 1809/3377 454/14 1815/19
f 1810/5084 1822/23 458/26
f 1821/3379 458/26 1822/23
f 1789/5085 1828/27 449/6
f 1823/3381 449/6 1828/27
f 1824/5086 1834/31 461/7026
f 1833/3383 461/7026 1834/31
f 1829/5087 1841/35 460/30
f 1835/3385 460/30 1841/35
f 465/7027 1836/5088 1847/3387
f 1848/39 1847/3387 1836/5088
f 1817/5089 1854/43 457/22
f 1849/3389 457/22 1854/43
f 1850/5090 1860/47 463/34
f 1842/3391 463/34 1860/47
f 1856/5091 1867/51 468/46
f 1861/3393 468/46 1867/51
f 1862/5092 1874/55 472/58
f 1873/3395 472/58 1874/55
f 1843/5093 1880/59 464/38
f 1875/3397 464/38 1880/59
f 1876/5094 1886/63 475/7028
f 1885/3399 475/7028 1886/63
f 477/7029 1891/5095 1888/3401
f 1894/65 1888/3401 1891/5095
f 1889/5097 1900/69 453/10
f 1803/3403 453/10 1900/69
f 481/7030 1905/5098 1902/3405
f 1908/73 1902/3405 1905/5098
f 478/68 1903/5100 1895/3407
f 1914/77 1895/3407 1903/5100
f 483/80 1910/5101 1915/3409
f 1921/83 1915/3409 1910/5101
f 1916/5102 1928/87 487/92
f 1927/3411 487/92 1928/87
f 479/72 1896/5103 1929/3413
f 1933/89 1929/3413 1896/5103
f 1930/5104 1938/95 456/18
f 1816/3415 456/18 1938/95
f 491/7031 1943/5105 1940/3417
f 1946/99 1940/3417 1943/5105
f 1941/5107 1952/103 482/76
f 1909/3419 482/76 1952/103
f 495/7032 1957/5108 1954/3421
f 1960/105 1954/3421 1957/5108
f 1955/5110 1966/111 492/98
f 1947/3423 492/98 1966/111
f 497/110 1962/5111 1967/3425
f 1973/113 1967/3425 1962/5111
f 1968/5112 1980/119 501/122
f 1979/3427 501/122 1980/119
f 1948/5113 1985/123 493/102
f 1981/3429 493/102 1985/123
f 1982/5114 1990/127 485/82
f 1922/3431 485/82 1990/127
f 1986/5115 1997/131 503/126
f 1991/3433 503/126 1997/131
f 1992/5116 2004/135 507/170
f 2003/3435 507/170 2004/135
f 1975/5117 2010/139 500/118
f 2005/3437 500/118 2010/139
f 2006/5118 2016/143 505/130
f 1998/3439 505/130 2016/143
f 510/142 2012/5119 2017/3441
f 2023/145 2017/3441 2012/5119
f 2018/5120 2030/150 514/154
f 2029/3443 514/154 2030/150
f 1999/5121 2036/155 506/134
f 2031/3445 506/134 2036/155
f 2032/5122 2042/159 517/178
f 2041/3447 517/178 2042/159
f 1934/5123 2048/163 489/94
f 2043/3449 489/94 2048/163
f 2044/5124 2054/167 467/42
f 1855/3451 467/42 2054/167
f 1923/5125 2059/171 486/86
f 2055/3453 486/86 2059/171
f 2056/5126 2064/175 519/162
f 2049/3455 519/162 2064/175
f 2060/5127 2070/179 522/174
f 2065/3457 522/174 2070/179
f 2066/5128 2076/183 525/186
f 2075/3459 525/186 2076/183
f 2050/5129 2081/187 520/166
f 2077/3461 520/166 2081/187
f 2078/5130 2086/191 470/50
f 1868/3463 470/50 2086/191
f 529/7033 2091/5131 2088/3465
f 2094/193 2088/3465 2091/5131
f 496/108 2089/5133 1961/3467
f 2100/197 1961/3467 2089/5133
f 533/7034 2105/5134 2102/3469
f 2108/201 2102/3469 2105/5134
f 530/196 2103/5135 2095/3471
f 2114/205 2095/3471 2103/5135
f 535/208 2110/5136 2115/3473
f 2121/209 2115/3473 2110/5136
f 2116/5137 2128/215 539/220
f 2127/3475 539/220 2128/215
f 531/200 2096/5138 2129/3477
f 2133/217 2129/3477 2096/5138
f 499/116 2130/5139 1974/3479
f 2138/221 1974/3479 2130/5139
f 541/224 2134/5140 2139/3481
f 2144/225 2139/3481 2134/5140
f 509/138 2140/5141 2011/3483
f 2150/229 2011/3483 2140/5141
f 538/214 2123/5142 2151/3485
f 2156/233 2151/3485 2123/5142
f 543/228 2152/5143 2145/3487
f 2162/237 2145/3487 2152/5143
f 547/240 2158/5144 2163/3489
f 2169/241 2163/3489 2158/5144
f 551/252 2164/5145 2175/3491
f 2176/245 2175/3491 2164/5145
f 544/232 2146/5146 2177/3493
f 2181/249 2177/3493 2146/5146
f 512/148 2178/5147 2024/3495
f 2186/253 2024/3495 2178/5147
f 553/256 2182/5148 2187/3497
f 2192/257 2187/3497 2182/5148
f 2198/264 2028/149 2188/5149
f 513/151 2188/5149 2028/149
f 550/248 2171/5150 2199/3499
f 2204/265 2199/3499 2171/5150
f 555/260 2200/5151 2193/3502
f 2210/272 2193/3502 2200/5151
f 2217/276 2211/3504 2206/5152
f 559/269 2206/5152 2211/3504
f 563/284 2212/5153 2223/3505
f 2224/277 2223/3505 2212/5153
f 2229/281 2225/3507 2194/5154
f 556/261 2194/5154 2225/3507
f 516/158 2226/5155 2040/160
f 2234/285 2040/160 2226/5155
f 565/288 2230/5156 2235/3509
f 2240/290 2235/3509 2230/5156
f 524/182 2236/5157 2074/184
f 2246/294 2074/184 2236/5157
f 562/280 2219/5158 2247/3512
f 2252/298 2247/3512 2219/5158
f 2241/3514 567/291 2258/302
f 2248/5159 2258/302 567/291
f 2254/5160 2265/306 571/303
f 2259/3515 571/303 2265/306
f 2260/5161 2270/310 574/313
f 2269/3517 574/313 2270/310
f 2242/5162 2275/314 568/295
f 2271/3518 568/295 2275/314
f 2272/5163 2278/317 527/190
f 2085/192 527/190 2278/317
f 2284/5165 2287/321 577/7035
f 2280/3520 577/7035 2287/321
f 580/7036 2281/5166 2293/3522
f 2294/323 2293/3522 2281/5166
f 2299/5168 2302/329 582/7037
f 2296/3524 582/7037 2302/329
f 2297/5169 2308/333 578/320
f 2288/3526 578/320 2308/333
f 584/332 2304/5170 2309/3528
f 2315/335 2309/3528 2304/5170
f 588/346 2310/5171 2321/3530
f 2322/339 2321/3530 2310/5171
f 579/326 2289/5172 2323/3532
f 2328/343 2323/3532 2289/5172
f 591/7038 2324/5173 2333/3534
f 2334/347 2333/3534 2324/5173
f 2339/5175 2342/351 593/7039
f 2336/3536 593/7039 2342/351
f 2337/5176 2348/357 583/328
f 2303/3538 583/328 2348/357
f 597/7040 2353/5177 2350/3540
f 2356/359 2350/3540 2353/5177
f 594/354 2351/5179 2343/3542
f 2362/363 2343/3542 2351/5179
f 599/366 2358/5180 2363/3544
f 2369/367 2363/3544 2358/5180
f 603/378 2364/5181 2375/3546
f 2376/373 2375/3546 2364/5181
f 595/356 2344/5182 2377/3548
f 2381/375 2377/3548 2344/5182
f 586/338 2378/5183 2316/3550
f 2386/379 2316/3550 2378/5183
f 2382/5184 2393/385 605/382
f 2387/3552 605/382 2393/385
f 609/426 2388/5185 2399/3554
f 2400/387 2399/3554 2388/5185
f 2371/5186 2406/393 602/372
f 2401/3556 602/372 2406/393
f 2402/5187 2412/397 607/384
f 2394/3558 607/384 2412/397
f 2408/5188 2419/401 612/396
f 2413/3560 612/396 2419/401
f 2414/5189 2426/405 616/408
f 2425/3562 616/408 2426/405
f 2395/5190 2432/409 608/390
f 2427/3564 608/390 2432/409
f 619/434 2428/5191 2437/3566
f 2438/413 2437/3566 2428/5191
f 590/350 2329/5192 2439/3568
f 2445/415 2439/3568 2329/5192
f 623/7041 2440/5193 2451/3570
f 2452/419 2451/3570 2440/5193
f 587/342 2317/5194 2453/3572
f 2457/423 2453/3572 2317/5194
f 621/418 2454/5195 2446/3574
f 2462/427 2446/3574 2454/5195
f 625/430 2458/5196 2463/3576
f 2468/431 2463/3576 2458/5196
f 628/442 2464/5197 2473/3578
f 2474/435 2473/3578 2464/5197
f 622/422 2447/5198 2475/3580
f 2480/439 2475/3580 2447/5198
f 631/7042 2476/5199 2485/3582
f 2486/443 2485/3582 2476/5199
f 633/7043 2491/5200 2488/3584
f 2494/447 2488/3584 2491/5200
f 598/362 2489/5202 2357/3586
f 2500/451 2357/3586 2489/5202
f 637/7044 2505/5203 2502/3588
f 2508/455 2502/3588 2505/5203
f 634/450 2503/5204 2495/3590
f 2514/459 2495/3590 2503/5204
f 639/462 2510/5205 2515/3592
f 2521/463 2515/3592 2510/5205
f 643/474 2516/5206 2527/3594
f 2528/467 2527/3594 2516/5206
f 635/454 2496/5207 2529/3596
f 2533/471 2529/3596 2496/5207
f 601/370 2530/5208 2370/3598
f 2538/475 2370/3598 2530/5208
f 2534/5209 2544/481 645/478
f 2539/3600 645/478 2544/481
f 2540/5210 2550/485 611/392
f 2407/3602 611/392 2550/485
f 642/470 2523/5211 2551/3604
f 2556/489 2551/3604 2523/5211
f 2552/5212 2562/493 647/480
f 2545/3606 647/480 2562/493
f 651/492 2558/5213 2563/3608
f 2569/495 2563/3608 2558/5213
f 655/504 2564/5214 2575/3610
f 2576/499 2575/3610 2564/5214
f 2546/5215 2581/505 648/484
f 2577/3612 648/484 2581/505
f 2578/5216 2586/509 614/400
f 2420/3614 614/400 2586/509
f 2595/514 2588/3616 2592/4477
f 659/7045 2592/4477 2588/3616
f 2602/515 2601/3619 2589/5217
f 662/7046 2589/5217 2601/3619
f 533/7047 2101/5218 2603/3620
f 2609/519 2603/3620 2101/5218
f 665/7048 2604/5219 2613/3622
f 2614/523 2613/3622 2604/5219
f 2619/5220 2622/527 667/7049
f 2616/3624 667/7049 2622/527
f 2617/5221 2626/530 529/7050
f 2091/3626 529/7050 2626/530
f 670/7051 2632/5222 2628/3628
f 2635/531 2628/3628 2632/5222
f 672/7052 2629/5223 2639/3630
f 2640/535 2639/3630 2629/5223
f 2642/3632 674/7053 2648/537
f 2646/5224 2648/537 674/7053
f 2643/5225 2652/540 675/7054
f 2651/3634 675/7054 2652/540
f 675/7054 2651/3634 2653/3636
f 2659/541 2653/3636 2651/3634
f 679/7055 2654/5226 2665/3638
f 2666/545 2665/3638 2654/5226
f 670/7051 2627/5227 2667/3640
f 2672/549 2667/3640 2627/5227
f 677/544 2668/5229 2660/3642
f 2678/553 2660/3642 2668/5229
f 682/556 2674/5230 2679/3644
f 2685/557 2679/3644 2674/5230
f 686/568 2680/5232 2691/3646
f 2692/561 2691/3646 2680/5232
f 678/548 2661/5233 2693/3648
f 2698/565 2693/3648 2661/5233
f 689/7056 2694/5234 2703/3650
f 2704/569 2703/3650 2694/5234
f 2705/3653 580/7057 2710/574
f 2293/5235 2710/574 580/7057
f 2690/563 685/564 2716/578
f 2706/5237 2716/578 685/564
f 2717/3655 591/7058 2722/581
f 2333/5238 2722/581 591/7058
f 2711/3657 691/575 2728/586
f 2718/5240 2728/586 691/575
f 695/587 2724/5241 2729/3658
f 2735/589 2729/3658 2724/5241
f 2741/3661 699/599 2742/594
f 2730/5242 2742/594 699/599
f 2743/3663 692/579 2747/598
f 2712/5243 2747/598 692/579
f 2744/5244 2752/603 688/572
f 2702/571 688/572 2752/603
f 2753/3665 697/592 2759/606
f 2733/590 2759/606 697/592
f 2765/3667 705/7059 2766/610
f 2754/5245 2766/610 705/7059
f 2772/613 2767/3668 2451/5246
f 623/7060 2451/5246 2767/3668
f 694/584 2768/5247 2723/3670
f 2776/618 2723/3670 2768/5247
f 2778/3673 709/7061 2784/620
f 2781/5248 2784/620 709/7061
f 2477/3675 631/7062 2788/623
f 2779/5249 2788/623 631/7062
f 2794/4533 2797/627 712/7063
f 2790/3676 712/7063 2797/627
f 714/7064 2791/5250 2801/3678
f 2802/629 2801/3678 2791/5250
f 716/7065 2808/5251 2804/3680
f 2810/631 2804/3680 2808/5251
f 717/7066 2805/5252 2813/3682
f 2814/633 2813/3682 2805/5252
f 2601/3619 2821/637 662/7046
f 2815/3684 662/7046 2821/637
f 721/7067 2816/5253 2827/3686
f 2828/639 2827/3686 2816/5253
f 674/7053 2641/5254 2829/3688
f 2834/643 2829/3688 2641/5254
f 719/636 2830/5256 2822/3690
f 2840/647 2822/3690 2830/5256
f 2841/3693 724/650 2847/653
f 2836/5257 2847/653 724/650
f 728/662 2842/5258 2853/3694
f 2854/656 2853/3694 2842/5258
f 720/642 2823/5259 2855/3696
f 2860/659 2855/3696 2823/5259
f 731/7068 2856/5260 2865/3698
f 2866/663 2865/3698 2856/5260
f 2665/3638 2872/669 679/7055
f 2867/3700 679/7055 2872/669
f 2835/3702 723/646 2878/673
f 2868/5261 2878/673 723/646
f 2703/3650 2884/677 689/7056
f 2879/3704 689/7056 2884/677
f 2880/5262 2890/681 733/668
f 2873/3706 733/668 2890/681
f 2886/5263 2897/684 737/680
f 2891/3708 737/680 2897/684
f 2892/5264 2904/688 741/692
f 2903/3711 741/692 2904/688
f 2874/5265 2909/693 734/672
f 2905/3712 734/672 2909/693
f 2906/5266 2914/697 726/652
f 2848/3714 726/652 2914/697
f 2748/5267 2920/701 701/602
f 2915/3716 701/602 2920/701
f 2916/5268 2926/705 736/676
f 2885/3718 736/676 2926/705
f 698/595 2737/5269 2927/3721
f 2932/707 2927/3721 2737/5269
f 2928/5271 2938/713 745/700
f 2921/3722 745/700 2938/713
f 2934/5272 2945/716 749/712
f 2939/3724 749/712 2945/716
f 2940/5273 2952/720 753/724
f 2951/3727 753/724 2952/720
f 2922/5274 2957/725 746/704
f 2953/3728 746/704 2957/725
f 2898/3731 739/685 2962/728
f 2954/5275 2962/728 739/685
f 2968/731 2963/3732 2765/3667
f 705/7059 2765/3667 2963/3732
f 748/710 2964/5276 2933/3734
f 2974/735 2933/3734 2964/5276
f 716/7065 2803/5277 2975/3736
f 2980/739 2975/3736 2803/5277
f 757/734 2976/5278 2969/3738
f 2986/743 2969/3738 2976/5278
f 761/746 2982/5279 2987/3740
f 2993/747 2987/3740 2982/5279
f 2988/5280 3000/753 765/758
f 2999/3742 765/758 3000/753
f 758/738 2970/5281 3001/3744
f 3005/755 3001/3744 2970/5281
f 2946/3747 751/717 3010/760
f 3002/5282 3010/760 751/717
f 2801/5284 3017/765 714/7069
f 3011/3748 714/7069 3017/765
f 3012/5285 3024/769 771/7070
f 3023/3750 771/7070 3024/769
f 2777/5286 3030/773 709/7071
f 3025/3752 709/7071 3030/773
f 3026/5287 3036/776 769/764
f 3018/3754 769/764 3036/776
f 3037/3757 774/777 3043/780
f 3032/5288 3043/780 774/777
f 3049/3759 778/788 3050/784
f 3038/5289 3050/784 778/788
f 3019/5290 3056/789 770/768
f 3051/3760 770/768 3056/789
f 3052/5291 3062/793 781/7072
f 3061/3762 781/7072 3062/793
f 630/446 2481/5292 3063/3764
f 3068/795 3063/3764 2481/5292
f 773/772 3064/5293 3031/3767
f 3074/802 3031/3767 3064/5293
f 627/438 2469/5294 3075/3768
f 3080/803 3075/3768 2469/5294
f 783/798 3076/5295 3069/3770
f 3086/807 3069/3770 3076/5295
f 787/810 3082/5296 3087/3772
f 3093/811 3087/3772 3082/5296
f 3100/815 3099/3775 3088/5297
f 791/819 3088/5297 3099/3775
f 3105/822 3101/3777 3070/5298
f 784/799 3070/5298 3101/3777
f 3044/3779 776/781 3110/824
f 3102/5299 3110/824 776/781
f 2433/5300 3116/829 618/412
f 3111/3780 618/412 3116/829
f 786/806 3112/5301 3081/3782
f 3122/833 3081/3782 3112/5301
f 2421/5302 3128/837 615/404
f 3123/3784 615/404 3128/837
f 3124/5303 3134/841 795/828
f 3117/3786 795/828 3134/841
f 799/840 3130/5304 3135/3789
f 3141/843 3135/3789 3130/5304
f 803/854 3136/5305 3147/3790
f 3148/847 3147/3790 3136/5305
f 3118/5306 3153/851 796/832
f 3149/3792 796/832 3153/851
f 789/814 3150/5307 3094/3794
f 3158/855 3094/3794 3150/5307
f 657/508 2582/5308 3159/3796
f 3164/859 3159/3796 2582/5308
f 798/836 3160/5309 3129/3798
f 3170/863 3129/3798 3160/5309
f 654/502 2571/5310 3171/3800
f 3176/867 3171/3800 2571/5310
f 807/862 3172/5311 3165/3802
f 3182/871 3165/3802 3172/5311
f 811/874 3178/5312 3183/3804
f 3189/875 3183/3804 3178/5312
f 815/886 3184/5313 3195/3806
f 3196/879 3195/3806 3184/5313
f 808/866 3166/5314 3197/3808
f 3201/883 3197/3808 3166/5314
f 3206/890 3142/3811 3198/5315
f 801/846 3198/5315 3142/3811
f 3057/5316 3213/892 780/792
f 3207/3813 780/792 3213/892
f 3208/5317 3220/896 821/7073
f 3219/3815 821/7073 3220/896
f 3045/5318 3226/900 777/785
f 3221/3816 777/785 3226/900
f 3222/5319 3232/905 819/893
f 3214/3818 819/893 3232/905
f 3228/5321 3239/909 824/904
f 3233/3820 824/904 3239/909
f 3234/5322 3246/913 828/917
f 3245/3822 828/917 3246/913
f 3247/3825 820/897 3252/916
f 3215/5323 3252/916 820/897
f 3257/3827 831/7074 3258/920
f 3248/5324 3258/920 831/7074
f 793/825 3106/5325 3259/3828
f 3265/923 3259/3828 3106/5325
f 835/1191 3260/5326 3271/1192
f 3272/927 3271/1192 3260/5326
f 790/818 3095/5327 3273/3831
f 3278/931 3273/3831 3095/5327
f 833/926 3274/5328 3266/3834
f 3284/938 3266/3834 3274/5328
f 3291/942 3285/3836 3280/5329
f 838/935 3280/5329 3285/3836
f 3298/946 3297/3838 3286/5330
f 842/947 3286/5330 3297/3838
f 834/930 3267/5331 3299/3840
f 3304/950 3299/3840 3267/5331
f 3310/954 3309/1202 3300/5332
f 845/1200 3300/5332 3309/1202
f 805/858 3154/5333 3311/3842
f 3316/955 3311/3842 3154/5333
f 837/934 3312/5334 3279/3845
f 3322/962 3279/3845 3312/5334
f 802/850 3143/5335 3323/3846
f 3328/963 3323/3846 3143/5335
f 847/958 3324/5336 3317/3848
f 3334/967 3317/3848 3324/5336
f 851/970 3330/5337 3335/3851
f 3341/971 3335/3851 3330/5337
f 3336/5338 3348/977 855/982
f 3347/3852 855/982 3348/977
f 3353/979 3349/3854 3318/5339
f 848/959 3318/5339 3349/3854
f 3358/985 3292/3857 3350/5340
f 840/939 3350/5340 3292/3857
f 3364/990 3359/3858 3202/5341
f 817/887 3202/5341 3359/3858
f 850/966 3360/5342 3329/3860
f 3370/991 3329/3860 3360/5342
f 814/882 3191/5343 3371/3862
f 3376/995 3371/3862 3191/5343
f 859/987 3372/5344 3365/3864
f 3382/1002 3365/3864 3372/5344
f 3389/1006 3383/3867 3378/5345
f 863/999 3378/5345 3383/3867
f 867/1014 3384/5346 3395/3868
f 3396/1007 3395/3868 3384/5346
f 860/994 3366/5347 3397/3870
f 3401/1011 3397/3870 3366/5347
f 853/974 3398/5348 3342/3872
f 3406/1015 3342/3872 3398/5348
f 3407/3875 830/921 3413/1020
f 3253/5349 3413/1020 830/921
f 3419/3877 873/7075 3420/1024
f 3408/5350 3420/1024 873/7075
f 3241/5352 3426/1029 827/912
f 3421/3878 827/912 3426/1029
f 3422/5353 3432/1033 871/1021
f 3414/3880 871/1021 3432/1033
f 3428/5354 3439/1037 876/1032
f 3433/3882 876/1032 3439/1037
f 3434/5355 3446/1041 880/1044
f 3445/3884 880/1044 3446/1041
f 3447/3886 872/1025 3452/1045
f 3415/5356 3452/1045 872/1025
f 3457/3889 883/7076 3458/1049
f 3448/5357 3458/1049 883/7076
f 3463/5359 3466/1053 885/7077
f 3460/3890 885/7077 3466/1053
f 3461/5360 3472/1056 875/1028
f 3427/3892 875/1028 3472/1056
f 889/7078 3477/5361 3474/3894
f 3480/1059 3474/3894 3477/5361
f 3475/5363 3486/1063 886/1052
f 3467/3896 886/1052 3486/1063
f 891/1066 3482/5364 3487/3898
f 3493/1067 3487/3898 3482/5364
f 3499/3901 895/1077 3500/1074
f 3488/5365 3500/1074 895/1077
f 3501/3903 887/1057 3505/1076
f 3468/5366 3505/1076 887/1057
f 3440/3905 878/1036 3510/1080
f 3502/5367 3510/1080 878/1036
f 899/7079 3515/5368 3512/3906
f 3518/1083 3512/3906 3515/5368
f 890/1062 3513/5370 3481/3908
f 3524/1087 3481/3908 3513/5370
f 903/7080 3529/5371 3526/3910
f 3532/1094 3526/3910 3529/5371
f 900/1086 3527/5372 3519/3912
f 3538/1095 3519/3912 3527/5372
f 905/1098 3534/5373 3539/3914
f 3545/1102 3539/3914 3534/5373
f 909/1107 3540/5374 3551/3917
f 3552/1103 3551/3917 3540/5374
f 3557/1110 3553/3919 3520/5375
f 901/1090 3520/5375 3553/3919
f 3562/1114 3494/3921 3554/5376
f 893/1070 3554/5376 3494/3921
f 3453/5377 3569/1117 882/1048
f 3563/3922 882/1048 3569/1117
f 3564/5378 3576/1121 915/7081
f 3575/3924 915/7081 3576/1121
f 3577/3927 879/1040 3581/1123
f 3441/5379 3581/1123 879/1040
f 3570/3929 913/1116 3586/1126
f 3578/5380 3586/1126 913/1116
f 917/1127 3582/5381 3587/3930
f 3592/1129 3587/3930 3582/5381
f 919/1137 3588/5382 3595/3932
f 3596/1131 3595/3932 3588/5382
f 3597/3933 914/1120 3602/1134
f 3571/5383 3602/1134 914/1120
f 921/7082 3598/5384 3605/3935
f 3606/1138 3605/3935 3598/5384
f 903/7080 3525/5385 3607/3937
f 3613/1141 3607/3937 3525/5385
f 3619/3940 925/7083 3620/1147
f 3608/5386 3620/1147 925/7083
f 899/7079 3511/5387 3621/3941
f 3626/1149 3621/3941 3511/5387
f 3614/3944 923/1144 3632/1154
f 3622/5388 3632/1154 923/1144
f 3633/3946 928/1155 3639/1158
f 3628/5389 3639/1158 928/1155
f 3645/3948 932/1167 3646/1162
f 3634/5390 3646/1162 932/1167
f 3615/5391 3652/1166 924/1146
f 3647/3950 924/1146 3652/1166
f 3648/5392 3658/1171 935/7084
f 3657/3951 935/7084 3658/1171
f 889/7078 3473/5393 3659/3953
f 3664/1173 3659/3953 3473/5393
f 927/1152 3660/5394 3627/3956
f 3670/1180 3627/3956 3660/5394
f 3671/3958 885/7077 3675/1182
f 3459/5395 3675/1182 885/7077
f 3672/5396 3680/1186 937/1176
f 3665/3960 937/1176 3680/1186
f 3676/5397 3686/1189 940/1185
f 3681/3961 940/1185 3686/1189
f 3690/1194 3689/3963 3682/5398
f 942/1195 3682/5398 3689/3963
f 3695/1198 3691/3964 3666/5399
f 938/1177 3666/5399 3691/3964
f 3640/3966 930/1159 3698/1201
f 3692/5400 3698/1201 930/1159
f 869/1018 3402/5401 3699/3967
f 3704/1203 3699/3967 3402/5401
f 854/976 3700/5402 3346/978
f 3710/1207 3346/978 3700/5402
f 3716/1214 3711/3970 3391/5403
f 866/1010 3391/5403 3711/3970
f 945/1206 3712/5404 3705/3971
f 3722/1215 3705/3971 3712/5404
f 949/1218 3718/5405 3723/3973
f 3729/1222 3723/3973 3718/5405
f 953/1230 3724/5406 3735/3975
f 3736/1223 3735/3975 3724/5406
f 946/1210 3706/5407 3737/3977
f 3741/1227 3737/3977 3706/5407
f 857/984 3738/5408 3357/986
f 3746/1234 3357/986 3738/5408
f 3747/3980 934/1170 3753/1236
f 3653/5409 3753/1236 934/1170
f 3759/3981 959/7085 3760/1239
f 3748/5410 3760/1239 959/7085
f 3761/3984 931/1163 3765/1244
f 3641/5411 3765/1244 931/1163
f 3754/3986 957/1237 3770/1246
f 3762/5412 3770/1246 957/1237
f 3771/3988 961/1247 3776/1250
f 3766/5413 3776/1250 961/1247
f 963/1257 3772/5414 3779/3989
f 3780/1251 3779/3989 3772/5414
f 958/1242 3755/5415 3781/3990
f 3786/1254 3781/3990 3755/5415
f 965/7086 3782/5416 3789/3992
f 3790/1258 3789/3992 3782/5416
f 3792/3994 967/7087 3799/1263
f 3796/5417 3799/1263 967/7087
f 3793/5418 3806/1267 970/7088
f 3805/3996 970/7088 3806/1267
f 3808/3999 972/1487 3815/1270
f 3812/1489 3815/1270 972/1487
f 3819/4000 974/7089 3820/1273
f 3809/5419 3820/1273 974/7089
f 976/7090 3826/5420 3822/4002
f 3828/1275 3822/4002 3826/5420
f 977/1480 3823/5421 3831/4004
f 3832/1277 3831/4004 3823/5421
f 3837/1520 3840/1281 979/1522
f 3834/4006 979/1522 3840/1281
f 3835/5423 3846/1285 633/7091
f 2491/4008 633/7091 3846/1285
f 3851/1511 3854/1289 983/1512
f 3848/4010 983/1512 3854/1289
f 3849/5425 3860/1293 980/1280
f 3841/4012 980/1280 3860/1293
f 3856/5426 3867/1297 985/1292
f 3861/4014 985/1292 3867/1297
f 3862/5427 3874/1301 989/1304
f 3873/4016 989/1304 3874/1301
f 3842/5428 3879/1305 981/1284
f 3875/4018 981/1284 3879/1305
f 3876/5429 3884/1309 637/7092
f 2505/4020 637/7092 3884/1309
f 970/7088 3805/3996 3885/4022
f 3890/1314 3885/4022 3805/3996
f 3886/5430 3896/1316 984/1288
f 3855/4024 984/1288 3896/1316
f 3901/1319 3897/4027 3821/5432
f 976/7090 3821/5432 3897/4027
f 3891/4029 993/1311 3906/1324
f 3898/5433 3906/1324 993/1311
f 3907/4031 996/1325 3912/1328
f 3902/5434 3912/1328 996/1325
f 3917/4033 999/1337 3918/1332
f 3908/5436 3918/1332 999/1337
f 3919/4035 994/1317 3923/1336
f 3892/5437 3923/1336 994/1317
f 3920/5438 3928/1341 987/1296
f 3868/4036 987/1296 3928/1341
f 3935/1345 3929/4039 3819/4000
f 974/7089 3819/4000 3929/4039
f 3942/1350 3941/4041 3930/5439
f 1005/1543 3930/5439 3941/4041
f 3791/5440 3948/1353 967/7087
f 3943/4042 967/7087 3948/1353
f 3944/5441 3954/1357 1003/1344
f 3936/4044 1003/1344 3954/1357
f 3950/5442 3961/1361 1008/1356
f 3955/4046 1008/1356 3961/1361
f 3956/5443 3968/1364 1012/1370
f 3967/4049 1012/1370 3968/1364
f 1004/1347 3937/5444 3969/4050
f 3974/1367 3969/4050 3937/5444
f 1015/1554 3970/5445 3979/4052
f 3980/1374 3979/4052 3970/5445
f 3985/5446 3988/1376 1017/1594
f 3982/4054 1017/1594 3988/1376
f 3966/1363 1011/1365 3994/1381
f 3983/5447 3994/1381 1011/1365
f 3996/4056 1021/1586 4002/1383
f 3999/5448 4002/1383 1021/1586
f 3989/4059 1018/1377 4008/1387
f 3997/5450 4008/1387 1018/1377
f 4009/4061 1023/1390 4015/1392
f 4004/5451 4015/1392 1023/1390
f 1027/1399 4010/5452 4021/4062
f 4022/1395 4021/4062 4010/5452
f 4027/1402 4023/4065 3990/5453
f 1019/1380 3990/5453 4023/4065
f 1014/1371 4024/5454 3978/1372
f 4032/1403 3978/1372 4024/5454
f 4037/5455 4040/1409 1031/1469
f 4034/4066 1031/1469 4040/1409
f 4035/5456 4046/1413 681/7093
f 2673/4068 681/7093 4046/1413
f 4051/5457 4054/1417 1035/1459
f 4048/4070 1035/1459 4054/1417
f 4049/5458 4060/1421 1032/1408
f 4041/4072 1032/1408 4060/1421
f 4056/5459 4067/1425 1037/1420
f 4061/4074 1037/1420 4067/1425
f 4062/5460 4072/1429 1040/1432
f 4071/4076 1040/1432 4072/1429
f 4042/5461 4077/1433 1033/1412
f 4073/4078 1033/1412 4077/1433
f 4074/5462 4080/1437 684/7094
f 2686/4080 684/7094 4080/1437
f 4086/1442 4081/4083 1953/5464
f 495/7095 1953/5464 4081/4083
f 667/7096 4082/5465 2619/4084
f 4092/1443 2619/4084 4082/5465
f 491/7097 1939/5466 4093/4086
f 4098/1447 4093/4086 1939/5466
f 4104/1454 4087/4089 4094/5468
f 1043/1439 4094/5468 4087/4089
f 1047/1451 4100/5469 4105/4090
f 4111/1455 4105/4090 4100/5469
f 4115/4093 1050/1465 4116/1462
f 4106/5470 4116/1462 1050/1465
f 4117/4095 1044/1446 4121/1464
f 4088/5471 4121/1464 1044/1446
f 672/7098 4118/5472 2630/4096
f 4124/1468 2630/4096 4118/5472
f 481/7099 1901/5473 4125/4098
f 4130/1471 4125/4098 1901/5473
f 1046/1450 4126/5475 4099/4100
f 4136/1475 4099/4100 4126/5475
f 1887/5476 4141/1481 477/7100
f 4137/4102 477/7100 4141/1481
f 1053/1474 4138/5477 4131/4104
f 4146/1483 4131/4104 4138/5477
f 1056/1486 4142/5478 4147/4107
f 4152/1490 4147/4107 4142/5478
f 1059/1498 4148/5479 4157/4109
f 4158/1494 4157/4109 4148/5479
f 1054/1478 4132/5480 4159/4110
f 4163/1495 4159/4110 4132/5480
f 1049/1458 4160/5481 4112/4112
f 4168/1499 4112/4112 4160/5481
f 4170/4115 1063/7101 4176/1505
f 4173/5483 4176/1505 1063/7101
f 4171/5484 4182/1509 1036/1416
f 4055/4116 1036/1416 4182/1509
f 4187/5485 4189/1513 1067/7102
f 4184/4118 1067/7102 4189/1513
f 4185/5486 4194/1517 1064/1504
f 4177/4120 1064/1504 4194/1517
f 1068/1516 4190/5487 4195/4122
f 4200/1519 4195/4122 4190/5487
f 4204/1523 4203/4124 4196/5488
f 1070/1528 4196/5488 4203/4124
f 4178/5489 4209/1529 1065/1508
f 4205/4126 1065/1508 4209/1529
f 4206/5490 4212/1533 1039/1424
f 4068/4128 1039/1424 4212/1533
f 4213/4131 1061/1502 4219/1538
f 4164/5491 4219/1538 1061/1502
f 4214/5492 4226/1541 1075/7103
f 4225/4132 1075/7103 4226/1541
f 4231/1546 4227/4135 4153/5494
f 1058/1491 4153/5494 4227/4135
f 1073/1535 4228/5495 4220/4136
f 4236/1547 4220/4136 4228/5495
f 1077/1550 4232/5496 4237/4138
f 4242/1551 4237/4138 4232/5496
f 1079/1561 4238/5497 4245/4140
f 4246/1555 4245/4140 4238/5497
f 1074/1540 4221/5498 4247/4141
f 4252/1558 4247/4141 4221/5498
f 1081/7104 4248/5499 4255/4143
f 4256/1562 4255/4143 4248/5499
f 4257/4146 1067/7102 4262/1567
f 4183/5500 4262/1567 1067/7102
f 3949/4147 1007/1352 4268/1571
f 4258/5501 4268/1571 1007/1352
f 4169/5502 4274/1573 1063/7101
f 4269/4150 1063/7101 4274/1573
f 4270/5503 4280/1578 1083/1566
f 4263/4151 1083/1566 4280/1578
f 4281/4153 1087/1579 4287/1581
f 4276/5504 4287/1581 1087/1579
f 4282/5505 4292/1587 1090/1590
f 4291/4155 1090/1590 4292/1587
f 4264/5506 4297/1591 1084/1570
f 4293/4157 1084/1570 4297/1591
f 4294/5507 4300/1595 1010/1360
f 3962/4159 1010/1360 4300/1595
f 4306/1600 4301/4162 4225/4132
f 1075/7103 4225/4132 4301/4162
f 4312/1604 4275/4163 4302/5508
f 1086/1576 4302/5508 4275/4163
f 4318/1607 4313/4166 4013/1394
f 1025/1393 4013/1394 4313/4166
f 4314/5509 4322/1610 1081/7104
f 4249/4167 1081/7104 4322/1610
f 4285/1582 4327/1611 1089/1584
f 4323/4168 1089/1584 4327/1611
f 4330/1613 4003/4171 4324/5510
f 1022/1386 4324/5510 4003/4171
f 3006/5511 4337/1617 767/761
f 4331/4173 767/761 4337/1617
f 4343/4175 1101/7105 4344/1620
f 4332/5512 4344/1620 1101/7105
f 1103/7106 4349/5034 4346/4176
f 4352/1623 4346/4176 4349/5034
f 764/752 4347/5513 2998/754
f 4356/1627 2998/754 4347/5513
f 4362/5514 4364/1629 1106/7107
f 4358/4178 1106/7107 4364/1629
f 4359/5515 4368/1631 1107/7108
f 4367/4181 1107/7108 4368/1631
f 4374/1636 4369/4183 4343/4175
f 1101/7105 4343/4175 4369/4183
f 4380/1637 2950/719 4370/5516
f 752/721 4370/5516 2950/719
f 4357/5517 4386/1643 1106/7107
f 4381/4184 1106/7107 4386/1643
f 1109/1633 4382/5518 4375/4186
f 4392/1645 4375/4186 4382/5518
f 1113/1648 4388/5519 4393/4188
f 4399/1649 4393/4188 4388/5519
f 1117/1660 4394/5520 4405/4190
f 4406/1653 4405/4190 4394/5520
f 1110/1640 4376/5521 4407/4192
f 4411/1657 4407/4192 4376/5521
f 4416/1664 2961/727 4408/5522
f 755/729 4408/5522 2961/727
f 4417/4195 743/696 4423/1666
f 2910/5523 4423/1666 743/696
f 4429/4197 1123/7109 4430/1670
f 4418/5524 4430/1670 1123/7109
f 4431/4199 740/689 4435/1674
f 2899/5525 4435/1674 740/689
f 4424/4201 1121/1667 4440/1676
f 4432/5526 4440/1676 1121/1667
f 4441/4203 1125/1677 4446/1680
f 4436/5527 4446/1680 1125/1677
f 4451/4205 1128/1687 4452/1681
f 4442/5528 4452/1681 1128/1687
f 4453/4207 1122/1671 4458/1686
f 4425/5529 4458/1686 1122/1671
f 4463/4209 1131/7110 4464/1690
f 4454/5530 4464/1690 1131/7110
f 4470/1693 4465/4210 4429/4197
f 1123/7109 4429/4197 4465/4210
f 727/657 4466/5531 2852/655
f 4476/1699 2852/655 4466/5531
f 4478/4213 1136/7111 4484/1702
f 4481/5076 4484/1702 1136/7111
f 4455/4214 1131/7110 4488/1705
f 4479/5532 4488/1705 1131/7110
f 730/666 2861/5533 4489/4215
f 4494/1707 4489/4215 2861/5533
f 1139/7112 4490/5534 4497/4217
f 4498/1710 4497/4217 4490/5534
f 450/7024 1793/3371 4499/4219
f 4505/1712 4499/4219 1793/3371
f 1143/7113 4500/5535 4511/4221
f 4512/1717 4511/4221 4500/5535
f 4513/4224 461/7026 4518/1720
f 1833/3383 4518/1720 461/7026
f 4506/4226 1141/1713 4524/1724
f 4514/5536 4524/1724 1141/1713
f 4525/4228 1146/1725 4531/1729
f 4520/5537 4531/1729 1146/1725
f 4537/4230 1150/1736 4538/1732
f 4526/5538 4538/1732 1150/1736
f 4507/5539 4544/1737 1142/1716
f 4539/4231 1142/1716 4544/1737
f 4540/5540 4550/1741 1153/7114
f 4549/4233 1153/7114 4550/1741
f 465/7027 1847/3387 4551/4235
f 4556/1745 4551/4235 1847/3387
f 4552/5541 4562/1749 1145/1721
f 4519/4237 1145/1721 4562/1749
f 1885/3399 4568/1753 475/7028
f 4563/4239 475/7028 4568/1753
f 4564/5542 4574/1757 1155/1744
f 4557/4241 1155/1744 4574/1757
f 4570/5544 4581/1761 1159/1756
f 4575/4243 1159/1756 4581/1761
f 4576/5545 4588/1765 1163/1768
f 4587/4245 1163/1768 4588/1765
f 4558/5546 4593/1769 1156/1748
f 4589/4247 1156/1748 4593/1769
f 4590/5547 4598/1773 1148/1728
f 4532/4249 1148/1728 4598/1773
f 4599/4251 1152/1740 4605/1775
f 4545/5548 4605/1775 1152/1740
f 1169/7115 4600/5549 4611/4253
f 4612/1779 4611/4253 4600/5549
f 4613/4256 1149/1733 4618/1784
f 4533/5550 4618/1784 1149/1733
f 1167/1778 4614/5551 4606/4257
f 4624/1787 4606/4257 4614/5551
f 4625/4260 1172/1790 4631/1792
f 4620/5552 4631/1792 1172/1790
f 1176/1802 4626/5553 4637/4262
f 4638/1796 4637/4262 4626/5553
f 1168/1782 4607/5554 4639/4263
f 4644/1799 4639/4263 4607/5554
f 1179/7116 4640/5555 4649/4265
f 4650/1803 4649/4265 4640/5555
f 4651/4268 1178/1806 4657/1808
f 4645/5556 4657/1808 1178/1806
f 1183/7117 4652/5557 4663/4269
f 4664/1812 4663/4269 4652/5557
f 4665/4272 1175/1797 4670/1816
f 4633/5558 4670/1816 1175/1797
f 4658/4274 1181/1809 4676/1820
f 4666/5559 4676/1820 1181/1809
f 4677/4276 1186/1821 4683/1824
f 4672/5560 4683/1824 1186/1821
f 1190/1833 4678/5561 4689/4277
f 4690/1827 4689/4277 4678/5561
f 4691/4279 1182/1813 4696/1832
f 4659/5562 4696/1832 1182/1813
f 1193/7118 4692/5563 4701/4281
f 4702/1835 4701/4281 4692/5563
f 4704/4284 1195/1901 4710/1840
f 4707/5564 4710/1840 1195/1901
f 4671/4286 1185/1817 4716/1844
f 4705/5565 4716/1844 1185/1817
f 4718/4288 1199/1893 4724/1848
f 4721/5566 4724/1848 1199/1893
f 4711/4290 1196/1841 4730/1852
f 4719/5568 4730/1852 1196/1841
f 4731/4292 1201/1853 4737/1857
f 4726/5569 4737/1857 1201/1853
f 1205/1865 4732/5571 4743/4293
f 4744/1859 4743/4293 4732/5571
f 4745/4296 1197/1845 4749/1864
f 4712/5572 4749/1864 1197/1845
f 4684/4298 1188/1825 4754/1868
f 4746/5573 4754/1868 1188/1825
f 4594/5574 4760/1873 1165/1772
f 4755/4300 1165/1772 4760/1873
f 4619/4302 1171/1785 4766/1876
f 4756/5575 4766/1876 1171/1785
f 4583/5576 4772/1880 1162/1764
f 4767/4304 1162/1764 4772/1880
f 4761/4306 1209/1872 4778/1884
f 4768/5578 4778/1884 1209/1872
f 4779/4308 1213/1885 4785/1888
f 4774/5579 4785/1888 1213/1885
f 4789/4310 1216/1897 4790/1892
f 4780/5581 4790/1892 1216/1897
f 4791/4312 1210/1877 4795/1896
f 4762/5582 4795/1896 1210/1877
f 4632/4314 1174/1793 4798/1900
f 4792/5583 4798/1900 1174/1793
f 1192/1838 4697/5584 4799/4315
f 4805/1903 4799/4315 4697/5584
f 1221/7119 4800/5585 4811/4317
f 4812/1907 4811/4317 4800/5585
f 1189/1830 4685/5586 4813/4319
f 4818/1911 4813/4319 4685/5586
f 1219/1906 4814/5587 4806/4321
f 4824/1915 4806/4321 4814/5587
f 4825/4324 1224/1918 4831/1920
f 4820/5588 4831/1920 1224/1918
f 1227/1928 4826/5589 4835/4325
f 4836/1923 4835/4325 4826/5589
f 1220/1910 4807/5590 4837/4327
f 4842/1925 4837/4327 4807/5590
f 1229/7120 4838/5591 4845/4329
f 4846/1929 4845/4329 4838/5591
f 1207/1869 4750/5592 4847/4331
f 4852/1931 4847/4331 4750/5592
f 1223/1914 4848/5593 4819/4333
f 4858/1935 4819/4333 4848/5593
f 1204/1862 4739/5594 4859/4335
f 4864/1939 4859/4335 4739/5594
f 1231/1934 4860/5596 4853/4337
f 4870/1943 4853/4337 4860/5596
f 1235/1946 4866/5597 4871/4339
f 4877/1947 4871/4339 4866/5597
f 1238/1956 4872/5598 4881/4341
f 4882/1951 4881/4341 4872/5598
f 1232/1938 4854/5599 4883/4343
f 4887/1953 4883/4343 4854/5599
f 1226/1921 4884/5600 4832/4345
f 4890/1957 4832/4345 4884/5600
f 4896/1962 4891/4348 4735/1855
f 1203/1856 4735/1855 4891/4348
f 1234/1942 4892/5601 4865/4349
f 4902/1963 4865/4349 4892/5601
f 1200/1849 4722/1850 4903/4351
f 4908/1967 4903/4351 4722/1850
f 4914/1971 4897/4354 4904/5602
f 1241/1959 4904/5602 4897/4354
f 1245/1974 4910/5603 4915/4355
f 4921/1975 4915/4355 4910/5603
f 4926/1980 4925/4358 4916/5604
f 1248/1981 4916/5604 4925/4358
f 1242/1966 4898/5605 4927/4359
f 4931/1984 4927/4359 4898/5605
f 1237/1950 4928/5606 4878/4361
f 4934/1985 4878/4361 4928/5606
f 1215/1889 4783/1890 4935/4363
f 4940/1989 4935/4363 4783/1890
f 1244/1970 4936/5607 4909/4365
f 4946/1993 4909/4365 4936/5607
f 4947/4368 1212/1881 4951/1996
f 4770/1882 4951/1996 1212/1881
f 4941/4370 1251/1988 4956/1999
f 4948/5608 4956/1999 1251/1988
f 4952/5609 4962/2003 1254/2000
f 4957/4371 1254/2000 4962/2003
f 4965/4374 1256/2008 4966/2006
f 4958/5610 4966/2006 1256/2008
f 4942/5611 4971/2009 1252/1992
f 4967/4375 1252/1992 4971/2009
f 1247/1978 4968/5612 4922/4377
f 4974/2012 4922/4377 4968/5612
f 1259/7121 4980/5613 4976/4380
f 4983/2013 4976/4380 4980/5613
f 4977/5615 4990/2019 1262/7122
f 4989/4381 1262/7122 4990/2019
f 1264/7123 4995/5616 4992/4383
f 4998/2021 4992/4383 4995/5616
f 1260/2016 4993/5618 4984/4385
f 5004/2025 4984/4385 4993/5618
f 1266/2028 5000/5619 5005/4387
f 5011/2029 5005/4387 5000/5619
f 1270/2038 5006/5620 5017/4390
f 5018/2033 5017/4390 5006/5620
f 4985/5621 5024/2039 1261/2018
f 5019/4391 1261/2018 5024/2039
f 5020/5622 5030/2043 1273/7124
f 5029/4393 1273/7124 5030/2043
f 5025/5623 5037/2047 1272/2042
f 5031/4395 1272/2042 5037/2047
f 5032/5624 5044/2049 1277/7125
f 5043/4398 1277/7125 5044/2049
f 1269/2036 5013/5625 5045/4399
f 5050/2053 5045/4399 5013/5625
f 1275/2046 5046/5626 5038/4401
f 5056/2057 5038/4401 5046/5626
f 1280/2060 5052/5627 5057/4403
f 5063/2063 5057/4403 5052/5627
f 1284/2072 5058/5628 5069/4405
f 5070/2065 5069/4405 5058/5628
f 1276/2052 5039/5629 5071/4407
f 5076/2069 5071/4407 5039/5629
f 1287/7126 5072/5630 5081/4409
f 5082/2073 5081/4409 5072/5630
f 1289/2140 5087/5631 5084/4411
f 5090/2077 5084/4411 5087/5631
f 5085/5632 5096/2083 1279/2056
f 5051/4413 1279/2056 5096/2083
f 1293/2132 5101/5633 5098/4416
f 5104/2086 5098/4416 5101/5633
f 5099/5634 5110/2091 1290/2080
f 5091/4417 1290/2080 5110/2091
f 5106/5635 5117/2094 1295/2090
f 5111/4419 1295/2090 5117/2094
f 5112/5636 5124/2098 1299/2102
f 5123/4421 1299/2102 5124/2098
f 5092/5637 5129/2103 1291/2082
f 5125/4423 1291/2082 5129/2103
f 5126/5638 5134/2107 1282/2062
f 5064/4425 1282/2062 5134/2107
f 1303/7127 5139/5639 5136/4427
f 5142/2109 5136/4427 5139/5639
f 1265/2024 5137/5641 4999/4429
f 5148/2113 4999/4429 5137/5641
f 1307/7128 5153/5642 5150/4431
f 5156/2117 5150/4431 5153/5642
f 1304/2112 5151/5643 5143/4433
f 5162/2121 5143/4433 5151/5643
f 1309/2124 5158/5644 5163/4435
f 5169/2125 5163/4435 5158/5644
f 1312/2136 5164/5645 5173/4437
f 5174/2129 5173/4437 5164/5645
f 1305/2116 5144/5646 5175/4439
f 5179/2133 5175/4439 5144/5646
f 1268/2032 5176/5647 5012/4441
f 5182/2137 5012/4441 5176/5647
f 1286/2076 5077/5648 5183/4443
f 5189/2141 5183/4443 5077/5648
f 1317/7129 5184/5649 5195/4445
f 5196/2145 5195/4445 5184/5649
f 1283/2068 5065/5650 5197/4447
f 5202/2149 5197/4447 5065/5650
f 1315/2144 5198/5651 5190/4449
f 5208/2153 5190/4449 5198/5651
f 1320/2156 5204/5652 5209/4451
f 5215/2157 5209/4451 5204/5652
f 1323/2166 5210/5653 5219/4453
f 5220/2161 5219/4453 5210/5653
f 1316/2148 5191/5654 5221/4455
f 5226/2163 5221/4455 5191/5654
f 1325/7130 5222/5655 5229/4457
f 5230/2167 5229/4457 5222/5655
f 5130/5656 5236/2170 1301/2106
f 5231/4460 1301/2106 5236/2170
f 5203/4462 1319/2152 5242/2174
f 5232/5657 5242/2174 1319/2152
f 5243/4464 1298/2099 5248/2178
f 5119/5658 5248/2178 1298/2099
f 5237/4466 1327/2171 5254/2182
f 5244/5659 5254/2182 1327/2171
f 1331/2183 5250/5660 5255/4467
f 5261/2185 5255/4467 5250/5660
f 1334/2193 5256/5661 5265/4469
f 5266/2189 5265/4469 5256/5661
f 5267/4472 1328/2175 5271/2192
f 5238/5662 5271/2192 1328/2175
f 1322/2160 5268/5663 5216/4473
f 5274/2195 5216/4473 5268/5663
f 5282/2197 5276/4475 5279/4544
f 1337/7131 5279/4544 5276/4475
f 5288/2204 2592/4477 5277/5664
f 659/7045 5277/5664 2592/4477
f 5294/4496 5297/2207 1341/7132
f 5290/4478 1341/7132 5297/2207
f 5291/5665 5302/2210 1343/7133
f 5301/4480 1343/7133 5302/2210
f 1345/7134 5308/5666 5304/4482
f 5311/2211 5304/4482 5308/5666
f 1347/7135 5305/5667 5315/4484
f 5316/2215 5315/4484 5305/5667
f 4811/5668 5323/2219 1221/7136
f 5317/4486 1221/7136 5323/2219
f 5318/5669 5328/2222 1350/7137
f 5327/4488 1350/7137 5328/2222
f 665/7048 2613/3622 5329/4490
f 5333/2223 5329/4490 2613/3622
f 1229/7138 5330/5670 4839/4492
f 5336/2225 4839/4492 5330/5670
f 1353/7139 5341/4559 5338/4494
f 5344/2227 5338/4494 5341/4559
f 1341/7132 5339/5671 5294/4496
f 5350/2231 5294/4496 5339/5671
f 1357/7140 5355/4571 5352/4497
f 5358/2235 5352/4497 5355/4571
f 1354/2230 5353/5672 5345/4499
f 5364/2239 5345/4499 5353/5672
f 1359/2242 5360/5673 5365/4501
f 5371/2243 5365/4501 5360/5673
f 1363/2254 5366/5675 5377/4503
f 5378/2247 5377/4503 5366/5675
f 1355/2234 5346/5676 5379/4505
f 5383/2251 5379/4505 5346/5676
f 1347/7135 5380/5677 5306/4507
f 5388/2255 5306/4507 5380/5677
f 5369/2244 5394/2261 1361/2246
f 5389/4509 1361/2246 5394/2261
f 5390/5678 5400/2265 1259/7141
f 4980/4511 1259/7141 5400/2265
f 5356/2236 5406/2269 1358/2238
f 5401/4513 1358/2238 5406/2269
f 5402/5679 5412/2273 1367/2260
f 5395/4515 1367/2260 5412/2273
f 5408/5680 5419/2277 1371/2272
f 5413/4517 1371/2272 5419/2277
f 1375/2284 5414/5681 5425/4519
f 5426/2279 5425/4519 5414/5681
f 5396/5682 5431/2285 1368/2264
f 5427/4521 1368/2264 5431/2285
f 5428/5683 5436/2287 1264/7142
f 4995/4523 1264/7142 5436/2287
f 5441/4591 5444/2293 1379/7143
f 5438/4525 1379/7143 5444/2293
f 5439/5684 5450/2297 1374/2282
f 5424/2281 1374/2282 5450/2297
f 717/7066 2813/3682 5451/4527
f 5457/2299 5451/4527 2813/3682
f 1384/7144 5452/5685 5461/4529
f 5462/2303 5461/4529 5452/5685
f 1386/7145 5467/5686 5464/4531
f 5470/2305 5464/4531 5467/5686
f 5474/2310 2794/4533 5465/5687
f 712/7063 5465/5687 2794/4533
f 5149/5688 5481/2313 1307/7146
f 5475/4534 1307/7146 5481/2313
f 5476/5689 5486/2316 1390/7147
f 5485/4536 1390/7147 5486/2316
f 1377/2290 5432/5690 5487/4539
f 5491/2318 5487/4539 5432/5690
f 5494/2319 5139/4541 5488/5691
f 1303/7148 5488/5691 5139/4541
f 721/7067 2827/3686 5495/4542
f 5500/2321 5495/4542 2827/3686
f 5279/4544 1337/7131 5506/2326
f 5496/5692 5506/2326 1337/7131
f 731/7068 2865/3698 5507/4545
f 5512/2329 5507/4545 2865/3698
f 1393/2324 5508/5693 5501/4547
f 5518/2333 5501/4547 5508/5693
f 1397/2336 5514/5694 5519/4549
f 5525/2339 5519/4549 5514/5694
f 5520/5695 5532/2343 1401/2348
f 5531/4551 1401/2348 5532/2343
f 1394/2327 5502/5696 5533/4553
f 5537/2345 5533/4553 5502/5696
f 1343/7133 5534/5697 5292/4555
f 5542/2349 5292/4555 5534/5697
f 5538/5698 5548/2355 1403/2352
f 5543/4557 1403/2352 5548/2355
f 5544/5699 5554/2359 1353/7139
f 5341/4559 1353/7139 5554/2359
f 5527/5701 5560/2363 1400/2342
f 5555/4561 1400/2342 5560/2363
f 5556/5702 5566/2367 1405/2354
f 5549/4563 1405/2354 5566/2367
f 5562/5703 5573/2371 1409/2366
f 5567/4565 1409/2366 5573/2371
f 5568/5704 5580/2375 1413/2378
f 5579/4567 1413/2378 5580/2375
f 5550/5705 5585/2379 1406/2358
f 5581/4569 1406/2358 5585/2379
f 5582/5706 5590/2383 1357/7140
f 5355/4571 1357/7140 5590/2383
f 5586/5707 5596/2387 1415/2382
f 5591/4573 1415/2382 5596/2387
f 5592/5708 5602/2391 1370/2268
f 5407/4575 1370/2268 5602/2391
f 5575/5709 5608/2395 1412/2374
f 5603/4577 1412/2374 5608/2395
f 5604/5710 5614/2399 1417/2386
f 5597/4579 1417/2386 5614/2399
f 5610/5712 5621/2403 1421/2398
f 5615/4581 1421/2398 5621/2403
f 5616/5713 5628/2407 1425/2410
f 5627/4583 1425/2410 5628/2407
f 5598/5714 5633/2411 1418/2390
f 5629/4585 1418/2390 5633/2411
f 1373/2276 5630/5715 5420/4587
f 5638/2413 5420/4587 5630/5715
f 1427/2416 5634/5716 5639/4589
f 5644/2417 5639/4589 5634/5716
f 5650/2421 5441/4591 5640/5717
f 1379/7143 5640/5717 5441/4591
f 5623/5719 5656/2427 1424/2406
f 5651/4592 1424/2406 5656/2427
f 1429/2420 5652/5720 5645/4594
f 5662/2429 5645/4594 5652/5720
f 5663/4597 1433/2432 5669/2435
f 5658/5721 5669/2435 1433/2432
f 1436/2442 5664/5722 5673/4598
f 5674/2437 5673/4598 5664/5722
f 1430/2424 5646/5723 5675/4600
f 5679/2439 5675/4600 5646/5723
f 1384/7144 5676/5724 5453/4602
f 5682/2443 5453/4602 5676/5724
f 5683/4605 771/7070 5688/2446
f 3023/3750 5688/2446 771/7070
f 5684/5725 5694/2450 1386/7149
f 5467/4607 1386/7149 5694/2450
f 5695/4609 781/7072 5700/2454
f 3061/3762 5700/2454 781/7072
f 5689/4611 1439/2447 5706/2458
f 5696/5726 5706/2458 1439/2447
f 5702/5727 5713/2463 1443/2459
f 5707/4612 1443/2459 5713/2463
f 5708/5728 5720/2467 1447/2470
f 5719/4614 1447/2470 5720/2467
f 5721/4616 1440/2451 5725/2471
f 5690/5729 5725/2471 1440/2451
f 5477/4619 1390/7150 5730/2474
f 5722/5730 5730/2474 1390/7150
f 1449/2475 5726/5731 5731/4620
f 5736/2480 5731/4620 5726/5731
f 1308/2120 5732/5732 5157/4622
f 5742/2481 5157/4622 5732/5732
f 5715/5733 5748/2487 1446/2466
f 5743/4624 1446/2466 5748/2487
f 5754/2492 5737/4626 5744/5734
f 1451/2477 5744/5734 5737/4626
f 5761/2493 5755/4629 5750/5735
f 1455/2489 5750/5735 5755/4629
f 1459/2504 5756/5736 5767/4630
f 5768/2497 5767/4630 5756/5736
f 1452/2484 5738/5737 5769/4632
f 5773/2501 5769/4632 5738/5737
f 1311/2128 5770/5738 5170/4634
f 5778/2505 5170/4634 5770/5738
f 1461/2508 5774/5739 5779/4637
f 5784/2510 5779/4637 5774/5739
f 5105/4639 1294/2087 5790/2514
f 5780/5740 5790/2514 1294/2087
f 1458/2500 5763/5741 5791/4640
f 5796/2517 5791/4640 5763/5741
f 5785/4643 1463/2511 5802/2521
f 5792/5742 5802/2521 1463/2511
f 1467/2524 5798/5743 5803/4644
f 5809/2525 5803/4644 5798/5743
f 1471/2535 5804/5744 5815/4646
f 5816/2529 5815/4646 5804/5744
f 5817/4649 1464/2515 5821/2534
f 5786/5745 5821/2534 1464/2515
f 5118/4651 1297/2095 5826/2538
f 5818/5746 5826/2538 1297/2095
f 1473/2539 5822/5747 5827/4652
f 5832/2541 5827/4652 5822/5747
f 1330/2179 5828/5748 5249/4654
f 5838/2545 5249/4654 5828/5748
f 5844/2552 5839/4657 5811/5749
f 1470/2532 5811/5749 5839/4657
f 1475/2544 5840/5750 5833/4658
f 5850/2553 5833/4658 5840/5750
f 1479/2556 5846/5751 5851/4660
f 5857/2557 5851/4660 5846/5751
f 1482/2566 5852/5752 5861/4662
f 5862/2561 5861/4662 5852/5752
f 1476/2548 5834/5753 5863/4664
f 5867/2563 5863/4664 5834/5753
f 1333/2188 5864/5754 5262/4666
f 5870/2567 5262/4666 5864/5754
f 5871/4668 821/7073 5876/2571
f 3219/3815 5876/2571 821/7073
f 5701/4670 1442/2455 5882/2575
f 5872/5755 5882/2575 1442/2455
f 3257/3827 5888/2579 831/7074
f 5883/4672 831/7074 5888/2579
f 5884/5756 5894/2583 1485/2570
f 5877/4674 1485/2570 5894/2583
f 5895/4677 1489/2582 5901/2586
f 5890/5757 5901/2586 1489/2582
f 5907/4679 1493/2595 5908/2590
f 5896/5758 5908/2590 1493/2595
f 5909/4681 1486/2574 5913/2594
f 5878/5759 5913/2594 1486/2574
f 5714/4683 1445/2462 5918/2599
f 5910/5760 5918/2599 1445/2462
f 5914/5761 5925/2603 1495/2598
f 5919/4684 1495/2598 5925/2603
f 1499/7151 5920/5762 5931/4686
f 5932/2605 5931/4686 5920/5762
f 5933/4689 1492/2591 5938/2610
f 5903/5763 5938/2610 1492/2591
f 5934/5764 5944/2613 1497/2602
f 5926/4690 1497/2602 5944/2613
f 1502/2616 5940/5765 5945/4692
f 5951/2617 5945/4692 5940/5765
f 1506/2628 5946/5766 5957/4695
f 5958/2624 5957/4695 5946/5766
f 1498/2608 5927/5767 5959/4696
f 5964/2625 5959/4696 5927/5767
f 5960/5768 5970/2630 1509/7152
f 5969/4699 1509/7152 5970/2630
f 1511/2872 5975/5769 5972/4700
f 5978/2636 5972/4700 5975/5769
f 1466/2520 5973/5770 5797/4702
f 5984/2637 5797/4702 5973/5770
f 5992/2642 5986/4704 5989/5772
f 1515/2861 5989/5772 5986/4704
f 5998/2645 5979/4707 5987/5773
f 1512/2633 5987/5773 5979/4707
f 5999/4708 1517/2648 6005/2650
f 5994/5774 6005/2650 1517/2648
f 1521/2660 6000/5776 6011/4710
f 6012/2653 6011/4710 6000/5776
f 1513/2640 5980/5777 6013/4712
f 6017/2657 6013/4712 5980/5777
f 1469/2528 6014/5778 5810/4714
f 6022/2661 5810/4714 6014/5778
f 1523/2664 6018/5779 6023/4716
f 6028/2665 6023/4716 6018/5779
f 6034/2672 5845/4719 6024/5780
f 1478/2549 6024/5780 5845/4719
f 1520/2656 6007/5781 6035/4720
f 6040/2673 6035/4720 6007/5781
f 1525/2668 6036/5783 6029/4722
f 6046/2677 6029/4722 6036/5783
f 1529/2680 6042/5784 6047/4725
f 6053/2681 6047/4725 6042/5784
f 6058/2686 6057/4727 6048/5785
f 1532/2687 6048/5785 6057/4727
f 1526/2669 6030/5786 6059/4729
f 6063/2690 6059/4729 6030/5786
f 1481/2560 6060/5787 5858/4730
f 6066/2691 5858/4730 6060/5787
f 3419/3877 6072/2695 873/7075
f 6067/4732 873/7075 6072/2695
f 6068/5788 6078/2699 1488/2578
f 5889/4734 1488/2578 6078/2699
f 3457/3889 6084/2702 883/7076
f 6079/4736 883/7076 6084/2702
f 6080/5789 6090/2706 1535/2694
f 6073/4739 1535/2694 6090/2706
f 6091/4741 1539/2707 6097/2710
f 6086/5790 6097/2710 1539/2707
f 6103/4743 1543/2719 6104/2714
f 6092/5791 6104/2714 1543/2719
f 6105/4745 1536/2698 6109/2718
f 6074/5792 6109/2718 1536/2698
f 5902/4747 1491/2587 6114/2722
f 6106/5793 6114/2722 1491/2587
f 6115/4749 1545/2723 6120/2727
f 6110/5794 6120/2727 1545/2723
f 5939/4751 1501/2611 6126/2730
f 6116/5795 6126/2730 1501/2611
f 6099/5796 6132/2735 1542/2715
f 6127/4752 1542/2715 6132/2735
f 6128/5797 6138/2739 1547/2726
f 6121/4754 1547/2726 6138/2739
f 6134/5798 6145/2744 1551/2738
f 6139/4757 1551/2738 6145/2744
f 1555/2752 6140/5799 6151/4758
f 6152/2745 6151/4758 6140/5799
f 6153/4760 1548/2731 6157/2749
f 6122/5800 6157/2749 1548/2731
f 1504/2620 6154/5801 5952/4762
f 6162/2753 5952/4762 6154/5801
f 1557/2756 6158/5802 6163/4764
f 6169/2757 6163/4764 6158/5802
f 1561/7153 6164/5803 6175/4766
f 6176/2761 6175/4766 6164/5803
f 6182/2768 6177/4769 6147/5805
f 1554/2748 6147/5805 6177/4769
f 6188/2772 6170/4770 6178/5806
f 1559/2760 6178/5806 6170/4770
f 1564/2769 6184/5808 6189/4772
f 6195/2773 6189/4772 6184/5808
f 1567/2782 6190/5809 6199/4775
f 6200/2778 6199/4775 6190/5809
f 1560/2764 6171/5810 6201/4776
f 6206/2779 6201/4776 6171/5810
f 1569/7154 6202/5811 6209/4779
f 6210/2784 6209/4779 6202/5811
f 3575/3924 6216/2787 915/7081
f 6211/4780 915/7081 6216/2787
f 6212/5812 6222/2790 1538/2703
f 6085/4783 1538/2703 6222/2790
f 921/7082 3605/3935 6223/4784
f 6227/2793 6223/4784 3605/3935
f 6224/5813 6232/2796 1571/2786
f 6217/4786 1571/2786 6232/2796
f 1574/2799 6228/5814 6233/4788
f 6238/2800 6233/4788 6228/5814
f 1576/2806 6234/5815 6241/4790
f 6242/2803 6241/4790 6234/5815
f 6218/5816 6247/2807 1572/2791
f 6243/4792 1572/2791 6247/2807
f 6244/5817 6250/2809 1541/2711
f 6098/4794 1541/2711 6250/2809
f 3619/3940 6256/2813 925/7083
f 6251/4796 925/7083 6256/2813
f 1569/7154 6252/5818 6203/4798
f 6262/2815 6203/4798 6252/5818
f 3657/3951 6268/2821 935/7084
f 6263/4799 935/7084 6268/2821
f 6264/5819 6274/2825 1579/2812
f 6257/4801 1579/2812 6274/2825
f 6270/5820 6281/2829 1583/2824
f 6275/4803 1583/2824 6281/2829
f 6276/5821 6286/2832 1586/2835
f 6285/4805 1586/2835 6286/2832
f 6258/5822 6291/2836 1580/2818
f 6287/4806 1580/2818 6291/2836
f 1561/7153 6288/5823 6165/4808
f 6294/2838 6165/4808 6288/5823
f 1499/7151 5931/4686 6295/4809
f 6300/2841 6295/4809 5931/4686
f 1454/2486 6296/5824 5749/4811
f 6306/2845 5749/4811 6296/5824
f 6312/2852 6307/4814 5969/4699
f 1509/7152 5969/4699 6307/4814
f 1589/2844 6308/5825 6301/4816
f 6318/2856 6301/4816 6308/5825
f 6325/2860 6319/4818 6314/5826
f 1593/2853 6314/5826 6319/4818
f 6330/2864 6329/4820 6320/5827
f 1596/2865 6320/5827 6329/4820
f 1590/2848 6302/5828 6331/4822
f 6335/2868 6331/4822 6302/5828
f 1457/2496 6332/5829 5762/4823
f 6338/2869 5762/4823 6332/5829
f 1519/2651 6003/2652 6339/4825
f 6344/2873 6339/4825 6003/2652
f 1528/2676 6340/5830 6041/4827
f 6350/2877 6041/4827 6340/5830
f 1516/2643 5990/2644 6351/4829
f 6356/2884 6351/4829 5990/2644
f 1599/2876 6352/5831 6345/4831
f 6362/2885 6345/4831 6352/5831
f 1603/2888 6358/5832 6363/4833
f 6369/2889 6363/4833 6358/5832
f 1606/2898 6364/5834 6373/4836
f 6374/2894 6373/4836 6364/5834
f 1600/2880 6346/5835 6375/4837
f 6379/2895 6375/4837 6346/5835
f 6382/2900 6054/4840 6376/5836
f 1531/2684 6376/5836 6054/4840
f 3759/3981 6388/2901 959/7085
f 6383/4841 959/7085 6388/2901
f 6384/5837 6394/2907 1582/2820
f 6269/4843 1582/2820 6394/2907
f 965/7086 3789/3992 6395/4845
f 6399/2909 6395/4845 3789/3992
f 1609/2904 6396/5838 6389/4847
f 6404/2912 6389/4847 6396/5838
f 1612/2915 6400/5839 6405/4849
f 6410/2916 6405/4849 6400/5839
f 6406/5840 6414/2920 1614/2922
f 6413/4851 1614/2922 6414/2920
f 6390/5841 6419/2923 1610/2906
f 6415/4853 1610/2906 6419/2923
f 6416/5842 6422/2926 1585/2828
f 6282/4855 1585/2828 6422/2926
f 6428/4883 6431/2929 1617/7155
f 6424/4856 1617/7155 6431/2929
f 6425/5843 6438/2932 1620/7156
f 6437/4858 1620/7156 6438/2932
f 1622/3167 6444/5844 6440/4860
f 6447/2935 6440/4860 6444/5844
f 1624/7157 6441/5845 6451/4862
f 6452/2939 6451/4862 6441/5845
f 6458/4898 6460/2941 1626/7158
f 6454/4864 1626/7158 6460/2941
f 6455/5846 6464/2944 1627/3157
f 6463/3158 1627/3157 6464/2944
f 5195/5848 6471/2947 1317/7159
f 6465/4867 1317/7159 6471/2947
f 6466/5849 6478/2951 1631/3192
f 6477/3191 1631/3192 6478/2951
f 5229/5851 6483/2955 1325/7160
f 6479/4870 1325/7160 6483/2955
f 6480/5852 6488/2959 1629/2946
f 6472/4872 1629/2946 6488/2959
f 6484/5854 6494/2962 1633/2958
f 6489/4874 1633/2958 6494/2962
f 6490/5855 6500/2967 1636/2970
f 6499/4876 1636/2970 6500/2967
f 6473/5856 6506/2971 1630/2950
f 6501/4878 1630/2950 6506/2971
f 6502/5857 6512/2975 1639/3197
f 6511/3198 1639/3197 6512/2975
f 6507/5858 6518/2979 1638/2974
f 6513/4881 1638/2974 6518/2979
f 1617/7155 6514/5859 6428/4883
f 6524/2984 6428/4883 6514/5859
f 6495/5860 6529/2986 1635/2966
f 6525/4884 1635/2966 6529/2986
f 6526/5862 6534/2991 1641/2978
f 6519/4886 1641/2978 6534/2991
f 6530/5864 6540/2995 1644/2990
f 6535/4888 1644/2990 6540/2995
f 6536/5865 6544/2999 1646/3002
f 6543/4890 1646/3002 6544/2999
f 6520/5866 6549/3003 1642/2981
f 6545/4892 1642/2981 6549/3003
f 6552/3005 6442/4895 6546/5867
f 1624/7157 6546/5867 6442/4895
f 6560/3012 6554/4897 6557/5868
f 1649/3227 6557/5868 6554/4897
f 6566/3014 6458/4898 6555/5869
f 1626/7158 6555/5869 6458/4898
f 1653/3222 6571/5870 6568/4899
f 6574/3020 6568/4899 6571/5870
f 1650/3009 6569/5872 6561/4901
f 6580/3021 6561/4901 6569/5872
f 6581/4904 1655/3024 6587/3027
f 6576/5874 6587/3027 1655/3024
f 6593/4905 1659/3035 6594/3031
f 6582/5875 6594/3031 1659/3035
f 6595/4908 1651/3015 6599/3034
f 6562/5876 6599/3034 1651/3015
f 6426/4909 1620/7156 6604/3038
f 6596/5877 6604/3038 1620/7156
f 6585/3025 6611/3042 1657/3026
f 6605/4911 1657/3026 6611/3042
f 6606/5878 6618/3047 1665/3239
f 6617/4912 1665/3239 6618/3047
f 1654/3017 6572/3019 6619/4915
f 6624/3049 6619/4915 6572/3019
f 6630/3056 6612/4917 6620/5879
f 1663/3043 6620/5879 6612/4917
f 1668/3053 6626/5880 6631/4918
f 6637/3057 6631/4918 6626/5880
f 6632/5882 6644/3063 1672/3068
f 6643/4920 1672/3068 6644/3063
f 6613/5883 6650/3065 1664/3046
f 6645/4922 1664/3046 6650/3065
f 6646/5884 6656/3069 1675/3248
f 6655/4924 1675/3248 6656/3069
f 5384/5886 6663/3075 1365/7161
f 6657/4926 1365/7161 6663/3075
f 6658/5887 6670/3079 1679/3114
f 6669/4928 1679/3114 6670/3079
f 5373/5889 6675/3083 1362/7162
f 6671/4930 1362/7162 6675/3083
f 6672/5890 6680/3087 1677/3074
f 6664/4932 1677/3074 6680/3087
f 6676/5892 6686/3091 1681/3086
f 6681/4934 1681/3086 6686/3091
f 6682/5893 6692/3095 1684/3098
f 6691/4936 1684/3098 6692/3095
f 6665/5894 6698/3099 1678/3078
f 6693/4938 1678/3078 6698/3099
f 6703/4940 1687/3121 6704/3103
f 6694/5895 6704/3103 1687/3121
f 1350/7163 5327/5896 6705/4943
f 6710/3105 6705/4943 5327/5896
f 6706/5898 6716/3111 1193/7164
f 4693/4944 1193/7164 6716/3111
f 1345/7165 5303/5899 6717/4946
f 6721/3115 6717/4946 5303/5899
f 6718/5901 6726/3119 1689/3108
f 6711/4948 1689/3108 6726/3119
f 6722/5902 6732/3124 1692/3118
f 6727/4951 1692/3118 6732/3124
f 1695/3129 6728/5903 6737/4952
f 6738/3125 6737/4952 6728/5903
f 6743/3132 6739/4955 6712/5904
f 1690/3110 6712/5904 6739/4955
f 1183/7166 6740/5905 4653/4956
f 6748/3133 4653/4956 6740/5905
f 1697/3136 6744/5906 6749/4958
f 6754/3137 6749/4958 6744/5906
f 1179/7167 6750/5907 4641/4960
f 6760/3141 4641/4960 6750/5907
f 1694/3128 6733/5908 6761/4962
f 6766/3145 6761/4962 6733/5908
f 1699/3140 6762/5909 6755/4964
f 6772/3149 6755/4964 6762/5909
f 1703/3152 6768/5910 6773/4967
f 6779/3156 6773/4967 6768/5910
f 1706/3164 6774/5911 6783/4968
f 6784/3160 6783/4968 6774/5911
f 1700/3144 6756/5912 6785/4969
f 6789/3161 6785/4969 6756/5912
f 4601/4971 1169/7168 6792/3166
f 6786/5913 6792/3166 1169/7168
f 6699/5914 6799/3171 1686/3102
f 6793/4972 1686/3102 6799/3171
f 6794/5915 6806/3175 1711/7169
f 6805/4974 1711/7169 6806/3175
f 6687/5917 6811/3179 1683/3094
f 6807/4976 1683/3094 6811/3179
f 6808/5918 6816/3183 1709/3170
f 6800/4978 1709/3170 6816/3183
f 6822/3185 6817/4980 6812/5919
f 1713/3182 6812/5919 6817/4980
f 1715/3193 6818/5921 6825/4982
f 6826/3189 6825/4982 6818/5921
f 6801/5922 6832/3196 1710/3174
f 6827/4983 1710/3174 6832/3196
f 6835/4985 1717/7170 6836/3200
f 6828/5923 6836/3200 1717/7170
f 6841/5018 6844/3203 1719/7171
f 6838/4986 1719/7171 6844/3203
f 6839/5924 6850/3208 1702/3148
f 6767/4989 1702/3148 6850/3208
f 1723/7172 6855/5925 6852/4990
f 6857/3209 6852/4990 6855/5925
f 1720/3202 6853/5927 6845/4992
f 6862/3212 6845/4992 6853/5927
f 1724/3215 6858/5928 6863/4994
f 6868/3216 6863/4994 6858/5928
f 1726/3226 6864/5929 6871/4996
f 6872/3219 6871/4996 6864/5929
f 1721/3205 6846/5930 6873/4998
f 6877/3223 6873/4998 6846/5930
f 6880/3230 6780/5001 6874/5931
f 1705/3153 6874/5931 6780/5001
f 6600/5932 6886/3233 1661/3039
f 6881/5002 1661/3039 6886/3233
f 6882/5933 6892/3237 1717/7170
f 6829/5004 1717/7170 6892/3237
f 6589/5934 6897/3242 1658/3030
f 6893/5006 1658/3030 6897/3242
f 6894/5936 6902/3245 1729/3232
f 6887/5007 1729/3232 6902/3245
f 6898/5937 6908/3249 1732/3244
f 6903/5009 1732/3244 6908/3249
f 6904/5938 6914/3251 1735/3256
f 6913/5011 1735/3256 6914/3251
f 6888/5939 6919/3257 1730/3236
f 6915/5013 1730/3236 6919/3257
f 6916/5940 6924/3259 1711/7169
f 6795/5015 1711/7169 6924/3259
f 6930/3266 6925/5017 6920/5941
f 1737/3262 6920/5941 6925/5017
f 6936/3270 6841/5018 6926/5942
f 1719/7171 6926/5942 6841/5018
f 6942/3273 6937/5021 6651/5943
f 1674/3072 6651/5943 6937/5021
f 6938/5944 6946/3276 1734/3254
f 6912/3253 1734/3254 6946/3276
f 6851/5945 6951/3277 1723/7172
f 6947/5022 1723/7172 6951/3277
f 6954/3279 6642/3064 6948/5946
f 1671/3062 6948/5946 6642/3064
f 6959/5037 6962/3283 1745/7173
f 6956/5024 1745/7173 6962/3283
f 6957/5947 6968/3287 1432/2426
f 5657/5026 1432/2426 6968/3287
f 6969/5028 1107/7108 6975/3291
f 4367/4181 6975/3291 1107/7108
f 6979/5030 1750/7174 6980/3293
f 6970/5948 6980/3293 1750/7174
f 1435/2434 5667/2433 6981/5032
f 6985/3295 6981/5032 5667/2433
f 1103/7106 6982/5949 4349/5034
f 6988/3297 4349/5034 6982/5949
f 6994/3299 6989/5036 5619/2401
f 1423/2402 5619/2401 6989/5036
f 7000/3306 6959/5037 6990/5950
f 1745/7173 6990/5950 6959/5037
f 7006/3310 7001/5038 5606/2393
f 1420/2394 5606/2393 7001/5038
f 1753/3302 7002/5951 6995/5040
f 7012/3311 6995/5040 7002/5951
f 1757/3314 7008/5952 7013/5042
f 7019/3315 7013/5042 7008/5952
f 1760/3324 7014/5953 7023/5044
f 7024/3319 7023/5044 7014/5953
f 1754/3303 6996/5954 7025/5046
f 7029/3321 7025/5046 6996/5954
f 6971/5049 1750/7174 7032/3325
f 7026/5955 7032/3325 1750/7174
f 7037/5069 7040/3329 1763/7175
f 7034/5050 1763/7175 7040/3329
f 7035/5956 7046/3333 1408/2362
f 5561/5052 1408/2362 7046/3333
f 7051/5957 7053/3335 1767/7176
f 7048/5054 1767/7176 7053/3335
f 7049/5958 7058/3339 1764/3328
f 7041/5056 1764/3328 7058/3339
f 7054/5959 7064/3341 1768/3338
f 7059/5058 1768/3338 7064/3341
f 7060/5960 7068/3344 1770/3346
f 7067/5060 1770/3346 7068/3344
f 7042/5961 7073/3347 1765/3332
f 7069/5062 1765/3332 7073/3347
f 7070/5962 7076/3350 1411/2370
f 5574/5064 1411/2370 7076/3350
f 1399/2338 5523/2337 7077/5066
f 7082/3353 7077/5066 5523/2337
f 7088/3355 7037/5069 7078/5963
f 1763/7175 7078/5963 7037/5069
f 1139/7112 4497/4217 7089/5070
f 7094/3362 7089/5070 4497/4217
f 1396/2332 7090/5964 5513/5072
f 7098/3363 5513/5072 7090/5964
f 7047/5965 7103/3365 1767/7176
f 7099/5074 1767/7176 7103/3365
f 7100/5966 7106/3368 1136/7111
f 4481/5076 1136/7111 7106/3368
f 10/7177 1779/7178 1782/7179
f 1783/5967 1782/7179 1779/7178
f 1786/4 1791/5968 451/3370
f 1790/5 451/3370 1791/5968
f 1795/7180 1798/5969 113/5077
f 1785/1 113/5077 1798/5969
f 1801/12 1806/5970 455/3374
f 1805/13 455/3374 1806/5970
f 1807/16 1812/5971 117/3376
f 1811/25 117/3376 1812/5971
f 1814/20 1819/5972 459/3378
f 1818/21 459/3378 1819/5972
f 1792/8 1826/5973 116/3372
f 1825/7181 116/3372 1826/5973
f 1827/28 1831/5974 462/3382
f 1830/29 462/3382 1831/5974
f 18/3384 1832/32 1837/7182
f 1838/5975 1837/7182 1832/32
f 1840/36 1845/5976 466/3386
f 1844/37 466/3386 1845/5976
f 1820/24 1851/5977 115/3380
f 1839/33 115/3380 1851/5977
f 1853/44 1858/5978 469/3390
f 1857/45 469/3390 1858/5978
f 1859/48 1864/5979 121/3392
f 1863/57 121/3392 1864/5979
f 1866/52 1871/5980 473/3394
f 1870/53 473/3394 1871/5980
f 1846/40 1878/5981 120/3388
f 1877/7183 120/3388 1878/5981
f 1879/60 1883/5982 476/3398
f 1882/61 476/3398 1883/5982
f 2/5080 1887/7184 1800/9
f 1890/5983 1800/9 1887/7184
f 480/3402 1893/67 1897/70
f 1898/5984 1897/70 1893/67
f 122/5096 1901/7185 1892/66
f 1904/5985 1892/66 1901/7185
f 484/3406 1907/75 1911/78
f 1912/5986 1911/78 1907/75
f 125/3408 1913/79 1917/90
f 1918/5987 1917/90 1913/79
f 1920/84 1925/5988 488/3410
f 1924/85 488/3410 1925/5988
f 1899/71 1931/5989 114/3404
f 1813/17 114/3404 1931/5989
f 1932/91 1936/5990 490/3414
f 1935/93 490/3414 1936/5990
f 13/5099 1939/7186 1906/74
f 1942/5991 1906/74 1939/7186
f 1945/100 1950/5992 494/3418
f 1949/101 494/3418 1950/5992
f 126/5106 1953/7187 1944/97
f 1956/5993 1944/97 1953/7187
f 498/3422 1959/107 1963/109
f 1964/5994 1963/109 1959/107
f 1965/112 1970/5995 129/3424
f 1969/121 129/3424 1970/5995
f 1972/115 1977/5996 502/3426
f 1976/117 502/3426 1977/5996
f 1951/104 1983/5997 123/3420
f 1919/81 123/3420 1983/5997
f 1984/124 1988/5998 504/3430
f 1987/125 504/3430 1988/5998
f 1989/128 1994/5999 21/3432
f 1993/169 21/3432 1994/5999
f 1996/132 2001/6000 508/3434
f 2000/133 508/3434 2001/6000
f 1978/120 2007/6001 128/3428
f 1995/129 128/3428 2007/6001
f 2009/140 2014/6002 511/3438
f 2013/141 511/3438 2014/6002
f 2015/144 2020/6003 133/3440
f 2019/153 133/3440 2020/6003
f 515/3442 2022/147 2026/152
f 2027/6004 2026/152 2022/147
f 2002/136 2034/6006 132/3436
f 2033/177 132/3436 2034/6006
f 2035/156 2039/6007 518/3446
f 2038/157 518/3446 2039/6007
f 1937/96 2045/6009 16/3416
f 1852/41 16/3416 2045/6009
f 2047/164 2052/6010 521/3450
f 2051/165 521/3450 2052/6010
f 1926/88 2057/6011 124/3412
f 2046/161 124/3412 2057/6011
f 2058/172 2062/6012 523/3454
f 2061/173 523/3454 2062/6012
f 2063/176 2068/6013 135/3456
f 2067/185 135/3456 2068/6013
f 2069/180 2073/6014 526/3458
f 2072/181 526/3458 2073/6014
f 2053/168 2079/6016 118/3452
f 1865/49 118/3452 2079/6016
f 2080/188 2084/6017 528/3462
f 2083/189 528/3462 2084/6017
f 4/5109 2087/7188 1958/106
f 2090/6019 1958/106 2087/7188
f 532/3466 2093/195 2097/198
f 2098/6020 2097/198 2093/195
f 136/5132 2101/7189 2092/194
f 2104/6021 2092/194 2101/7189
f 536/3470 2107/203 2111/206
f 2112/6022 2111/206 2107/203
f 139/3472 2113/207 2117/218
f 2118/6024 2117/218 2113/207
f 2120/211 2125/6025 540/3474
f 2124/213 540/3474 2125/6025
f 127/3468 2099/199 1971/114
f 2131/6027 1971/114 2099/199
f 542/3478 2132/219 2135/222
f 2136/6028 2135/222 2132/219
f 2137/223 2141/6029 19/3480
f 2008/137 19/3480 2141/6029
f 545/3482 2143/227 2147/230
f 2148/6030 2147/230 2143/227
f 2126/216 2153/6031 138/3476
f 2142/226 138/3476 2153/6031
f 548/3486 2155/235 2159/238
f 2160/6032 2159/238 2155/235
f 142/3488 2161/239 2165/250
f 2166/6034 2165/250 2161/239
f 552/3490 2168/243 2172/246
f 2173/6035 2172/246 2168/243
f 130/3484 2149/231 2021/146
f 2179/6037 2021/146 2149/231
f 554/3494 2180/251 2183/254
f 2184/6038 2183/254 2180/251
f 2189/6039 2025/6005 2185/255
f 6/3496 2185/255 2025/6005
f 557/3498 2191/259 2195/263
f 2196/6040 2195/263 2191/259
f 141/3492 2174/247 2190/258
f 2201/6041 2190/258 2174/247
f 2208/6043 2207/271 2203/267
f 560/3500 2203/267 2207/271
f 2214/6044 2213/282 2209/270
f 145/3501 2209/270 2213/282
f 564/3503 2216/274 2220/278
f 2221/6045 2220/278 2216/274
f 131/3444 2197/262 2037/6008
f 2227/6047 2037/6008 2197/262
f 566/3508 2228/283 2231/286
f 2232/6048 2231/286 2228/283
f 20/3448 2233/287 2071/6015
f 2237/6049 2071/6015 2233/287
f 2243/296 569/3510 2244/6050
f 2239/289 2244/6050 569/3510
f 144/3506 2222/279 2238/292
f 2249/6051 2238/292 2222/279
f 2255/304 572/3511 2256/6053
f 2251/297 2256/6053 572/3511
f 2257/301 2262/6054 147/3513
f 2261/312 147/3513 2262/6054
f 2264/305 2268/6055 575/3516
f 2267/309 575/3516 2268/6055
f 134/3460 2245/293 2082/6018
f 2273/6057 2082/6018 2245/293
f 2274/315 2277/6058 576/3519
f 2276/316 576/3519 2277/6058
f 2279/7190 2283/6059 3/7191
f 2282/7192 3/7191 2283/6059
f 2286/322 2291/6060 581/3521
f 2290/324 581/3521 2291/6060
f 2295/7193 2298/6061 148/5164
f 2285/319 148/5164 2298/6061
f 2301/330 2306/6062 585/3525
f 2305/331 585/3525 2306/6062
f 152/3527 2307/334 2311/344
f 2312/6063 2311/344 2307/334
f 589/3529 2314/337 2318/340
f 2319/6064 2318/340 2314/337
f 151/3523 2292/325 2325/7194
f 2326/6065 2325/7194 2292/325
f 592/3533 2327/345 2330/348
f 2331/6066 2330/348 2327/345
f 2335/7195 2338/6067 14/5167
f 2300/327 14/5167 2338/6067
f 2341/353 2346/6068 596/3537
f 2345/355 596/3537 2346/6068
f 153/5174 2349/7196 2340/352
f 2352/6069 2340/352 2349/7196
f 600/3541 2355/361 2359/364
f 2360/6070 2359/364 2355/361
f 156/3543 2361/365 2365/376
f 2366/6071 2365/376 2361/365
f 604/3545 2368/369 2372/371
f 2373/6072 2372/371 2368/369
f 2347/358 2379/6073 149/3539
f 2313/336 149/3539 2379/6073
f 606/3549 2380/377 2383/380
f 2384/6074 2383/380 2380/377
f 29/3551 2385/381 2389/424
f 2390/6075 2389/424 2385/381
f 2392/386 2397/6076 610/3553
f 2396/388 610/3553 2397/6076
f 2374/374 2403/6077 155/3547
f 2391/383 155/3547 2403/6077
f 2405/394 2410/6078 613/3557
f 2409/395 613/3557 2410/6078
f 2411/398 2416/6079 160/3559
f 2415/407 160/3559 2416/6079
f 2418/402 2423/6080 617/3561
f 2422/403 617/3561 2423/6080
f 159/3555 2398/389 2429/432
f 2430/6081 2429/432 2398/389
f 2431/410 2435/6082 620/3565
f 2434/411 620/3565 2435/6082
f 25/3535 2332/349 2441/7197
f 2442/6083 2441/7197 2332/349
f 624/3569 2444/417 2448/420
f 2449/6084 2448/420 2444/417
f 150/3531 2320/341 2443/416
f 2455/6085 2443/416 2320/341
f 626/3573 2456/425 2459/428
f 2460/6086 2459/428 2456/425
f 163/3575 2461/429 2465/440
f 2466/6087 2465/440 2461/429
f 629/3577 2467/433 2470/436
f 2471/6088 2470/436 2467/433
f 162/3571 2450/421 2477/7198
f 2478/6089 2477/7198 2450/421
f 632/3581 2479/441 2482/444
f 2483/6090 2482/444 2479/441
f 1/5178 2487/7199 2354/360
f 2490/6091 2354/360 2487/7199
f 636/3585 2493/449 2497/452
f 2498/6092 2497/452 2493/449
f 164/5201 2501/7200 2492/448
f 2504/6093 2492/448 2501/7200
f 640/3589 2507/457 2511/460
f 2512/6094 2511/460 2507/457
f 167/3591 2513/461 2517/472
f 2518/6096 2517/472 2513/461
f 644/3593 2520/465 2524/468
f 2525/6097 2524/468 2520/465
f 154/3587 2499/453 2367/368
f 2531/6099 2367/368 2499/453
f 646/3597 2532/473 2535/476
f 2536/6100 2535/476 2532/473
f 2537/477 2541/6101 27/3599
f 2404/391 27/3599 2541/6101
f 2543/482 2548/6102 649/3601
f 2547/483 649/3601 2548/6102
f 2526/469 2553/6103 166/3595
f 2542/479 166/3595 2553/6103
f 2555/490 2560/6104 652/3605
f 2559/491 652/3605 2560/6104
f 2561/494 2566/6106 170/3607
f 2565/503 170/3607 2566/6106
f 656/3609 2568/497 2572/500
f 2573/6107 2572/500 2568/497
f 2549/486 2579/6109 157/3603
f 2417/399 157/3603 2579/6109
f 658/3613 2580/506 2583/507
f 2584/6110 2583/507 2580/506
f 2591/6111 2590/7201 2587/7202
f 34/7203 2587/7202 2590/7201
f 663/3617 2594/512 2598/516
f 2599/6112 2598/516 2594/512
f 15/7204 2105/7205 2605/7206
f 2606/6116 2605/7206 2105/7205
f 666/3621 2608/521 2611/524
f 2612/6118 2611/524 2608/521
f 2615/7207 2618/6119 4/7208
f 2087/7209 4/7208 2618/6119
f 2621/528 2625/6121 669/3625
f 2624/529 669/3625 2625/6121
f 12/5228 2627/5227 2630/7210
f 2631/6122 2630/7210 2627/5227
f 673/3629 2634/533 2637/536
f 2638/6123 2637/536 2634/533
f 2641/5254 2645/6125 35/5255
f 2644/7211 35/5255 2645/6125
f 2647/538 2650/6126 676/3633
f 2649/539 676/3633 2650/6126
f 35/5255 2644/7211 2655/7212
f 2656/6127 2655/7212 2644/7211
f 680/3637 2658/543 2662/546
f 2663/6128 2662/546 2658/543
f 173/3635 2632/5222 2657/542
f 2669/6129 2657/542 2632/5222
f 683/3641 2671/551 2675/554
f 2676/6130 2675/554 2671/551
f 179/3643 2677/555 2681/566
f 2682/6132 2681/566 2677/555
f 687/3645 2684/559 2688/562
f 2689/6133 2688/562 2684/559
f 178/3639 2664/547 2695/7213
f 2696/6137 2695/7213 2664/547
f 690/3649 2697/567 2700/570
f 2701/6138 2700/570 2697/567
f 3/6136 2282/7214 2687/6135
f 2707/6140 2687/6135 2282/7214
f 2713/580 693/3652 2714/6141
f 2709/573 2714/6141 693/3652
f 2708/576 151/5236 2719/6142
f 2325/7215 2719/6142 151/5236
f 696/3654 2721/583 2725/588
f 2726/6143 2725/588 2721/583
f 2731/600 182/3656 2732/6144
f 2727/585 2732/6144 182/3656
f 700/3659 2734/591 2738/596
f 2739/6145 2738/596 2734/591
f 2715/577 2745/6147 177/3647
f 2699/6139 177/3647 2745/6147
f 2749/601 702/3662 2750/6148
f 2746/597 2750/6148 702/3662
f 2755/7216 36/5270 2756/6149
f 2736/6146 2756/6149 36/5270
f 2762/612 706/3664 2763/6151
f 2758/605 2763/6151 706/3664
f 2720/582 25/5239 2769/6154
f 2441/7217 2769/6154 25/5239
f 2775/6155 2774/617 2771/615
f 708/3669 2771/615 2774/617
f 2485/7218 8/7219 2780/6157
f 2777/7220 2780/6157 8/7219
f 2786/624 711/3672 2787/6159
f 2783/619 2787/6159 711/3672
f 26/7221 2789/7222 2792/7223
f 2793/6160 2792/7223 2789/7222
f 715/3677 2796/628 2799/630
f 2800/6161 2799/630 2796/628
f 37/4603 2803/5277 2806/7224
f 2807/6163 2806/7224 2803/5277
f 718/3681 2809/632 2811/634
f 2812/6164 2811/634 2809/632
f 2590/7201 2818/6165 34/7203
f 2817/7225 34/7203 2818/6165
f 722/3685 2820/638 2824/640
f 2825/6166 2824/640 2820/638
f 2646/5224 2831/6167 174/3618
f 2819/635 174/3618 2831/6167
f 725/3689 2833/645 2837/648
f 2838/6168 2837/648 2833/645
f 190/3691 2839/649 2843/660
f 2844/6169 2843/660 2839/649
f 2846/654 2851/6170 729/3692
f 2850/658 729/3692 2851/6170
f 189/3687 2826/641 2857/7226
f 2858/6172 2857/7226 2826/641
f 732/3697 2859/661 2862/664
f 2863/6173 2862/664 2859/661
f 2655/7212 2869/6174 35/5255
f 2832/644 35/5255 2869/6174
f 2871/670 2876/6175 735/3701
f 2875/671 735/3701 2876/6175
f 2870/667 178/3639 2881/6176
f 2695/7213 2881/6176 178/3639
f 2883/678 2888/6177 738/3705
f 2887/679 738/3705 2888/6177
f 2889/682 2894/6178 193/3707
f 2893/691 193/3707 2894/6178
f 2900/690 742/3709 2901/6179
f 2896/683 2901/6179 742/3709
f 2877/674 2907/6180 187/3703
f 2845/651 187/3703 2907/6180
f 2908/694 2912/6181 744/3713
f 2911/695 744/3713 2912/6181
f 2751/604 2917/6182 33/3651
f 2882/675 33/3651 2917/6182
f 2919/702 2924/6183 747/3717
f 2923/703 747/3717 2924/6183
f 2918/699 181/3660 2929/6184
f 2740/593 2929/6184 181/3660
f 2935/711 750/3720 2936/6185
f 2931/709 2936/6185 750/3720
f 2937/714 2942/6186 196/3723
f 2941/723 196/3723 2942/6186
f 2944/715 2949/6188 754/3725
f 2948/722 754/3725 2949/6188
f 2925/706 2955/6189 191/3719
f 2895/686 191/3719 2955/6189
f 2959/730 756/3729 2960/6191
f 2956/726 2960/6191 756/3729
f 36/5270 2755/7216 2930/708
f 2965/6192 2930/708 2755/7216
f 759/3733 2967/733 2971/736
f 2972/6193 2971/736 2967/733
f 185/3666 2808/5251 2966/732
f 2977/6194 2966/732 2808/5251
f 762/3737 2979/741 2983/744
f 2984/6195 2983/744 2979/741
f 199/3739 2985/745 2989/756
f 2990/6197 2989/756 2985/745
f 2992/749 2997/6198 766/3741
f 2996/751 766/3741 2997/6198
f 194/3735 2973/737 2943/718
f 3003/6202 2943/718 2973/737
f 768/3745 3004/757 3007/762
f 3008/6203 3007/762 3004/757
f 2792/7227 3014/6204 26/7228
f 3013/7229 26/7228 3014/6204
f 3016/766 3021/6205 772/3749
f 3020/767 772/3749 3021/6205
f 2781/7230 3027/6206 183/5283
f 3015/763 183/5283 3027/6206
f 3033/778 775/3753 3034/6207
f 3029/774 3034/6207 775/3753
f 3039/787 203/3755 3040/6208
f 3035/775 3040/6208 203/3755
f 3046/786 779/3756 3047/6209
f 3042/779 3047/6209 779/3756
f 3022/770 3054/6210 202/3751
f 3053/7231 202/3751 3054/6210
f 3055/790 3059/6211 782/3761
f 3058/791 782/3761 3059/6211
f 8/3583 2484/445 3028/771
f 3065/6212 3028/771 2484/445
f 785/3765 3067/797 3071/801
f 3072/6213 3071/801 3067/797
f 161/3579 2472/437 3066/796
f 3077/6214 3066/796 2472/437
f 788/3769 3079/805 3083/808
f 3084/6215 3083/808 3079/805
f 206/3771 3085/809 3089/821
f 3090/6216 3089/821 3085/809
f 792/3773 3092/813 3096/816
f 3097/6217 3096/816 3092/813
f 3041/782 200/3766 3103/6218
f 3073/800 3103/6218 200/3766
f 3108/6219 3107/826 3104/820
f 794/3776 3104/820 3107/826
f 28/3567 2436/414 3078/804
f 3113/6220 3078/804 2436/414
f 3115/830 3120/6221 797/3781
f 3119/831 797/3781 3120/6221
f 2424/406 3125/6222 158/3563
f 3114/827 158/3563 3125/6222
f 3127/838 3132/6223 800/3785
f 3131/839 800/3785 3132/6223
f 3133/842 3138/6224 209/3787
f 3137/852 209/3787 3138/6224
f 3145/6225 3144/848 3140/845
f 804/3788 3140/845 3144/848
f 204/3783 3121/834 3091/812
f 3151/6226 3091/812 3121/834
f 806/3793 3152/853 3155/856
f 3156/6227 3155/856 3152/853
f 2585/510 3161/6228 7/3615
f 3126/835 7/3615 3161/6228
f 809/3797 3163/861 3167/864
f 3168/6229 3167/864 3163/861
f 169/3611 2574/501 3162/860
f 3173/6230 3162/860 2574/501
f 812/3801 3175/869 3179/872
f 3180/6231 3179/872 3175/869
f 212/3803 3181/873 3185/884
f 3186/6233 3185/884 3181/873
f 816/3805 3188/877 3192/880
f 3193/6234 3192/880 3188/877
f 207/3799 3169/865 3139/844
f 3199/6236 3139/844 3169/865
f 3204/6237 3203/889 3200/885
f 818/3809 3200/885 3203/889
f 3060/794 3210/6238 45/3763
f 3209/7232 45/3763 3210/6238
f 3216/898 822/3812 3217/6239
f 3212/891 3217/6239 822/3812
f 3211/894 201/3758 3223/6240
f 3048/783 3223/6240 201/3758
f 3225/899 3230/6241 825/3817
f 3229/903 825/3817 3230/6241
f 3231/906 3236/6242 216/3819
f 3235/918 216/3819 3236/6242
f 3238/910 3243/6243 829/3821
f 3242/911 829/3821 3243/6243
f 3249/7233 215/3814 3250/6244
f 3218/895 3250/6244 215/3814
f 3254/922 832/3824 3255/6245
f 3251/915 3255/6245 832/3824
f 44/3778 3109/823 3261/6326
f 3262/6246 3261/6326 3109/823
f 836/3829 3264/925 3268/928
f 3269/6247 3268/928 3264/925
f 205/3774 3098/817 3263/924
f 3275/6248 3263/924 3098/817
f 3282/6249 3281/937 3277/933
f 839/3832 3277/933 3281/937
f 3288/6250 3287/949 3283/936
f 220/3833 3283/936 3287/949
f 3295/6252 3294/945 3290/940
f 843/3835 3290/940 3294/945
f 219/3830 3270/929 3301/6329
f 3302/6253 3301/6329 3270/929
f 3307/6255 3306/953 3303/948
f 846/3839 3303/948 3306/953
f 46/3795 3157/857 3276/932
f 3313/6256 3276/932 3157/857
f 849/3843 3315/957 3319/961
f 3320/6257 3319/961 3315/957
f 208/3791 3146/849 3314/956
f 3325/6258 3314/956 3146/849
f 852/3847 3327/965 3331/968
f 3332/6259 3331/968 3327/965
f 3338/6260 3337/980 3333/969
f 223/3849 3333/969 3337/980
f 3345/6261 3344/975 3340/973
f 856/3850 3340/973 3344/975
f 3351/6263 3289/941 3321/960
f 217/3844 3321/960 3289/941
f 3352/981 3356/6264 858/3855
f 3355/983 858/3855 3356/6264
f 43/3810 3205/888 3326/964
f 3361/6266 3326/964 3205/888
f 861/3859 3363/988 3367/992
f 3368/6267 3367/992 3363/988
f 3373/6268 3362/989 3194/881
f 211/3807 3194/881 3362/989
f 864/3863 3375/997 3379/1001
f 3380/6270 3379/1001 3375/997
f 226/3865 3381/1000 3385/1012
f 3386/6271 3385/1012 3381/1000
f 3393/6273 3392/1008 3388/1004
f 868/3866 3388/1004 3392/1008
f 221/3861 3369/993 3339/972
f 3399/6274 3339/972 3369/993
f 870/3871 3400/1013 3403/1016
f 3404/6275 3403/1016 3400/1013
f 3409/7234 50/3826 3410/6276
f 3256/919 3410/6276 50/3826
f 3416/1026 874/3874 3417/6277
f 3412/1019 3417/6277 874/3874
f 3411/1022 214/3823 3423/6278
f 3244/914 3423/6278 214/3823
f 3425/1030 3430/6279 877/3879
f 3429/1031 877/3879 3430/6279
f 3431/1034 3436/6280 230/3881
f 3435/1043 230/3881 3436/6280
f 3438/1038 3443/6281 881/3883
f 3442/1039 881/3883 3443/6281
f 3449/7235 229/3876 3450/6282
f 3418/1023 3450/6282 229/3876
f 3451/1046 3455/6283 884/3887
f 3454/1047 884/3887 3455/6283
f 3459/5395 3462/6284 49/5351
f 3424/1027 49/5351 3462/6284
f 3465/1054 3470/6285 888/3891
f 3469/1058 888/3891 3470/6285
f 231/5358 3473/5393 3464/1051
f 3476/6286 3464/1051 3473/5393
f 892/3895 3479/1061 3483/1064
f 3484/6287 3483/1064 3479/1061
f 3485/1065 3490/6288 234/3897
f 3489/1078 234/3897 3490/6288
f 3497/6290 3496/1073 3492/1069
f 896/3899 3492/1069 3496/1073
f 3437/1035 227/3893 3503/6291
f 3471/1055 3503/6291 227/3893
f 3507/1082 898/3902 3508/6293
f 3504/1075 3508/6293 898/3902
f 51/5362 3511/5387 3478/1060
f 3514/6294 3478/1060 3511/5387
f 902/3907 3517/1085 3521/1088
f 3522/6295 3521/1088 3517/1085
f 235/5369 3525/5385 3516/1084
f 3528/6296 3516/1084 3525/5385
f 906/3911 3531/1092 3535/1096
f 3536/6298 3535/1096 3531/1092
f 238/3913 3537/1097 3541/1109
f 3542/6299 3541/1109 3537/1097
f 910/3915 3544/1100 3548/1104
f 3549/6301 3548/1104 3544/1100
f 232/3909 3523/1089 3491/1068
f 3555/6302 3491/1068 3523/1089
f 3560/6303 3559/1113 3556/1108
f 912/3918 3556/1108 3559/1113
f 3565/7236 55/3888 3566/6304
f 3456/1050 3566/6304 55/3888
f 3568/1118 3573/6305 916/3923
f 3572/1119 916/3923 3573/6305
f 3444/1042 3579/6306 228/3885
f 3567/1115 228/3885 3579/6306
f 3583/1128 918/3926 3584/6307
f 3580/1124 3584/6307 918/3926
f 240/3928 3585/1125 3589/1135
f 3590/6308 3589/1135 3585/1125
f 920/3931 3591/1130 3593/1132
f 3594/6309 3593/1132 3591/1130
f 3574/1122 3600/6310 239/3925
f 3599/7237 239/3925 3600/6310
f 922/3934 3601/1136 3603/1139
f 3604/6311 3603/1139 3601/1136
f 3610/6312 3609/7238 3529/5371
f 32/4778 3529/5371 3609/7238
f 3612/1143 3617/6313 926/3938
f 3616/1145 926/3938 3617/6313
f 235/5369 3515/5368 3611/1142
f 3623/6314 3611/1142 3515/5368
f 3629/1156 929/3942 3630/6315
f 3625/1151 3630/6315 929/3942
f 3635/1168 244/3943 3636/6316
f 3631/1153 3636/6316 244/3943
f 3642/1164 933/3945 3643/6317
f 3638/1157 3643/6317 933/3945
f 3649/7239 243/3939 3650/6318
f 3618/1148 3650/6318 243/3939
f 3654/1169 936/3949 3655/6319
f 3651/1165 3655/6319 936/3949
f 51/5362 3477/5361 3624/1150
f 3661/6320 3624/1150 3477/5361
f 939/3954 3663/1175 3667/1179
f 3668/6321 3667/1179 3663/1175
f 3463/5359 3673/6322 231/5358
f 3662/1174 231/5358 3673/6322
f 3674/1181 3678/6323 941/3957
f 3677/1184 941/3957 3678/6323
f 3684/6324 3683/1197 3679/1187
f 245/3959 3679/1187 3683/1197
f 3688/6325 3687/1193 3685/1190
f 943/3962 3685/1190 3687/1193
f 3637/1160 241/3955 3693/6327
f 3669/1178 3693/6327 241/3955
f 3694/1196 3697/6328 944/3965
f 3696/1199 944/3965 3697/6328
f 48/3873 3405/1017 3343/6262
f 3701/6330 3343/6262 3405/1017
f 947/3968 3703/1205 3707/1208
f 3708/6331 3707/1208 3703/1205
f 225/3869 3394/1009 3702/1204
f 3713/6332 3702/1204 3394/1009
f 3720/6334 3719/1216 3715/1212
f 950/3969 3715/1212 3719/1216
f 248/3972 3721/1217 3725/1228
f 3726/6335 3725/1228 3721/1217
f 954/3974 3728/1220 3732/1224
f 3733/6336 3732/1224 3728/1220
f 222/3853 3709/1209 3354/6265
f 3739/6338 3354/6265 3709/1209
f 956/3978 3740/1229 3743/1233
f 3744/6339 3743/1233 3740/1229
f 3656/1172 3750/6340 57/3952
f 3749/7240 57/3952 3750/6340
f 3756/1240 960/3979 3757/6341
f 3752/1235 3757/6341 960/3979
f 3751/1238 242/3947 3763/6342
f 3644/1161 3763/6342 242/3947
f 3767/1248 962/3983 3768/6343
f 3764/1243 3768/6343 962/3983
f 250/3985 3769/1245 3773/1255
f 3774/6344 3773/1255 3769/1245
f 964/3987 3775/1249 3777/1252
f 3778/6345 3777/1252 3775/1249
f 249/3982 3758/1241 3783/7241
f 3784/6346 3783/7241 3758/1241
f 966/3991 3785/1256 3787/1259
f 3788/6347 3787/1259 3785/1256
f 3791/5440 3795/6348 61/5424
f 3794/7242 61/5424 3795/6348
f 3798/1264 3803/6351 971/3995
f 3802/1265 971/3995 3803/6351
f 3810/7243 62/5493 3811/6353
f 3807/6423 3811/6353 62/5493
f 3817/1274 975/3998 3818/6354
f 3814/1269 3818/6354 975/3998
f 2/5431 3821/5432 3824/1479
f 3825/6356 3824/1479 3821/5432
f 978/4003 3827/1276 3829/1278
f 3830/6357 3829/1278 3827/1276
f 3833/6434 3836/6358 1/6436
f 2487/7244 1/6436 3836/6358
f 3839/1282 3844/6359 982/4007
f 3843/1283 982/4007 3844/6359
f 3847/6431 3850/6360 255/5422
f 3838/1279 255/5422 3850/6360
f 3853/1290 3858/6361 986/4011
f 3857/1291 986/4011 3858/6361
f 3859/1294 3864/6362 258/4013
f 3863/1303 258/4013 3864/6362
f 3866/1298 3871/6363 990/4015
f 3870/1299 990/4015 3871/6363
f 3845/1286 3877/6365 164/4009
f 2501/7245 164/4009 3877/6365
f 3878/1306 3882/6366 992/4019
f 3881/1307 992/4019 3882/6366
f 61/5424 3794/7242 3852/1287
f 3887/6368 3852/1287 3794/7242
f 3893/1318 995/4023 3894/6369
f 3889/1312 3894/6369 995/4023
f 3899/6370 3888/1313 3826/5420
f 253/3997 3826/5420 3888/1313
f 3904/6371 3903/1326 3900/1321
f 997/4026 3900/1321 3903/1326
f 3909/1338 260/4028 3910/6373
f 3905/1323 3910/6373 260/4028
f 3914/1334 1000/4030 3915/6375
f 3911/1327 3915/6375 1000/4030
f 3895/1315 3921/6378 256/4025
f 3865/1295 256/4025 3921/6378
f 3925/1339 1002/4034 3926/6380
f 3922/1335 3926/6380 1002/4034
f 3932/6381 3931/1545 3810/7243
f 62/5493 3810/7243 3931/1545
f 3939/6382 3938/1349 3934/1346
f 1006/4038 3934/1346 3938/1349
f 3796/5417 3945/6383 251/4001
f 3933/1343 251/4001 3945/6383
f 3947/1354 3952/6384 1009/4043
f 3951/1355 1009/4043 3952/6384
f 3953/1358 3958/6385 264/4045
f 3957/1368 264/4045 3958/6385
f 3960/1362 3965/6386 1013/4047
f 3964/1366 1013/4047 3965/6386
f 3972/6388 3971/1552 3940/1348
f 263/4040 3940/1348 3971/1552
f 1016/4051 3973/1369 3976/1373
f 3977/6390 3976/1373 3973/1369
f 3981/1596 3984/6391 63/4160
f 3963/6387 63/4160 3984/6391
f 3987/1375 3992/6392 1020/4055
f 3991/1379 1020/4055 3992/6392
f 3986/1378 265/4156 3998/6393
f 3995/1588 3998/6393 265/4156
f 1024/4057 4001/1385 4005/1388
f 4006/6394 4005/1388 4001/1385
f 268/4058 4007/1389 4011/1401
f 4012/6395 4011/1401 4007/1389
f 4018/1396 1028/4060 4019/6396
f 4014/1391 4019/6396 1028/4060
f 4025/6398 3975/6389 3993/1382
f 262/4048 3993/1382 3975/6389
f 4030/6399 4029/1404 4026/1400
f 1030/4064 4026/1400 4029/1404
f 12/4097 4033/1467 2670/7246
f 4036/6400 2670/7246 4033/1467
f 4039/1410 4044/6401 1034/4067
f 4043/1411 1034/4067 4044/6401
f 4047/1460 4050/6402 269/4092
f 4038/1407 269/4092 4050/6402
f 4053/1418 4058/6403 1038/4071
f 4057/1419 1038/4071 4058/6403
f 4059/1422 4064/6404 271/4073
f 4063/1431 271/4073 4064/6404
f 4066/1426 4070/6405 1041/4075
f 4069/1427 1041/4075 4070/6405
f 4045/1414 4075/6407 176/4069
f 2683/7247 176/4069 4075/6407
f 4076/1434 4079/6408 1042/4079
f 4078/1435 1042/4079 4079/6408
f 4/7248 1957/7249 2615/7250
f 4083/6410 2615/7250 1957/7249
f 4089/1444 1045/4082 4090/6411
f 4085/1440 4090/6411 1045/4082
f 4095/6412 4084/1441 1943/7251
f 126/5463 1943/7251 4084/1441
f 1048/4087 4097/1449 4101/1453
f 4102/6413 4101/1453 4097/1449
f 4108/6414 4107/1466 4103/1452
f 273/4088 4103/1452 4107/1466
f 1051/4091 4110/1457 4113/1461
f 4114/6415 4113/1461 4110/1457
f 172/4085 4091/1445 2639/7252
f 4119/6416 2639/7252 4091/1445
f 4122/1470 1052/4094 4123/6417
f 4120/1463 4123/6417 1052/4094
f 13/5467 1905/7253 4096/1448
f 4127/6418 4096/1448 1905/7253
f 1055/4099 4129/1473 4133/1476
f 4134/6419 4133/1476 4129/1473
f 122/5474 1891/7254 4128/1472
f 4139/6420 4128/1472 1891/7254
f 4140/1482 4144/6421 1057/4103
f 4143/1484 1057/4103 4144/6421
f 275/4105 4145/1485 4149/1496
f 4150/6422 4149/1496 4145/1485
f 4155/6424 4154/1493 4151/1488
f 1060/4106 4151/1488 4154/1493
f 272/4101 4135/1477 4109/1456
f 4161/6425 4109/1456 4135/1477
f 1062/4111 4162/1497 4165/1500
f 4166/6426 4165/1500 4162/1497
f 67/4113 4169/5502 4052/1415
f 4172/6427 4052/1415 4169/5502
f 4175/1506 4180/6428 1066/4114
f 4179/1507 1066/4114 4180/6428
f 4183/5500 4186/6429 276/5482
f 4174/1503 276/5482 4186/6429
f 4188/1514 4192/6430 1069/4119
f 4191/1515 1069/4119 4192/6430
f 4193/1518 4198/6432 277/4121
f 4197/1527 277/4121 4198/6432
f 1071/4123 4199/1521 4201/1524
f 4202/6433 4201/1524 4199/1521
f 4181/1510 4207/6437 270/4117
f 4065/1423 270/4117 4207/6437
f 4208/1530 4211/6439 1072/4127
f 4210/1531 1072/4127 4211/6439
f 4167/1501 4216/6440 67/4113
f 4215/7255 67/4113 4216/6440
f 4222/1539 1076/4130 4223/6441
f 4218/1536 4223/6441 1076/4130
f 4229/6442 4217/1537 4156/1492
f 274/4108 4156/1492 4217/1537
f 1078/4134 4230/1544 4233/1548
f 4234/6443 4233/1548 4230/1544
f 279/4137 4235/1549 4239/1559
f 4240/6444 4239/1559 4235/1549
f 1080/4139 4241/1553 4243/1556
f 4244/6445 4243/1556 4241/1553
f 4224/1542 4250/6446 278/4133
f 4249/4167 278/4133 4250/6446
f 1082/4142 4251/1560 4253/1563
f 4254/6447 4253/1563 4251/1560
f 61/5424 4187/5485 3946/1351
f 4259/6448 3946/1351 4187/5485
f 4261/1568 4266/6449 1085/4145
f 4265/1569 1085/4145 4266/6449
f 4173/5483 4271/6450 276/5482
f 4260/1565 276/5482 4271/6450
f 1088/4149 4273/1575 4277/1580
f 4278/6451 4277/1580 4273/1575
f 4279/1577 4284/6452 281/4152
f 4283/1589 281/4152 4284/6452
f 4286/1583 4290/6454 1091/4154
f 4289/1585 1091/4154 4290/6454
f 4267/1572 4295/6455 261/4148
f 3959/1359 261/4148 4295/6455
f 4296/1592 4299/6456 1092/4158
f 4298/1593 1092/4158 4299/6456
f 4303/6457 4272/1574 4215/7255
f 67/4113 4215/7255 4272/1574
f 4310/6461 4309/1603 4305/1598
f 1095/4161 4305/1598 4309/1603
f 4315/6462 4255/4143 4016/6397
f 65/4144 4016/6397 4255/4143
f 4317/1608 4321/6464 1097/4165
f 4320/1609 1097/4165 4321/6464
f 4325/6465 4000/1384 4288/6453
f 66/5449 4288/6453 4000/1384
f 4326/1612 4329/6466 1098/4169
f 4328/1614 1098/4169 4329/6466
f 4333/7256 41/3746 4334/6467
f 3009/759 4334/6467 41/3746
f 4340/1622 1102/4172 4341/6469
f 4336/1618 4341/6469 1102/4172
f 42/6201 4345/7257 2995/6200
f 4348/6472 2995/6200 4345/7257
f 1105/4177 4351/1625 4354/1628
f 4355/6473 4354/1628 4351/1625
f 4357/5517 4361/6475 68/5048
f 4360/7258 68/5048 4361/6475
f 4363/1630 4366/6476 1108/4179
f 4365/1632 1108/4179 4366/6476
f 4371/6477 2947/6187 4333/7256
f 41/3746 4333/7256 2947/6187
f 1111/4182 4373/1634 4377/1638
f 4378/6478 4377/1638 4373/1634
f 4383/6479 4372/1635 4362/5514
f 284/4174 4362/5514 4372/1635
f 1114/4185 4385/1644 4389/1646
f 4390/6480 4389/1646 4385/1644
f 288/4187 4391/1647 4395/1658
f 4396/6482 4395/1658 4391/1647
f 1118/4189 4398/1651 4402/1654
f 4403/6483 4402/1654 4398/1651
f 4409/6487 2958/6190 4379/1639
f 195/3726 4379/1639 2958/6190
f 1120/4193 4410/1659 4413/1663
f 4414/6488 4413/1663 4410/1659
f 2913/698 4420/6490 40/3715
f 4419/7259 40/3715 4420/6490
f 4426/1672 1124/4194 4427/6491
f 4422/1665 4427/6491 1124/4194
f 4421/1668 192/3710 4433/6492
f 2902/687 4433/6492 192/3710
f 4437/1678 1126/4198 4438/6493
f 4434/1673 4438/6493 1126/4198
f 4443/1688 291/4200 4444/6494
f 4439/1675 4444/6494 291/4200
f 4448/1682 1129/4202 4449/6496
f 4445/1679 4449/6496 1129/4202
f 4455/4214 290/4196 4456/6497
f 4428/1669 4456/6497 290/4196
f 4460/1692 1132/4206 4461/6499
f 4457/1685 4461/6499 1132/4206
f 40/3715 4419/7259 2849/6171
f 4467/6500 2849/6171 4419/7259
f 4473/1697 1135/4211 4474/6503
f 4469/1695 4474/6503 1135/4211
f 4463/4209 70/4208 4480/6505
f 4477/7260 4480/6505 70/4208
f 4486/1706 1138/4212 4487/6506
f 4483/1701 4487/6506 1138/4212
f 39/3699 2864/665 4491/7261
f 4492/6508 4491/7261 2864/665
f 1140/4216 4493/1708 4495/1709
f 4496/6509 4495/1709 4493/1708
f 10/7177 1782/7179 4501/7262
f 4502/6510 4501/7262 1782/7179
f 4508/1715 1144/4220 4509/6511
f 4504/1711 4509/6511 1144/4220
f 4503/1714 116/3372 4515/6512
f 1825/7181 4515/6512 116/3372
f 4521/1726 1147/4223 4522/6513
f 4517/1719 4522/6513 1147/4223
f 4527/1735 297/4225 4528/6514
f 4523/1723 4528/6514 297/4225
f 4534/1734 1151/4227 4535/6515
f 4530/1730 4535/6515 1151/4227
f 4510/1718 4542/6516 296/4222
f 4541/7263 296/4222 4542/6516
f 4543/1738 4547/6517 1154/4232
f 4546/1739 1154/4232 4547/6517
f 18/3384 1837/7182 4516/1722
f 4553/6518 4516/1722 1837/7182
f 4555/1746 4560/6519 1157/4236
f 4559/1747 1157/4236 4560/6519
f 1877/7183 4565/6520 120/3388
f 4554/1743 120/3388 4565/6520
f 4567/1754 4572/6521 1160/4240
f 4571/1755 1160/4240 4572/6521
f 4573/1758 4578/6522 300/4242
f 4577/1767 300/4242 4578/6522
f 4580/1762 4585/6523 1164/4244
f 4584/1763 1164/4244 4585/6523
f 4561/1750 4591/6524 294/4238
f 4529/1727 294/4238 4591/6524
f 4592/1770 4596/6525 1166/4248
f 4595/1771 1166/4248 4596/6525
f 72/4234 4548/1742 4601/7264
f 4602/6526 4601/7264 4548/1742
f 1170/4252 4604/1777 4608/1780
f 4609/6527 4608/1780 4604/1777
f 4603/1776 295/4229 4615/6528
f 4536/1731 4615/6528 295/4229
f 4621/1788 1173/4255 4622/6529
f 4617/1783 4622/6529 1173/4255
f 304/4258 4623/1789 4627/1800
f 4628/6530 4627/1800 4623/1789
f 4634/1798 1177/4259 4635/6531
f 4630/1791 4635/6531 1177/4259
f 303/4254 4610/1781 4641/7265
f 4642/6532 4641/7265 4610/1781
f 1180/4264 4643/1801 4646/1804
f 4647/6533 4646/1804 4643/1801
f 80/4266 4648/1805 4653/7266
f 4654/6534 4653/7266 4648/1805
f 4660/1814 1184/4267 4661/6535
f 4656/1807 4661/6535 1184/4267
f 4655/1810 302/4261 4667/6536
f 4636/1795 4667/6536 302/4261
f 4673/1822 1187/4271 4674/6537
f 4669/1815 4674/6537 1187/4271
f 4679/1834 308/4273 4680/6538
f 4675/1819 4680/6538 308/4273
f 4686/1828 1191/4275 4687/6539
f 4682/1823 4687/6539 1191/4275
f 307/4270 4662/1811 4693/7267
f 4694/6540 4693/7267 4662/1811
f 1194/4280 4695/1831 4698/1836
f 4699/6541 4698/1836 4695/1831
f 4668/1818 85/4313 4706/6542
f 4703/1899 4706/6542 85/4313
f 4713/1846 1198/4283 4714/6543
f 4709/1839 4714/6543 1198/4283
f 4708/1842 309/4309 4720/6544
f 4717/1891 4720/6544 309/4309
f 4727/1854 1202/4287 4728/6545
f 4723/1847 4728/6545 1202/4287
f 4733/1866 312/4289 4734/6547
f 4729/1851 4734/6547 312/4289
f 1206/4291 4736/1858 4740/1860
f 4741/6548 4740/1860 4736/1858
f 4681/1826 305/4285 4747/6550
f 4715/1843 4747/6550 305/4285
f 4751/1870 1208/4295 4752/6551
f 4748/1863 4752/6551 1208/4295
f 4616/1786 82/4250 4757/6552
f 4597/1774 4757/6552 82/4250
f 4763/1878 1211/4299 4764/6553
f 4759/1874 4764/6553 1211/4299
f 4586/1766 4769/6554 299/4246
f 4758/1871 299/4246 4769/6554
f 4775/1886 1214/4303 4776/6555
f 4771/1879 4776/6555 1214/4303
f 4781/1898 314/4305 4782/6557
f 4777/1883 4782/6557 314/4305
f 4787/1894 1217/4307 4788/6558
f 4784/1887 4788/6558 1217/4307
f 4629/1794 301/4301 4793/6560
f 4765/1875 4793/6560 301/4301
f 4796/1902 1218/4311 4797/6561
f 4794/1895 4797/6561 1218/4311
f 74/4282 4700/1837 4801/7268
f 4802/6562 4801/7268 4700/1837
f 1222/4316 4804/1905 4808/1908
f 4809/6563 4808/1908 4804/1905
f 306/4278 4688/1829 4803/1904
f 4815/6564 4803/1904 4688/1829
f 1225/4320 4817/1913 4821/1916
f 4822/6565 4821/1916 4817/1913
f 317/4322 4823/1917 4827/1926
f 4828/6566 4827/1926 4823/1917
f 4833/1924 1228/4323 4834/6567
f 4830/1919 4834/6567 1228/4323
f 316/4318 4810/1909 4839/7269
f 4840/6568 4839/7269 4810/1909
f 1230/4328 4841/1927 4843/1930
f 4844/6569 4843/1930 4841/1927
f 4816/1912 83/4297 4849/6570
f 4753/1867 4849/6570 83/4297
f 1233/4332 4851/1933 4855/1936
f 4856/6571 4855/1936 4851/1933
f 311/4294 4742/1861 4850/1932
f 4861/6572 4850/1932 4742/1861
f 1236/4336 4863/1941 4867/1944
f 4868/6573 4867/1944 4863/1941
f 319/4338 4869/1945 4873/1954
f 4874/6574 4873/1954 4869/1945
f 1239/4340 4876/1949 4879/1952
f 4880/6575 4879/1952 4876/1949
f 4829/1922 315/4334 4885/6576
f 4857/1937 4885/6576 315/4334
f 1240/4344 4886/1955 4888/1958
f 4889/6577 4888/1958 4886/1955
f 4893/6578 4862/1940 4738/6549
f 76/5595 4738/6549 4862/1940
f 1243/4347 4895/1960 4899/1964
f 4900/6579 4899/1964 4895/1960
f 310/5570 4725/6546 4894/1961
f 4905/6580 4894/1961 4725/6546
f 1246/4352 4907/1969 4911/1972
f 4912/6581 4911/1972 4907/1969
f 4918/6582 4917/1983 4913/1973
f 321/4353 4913/1973 4917/1983
f 1249/4356 4920/1977 4923/1979
f 4924/6583 4923/1979 4920/1977
f 318/4350 4901/1965 4875/1948
f 4929/6584 4875/1948 4901/1965
f 4933/6585 4932/1986 4930/1982
f 1250/4360 4930/1982 4932/1986
f 84/5567 4786/6559 4906/1968
f 4937/6586 4906/1968 4786/6559
f 4939/1990 4944/6587 1253/4364
f 4943/1991 1253/4364 4944/6587
f 313/5580 4773/6556 4938/1987
f 4949/6588 4938/1987 4773/6556
f 4950/1997 4954/6589 1255/4367
f 4953/2001 1255/4367 4954/6589
f 4959/2007 322/4369 4960/6590
f 4955/1998 4960/6590 322/4369
f 4963/2005 1257/4372 4964/6591
f 4961/2004 4964/6591 1257/4372
f 320/4366 4945/1994 4919/1976
f 4969/6592 4919/1976 4945/1994
f 4970/2010 4973/6593 1258/4376
f 4972/2011 1258/4376 4973/6593
f 4978/7270 73/7271 4979/6594
f 4975/7272 4979/6594 73/7271
f 4986/2017 1263/4379 4987/6595
f 4982/2015 4987/6595 1263/4379
f 323/5614 4991/7273 4981/2014
f 4994/6596 4981/2014 4991/7273
f 1267/4384 4997/2023 5001/2026
f 5002/6597 5001/2026 4997/2023
f 327/4386 5003/2027 5007/2037
f 5008/6598 5007/2037 5003/2027
f 1271/4388 5010/2031 5014/2034
f 5015/6599 5014/2034 5010/2031
f 4988/2020 5022/6600 326/4382
f 5021/7274 326/4382 5022/6600
f 5023/2040 5027/6601 1274/4392
f 5026/2041 1274/4392 5027/6601
f 5028/2044 5034/6602 81/4394
f 5033/7275 81/4394 5034/6602
f 5040/2050 1278/4396 5041/6603
f 5036/2048 5041/6603 1278/4396
f 5035/2045 325/4389 5047/6604
f 5016/2035 5047/6604 325/4389
f 1281/4400 5049/2055 5053/2058
f 5054/6605 5053/2058 5049/2055
f 331/4402 5055/2059 5059/2070
f 5060/6606 5059/2070 5055/2059
f 1285/4404 5062/2064 5066/2066
f 5067/6607 5066/2066 5062/2064
f 330/4397 5042/2051 5073/7276
f 5074/6608 5073/7276 5042/2051
f 1288/4408 5075/2071 5078/2074
f 5079/6609 5078/2074 5075/2071
f 89/4442 5083/2139 5048/2054
f 5086/6610 5048/2054 5083/2139
f 5089/2079 5094/6611 1292/4412
f 5093/2081 1292/4412 5094/6611
f 332/4438 5097/2131 5088/2078
f 5100/6612 5088/2078 5097/2131
f 5103/2085 5108/6613 1296/4415
f 5107/2089 1296/4415 5108/6613
f 5109/2092 5114/6614 335/4418
f 5113/2101 335/4418 5114/6614
f 5120/2100 1300/4420 5121/6615
f 5116/2093 5121/6615 1300/4420
f 5095/2084 5127/6616 328/4414
f 5061/2061 328/4414 5127/6616
f 5128/2104 5132/6617 1302/4424
f 5131/2105 1302/4424 5132/6617
f 86/5617 5135/7277 4996/2022
f 5138/6618 4996/2022 5135/7277
f 1306/4428 5141/2111 5145/2114
f 5146/6619 5145/2114 5141/2111
f 336/5640 5149/7278 5140/2110
f 5152/6620 5140/2110 5149/7278
f 1310/4432 5155/2119 5159/2122
f 5160/6621 5159/2122 5155/2119
f 338/4434 5161/2123 5165/2134
f 5166/6622 5165/2134 5161/2123
f 1313/4436 5168/2127 5171/2130
f 5172/6623 5171/2130 5168/2127
f 324/4430 5147/2115 5009/2030
f 5177/6624 5009/2030 5147/2115
f 1314/4440 5178/2135 5180/2138
f 5181/6625 5180/2138 5178/2135
f 71/4410 5080/2075 5185/7279
f 5186/6626 5185/7279 5080/2075
f 1318/4444 5188/2143 5192/2146
f 5193/6627 5192/2146 5188/2143
f 329/4406 5068/2067 5187/2142
f 5199/6628 5187/2142 5068/2067
f 1321/4448 5201/2151 5205/2154
f 5206/6629 5205/2154 5201/2151
f 341/4450 5207/2155 5211/2164
f 5212/6630 5211/2164 5207/2155
f 1324/4452 5214/2159 5217/2162
f 5218/6631 5217/2162 5214/2159
f 340/4446 5194/2147 5223/7280
f 5224/6632 5223/7280 5194/2147
f 1326/4456 5225/2165 5227/2168
f 5228/6633 5227/2168 5225/2165
f 5200/2150 87/4426 5233/6634
f 5133/2108 5233/6634 87/4426
f 5239/2176 1329/4459 5240/6635
f 5235/2169 5240/6635 1329/4459
f 5234/2172 334/4422 5245/6636
f 5122/2097 5245/6636 334/4422
f 1332/4463 5247/2177 5251/2184
f 5252/6637 5251/2184 5247/2177
f 5257/2194 343/4465 5258/6638
f 5253/2181 5258/6638 343/4465
f 1335/4468 5260/2187 5263/2190
f 5264/6639 5263/2190 5260/2187
f 5213/2158 339/4461 5269/6640
f 5241/2173 5269/6640 339/4461
f 5272/2196 1336/4471 5273/6641
f 5270/2191 5273/6641 1336/4471
f 5278/6642 2587/7202 5275/7281
f 34/7203 5275/7281 2587/7202
f 1340/4476 5281/2199 5285/2203
f 5286/6643 5285/2203 5281/2199
f 5289/7282 5293/6647 91/4556
f 5292/4555 91/4556 5293/6647
f 5296/2208 5300/6649 1344/4479
f 5299/2209 1344/4479 5300/6649
f 79/4508 5303/7283 5306/4507
f 5307/6650 5306/4507 5303/7283
f 1348/4483 5310/2213 5313/2216
f 5314/6651 5313/2216 5310/2213
f 4801/7284 5320/6653 74/7285
f 5319/7286 74/7285 5320/6653
f 5322/2220 5326/6655 1351/4487
f 5325/2221 1351/4487 5326/6655
f 15/7204 2605/7206 4845/7287
f 5331/6656 4845/7287 2605/7206
f 1352/4491 5332/2224 5334/2226
f 5335/6657 5334/2226 5332/2224
f 91/4556 5337/7288 5289/7282
f 5340/6658 5289/7282 5337/7288
f 1356/4495 5343/2229 5347/2232
f 5348/6659 5347/2232 5343/2229
f 348/4560 5351/7289 5342/2228
f 5354/6660 5342/2228 5351/7289
f 1360/4498 5357/2237 5361/2240
f 5362/6661 5361/2240 5357/2237
f 351/4500 5363/2241 5367/2252
f 5368/6663 5367/2252 5363/2241
f 1364/4502 5370/2245 5374/2248
f 5375/6664 5374/2248 5370/2245
f 345/4485 5349/2233 5315/4484
f 5381/6668 5315/4484 5349/2233
f 1366/4506 5382/2253 5385/2256
f 5386/6669 5385/2256 5382/2253
f 73/6667 5372/6665 4975/7290
f 5391/6671 4975/7290 5372/6665
f 5393/2262 5398/6672 1369/4510
f 5397/2263 1369/4510 5398/6672
f 5359/6662 5403/6673 349/5674
f 5392/2259 349/5674 5403/6673
f 5405/2270 5410/6674 1372/4514
f 5409/2271 1372/4514 5410/6674
f 5411/2274 5416/6675 354/4516
f 5415/2283 354/4516 5416/6675
f 1376/4518 5418/2278 5422/2280
f 5423/6676 5422/2280 5418/2278
f 5399/2266 5429/6678 323/4512
f 4991/7291 323/4512 5429/6678
f 1378/4522 5430/2286 5433/2288
f 5434/6679 5433/2288 5430/2286
f 5437/7292 5440/6680 92/4588
f 5421/6677 92/4588 5440/6680
f 5443/2294 5448/6683 1382/4526
f 5447/2295 1382/4526 5448/6683
f 37/4603 2806/7224 5453/4602
f 5454/6685 5453/4602 2806/7224
f 1385/4528 5456/2301 5459/2304
f 5460/6687 5459/2304 5456/2301
f 26/7221 5463/7293 2789/7222
f 5466/6688 2789/7222 5463/7293
f 1388/4532 5469/2307 5472/2309
f 5473/6689 5472/2309 5469/2307
f 5153/7294 5478/6691 78/7295
f 5477/7296 78/7295 5478/6691
f 5480/2314 5484/6693 1391/4535
f 5483/2315 1391/4535 5484/6693
f 5435/2289 5489/6694 86/4524
f 5135/7297 86/4524 5489/6694
f 5493/6695 5492/2320 5490/2317
f 1392/4538 5490/2317 5492/2320
f 5275/7281 34/7203 5497/6696
f 2817/7225 5497/6696 34/7203
f 1395/4543 5499/2323 5503/2328
f 5504/6697 5503/2328 5499/2323
f 189/3687 2857/7226 5498/2322
f 5509/6698 5498/2322 2857/7226
f 1398/4546 5511/2331 5515/2334
f 5516/6699 5515/2334 5511/2331
f 360/4548 5517/2335 5521/2346
f 5522/6700 5521/2346 5517/2335
f 5524/2340 5529/6702 1402/4550
f 5528/2341 1402/4550 5529/6702
f 5301/4480 344/4481 5535/6703
f 5505/2325 5535/6703 344/4481
f 1404/4554 5536/2347 5539/2350
f 5540/6704 5539/2350 5536/2347
f 5541/2351 5545/6705 91/4556
f 5337/7288 91/4556 5545/6705
f 5547/2356 5552/6706 1407/4558
f 5551/2357 1407/4558 5552/6706
f 5530/2344 5557/6707 359/4552
f 5546/2353 359/4552 5557/6707
f 5559/2364 5564/6708 1410/4562
f 5563/2365 1410/4562 5564/6708
f 5565/2368 5570/6709 363/4564
f 5569/2377 363/4564 5570/6709
f 5572/2372 5577/6710 1414/4566
f 5576/2373 1414/4566 5577/6710
f 5553/2360 5583/6711 348/4560
f 5351/7289 348/4560 5583/6711
f 5584/2380 5588/6712 1416/4570
f 5587/2381 1416/4570 5588/6712
f 5589/2384 5593/6713 90/4572
f 5404/2267 90/4572 5593/6713
f 5595/2388 5600/6714 1419/4574
f 5599/2389 1419/4574 5600/6714
f 5578/2376 5605/6715 362/4568
f 5594/2385 362/4568 5605/6715
f 5607/2396 5612/6717 1422/4578
f 5611/2397 1422/4578 5612/6717
f 5613/2400 5618/6718 366/4580
f 5617/2409 366/4580 5618/6718
f 5620/2404 5625/6720 1426/4582
f 5624/2405 1426/4582 5625/6720
f 5601/2392 5631/6721 352/4576
f 5417/2275 352/4576 5631/6721
f 5632/2412 5636/6722 1428/4586
f 5635/2414 1428/4586 5636/6722
f 92/4588 5637/2415 5437/7292
f 5641/6723 5437/7292 5637/2415
f 1431/4590 5643/2419 5647/2422
f 5648/6724 5647/2422 5643/2419
f 365/4584 5626/2408 5642/2418
f 5653/6725 5642/2418 5626/2408
f 1434/4593 5655/2428 5659/2430
f 5660/6726 5659/2430 5655/2428
f 368/4595 5661/2431 5665/2440
f 5666/6727 5665/2440 5661/2431
f 5668/2436 5672/6728 1437/4596
f 5671/2438 1437/4596 5672/6728
f 355/4530 5649/2423 5461/4529
f 5677/6730 5461/4529 5649/2423
f 1438/4601 5678/2441 5680/2444
f 5681/6731 5680/2444 5678/2441
f 3013/7229 5685/6732 26/7228
f 5463/7298 26/7228 5685/6732
f 5691/2452 1441/4604 5692/6733
f 5687/2445 5692/6733 1441/4604
f 5686/2448 202/3751 5697/6734
f 3053/7231 5697/6734 202/3751
f 5703/2460 1444/4608 5704/6735
f 5699/2453 5704/6735 1444/4608
f 5705/2457 5710/6736 371/4610
f 5709/2469 371/4610 5710/6736
f 5712/2464 5717/6737 1448/4613
f 5716/2465 1448/4613 5717/6737
f 5485/7299 356/4606 5723/6738
f 5693/2449 5723/6738 356/4606
f 5724/2472 5728/6739 1450/4617
f 5727/2476 1450/4617 5728/6739
f 78/4618 5729/2473 5154/2118
f 5733/6740 5154/2118 5729/2473
f 1453/4621 5735/2478 5739/2482
f 5740/6741 5739/2482 5735/2478
f 5718/2468 5745/6742 370/4615
f 5734/2479 370/4615 5745/6742
f 5752/6743 5751/2491 5747/2488
f 1456/4625 5747/2488 5751/2491
f 374/4627 5753/2490 5757/2502
f 5758/6744 5757/2502 5753/2490
f 1460/4628 5760/2495 5764/2498
f 5765/6745 5764/2498 5760/2495
f 337/4623 5741/2483 5167/2126
f 5771/6746 5167/2126 5741/2483
f 1462/4633 5772/2503 5775/2506
f 5776/6747 5775/2506 5772/2503
f 88/4635 5777/2507 5102/2088
f 5781/6748 5102/2088 5777/2507
f 5787/2516 1465/4636 5788/6749
f 5783/2509 5788/6749 1465/4636
f 373/4631 5766/2499 5782/2512
f 5793/6750 5782/2512 5766/2499
f 1468/4641 5795/2519 5799/2522
f 5800/6751 5799/2522 5795/2519
f 5805/2536 377/4642 5806/6752
f 5801/2523 5806/6752 377/4642
f 5813/6753 5812/2530 5808/2527
f 1472/4645 5808/2527 5812/2530
f 5115/2096 333/4638 5819/6754
f 5789/2513 5819/6754 333/4638
f 5823/2540 1474/4648 5824/6755
f 5820/2533 5824/6755 1474/4648
f 5246/2180 77/4650 5829/6756
f 5825/2537 5829/6756 77/4650
f 1477/4653 5831/2543 5835/2546
f 5836/6757 5835/2546 5831/2543
f 376/4647 5814/2531 5830/2542
f 5841/6758 5830/2542 5814/2531
f 5848/6759 5847/2554 5843/2550
f 1480/4656 5843/2550 5847/2554
f 379/4659 5849/2555 5853/2564
f 5854/6760 5853/2564 5849/2555
f 1483/4661 5856/2559 5859/2562
f 5860/6761 5859/2562 5856/2559
f 342/4655 5837/2547 5259/2186
f 5865/6762 5259/2186 5837/2547
f 1484/4665 5866/2565 5868/2568
f 5869/6763 5868/2568 5866/2565
f 5698/2456 45/3763 5873/6764
f 3209/7232 5873/6764 45/3763
f 5875/2572 5880/6765 1487/4669
f 5879/2573 1487/4669 5880/6765
f 3249/7233 5885/6766 215/3814
f 5874/2569 215/3814 5885/6766
f 5887/2580 5892/6767 1490/4673
f 5891/2581 1490/4673 5892/6767
f 5897/2596 382/4675 5898/6768
f 5893/2584 5898/6768 382/4675
f 5904/2592 1494/4676 5905/6769
f 5900/2585 5905/6769 1494/4676
f 5881/2576 5911/6770 369/4671
f 5711/2461 369/4671 5911/6770
f 5915/2597 1496/4680 5916/6771
f 5912/2593 5916/6771 1496/4680
f 97/4682 5917/2600 5921/7300
f 5922/6772 5921/7300 5917/2600
f 1500/4685 5924/2604 5928/2606
f 5929/6773 5928/2606 5924/2604
f 5906/2589 5935/6774 381/4678
f 5923/2601 381/4678 5935/6774
f 5937/2609 5942/6775 1503/4688
f 5941/2614 1503/4688 5942/6775
f 386/4691 5943/2615 5947/2626
f 5948/6776 5947/2626 5943/2615
f 1507/4693 5950/2619 5954/2623
f 5955/6777 5954/2623 5950/2619
f 5930/2607 5962/6778 385/4687
f 5961/7301 385/4687 5962/6778
f 5963/2627 5967/6779 1510/4697
f 5966/2632 1510/4697 5967/6779
f 98/4824 5971/2871 5794/2518
f 5974/6780 5794/2518 5971/2871
f 1514/4701 5977/2634 5981/2638
f 5982/6781 5981/2638 5977/2634
f 5988/6782 5976/2635 5985/2862
f 387/4819 5985/2862 5976/2635
f 5995/2646 1518/4705 5996/6783
f 5991/2641 5996/6783 1518/4705
f 6002/6785 6001/2658 5997/2647
f 390/4706 5997/2647 6001/2658
f 6009/6786 6008/2654 6004/2649
f 1522/4709 6004/2649 6008/2654
f 375/4703 5983/2639 5807/2526
f 6015/6788 5807/2526 5983/2639
f 1524/4713 6016/2659 6019/2662
f 6020/6789 6019/2662 6016/2659
f 96/4715 6021/2663 5842/2551
f 6025/6790 5842/2551 6021/2663
f 1527/4717 6027/2667 6031/2671
f 6032/6791 6031/2671 6027/2667
f 389/4711 6010/2655 6026/2666
f 6037/6792 6026/2666 6010/2655
f 1530/4721 6039/2675 6043/2678
f 6044/6793 6043/2678 6039/2675
f 392/4723 6045/2679 6049/2689
f 6050/6794 6049/2689 6045/2679
f 6056/6795 6055/2685 6052/2683
f 1533/4724 6052/2683 6055/2685
f 6061/6796 5855/2558 6033/2670
f 378/4718 6033/2670 5855/2558
f 1534/4728 6062/2688 6064/2692
f 6065/6797 6064/2692 6062/2688
f 3409/7234 6069/6798 50/3826
f 5886/2577 50/3826 6069/6798
f 6071/2696 6076/6799 1537/4733
f 6075/2697 1537/4733 6076/6799
f 3449/7235 6081/6800 229/3876
f 6070/2693 229/3876 6081/6800
f 6087/2708 1540/4737 6088/6801
f 6083/2701 6088/6801 1540/4737
f 6093/2720 395/4738 6094/6802
f 6089/2705 6094/6802 395/4738
f 6100/2716 1544/4740 6101/6803
f 6096/2709 6101/6803 1544/4740
f 6077/2700 6107/6804 380/4735
f 5899/2588 380/4735 6107/6804
f 6111/2724 1546/4744 6112/6805
f 6108/2717 6112/6805 1546/4744
f 5936/2612 100/4746 6117/6806
f 6113/2721 6117/6806 100/4746
f 6123/2732 1549/4748 6124/6807
f 6119/2728 6124/6807 1549/4748
f 6102/2713 6129/6808 394/4742
f 6118/2725 394/4742 6129/6808
f 6131/2736 6136/6810 1552/4753
f 6135/2737 1552/4753 6136/6810
f 6141/2750 398/4755 6142/6811
f 6137/2740 6142/6811 398/4755
f 6149/6813 6148/2746 6144/2742
f 1556/4756 6144/2742 6148/2746
f 383/4750 6125/2729 5949/2618
f 6155/6814 5949/2618 6125/2729
f 1558/4761 6156/2751 6159/2754
f 6160/6815 6159/2754 6156/2751
f 101/4763 6161/2755 6165/4808
f 6166/6816 6165/4808 6161/2755
f 1562/4765 6168/2759 6172/2762
f 6173/6817 6172/2762 6168/2759
f 397/4759 6150/2747 6167/2758
f 6179/6818 6167/2758 6150/2747
f 6186/6819 6185/2771 6181/2766
f 1565/4768 6181/2766 6185/2771
f 401/4771 6187/2770 6191/2780
f 6192/6820 6191/2780 6187/2770
f 1568/4773 6194/2775 6197/2777
f 6198/6821 6197/2777 6194/2775
f 400/4767 6174/2763 6203/4798
f 6204/6822 6203/4798 6174/2763
f 1570/4777 6205/2781 6207/2783
f 6208/6823 6207/2783 6205/2781
f 3565/7236 6213/6824 55/3888
f 6082/2704 55/3888 6213/6824
f 6219/2792 1573/4781 6220/6825
f 6215/2788 6220/6825 1573/4781
f 3599/7237 6225/6826 239/3925
f 6214/2785 239/3925 6225/6826
f 1575/4785 6226/2795 6229/2797
f 6230/6827 6229/2797 6226/2795
f 402/4787 6231/2798 6235/2805
f 6236/6828 6235/2805 6231/2798
f 1577/4789 6237/2802 6239/2804
f 6240/6829 6239/2804 6237/2802
f 6095/2712 393/4782 6245/6830
f 6221/2789 6245/6830 393/4782
f 6246/2808 6249/6831 1578/4793
f 6248/2810 1578/4793 6249/6831
f 6253/6832 6209/4779 3609/7238
f 32/4778 3609/7238 6209/4779
f 6255/2814 6260/6833 1581/4797
f 6259/2816 1581/4797 6260/6833
f 3649/7239 6265/6834 243/3939
f 6254/2811 243/3939 6265/6834
f 6267/2822 6272/6835 1584/4800
f 6271/2823 1584/4800 6272/6835
f 6273/2826 6278/6836 404/4802
f 6277/2834 404/4802 6278/6836
f 6280/2830 6284/6837 1587/4804
f 6283/2831 1587/4804 6284/6837
f 400/4767 6261/2817 6175/4766
f 6289/6838 6175/4766 6261/2817
f 6290/2837 6293/6839 1588/4807
f 6292/2839 1588/4807 6293/6839
f 97/4682 5921/7300 5746/2485
f 6297/6840 5746/2485 5921/7300
f 1591/4810 6299/2843 6303/2846
f 6304/6841 6303/2846 6299/2843
f 385/4687 5961/7301 6298/2842
f 6309/6842 6298/2842 5961/7301
f 6316/6844 6315/2855 6311/2850
f 1594/4813 6311/2850 6315/2855
f 6322/6845 6321/2867 6317/2854
f 406/4815 6317/2854 6321/2867
f 6328/6847 6327/2863 6324/2858
f 1597/4817 6324/2858 6327/2863
f 372/4812 6305/2847 5759/2494
f 6333/6848 5759/2494 6305/2847
f 6337/6849 6336/2870 6334/2866
f 1598/4821 6334/2866 6336/2870
f 99/5782 6006/6787 6038/2674
f 6341/6850 6038/2674 6006/6787
f 1601/4826 6343/2875 6347/2878
f 6348/6851 6347/2878 6343/2875
f 388/5775 5993/6784 6342/2874
f 6353/6852 6342/2874 5993/6784
f 1604/4830 6355/2882 6359/2886
f 6360/6853 6359/2886 6355/2882
f 408/4832 6361/2887 6365/2896
f 6366/6854 6365/2896 6361/2887
f 1607/4834 6368/2891 6371/2893
f 6372/6855 6371/2893 6368/2891
f 391/4828 6349/2879 6051/2682
f 6377/6856 6051/2682 6349/2879
f 6381/6857 6380/2899 6378/2897
f 1608/4838 6378/2897 6380/2899
f 3749/7240 6385/6858 57/3952
f 6266/2819 57/3952 6385/6858
f 6387/2903 6392/6859 1611/4842
f 6391/2905 1611/4842 6392/6859
f 249/3982 3783/7241 6386/2902
f 6397/6860 6386/2902 3783/7241
f 1613/4846 6398/2911 6401/2913
f 6402/6861 6401/2913 6398/2911
f 409/4848 6403/2914 6407/2921
f 6408/6862 6407/2921 6403/2914
f 1615/4850 6409/2918 6411/2919
f 6412/6863 6411/2919 6409/2918
f 6393/2908 6417/6864 403/4844
f 6279/2827 403/4844 6417/6864
f 6418/2924 6421/6865 1616/4854
f 6420/2925 1616/4854 6421/6865
f 6423/7302 6427/6866 106/4880
f 6426/4909 106/4880 6427/6866
f 6430/2930 6435/6869 1621/4857
f 6434/2934 1621/4857 6435/6869
f 72/4894 6439/3165 6442/4895
f 6443/6871 6442/4895 6439/3165
f 1625/4861 6446/2937 6449/2940
f 6450/6872 6449/2940 6446/2937
f 6453/7303 6457/6874 107/5000
f 6456/6941 107/5000 6457/6874
f 6459/2942 6462/6875 1628/4865
f 6461/2943 1628/4865 6462/6875
f 5185/7304 6468/6876 71/6954
f 6467/6953 71/6954 6468/6876
f 6470/2948 6475/6877 1632/4868
f 6474/2949 1632/4868 6475/6877
f 5223/7305 6481/6878 340/5847
f 6469/2945 340/5847 6481/6878
f 6482/2956 6486/6880 1634/4871
f 6485/2957 1634/4871 6486/6880
f 6487/2960 6492/6881 416/4873
f 6491/2969 416/4873 6492/6881
f 6493/2961 6497/6882 1637/4875
f 6496/2965 1637/4875 6497/6882
f 6476/2952 6504/6884 415/4869
f 6503/6957 415/4869 6504/6884
f 6505/2972 6509/6885 1640/4879
f 6508/2973 1640/4879 6509/6885
f 106/4880 6510/2976 6423/7302
f 6515/6886 6423/7302 6510/2976
f 6517/2980 6522/6887 1643/4882
f 6521/2983 1643/4882 6522/6887
f 6498/2968 6527/6888 414/4877
f 6516/2977 414/4877 6527/6888
f 6528/2985 6532/6890 1645/4885
f 6531/2989 1645/4885 6532/6890
f 6533/2992 6538/6891 417/4887
f 6537/3001 417/4887 6538/6891
f 6539/2996 6542/6894 1647/4889
f 6541/2997 1647/4889 6542/6894
f 6547/6896 6451/4862 6523/2982
f 410/4863 6523/2982 6451/4862
f 6551/6897 6550/3006 6548/3004
f 1648/4893 6548/3004 6550/3006
f 6556/6899 6453/7303 6553/3228
f 107/5000 6553/3228 6453/7303
f 6564/6900 6563/3016 6559/3010
f 1652/4896 6559/3010 6563/3016
f 6570/6901 6558/3011 6567/3221
f 418/4997 6567/3221 6558/3011
f 1656/4900 6573/3018 6577/3022
f 6578/6903 6577/3022 6573/3018
f 6583/3036 421/4902 6584/6904
f 6579/3023 6584/6904 421/4902
f 6586/3028 6591/6905 1660/4903
f 6590/3029 1660/4903 6591/6905
f 6437/4858 412/4859 6597/6907
f 6565/3013 6597/6907 412/4859
f 6601/3040 1662/4907 6602/6908
f 6598/3033 6602/6908 1662/4907
f 6588/6906 6608/6909 108/5935
f 6607/3241 108/5935 6608/6909
f 6614/3045 1666/4910 6615/6910
f 6610/3041 6615/6910 1666/4910
f 6621/6911 6609/3044 6575/6902
f 419/5873 6575/6902 6609/3044
f 6628/6912 6627/3055 6623/3051
f 1669/4914 6623/3051 6627/3055
f 425/4916 6629/3054 6633/3066
f 6634/6913 6633/3066 6629/3054
f 6636/3059 6641/6914 1673/4919
f 6640/3061 1673/4919 6641/6914
f 6616/3048 6648/6916 424/4913
f 6647/3247 424/4913 6648/6916
f 1676/4923 6649/3067 6652/3070
f 6653/6917 6652/3070 6649/3067
f 79/5900 5387/7306 6659/3113
f 6660/6918 6659/3113 5387/7306
f 6662/3076 6667/6919 1680/4927
f 6666/3077 1680/4927 6667/6919
f 5376/7307 6673/6920 350/5885
f 6661/3073 350/5885 6673/6920
f 6674/3084 6678/6922 1682/4931
f 6677/3085 1682/4931 6678/6922
f 6679/3088 6684/6923 428/4933
f 6683/3097 428/4933 6684/6923
f 6685/3092 6689/6925 1685/4935
f 6688/3093 1685/4935 6689/6925
f 6668/3080 6696/6926 427/4929
f 6695/3123 427/4929 6696/6926
f 6697/3100 6701/6927 1688/4939
f 6700/3101 1688/4939 6701/6927
f 74/7308 5319/7309 4701/7310
f 6707/6928 4701/7310 5319/7309
f 6709/3107 6714/6929 1691/4942
f 6713/3109 1691/4942 6714/6929
f 346/5897 5308/7311 6708/3106
f 6719/6930 6708/3106 5308/7311
f 6720/3116 6724/6931 1693/4947
f 6723/3117 1693/4947 6724/6931
f 6730/6932 6729/3131 6725/3120
f 430/4949 6725/3120 6729/3131
f 1696/4950 6731/3122 6734/3126
f 6735/6933 6734/3126 6731/3122
f 6715/3112 6741/6934 307/4945
f 4663/7312 307/4945 6741/6934
f 1698/4954 6742/3130 6745/3134
f 6746/6935 6745/3134 6742/3130
f 80/4957 6747/3135 4649/7313
f 6751/6936 4649/7313 6747/3135
f 1701/4959 6753/3139 6757/3142
f 6758/6937 6757/3142 6753/3139
f 429/4953 6736/3127 6752/3138
f 6763/6938 6752/3138 6736/3127
f 1704/4963 6765/3147 6769/3150
f 6770/6939 6769/3150 6765/3147
f 432/4965 6771/3151 6775/3162
f 6776/6940 6775/3162 6771/3151
f 6782/6942 6781/3159 6778/3154
f 1707/4966 6778/3154 6781/3159
f 303/4961 6759/3143 4611/7314
f 6787/6943 4611/7314 6759/3143
f 6790/3168 1708/4970 6791/6944
f 6788/3163 6791/6944 1708/4970
f 112/4941 6702/3104 6795/5015
f 6796/6945 6795/5015 6702/3104
f 6798/3172 6803/6946 1712/4973
f 6802/3173 1712/4973 6803/6946
f 6690/3096 6809/6947 426/4937
f 6797/3169 426/4937 6809/6947
f 6810/3180 6814/6949 1714/4977
f 6813/3181 1714/4977 6814/6949
f 6815/3184 6820/6950 434/4979
f 6819/3195 434/4979 6820/6950
f 1716/4981 6821/3187 6823/3190
f 6824/6951 6823/3190 6821/3187
f 6804/3176 6830/6955 433/4975
f 6829/5004 433/4975 6830/6955
f 6834/6956 6833/3199 6831/3194
f 1718/4984 6831/3194 6833/3199
f 6764/3146 112/4941 6840/6958
f 6837/7315 6840/6958 112/4941
f 6843/3204 6848/6959 1722/4987
f 6847/3207 1722/4987 6848/6959
f 6851/5945 6854/6960 435/5019
f 6842/3201 435/5019 6854/6960
f 1725/4991 6856/3211 6859/3213
f 6860/6961 6859/3213 6856/3211
f 436/4993 6861/3214 6865/3224
f 6866/6962 6865/3224 6861/3214
f 1727/4995 6867/3218 6869/3220
f 6870/6963 6869/3220 6867/3218
f 6875/6964 6777/3155 6849/3206
f 431/4988 6849/3206 6777/3155
f 1728/4999 6876/3225 6878/3229
f 6879/6965 6878/3229 6876/3225
f 106/4880 6603/3037 6835/4985
f 6883/6966 6835/4985 6603/3037
f 6885/3234 6890/6967 1731/5003
f 6889/3235 1731/5003 6890/6967
f 6592/3032 6895/6968 420/4906
f 6884/3231 420/4906 6895/6968
f 6896/3240 6900/6969 1733/5005
f 6899/3243 1733/5005 6900/6969
f 6901/3246 6906/6970 438/5008
f 6905/3255 438/5008 6906/6970
f 6907/3250 6911/6971 1736/5010
f 6910/3252 1736/5010 6911/6971
f 6891/3238 6917/6973 433/4975
f 6805/4974 433/4975 6917/6973
f 1738/5014 6918/3258 6921/3260
f 6922/6974 6921/3260 6918/3258
f 6927/6975 6837/7315 6923/3261
f 112/4941 6923/3261 6837/7315
f 6934/6979 6933/3269 6929/3264
f 1741/5016 6929/3264 6933/3269
f 6939/6980 6909/6972 6654/3071
f 111/4925 6654/3071 6909/6972
f 6941/3274 6945/6982 1743/5020
f 6944/3275 1743/5020 6945/6982
f 6949/6983 6639/6915 6855/5925
f 110/5926 6855/5925 6639/6915
f 6950/3278 6953/6984 1744/5023
f 6952/3280 1744/5023 6953/6984
f 6955/7316 6958/6985 95/5718
f 5654/2425 95/5718 6958/6985
f 6961/3284 6966/6988 1748/5025
f 6965/3285 1748/5025 6966/6988
f 6971/5049 68/5048 6972/6990
f 4360/7258 6972/6990 68/5048
f 6977/3294 1751/5029 6978/6991
f 6974/3292 6978/6991 1751/5029
f 42/6201 5670/6729 4345/7257
f 6983/6993 4345/7257 5670/6729
f 1752/5033 6984/3296 6986/3298
f 6987/6994 6986/3298 6984/3296
f 6991/6995 6955/7316 5622/6719
f 95/5718 5622/6719 6955/7316
f 1755/5035 6993/3301 6997/3305
f 6998/6996 6997/3305 6993/3301
f 7003/6997 6992/3300 5609/6716
f 364/5711 5609/6716 6992/3300
f 1758/5039 7005/3308 7009/3312
f 7010/6998 7009/3312 7005/3308
f 443/5041 7011/3313 7015/3322
f 7016/7000 7015/3322 7011/3313
f 1761/5043 7018/3317 7021/3320
f 7022/7001 7021/3320 7018/3317
f 7027/7003 6979/5030 6999/3304
f 440/5031 6999/3304 6979/5030
f 1762/5047 7028/3323 7030/3326
f 7031/7004 7030/3326 7028/3323
f 7033/7317 7036/7005 94/5700
f 5558/2361 94/5700 7036/7005
f 7039/3330 7044/7006 1766/5051
f 7043/3331 1766/5051 7044/7006
f 7047/5965 7050/7007 444/5068
f 7038/3327 444/5068 7050/7007
f 7052/3336 7056/7008 1769/5055
f 7055/3337 1769/5055 7056/7008
f 7057/3340 7062/7009 445/5057
f 7061/3345 445/5057 7062/7009
f 7063/3342 7066/7010 1771/5059
f 7065/3343 1771/5059 7066/7010
f 7045/3334 7071/7011 361/5053
f 5571/2369 361/5053 7071/7011
f 7072/3348 7075/7012 1772/5063
f 7074/3349 1772/5063 7075/7012
f 94/5700 5526/6701 7033/7317
f 7079/7013 7033/7317 5526/6701
f 7081/3354 7086/7015 1775/5067
f 7085/3356 1775/5067 7086/7015
f 39/3699 4491/7261 5510/2330
f 7091/7018 5510/2330 4491/7261
f 1777/5071 7093/3360 7096/3364
f 7097/7019 7096/3364 7093/3360
f 7051/5957 7101/7021 70/4208
f 4477/7260 70/4208 7101/7021
f 7102/3366 7105/7022 1778/5075
f 7104/3367 1778/5075 7105/7022
f 1782/7179 1783/5967 450/7024
f 1781/5079 450/7024 1783/5967
f 1791/5968 1789/5085 1790/5
f 449/6 1790/5 1789/5085
f 1798/5969 1797/5082 1785/1
f 448/2 1785/1 1797/5082
f 1806/5970 1804/5083 1805/13
f 454/14 1805/13 1804/5083
f 1812/5971 1810/5084 1811/25
f 458/26 1811/25 1810/5084
f 1819/5972 1817/5089 1818/21
f 457/22 1818/21 1817/5089
f 1826/5973 1824/5086 1825/7181
f 461/7026 1825/7181 1824/5086
f 1831/5974 1829/5087 1830/29
f 460/30 1830/29 1829/5087
f 1837/7182 1838/5975 465/7027
f 1836/5088 465/7027 1838/5975
f 1845/5976 1843/5093 1844/37
f 464/38 1844/37 1843/5093
f 1851/5977 1850/5090 1839/33
f 463/34 1839/33 1850/5090
f 1858/5978 1856/5091 1857/45
f 468/46 1857/45 1856/5091
f 1864/5979 1862/5092 1863/57
f 472/58 1863/57 1862/5092
f 1871/5980 1869/318 1870/53
f 471/54 1870/53 1869/318
f 1878/5981 1876/5094 1877/7183
f 475/7028 1877/7183 1876/5094
f 1883/5982 1881/311 1882/61
f 474/62 1882/61 1881/311
f 453/10 1800/9 1889/5097
f 1890/5983 1889/5097 1800/9
f 1897/70 1898/5984 479/72
f 1896/5103 479/72 1898/5984
f 1892/66 1904/5985 478/68
f 1903/5100 478/68 1904/5985
f 1911/78 1912/5986 483/80
f 1910/5101 483/80 1912/5986
f 1917/90 1918/5987 487/92
f 1916/5102 487/92 1918/5987
f 1925/5988 1923/5125 1924/85
f 486/86 1924/85 1923/5125
f 1931/5989 1930/5104 1813/17
f 456/18 1813/17 1930/5104
f 1936/5990 1934/5123 1935/93
f 489/94 1935/93 1934/5123
f 1906/74 1942/5991 482/76
f 1941/5107 482/76 1942/5991
f 1950/5992 1948/5113 1949/101
f 493/102 1949/101 1948/5113
f 1956/5993 1955/5110 1944/97
f 492/98 1944/97 1955/5110
f 1963/109 1964/5994 497/110
f 1962/5111 497/110 1964/5994
f 1970/5995 1968/5112 1969/121
f 501/122 1969/121 1968/5112
f 1977/5996 1975/5117 1976/117
f 500/118 1976/117 1975/5117
f 1983/5997 1982/5114 1919/81
f 485/82 1919/81 1982/5114
f 1988/5998 1986/5115 1987/125
f 503/126 1987/125 1986/5115
f 1994/5999 1992/5116 1993/169
f 507/170 1993/169 1992/5116
f 2001/6000 1999/5121 2000/133
f 506/134 2000/133 1999/5121
f 2007/6001 2006/5118 1995/129
f 505/130 1995/129 2006/5118
f 2014/6002 2012/5119 2013/141
f 510/142 2013/141 2012/5119
f 2020/6003 2018/5120 2019/153
f 514/154 2019/153 2018/5120
f 513/151 2026/152 2025/6005
f 2027/6004 2025/6005 2026/152
f 2034/6006 2032/5122 2033/177
f 517/178 2033/177 2032/5122
f 2039/6007 2037/6008 2038/157
f 516/158 2038/157 2037/6008
f 2045/6009 2044/5124 1852/41
f 467/42 1852/41 2044/5124
f 2052/6010 2050/5129 2051/165
f 520/166 2051/165 2050/5129
f 2057/6011 2056/5126 2046/161
f 519/162 2046/161 2056/5126
f 2062/6012 2060/5127 2061/173
f 522/174 2061/173 2060/5127
f 2068/6013 2066/5128 2067/185
f 525/186 2067/185 2066/5128
f 2073/6014 2071/6015 2072/181
f 524/182 2072/181 2071/6015
f 2079/6016 2078/5130 1865/49
f 470/50 1865/49 2078/5130
f 2084/6017 2082/6018 2083/189
f 527/190 2083/189 2082/6018
f 1958/106 2090/6019 496/108
f 2089/5133 496/108 2090/6019
f 2097/198 2098/6020 531/200
f 2096/5138 531/200 2098/6020
f 2092/194 2104/6021 530/196
f 2103/5135 530/196 2104/6021
f 2111/206 2112/6022 535/208
f 2110/5136 535/208 2112/6022
f 2117/218 2118/6024 539/220
f 2116/5137 539/220 2118/6024
f 2125/6025 2123/5142 2124/213
f 538/214 2124/213 2123/5142
f 1971/114 2131/6027 499/116
f 2130/5139 499/116 2131/6027
f 2135/222 2136/6028 541/224
f 2134/5140 541/224 2136/6028
f 2008/137 2141/6029 509/138
f 2140/5141 509/138 2141/6029
f 2147/230 2148/6030 544/232
f 2146/5146 544/232 2148/6030
f 2142/226 2153/6031 543/228
f 2152/5143 543/228 2153/6031
f 2159/238 2160/6032 547/240
f 2158/5144 547/240 2160/6032
f 2165/250 2166/6034 551/252
f 2164/5145 551/252 2166/6034
f 2172/246 2173/6035 550/248
f 2171/5150 550/248 2173/6035
f 2021/146 2179/6037 512/148
f 2178/5147 512/148 2179/6037
f 2183/254 2184/6038 553/256
f 2182/5148 553/256 2184/6038
f 2188/5149 513/151 2189/6039
f 2025/6005 2189/6039 513/151
f 2194/5154 556/261 2196/6040
f 2195/263 2196/6040 556/261
f 2190/258 2201/6041 555/260
f 2200/5151 555/260 2201/6041
f 2206/5152 559/269 2208/6043
f 2207/271 2208/6043 559/269
f 2213/282 2214/6044 563/284
f 2212/5153 563/284 2214/6044
f 2220/278 2221/6045 562/280
f 2219/5158 562/280 2221/6045
f 2037/6008 2227/6047 516/158
f 2226/5155 516/158 2227/6047
f 2231/286 2232/6048 565/288
f 2230/5156 565/288 2232/6048
f 2071/6015 2237/6049 524/182
f 2236/5157 524/182 2237/6049
f 568/295 2243/296 2242/5162
f 2244/6050 2242/5162 2243/296
f 567/291 2238/292 2248/5159
f 2249/6051 2248/5159 2238/292
f 571/303 2255/304 2254/5160
f 2256/6053 2254/5160 2255/304
f 2262/6054 2260/5161 2261/312
f 574/313 2261/312 2260/5161
f 2268/6055 1884/64 2267/309
f 474/62 2267/309 1884/64
f 2273/6057 2272/5163 2082/6018
f 527/190 2082/6018 2272/5163
f 2277/6058 1872/56 2276/316
f 471/54 2276/316 1872/56
f 2282/7192 2283/6059 580/7036
f 2281/5166 580/7036 2283/6059
f 2290/324 2291/6060 579/326
f 2289/5172 579/326 2291/6060
f 2298/6061 2297/5169 2285/319
f 578/320 2285/319 2297/5169
f 2306/6062 2304/5170 2305/331
f 584/332 2305/331 2304/5170
f 2311/344 2312/6063 588/346
f 2310/5171 588/346 2312/6063
f 2318/340 2319/6064 587/342
f 2317/5194 587/342 2319/6064
f 2325/7194 2326/6065 591/7038
f 2324/5173 591/7038 2326/6065
f 2330/348 2331/6066 590/350
f 2329/5192 590/350 2331/6066
f 2338/6067 2337/5176 2300/327
f 583/328 2300/327 2337/5176
f 2346/6068 2344/5182 2345/355
f 595/356 2345/355 2344/5182
f 2340/352 2352/6069 594/354
f 2351/5179 594/354 2352/6069
f 2359/364 2360/6070 599/366
f 2358/5180 599/366 2360/6070
f 2365/376 2366/6071 603/378
f 2364/5181 603/378 2366/6071
f 2373/6072 2371/5186 2372/371
f 602/372 2372/371 2371/5186
f 2313/336 2379/6073 586/338
f 2378/5183 586/338 2379/6073
f 2383/380 2384/6074 605/382
f 2382/5184 605/382 2384/6074
f 2389/424 2390/6075 609/426
f 2388/5185 609/426 2390/6075
f 2397/6076 2395/5190 2396/388
f 608/390 2396/388 2395/5190
f 2403/6077 2402/5187 2391/383
f 607/384 2391/383 2402/5187
f 2410/6078 2408/5188 2409/395
f 612/396 2409/395 2408/5188
f 2416/6079 2414/5189 2415/407
f 616/408 2415/407 2414/5189
f 2423/6080 2421/5302 2422/403
f 615/404 2422/403 2421/5302
f 2429/432 2430/6081 619/434
f 2428/5191 619/434 2430/6081
f 2435/6082 2433/5300 2434/411
f 618/412 2434/411 2433/5300
f 2441/7197 2442/6083 623/7041
f 2440/5193 623/7041 2442/6083
f 2448/420 2449/6084 622/422
f 2447/5198 622/422 2449/6084
f 2443/416 2455/6085 621/418
f 2454/5195 621/418 2455/6085
f 2459/428 2460/6086 625/430
f 2458/5196 625/430 2460/6086
f 2465/440 2466/6087 628/442
f 2464/5197 628/442 2466/6087
f 2470/436 2471/6088 627/438
f 2469/5294 627/438 2471/6088
f 2477/7198 2478/6089 631/7042
f 2476/5199 631/7042 2478/6089
f 2482/444 2483/6090 630/446
f 2481/5292 630/446 2483/6090
f 2354/360 2490/6091 598/362
f 2489/5202 598/362 2490/6091
f 2497/452 2498/6092 635/454
f 2496/5207 635/454 2498/6092
f 2492/448 2504/6093 634/450
f 2503/5204 634/450 2504/6093
f 2511/460 2512/6094 639/462
f 2510/5205 639/462 2512/6094
f 2517/472 2518/6096 643/474
f 2516/5206 643/474 2518/6096
f 2524/468 2525/6097 642/470
f 2523/5211 642/470 2525/6097
f 2367/368 2531/6099 601/370
f 2530/5208 601/370 2531/6099
f 2535/476 2536/6100 645/478
f 2534/5209 645/478 2536/6100
f 2541/6101 2540/5210 2404/391
f 611/392 2404/391 2540/5210
f 2548/6102 2546/5215 2547/483
f 648/484 2547/483 2546/5215
f 2553/6103 2552/5212 2542/479
f 647/480 2542/479 2552/5212
f 2559/491 2560/6104 651/492
f 2558/5213 651/492 2560/6104
f 2565/503 2566/6106 655/504
f 2564/5214 655/504 2566/6106
f 2572/500 2573/6107 654/502
f 2571/5310 654/502 2573/6107
f 2579/6109 2578/5216 2417/399
f 614/400 2417/399 2578/5216
f 2583/507 2584/6110 657/508
f 2582/5308 657/508 2584/6110
f 2589/5217 662/7046 2591/6111
f 2590/7201 2591/6111 662/7046
f 2598/516 2599/6112 661/518
f 2597/6114 661/518 2599/6112
f 2605/7206 2606/6116 665/7048
f 2604/5219 665/7048 2606/6116
f 2596/6113 660/511 2612/6118
f 2611/524 2612/6118 660/511
f 2618/6119 2617/5221 2087/7209
f 529/7050 2087/7209 2617/5221
f 2625/6121 2610/6117 2624/529
f 664/522 2624/529 2610/6117
f 2630/7210 2631/6122 672/7052
f 2629/5223 672/7052 2631/6122
f 2637/536 2638/6123 668/526
f 2623/6120 668/526 2638/6123
f 2645/6125 2643/5225 2644/7211
f 675/7054 2644/7211 2643/5225
f 2650/6126 2636/6124 2649/539
f 671/534 2649/539 2636/6124
f 2655/7212 2656/6127 679/7055
f 2654/5226 679/7055 2656/6127
f 2662/546 2663/6128 678/548
f 2661/5233 678/548 2663/6128
f 2657/542 2669/6129 677/544
f 2668/5229 677/544 2669/6129
f 2675/554 2676/6130 682/556
f 2674/5230 682/556 2676/6130
f 2681/566 2682/6132 686/568
f 2680/5232 686/568 2682/6132
f 2688/562 2689/6133 685/564
f 2687/6135 685/564 2689/6133
f 2695/7213 2696/6137 689/7056
f 2694/5234 689/7056 2696/6137
f 2700/570 2701/6138 688/572
f 2699/6139 688/572 2701/6138
f 685/564 2687/6135 2706/5237
f 2707/6140 2706/5237 2687/6135
f 692/579 2713/580 2712/5243
f 2714/6141 2712/5243 2713/580
f 691/575 2708/576 2718/5240
f 2719/6142 2718/5240 2708/576
f 2725/588 2726/6143 695/587
f 2724/5241 695/587 2726/6143
f 699/599 2731/600 2730/5242
f 2732/6144 2730/5242 2731/600
f 2738/596 2739/6145 698/595
f 2737/5269 698/595 2739/6145
f 2745/6147 2744/5244 2699/6139
f 688/572 2699/6139 2744/5244
f 701/602 2749/601 2748/5267
f 2750/6148 2748/5267 2749/601
f 705/7059 2755/7216 2754/5245
f 2756/6149 2754/5245 2755/7216
f 704/611 2762/612 2761/6150
f 2763/6151 2761/6150 2762/612
f 2720/582 2769/6154 694/584
f 2768/5247 694/584 2769/6154
f 2760/6153 703/607 2775/6155
f 2774/617 2775/6155 703/607
f 631/7062 2485/7218 2779/5249
f 2780/6157 2779/5249 2485/7218
f 707/616 2786/624 2773/6156
f 2787/6159 2773/6156 2786/624
f 2792/7223 2793/6160 714/7064
f 2791/5250 714/7064 2793/6160
f 2799/630 2800/6161 710/621
f 2785/6158 710/621 2800/6161
f 2806/7224 2807/6163 717/7066
f 2805/5252 717/7066 2807/6163
f 2811/634 2812/6164 713/626
f 2798/6162 713/626 2812/6164
f 2818/6165 2816/5253 2817/7225
f 721/7067 2817/7225 2816/5253
f 2824/640 2825/6166 720/642
f 2823/5259 720/642 2825/6166
f 2819/635 2831/6167 719/636
f 2830/5256 719/636 2831/6167
f 724/650 2837/648 2836/5257
f 2838/6168 2836/5257 2837/648
f 2843/660 2844/6169 728/662
f 2842/5258 728/662 2844/6169
f 2851/6170 2849/6171 2850/658
f 727/657 2850/658 2849/6171
f 2857/7226 2858/6172 731/7068
f 2856/5260 731/7068 2858/6172
f 2862/664 2863/6173 730/666
f 2861/5533 730/666 2863/6173
f 723/646 2832/644 2868/5261
f 2869/6174 2868/5261 2832/644
f 2876/6175 2874/5265 2875/671
f 734/672 2875/671 2874/5265
f 2881/6176 2880/5262 2870/667
f 733/668 2870/667 2880/5262
f 2888/6177 2886/5263 2887/679
f 737/680 2887/679 2886/5263
f 2894/6178 2892/5264 2893/691
f 741/692 2893/691 2892/5264
f 740/689 2900/690 2899/5525
f 2901/6179 2899/5525 2900/690
f 2907/6180 2906/5266 2845/651
f 726/652 2845/651 2906/5266
f 2912/6181 2910/5523 2911/695
f 743/696 2911/695 2910/5523
f 2917/6182 2916/5268 2882/675
f 736/676 2882/675 2916/5268
f 2924/6183 2922/5274 2923/703
f 746/704 2923/703 2922/5274
f 745/700 2918/699 2928/5271
f 2929/6184 2928/5271 2918/699
f 749/712 2935/711 2934/5272
f 2936/6185 2934/5272 2935/711
f 2942/6186 2940/5273 2941/723
f 753/724 2941/723 2940/5273
f 752/721 2948/722 2947/6187
f 2949/6188 2947/6187 2948/722
f 2955/6189 2954/5275 2895/686
f 739/685 2895/686 2954/5275
f 755/729 2959/730 2958/6190
f 2960/6191 2958/6190 2959/730
f 2930/708 2965/6192 748/710
f 2964/5276 748/710 2965/6192
f 2971/736 2972/6193 758/738
f 2970/5281 758/738 2972/6193
f 2966/732 2977/6194 757/734
f 2976/5278 757/734 2977/6194
f 2983/744 2984/6195 761/746
f 2982/5279 761/746 2984/6195
f 2989/756 2990/6197 765/758
f 2988/5280 765/758 2990/6197
f 2997/6198 2995/6200 2996/751
f 764/752 2996/751 2995/6200
f 2943/718 3003/6202 751/717
f 3002/5282 751/717 3003/6202
f 767/761 3007/762 3006/5511
f 3008/6203 3006/5511 3007/762
f 3014/6204 3012/5285 3013/7229
f 771/7070 3013/7229 3012/5285
f 3021/6205 3019/5290 3020/767
f 770/768 3020/767 3019/5290
f 3027/6206 3026/5287 3015/763
f 769/764 3015/763 3026/5287
f 774/777 3033/778 3032/5288
f 3034/6207 3032/5288 3033/778
f 778/788 3039/787 3038/5289
f 3040/6208 3038/5289 3039/787
f 777/785 3046/786 3045/5318
f 3047/6209 3045/5318 3046/786
f 3054/6210 3052/5291 3053/7231
f 781/7072 3053/7231 3052/5291
f 3059/6211 3057/5316 3058/791
f 780/792 3058/791 3057/5316
f 3028/771 3065/6212 773/772
f 3064/5293 773/772 3065/6212
f 3071/801 3072/6213 784/799
f 3070/5298 784/799 3072/6213
f 3066/796 3077/6214 783/798
f 3076/5295 783/798 3077/6214
f 3083/808 3084/6215 787/810
f 3082/5296 787/810 3084/6215
f 3089/821 3090/6216 791/819
f 3088/5297 791/819 3090/6216
f 3096/816 3097/6217 790/818
f 3095/5327 790/818 3097/6217
f 776/781 3041/782 3102/5299
f 3103/6218 3102/5299 3041/782
f 3106/5325 793/825 3108/6219
f 3107/826 3108/6219 793/825
f 3078/804 3113/6220 786/806
f 3112/5301 786/806 3113/6220
f 3120/6221 3118/5306 3119/831
f 796/832 3119/831 3118/5306
f 3125/6222 3124/5303 3114/827
f 795/828 3114/827 3124/5303
f 3132/6223 3130/5304 3131/839
f 799/840 3131/839 3130/5304
f 3137/852 3138/6224 803/854
f 3136/5305 803/854 3138/6224
f 3144/848 3145/6225 802/850
f 3143/5335 802/850 3145/6225
f 3091/812 3151/6226 789/814
f 3150/5307 789/814 3151/6226
f 3155/856 3156/6227 805/858
f 3154/5333 805/858 3156/6227
f 3126/835 3161/6228 798/836
f 3160/5309 798/836 3161/6228
f 3167/864 3168/6229 808/866
f 3166/5314 808/866 3168/6229
f 3162/860 3173/6230 807/862
f 3172/5311 807/862 3173/6230
f 3179/872 3180/6231 811/874
f 3178/5312 811/874 3180/6231
f 3185/884 3186/6233 815/886
f 3184/5313 815/886 3186/6233
f 3192/880 3193/6234 814/882
f 3191/5343 814/882 3193/6234
f 3198/5315 801/846 3199/6236
f 3139/844 3199/6236 801/846
f 3202/5341 817/887 3204/6237
f 3203/889 3204/6237 817/887
f 3210/6238 3208/5317 3209/7232
f 821/7073 3209/7232 3208/5317
f 820/897 3216/898 3215/5323
f 3217/6239 3215/5323 3216/898
f 3223/6240 3222/5319 3211/894
f 819/893 3211/894 3222/5319
f 3230/6241 3228/5321 3229/903
f 824/904 3229/903 3228/5321
f 3236/6242 3234/5322 3235/918
f 828/917 3235/918 3234/5322
f 3243/6243 3241/5352 3242/911
f 827/912 3242/911 3241/5352
f 831/7074 3249/7233 3248/5324
f 3250/6244 3248/5324 3249/7233
f 830/921 3254/922 3253/5349
f 3255/6245 3253/5349 3254/922
f 3261/6326 3262/6246 835/1191
f 3260/5326 835/1191 3262/6246
f 3268/928 3269/6247 834/930
f 3267/5331 834/930 3269/6247
f 3263/924 3275/6248 833/926
f 3274/5328 833/926 3275/6248
f 3280/5329 838/935 3282/6249
f 3281/937 3282/6249 838/935
f 3286/5330 842/947 3288/6250
f 3287/949 3288/6250 842/947
f 3293/6251 841/943 3295/6252
f 3294/945 3295/6252 841/943
f 3301/6329 3302/6253 845/1200
f 3300/5332 845/1200 3302/6253
f 3305/6254 844/951 3307/6255
f 3306/953 3307/6255 844/951
f 3276/932 3313/6256 837/934
f 3312/5334 837/934 3313/6256
f 3319/961 3320/6257 848/959
f 3318/5339 848/959 3320/6257
f 3314/956 3325/6258 847/958
f 3324/5336 847/958 3325/6258
f 3331/968 3332/6259 851/970
f 3330/5337 851/970 3332/6259
f 3337/980 3338/6260 855/982
f 3336/5338 855/982 3338/6260
f 3345/6261 3343/6262 3344/975
f 854/976 3344/975 3343/6262
f 3350/5340 840/939 3351/6263
f 3289/941 3351/6263 840/939
f 3356/6264 3354/6265 3355/983
f 857/984 3355/983 3354/6265
f 3326/964 3361/6266 850/966
f 3360/5342 850/966 3361/6266
f 3367/992 3368/6267 860/994
f 3366/5347 860/994 3368/6267
f 3372/5344 859/987 3373/6268
f 3362/989 3373/6268 859/987
f 3378/5345 863/999 3380/6270
f 3379/1001 3380/6270 863/999
f 3385/1012 3386/6271 867/1014
f 3384/5346 867/1014 3386/6271
f 3391/5403 866/1010 3393/6273
f 3392/1008 3393/6273 866/1010
f 3339/972 3399/6274 853/974
f 3398/5348 853/974 3399/6274
f 3403/1016 3404/6275 869/1018
f 3402/5401 869/1018 3404/6275
f 873/7075 3409/7234 3408/5350
f 3410/6276 3408/5350 3409/7234
f 872/1025 3416/1026 3415/5356
f 3417/6277 3415/5356 3416/1026
f 3423/6278 3422/5353 3411/1022
f 871/1021 3411/1022 3422/5353
f 3430/6279 3428/5354 3429/1031
f 876/1032 3429/1031 3428/5354
f 3436/6280 3434/5355 3435/1043
f 880/1044 3435/1043 3434/5355
f 879/1040 3442/1039 3441/5379
f 3443/6281 3441/5379 3442/1039
f 883/7076 3449/7235 3448/5357
f 3450/6282 3448/5357 3449/7235
f 3455/6283 3453/5377 3454/1047
f 882/1048 3454/1047 3453/5377
f 3462/6284 3461/5360 3424/1027
f 875/1028 3424/1027 3461/5360
f 887/1057 3469/1058 3468/5366
f 3470/6285 3468/5366 3469/1058
f 3476/6286 3475/5363 3464/1051
f 886/1052 3464/1051 3475/5363
f 3483/1064 3484/6287 891/1066
f 3482/5364 891/1066 3484/6287
f 3490/6288 3488/5365 3489/1078
f 895/1077 3489/1078 3488/5365
f 3495/6289 894/1071 3497/6290
f 3496/1073 3497/6290 894/1071
f 878/1036 3437/1035 3502/5367
f 3503/6291 3502/5367 3437/1035
f 897/1081 3507/1082 3506/6292
f 3508/6293 3506/6292 3507/1082
f 3478/1060 3514/6294 890/1062
f 3513/5370 890/1062 3514/6294
f 3521/1088 3522/6295 901/1090
f 3520/5375 901/1090 3522/6295
f 3516/1084 3528/6296 900/1086
f 3527/5372 900/1086 3528/6296
f 3535/1096 3536/6298 905/1098
f 3534/5373 905/1098 3536/6298
f 3541/1109 3542/6299 909/1107
f 3540/5374 909/1107 3542/6299
f 3548/1104 3549/6301 908/1106
f 3547/1140 908/1106 3549/6301
f 3491/1068 3555/6302 893/1070
f 3554/5376 893/1070 3555/6302
f 3558/1133 911/1111 3560/6303
f 3559/1113 3560/6303 911/1111
f 3566/6304 3564/5378 3565/7236
f 915/7081 3565/7236 3564/5378
f 914/1120 3572/1119 3571/5383
f 3573/6305 3571/5383 3572/1119
f 913/1116 3567/1115 3578/5380
f 3579/6306 3578/5380 3567/1115
f 917/1127 3583/1128 3582/5381
f 3584/6307 3582/5381 3583/1128
f 3589/1135 3590/6308 919/1137
f 3588/5382 919/1137 3590/6308
f 3593/1132 3594/6309 911/1111
f 3561/1112 911/1111 3594/6309
f 3599/7237 3600/6310 921/7082
f 3598/5384 921/7082 3600/6310
f 3603/1139 3604/6311 908/1106
f 3550/1105 908/1106 3604/6311
f 925/7083 3609/7238 3608/5386
f 3610/6312 3608/5386 3609/7238
f 3617/6313 3615/5391 3616/1145
f 924/1146 3616/1145 3615/5391
f 3611/1142 3623/6314 923/1144
f 3622/5388 923/1144 3623/6314
f 928/1155 3629/1156 3628/5389
f 3630/6315 3628/5389 3629/1156
f 932/1167 3635/1168 3634/5390
f 3636/6316 3634/5390 3635/1168
f 931/1163 3642/1164 3641/5411
f 3643/6317 3641/5411 3642/1164
f 935/7084 3649/7239 3648/5392
f 3650/6318 3648/5392 3649/7239
f 934/1170 3654/1169 3653/5409
f 3655/6319 3653/5409 3654/1169
f 3624/1150 3661/6320 927/1152
f 3660/5394 927/1152 3661/6320
f 3666/5399 938/1177 3668/6321
f 3667/1179 3668/6321 938/1177
f 3673/6322 3672/5396 3662/1174
f 937/1176 3662/1174 3672/5396
f 3678/6323 3676/5397 3677/1184
f 940/1185 3677/1184 3676/5397
f 3682/5398 942/1195 3684/6324
f 3683/1197 3684/6324 942/1195
f 3261/6326 835/1191 3688/6325
f 3687/1193 3688/6325 835/1191
f 930/1159 3637/1160 3692/5400
f 3693/6327 3692/5400 3637/1160
f 3697/6328 3301/6329 3696/1199
f 845/1200 3696/1199 3301/6329
f 3343/6262 3701/6330 854/976
f 3700/5402 854/976 3701/6330
f 3707/1208 3708/6331 946/1210
f 3706/5407 946/1210 3708/6331
f 3702/1204 3713/6332 945/1206
f 3712/5404 945/1206 3713/6332
f 3719/1216 3720/6334 949/1218
f 3718/5405 949/1218 3720/6334
f 3725/1228 3726/6335 953/1230
f 3724/5406 953/1230 3726/6335
f 3732/1224 3733/6336 952/1226
f 3731/1260 952/1226 3733/6336
f 3354/6265 3739/6338 857/984
f 3738/5408 857/984 3739/6338
f 3742/1253 955/1231 3744/6339
f 3743/1233 3744/6339 955/1231
f 3750/6340 3748/5410 3749/7240
f 959/7085 3749/7240 3748/5410
f 3756/1240 3757/6341 958/1242
f 3755/5415 958/1242 3757/6341
f 957/1237 3751/1238 3762/5412
f 3763/6342 3762/5412 3751/1238
f 961/1247 3767/1248 3766/5413
f 3768/6343 3766/5413 3767/1248
f 3773/1255 3774/6344 963/1257
f 3772/5414 963/1257 3774/6344
f 3777/1252 3778/6345 955/1231
f 3745/1232 955/1231 3778/6345
f 3783/7241 3784/6346 965/7086
f 3782/5416 965/7086 3784/6346
f 3734/1225 952/1226 3788/6347
f 3787/1259 3788/6347 952/1226
f 3795/6348 3793/5418 3794/7242
f 970/7088 3794/7242 3793/5418
f 3803/6351 3801/6352 3802/1265
f 969/1266 3802/1265 3801/6352
f 974/7089 3810/7243 3809/5419
f 3811/6353 3809/5419 3810/7243
f 3817/1274 3818/6354 968/1262
f 3800/6349 968/1262 3818/6354
f 3824/1479 3825/6356 977/1480
f 3823/5421 977/1480 3825/6356
f 3829/1278 3830/6357 973/1271
f 3816/6355 973/1271 3830/6357
f 3836/6358 3835/5423 2487/7244
f 633/7091 2487/7244 3835/5423
f 3844/6359 3842/5428 3843/1283
f 981/1284 3843/1283 3842/5428
f 3850/6360 3849/5425 3838/1279
f 980/1280 3838/1279 3849/5425
f 3858/6361 3856/5426 3857/1291
f 985/1292 3857/1291 3856/5426
f 3864/6362 3862/5427 3863/1303
f 989/1304 3863/1303 3862/5427
f 3871/6363 3869/6364 3870/1299
f 988/1300 3870/1299 3869/6364
f 3877/6365 3876/5429 2501/7245
f 637/7092 2501/7245 3876/5429
f 3882/6366 3880/6367 3881/1307
f 991/1308 3881/1307 3880/6367
f 3852/1287 3887/6368 984/1288
f 3886/5430 984/1288 3887/6368
f 994/1317 3893/1318 3892/5437
f 3894/6369 3892/5437 3893/1318
f 993/1311 3888/1313 3898/5433
f 3899/6370 3898/5433 3888/1313
f 996/1325 3903/1326 3902/5434
f 3904/6371 3902/5434 3903/1326
f 999/1337 3909/1338 3908/5436
f 3910/6373 3908/5436 3909/1338
f 998/1333 3914/1334 3913/6374
f 3915/6375 3913/6374 3914/1334
f 3921/6378 3920/5438 3865/1295
f 987/1296 3865/1295 3920/5438
f 1001/1340 3925/1339 3924/6379
f 3926/6380 3924/6379 3925/1339
f 3930/5439 1005/1543 3932/6381
f 3931/1545 3932/6381 1005/1543
f 3937/5444 1004/1347 3939/6382
f 3938/1349 3939/6382 1004/1347
f 3945/6383 3944/5441 3933/1343
f 1003/1344 3933/1343 3944/5441
f 1008/1356 3951/1355 3950/5442
f 3952/6384 3950/5442 3951/1355
f 3958/6385 3956/5443 3957/1368
f 1012/1370 3957/1368 3956/5443
f 3965/6386 3963/6387 3964/1366
f 1011/1365 3964/1366 3963/6387
f 3971/1552 3972/6388 1015/1554
f 3970/5445 1015/1554 3972/6388
f 3975/6389 1014/1371 3977/6390
f 3976/1373 3977/6390 1014/1371
f 3984/6391 3983/5447 3963/6387
f 1011/1365 3963/6387 3983/5447
f 3992/6392 3990/5453 3991/1379
f 1019/1380 3991/1379 3990/5453
f 1018/1377 3986/1378 3997/5450
f 3998/6393 3997/5450 3986/1378
f 4005/1388 4006/6394 1023/1390
f 4004/5451 1023/1390 4006/6394
f 4011/1401 4012/6395 1027/1399
f 4010/5452 1027/1399 4012/6395
f 4018/1396 4019/6396 1026/1398
f 4017/1564 1026/1398 4019/6396
f 3975/6389 4025/6398 1014/1371
f 4024/5454 1014/1371 4025/6398
f 4029/1404 4030/6399 1029/1406
f 4028/1557 1029/1406 4030/6399
f 4036/6400 4035/5456 2670/7246
f 681/7093 2670/7246 4035/5456
f 4044/6401 4042/5461 4043/1411
f 1033/1412 4043/1411 4042/5461
f 4050/6402 4049/5458 4038/1407
f 1032/1408 4038/1407 4049/5458
f 4058/6403 4056/5459 4057/1419
f 1037/1420 4057/1419 4056/5459
f 4064/6404 4062/5460 4063/1431
f 1040/1432 4063/1431 4062/5460
f 4070/6405 2299/6406 4069/1427
f 582/1428 4069/1427 2299/6406
f 4075/6407 4074/5462 2683/7247
f 684/7094 2683/7247 4074/5462
f 4079/6408 2284/6409 4078/1435
f 577/1436 4078/1435 2284/6409
f 2615/7250 4083/6410 667/7096
f 4082/5465 667/7096 4083/6410
f 1044/1446 4089/1444 4088/5471
f 4090/6411 4088/5471 4089/1444
f 4094/5468 1043/1439 4095/6412
f 4084/1441 4095/6412 1043/1439
f 4101/1453 4102/6413 1047/1451
f 4100/5469 1047/1451 4102/6413
f 4106/5470 1050/1465 4108/6414
f 4107/1466 4108/6414 1050/1465
f 4051/5457 1035/1459 4114/6415
f 4113/1461 4114/6415 1035/1459
f 2639/7252 4119/6416 672/7098
f 4118/5472 672/7098 4119/6416
f 1031/1469 4122/1470 4037/5455
f 4123/6417 4037/5455 4122/1470
f 4096/1448 4127/6418 1046/1450
f 4126/5475 1046/1450 4127/6418
f 4133/1476 4134/6419 1054/1478
f 4132/5480 1054/1478 4134/6419
f 4128/1472 4139/6420 1053/1474
f 4138/5477 1053/1474 4139/6420
f 4143/1484 4144/6421 1056/1486
f 4142/5478 1056/1486 4144/6421
f 4149/1496 4150/6422 1059/1498
f 4148/5479 1059/1498 4150/6422
f 4153/5494 1058/1491 4155/6424
f 4154/1493 4155/6424 1058/1491
f 4109/1456 4161/6425 1049/1458
f 4160/5481 1049/1458 4161/6425
f 4164/5491 1061/1502 4166/6426
f 4165/1500 4166/6426 1061/1502
f 4172/6427 4171/5484 4052/1415
f 1036/1416 4052/1415 4171/5484
f 4180/6428 4178/5489 4179/1507
f 1065/1508 4179/1507 4178/5489
f 4186/6429 4185/5486 4174/1503
f 1064/1504 4174/1503 4185/5486
f 4191/1515 4192/6430 1068/1516
f 4190/5487 1068/1516 4192/6430
f 4196/5488 1070/1528 4198/6432
f 4197/1527 4198/6432 1070/1528
f 4201/1524 4202/6433 597/1526
f 2353/6435 597/1526 4202/6433
f 4207/6437 4206/5490 4065/1423
f 1039/1424 4065/1423 4206/5490
f 4211/6439 2339/6438 4210/1531
f 593/1532 4210/1531 2339/6438
f 1075/7103 4215/7255 4214/5492
f 4216/6440 4214/5492 4215/7255
f 4221/5498 1074/1540 4223/6441
f 4222/1539 4223/6441 1074/1540
f 4228/5495 1073/1535 4229/6442
f 4217/1537 4229/6442 1073/1535
f 4233/1548 4234/6443 1077/1550
f 4232/5496 1077/1550 4234/6443
f 4239/1559 4240/6444 1079/1561
f 4238/5497 1079/1561 4240/6444
f 4243/1556 4244/6445 1029/1406
f 4031/1405 1029/1406 4244/6445
f 4249/4167 4250/6446 1081/7104
f 4248/5499 1081/7104 4250/6446
f 4253/1563 4254/6447 1026/1398
f 4020/1397 1026/1398 4254/6447
f 1007/1352 3946/1351 4258/5501
f 4259/6448 4258/5501 3946/1351
f 4266/6449 4264/5506 4265/1569
f 1084/1570 4265/1569 4264/5506
f 4271/6450 4270/5503 4260/1565
f 1083/1566 4260/1565 4270/5503
f 4277/1580 4278/6451 1087/1579
f 4276/5504 1087/1579 4278/6451
f 4284/6452 4282/5505 4283/1589
f 1090/1590 4283/1589 4282/5505
f 4290/6454 3999/5448 4289/1585
f 1021/1586 4289/1585 3999/5448
f 4295/6455 4294/5507 3959/1359
f 1010/1360 3959/1359 4294/5507
f 4299/6456 3985/5446 4298/1593
f 1017/1594 4298/1593 3985/5446
f 4302/5508 1086/1576 4303/6457
f 4272/1574 4303/6457 1086/1576
f 4308/6459 1094/1601 4310/6461
f 4309/1603 4310/6461 1094/1601
f 4255/4143 4315/6462 1081/7104
f 4314/5509 1081/7104 4315/6462
f 4321/6464 4307/6460 4320/1609
f 1093/1597 4320/1609 4307/6460
f 4324/5510 1022/1386 4325/6465
f 4000/1384 4325/6465 1022/1386
f 1096/1606 4328/1614 4319/6463
f 4329/6466 4319/6463 4328/1614
f 1101/7105 4333/7256 4332/5512
f 4334/6467 4332/5512 4333/7256
f 1100/1621 4340/1622 4339/6468
f 4341/6469 4339/6468 4340/1622
f 2995/6200 4348/6472 764/752
f 4347/5513 764/752 4348/6472
f 4354/1628 4355/6473 1099/1616
f 4338/6471 1099/1616 4355/6473
f 4361/6475 4359/5515 4360/7258
f 1107/7108 4360/7258 4359/5515
f 4366/6476 4353/6474 4365/1632
f 1104/1626 4365/1632 4353/6474
f 4370/5516 752/721 4371/6477
f 2947/6187 4371/6477 752/721
f 4377/1638 4378/6478 1110/1640
f 4376/5521 1110/1640 4378/6478
f 4372/1635 4383/6479 1109/1633
f 4382/5518 1109/1633 4383/6479
f 4389/1646 4390/6480 1113/1648
f 4388/5519 1113/1648 4390/6480
f 4395/1658 4396/6482 1117/1660
f 4394/5520 1117/1660 4396/6482
f 4402/1654 4403/6483 1116/1656
f 4401/6485 1116/1656 4403/6483
f 4408/5522 755/729 4409/6487
f 2958/6190 4409/6487 755/729
f 4413/1663 4414/6488 1119/1661
f 4412/6489 1119/1661 4414/6488
f 1123/7109 4419/7259 4418/5524
f 4420/6490 4418/5524 4419/7259
f 1122/1671 4426/1672 4425/5529
f 4427/6491 4425/5529 4426/1672
f 1121/1667 4421/1668 4432/5526
f 4433/6492 4432/5526 4421/1668
f 1125/1677 4437/1678 4436/5527
f 4438/6493 4436/5527 4437/1678
f 1128/1687 4443/1688 4442/5528
f 4444/6494 4442/5528 4443/1688
f 4448/1682 4449/6496 1127/1684
f 4447/6495 1127/1684 4449/6496
f 1131/7110 4455/4214 4454/5530
f 4456/6497 4454/5530 4455/4214
f 1130/1691 4460/1692 4459/6498
f 4461/6499 4459/6498 4460/1692
f 2849/6171 4467/6500 727/657
f 4466/5531 727/657 4467/6500
f 4474/6503 4472/6504 4473/1697
f 1134/1698 4473/1697 4472/6504
f 1131/7110 4463/4209 4479/5532
f 4480/6505 4479/5532 4463/4209
f 1133/1696 4486/1706 4471/6501
f 4487/6506 4471/6501 4486/1706
f 4491/7261 4492/6508 1139/7112
f 4490/5534 1139/7112 4492/6508
f 4495/1709 4496/6509 1137/1703
f 4485/6507 1137/1703 4496/6509
f 4501/7262 4502/6510 1143/7113
f 4500/5535 1143/7113 4502/6510
f 4509/6511 4507/5539 4508/1715
f 1142/1716 4508/1715 4507/5539
f 1141/1713 4503/1714 4514/5536
f 4515/6512 4514/5536 4503/1714
f 1146/1725 4521/1726 4520/5537
f 4522/6513 4520/5537 4521/1726
f 1150/1736 4527/1735 4526/5538
f 4528/6514 4526/5538 4527/1735
f 1149/1733 4534/1734 4533/5550
f 4535/6515 4533/5550 4534/1734
f 4542/6516 4540/5540 4541/7263
f 1153/7114 4541/7263 4540/5540
f 4547/6517 4545/5548 4546/1739
f 1152/1740 4546/1739 4545/5548
f 4553/6518 4552/5541 4516/1722
f 1145/1721 4516/1722 4552/5541
f 4560/6519 4558/5546 4559/1747
f 1156/1748 4559/1747 4558/5546
f 4565/6520 4564/5542 4554/1743
f 1155/1744 4554/1743 4564/5542
f 4572/6521 4570/5544 4571/1755
f 1159/1756 4571/1755 4570/5544
f 4578/6522 4576/5545 4577/1767
f 1163/1768 4577/1767 4576/5545
f 4585/6523 4583/5576 4584/1763
f 1162/1764 4584/1763 4583/5576
f 4591/6524 4590/5547 4529/1727
f 1148/1728 4529/1727 4590/5547
f 4596/6525 4594/5574 4595/1771
f 1165/1772 4595/1771 4594/5574
f 4601/7264 4602/6526 1169/7115
f 4600/5549 1169/7115 4602/6526
f 4608/1780 4609/6527 1168/1782
f 4607/5554 1168/1782 4609/6527
f 4603/1776 4615/6528 1167/1778
f 4614/5551 1167/1778 4615/6528
f 4621/1788 4622/6529 1172/1790
f 4620/5552 1172/1790 4622/6529
f 4627/1800 4628/6530 1176/1802
f 4626/5553 1176/1802 4628/6530
f 1175/1797 4634/1798 4633/5558
f 4635/6531 4633/5558 4634/1798
f 4641/7265 4642/6532 1179/7116
f 4640/5555 1179/7116 4642/6532
f 4646/1804 4647/6533 1178/1806
f 4645/5556 1178/1806 4647/6533
f 4653/7266 4654/6534 1183/7117
f 4652/5557 1183/7117 4654/6534
f 1182/1813 4660/1814 4659/5562
f 4661/6535 4659/5562 4660/1814
f 1181/1809 4655/1810 4666/5559
f 4667/6536 4666/5559 4655/1810
f 1186/1821 4673/1822 4672/5560
f 4674/6537 4672/5560 4673/1822
f 1190/1833 4679/1834 4678/5561
f 4680/6538 4678/5561 4679/1834
f 1189/1830 4686/1828 4685/5586
f 4687/6539 4685/5586 4686/1828
f 4693/7267 4694/6540 1193/7118
f 4692/5563 1193/7118 4694/6540
f 4698/1836 4699/6541 1192/1838
f 4697/5584 1192/1838 4699/6541
f 1185/1817 4668/1818 4705/5565
f 4706/6542 4705/5565 4668/1818
f 1197/1845 4713/1846 4712/5572
f 4714/6543 4712/5572 4713/1846
f 1196/1841 4708/1842 4719/5568
f 4720/6544 4719/5568 4708/1842
f 1201/1853 4727/1854 4726/5569
f 4728/6545 4726/5569 4727/1854
f 1205/1865 4733/1866 4732/5571
f 4734/6547 4732/5571 4733/1866
f 4740/1860 4741/6548 1204/1862
f 4739/5594 1204/1862 4741/6548
f 1188/1825 4681/1826 4746/5573
f 4747/6550 4746/5573 4681/1826
f 4751/1870 4752/6551 1207/1869
f 4750/5592 1207/1869 4752/6551
f 1171/1785 4616/1786 4756/5575
f 4757/6552 4756/5575 4616/1786
f 1210/1877 4763/1878 4762/5582
f 4764/6553 4762/5582 4763/1878
f 4769/6554 4768/5578 4758/1871
f 1209/1872 4758/1871 4768/5578
f 1213/1885 4775/1886 4774/5579
f 4776/6555 4774/5579 4775/1886
f 1216/1897 4781/1898 4780/5581
f 4782/6557 4780/5581 4781/1898
f 1199/1893 4787/1894 4721/5566
f 4788/6558 4721/5566 4787/1894
f 1174/1793 4629/1794 4792/5583
f 4793/6560 4792/5583 4629/1794
f 1195/1901 4796/1902 4707/5564
f 4797/6561 4707/5564 4796/1902
f 4801/7268 4802/6562 1221/7119
f 4800/5585 1221/7119 4802/6562
f 4808/1908 4809/6563 1220/1910
f 4807/5590 1220/1910 4809/6563
f 4803/1904 4815/6564 1219/1906
f 4814/5587 1219/1906 4815/6564
f 4821/1916 4822/6565 1224/1918
f 4820/5588 1224/1918 4822/6565
f 4827/1926 4828/6566 1227/1928
f 4826/5589 1227/1928 4828/6566
f 4833/1924 4834/6567 537/212
f 2122/6026 537/212 4834/6567
f 4839/7269 4840/6568 1229/7120
f 4838/5591 1229/7120 4840/6568
f 4843/1930 4844/6569 534/204
f 2109/6023 534/204 4844/6569
f 4816/1912 4849/6570 1223/1914
f 4848/5593 1223/1914 4849/6570
f 4855/1936 4856/6571 1232/1938
f 4854/5599 1232/1938 4856/6571
f 4850/1932 4861/6572 1231/1934
f 4860/5596 1231/1934 4861/6572
f 4867/1944 4868/6573 1235/1946
f 4866/5597 1235/1946 4868/6573
f 4873/1954 4874/6574 1238/1956
f 4872/5598 1238/1956 4874/6574
f 4879/1952 4880/6575 549/244
f 2170/6036 549/244 4880/6575
f 1226/1921 4829/1922 4884/5600
f 4885/6576 4884/5600 4829/1922
f 4888/1958 4889/6577 546/236
f 2157/6033 546/236 4889/6577
f 4862/1940 4893/6578 1234/1942
f 4892/5601 1234/1942 4893/6578
f 4899/1964 4900/6579 1242/1966
f 4898/5605 1242/1966 4900/6579
f 4904/5602 1241/1959 4905/6580
f 4894/1961 4905/6580 1241/1959
f 4911/1972 4912/6581 1245/1974
f 4910/5603 1245/1974 4912/6581
f 4916/5604 1248/1981 4918/6582
f 4917/1983 4918/6582 1248/1981
f 2218/6046 561/273 4924/6583
f 4923/1979 4924/6583 561/273
f 4875/1948 4929/6584 1237/1950
f 4928/5606 1237/1950 4929/6584
f 4932/1986 4933/6585 558/268
f 2205/6042 558/268 4933/6585
f 4906/1968 4937/6586 1244/1970
f 4936/5607 1244/1970 4937/6586
f 4944/6587 4942/5611 4943/1991
f 1252/1992 4943/1991 4942/5611
f 1251/1988 4938/1987 4948/5608
f 4949/6588 4948/5608 4938/1987
f 4954/6589 4952/5609 4953/2001
f 1254/2000 4953/2001 4952/5609
f 1256/2008 4959/2007 4958/5610
f 4960/6590 4958/5610 4959/2007
f 4964/6591 2266/6056 4963/2005
f 573/307 4963/2005 2266/6056
f 4919/1976 4969/6592 1247/1978
f 4968/5612 1247/1978 4969/6592
f 570/299 4972/2011 2253/6052
f 4973/6593 2253/6052 4972/2011
f 4979/6594 4977/5615 4978/7270
f 1262/7122 4978/7270 4977/5615
f 4987/6595 4985/5621 4986/2017
f 1261/2018 4986/2017 4985/5621
f 4981/2014 4994/6596 1260/2016
f 4993/5618 1260/2016 4994/6596
f 5001/2026 5002/6597 1266/2028
f 5000/5619 1266/2028 5002/6597
f 5007/2037 5008/6598 1270/2038
f 5006/5620 1270/2038 5008/6598
f 5014/2034 5015/6599 1269/2036
f 5013/5625 1269/2036 5015/6599
f 5022/6600 5020/5622 5021/7274
f 1273/7124 5021/7274 5020/5622
f 5027/6601 5025/5623 5026/2041
f 1272/2042 5026/2041 5025/5623
f 5034/6602 5032/5624 5033/7275
f 1277/7125 5033/7275 5032/5624
f 5040/2050 5041/6603 1276/2052
f 5039/5629 1276/2052 5041/6603
f 5035/2045 5047/6604 1275/2046
f 5046/5626 1275/2046 5047/6604
f 5053/2058 5054/6605 1280/2060
f 5052/5627 1280/2060 5054/6605
f 5059/2070 5060/6606 1284/2072
f 5058/5628 1284/2072 5060/6606
f 5066/2066 5067/6607 1283/2068
f 5065/5650 1283/2068 5067/6607
f 5073/7276 5074/6608 1287/7126
f 5072/5630 1287/7126 5074/6608
f 5078/2074 5079/6609 1286/2076
f 5077/5648 1286/2076 5079/6609
f 5048/2054 5086/6610 1279/2056
f 5085/5632 1279/2056 5086/6610
f 5094/6611 5092/5637 5093/2081
f 1291/2082 5093/2081 5092/5637
f 1290/2080 5088/2078 5099/5634
f 5100/6612 5099/5634 5088/2078
f 5108/6613 5106/5635 5107/2089
f 1295/2090 5107/2089 5106/5635
f 5114/6614 5112/5636 5113/2101
f 1299/2102 5113/2101 5112/5636
f 1298/2099 5120/2100 5119/5658
f 5121/6615 5119/5658 5120/2100
f 5127/6616 5126/5638 5061/2061
f 1282/2062 5061/2061 5126/5638
f 5132/6617 5130/5656 5131/2105
f 1301/2106 5131/2105 5130/5656
f 4996/2022 5138/6618 1265/2024
f 5137/5641 1265/2024 5138/6618
f 5145/2114 5146/6619 1305/2116
f 5144/5646 1305/2116 5146/6619
f 5140/2110 5152/6620 1304/2112
f 5151/5643 1304/2112 5152/6620
f 5159/2122 5160/6621 1309/2124
f 5158/5644 1309/2124 5160/6621
f 5165/2134 5166/6622 1312/2136
f 5164/5645 1312/2136 5166/6622
f 5171/2130 5172/6623 1293/2132
f 5101/5633 1293/2132 5172/6623
f 5009/2030 5177/6624 1268/2032
f 5176/5647 1268/2032 5177/6624
f 5180/2138 5181/6625 1289/2140
f 5087/5631 1289/2140 5181/6625
f 5185/7279 5186/6626 1317/7129
f 5184/5649 1317/7129 5186/6626
f 5192/2146 5193/6627 1316/2148
f 5191/5654 1316/2148 5193/6627
f 5187/2142 5199/6628 1315/2144
f 5198/5651 1315/2144 5199/6628
f 5205/2154 5206/6629 1320/2156
f 5204/5652 1320/2156 5206/6629
f 5211/2164 5212/6630 1323/2166
f 5210/5653 1323/2166 5212/6630
f 5217/2162 5218/6631 641/466
f 2522/6098 641/466 5218/6631
f 5223/7280 5224/6632 1325/7130
f 5222/5655 1325/7130 5224/6632
f 5227/2168 5228/6633 638/458
f 2509/6095 638/458 5228/6633
f 1319/2152 5200/2150 5232/5657
f 5233/6634 5232/5657 5200/2150
f 1328/2175 5239/2176 5238/5662
f 5240/6635 5238/5662 5239/2176
f 1327/2171 5234/2172 5244/5659
f 5245/6636 5244/5659 5234/2172
f 5251/2184 5252/6637 1331/2183
f 5250/5660 1331/2183 5252/6637
f 5257/2194 5258/6638 1334/2193
f 5256/5661 1334/2193 5258/6638
f 5263/2190 5264/6639 653/498
f 2570/6108 653/498 5264/6639
f 5213/2158 5269/6640 1322/2160
f 5268/5663 1322/2160 5269/6640
f 5272/2196 5273/6641 650/488
f 2557/6105 650/488 5273/6641
f 5277/5664 659/7045 5278/6642
f 2587/7202 5278/6642 659/7045
f 5284/6645 1339/2201 5286/6643
f 5285/2203 5286/6643 1339/2201
f 5293/6647 5291/5665 5292/4555
f 1343/7133 5292/4555 5291/5665
f 5300/6649 5283/6644 5299/2209
f 1338/2200 5299/2209 5283/6644
f 5306/4507 5307/6650 1347/7135
f 5305/5667 1347/7135 5307/6650
f 5313/2216 5314/6651 1342/2206
f 5298/6648 1342/2206 5314/6651
f 5320/6653 5318/5669 5319/7286
f 1350/7137 5319/7286 5318/5669
f 5326/6655 5312/6652 5325/2221
f 1346/2214 5325/2221 5312/6652
f 4845/7287 5331/6656 1229/7138
f 5330/5670 1229/7138 5331/6656
f 5334/2226 5335/6657 1349/2218
f 5324/6654 1349/2218 5335/6657
f 5289/7282 5340/6658 1341/7132
f 5339/5671 1341/7132 5340/6658
f 5347/2232 5348/6659 1355/2234
f 5346/5676 1355/2234 5348/6659
f 5342/2228 5354/6660 1354/2230
f 5353/5672 1354/2230 5354/6660
f 5361/2240 5362/6661 1359/2242
f 5360/5673 1359/2242 5362/6661
f 5367/2252 5368/6663 1363/2254
f 5366/5675 1363/2254 5368/6663
f 5374/2248 5375/6664 1362/2250
f 5373/6666 1362/2250 5375/6664
f 5315/4484 5381/6668 1347/7135
f 5380/5677 1347/7135 5381/6668
f 5385/2256 5386/6669 1365/2258
f 5384/6670 1365/2258 5386/6669
f 5391/6671 5390/5678 4975/7290
f 1259/7141 4975/7290 5390/5678
f 5398/6672 5396/5682 5397/2263
f 1368/2264 5397/2263 5396/5682
f 5403/6673 5402/5679 5392/2259
f 1367/2260 5392/2259 5402/5679
f 5410/6674 5408/5680 5409/2271
f 1371/2272 5409/2271 5408/5680
f 5416/6675 5414/5681 5415/2283
f 1375/2284 5415/2283 5414/5681
f 5422/2280 5423/6676 1374/2282
f 5421/6677 1374/2282 5423/6676
f 5429/6678 5428/5683 4991/7291
f 1264/7142 4991/7291 5428/5683
f 5433/2288 5434/6679 1377/2290
f 5432/5690 1377/2290 5434/6679
f 5440/6680 5439/5684 5421/6677
f 1374/2282 5421/6677 5439/5684
f 5448/6683 5446/6684 5447/2295
f 1381/2296 5447/2295 5446/6684
f 5453/4602 5454/6685 1384/7144
f 5452/5685 1384/7144 5454/6685
f 5459/2304 5460/6687 1380/2292
f 5445/6681 1380/2292 5460/6687
f 2789/7222 5466/6688 712/7063
f 5465/5687 712/7063 5466/6688
f 5472/2309 5473/6689 1383/2302
f 5458/6686 1383/2302 5473/6689
f 5478/6691 5476/5689 5477/7296
f 1390/7147 5477/7296 5476/5689
f 5484/6693 5471/6690 5483/2315
f 1387/2308 5483/2315 5471/6690
f 5488/5691 1303/7148 5489/6694
f 5135/7297 5489/6694 1303/7148
f 5492/2320 5493/6695 1389/2312
f 5482/6692 1389/2312 5493/6695
f 1337/7131 5275/7281 5496/5692
f 5497/6696 5496/5692 5275/7281
f 5503/2328 5504/6697 1394/2327
f 5502/5696 1394/2327 5504/6697
f 5498/2322 5509/6698 1393/2324
f 5508/5693 1393/2324 5509/6698
f 5515/2334 5516/6699 1397/2336
f 5514/5694 1397/2336 5516/6699
f 5522/6700 5520/5695 5521/2346
f 1401/2348 5521/2346 5520/5695
f 5529/6702 5527/5701 5528/2341
f 1400/2342 5528/2341 5527/5701
f 5301/4480 5535/6703 1343/7133
f 5534/5697 1343/7133 5535/6703
f 5540/6704 5538/5698 5539/2350
f 1403/2352 5539/2350 5538/5698
f 5545/6705 5544/5699 5337/7288
f 1353/7139 5337/7288 5544/5699
f 5552/6706 5550/5705 5551/2357
f 1406/2358 5551/2357 5550/5705
f 5557/6707 5556/5702 5546/2353
f 1405/2354 5546/2353 5556/5702
f 5564/6708 5562/5703 5563/2365
f 1409/2366 5563/2365 5562/5703
f 5570/6709 5568/5704 5569/2377
f 1413/2378 5569/2377 5568/5704
f 5577/6710 5575/5709 5576/2373
f 1412/2374 5576/2373 5575/5709
f 5583/6711 5582/5706 5351/7289
f 1357/7140 5351/7289 5582/5706
f 5588/6712 5586/5707 5587/2381
f 1415/2382 5587/2381 5586/5707
f 5593/6713 5592/5708 5404/2267
f 1370/2268 5404/2267 5592/5708
f 5600/6714 5598/5714 5599/2389
f 1418/2390 5599/2389 5598/5714
f 5605/6715 5604/5710 5594/2385
f 1417/2386 5594/2385 5604/5710
f 5612/6717 5610/5712 5611/2397
f 1421/2398 5611/2397 5610/5712
f 5618/6718 5616/5713 5617/2409
f 1425/2410 5617/2409 5616/5713
f 5625/6720 5623/5719 5624/2405
f 1424/2406 5624/2405 5623/5719
f 5631/6721 5630/5715 5417/2275
f 1373/2276 5417/2275 5630/5715
f 5635/2414 5636/6722 1427/2416
f 5634/5716 1427/2416 5636/6722
f 5640/5717 1379/7143 5641/6723
f 5437/7292 5641/6723 1379/7143
f 5647/2422 5648/6724 1430/2424
f 5646/5723 1430/2424 5648/6724
f 5642/2418 5653/6725 1429/2420
f 5652/5720 1429/2420 5653/6725
f 5659/2430 5660/6726 1433/2432
f 5658/5721 1433/2432 5660/6726
f 5665/2440 5666/6727 1436/2442
f 5664/5722 1436/2442 5666/6727
f 5671/2438 5672/6728 763/750
f 2994/6199 763/750 5672/6728
f 5461/4529 5677/6730 1384/7144
f 5676/5724 1384/7144 5677/6730
f 5680/2444 5681/6731 760/742
f 2981/6196 760/742 5681/6731
f 5685/6732 5684/5725 5463/7298
f 1386/7149 5463/7298 5684/5725
f 1440/2451 5691/2452 5690/5729
f 5692/6733 5690/5729 5691/2452
f 1439/2447 5686/2448 5696/5726
f 5697/6734 5696/5726 5686/2448
f 5704/6735 5702/5727 5703/2460
f 1443/2459 5703/2460 5702/5727
f 5710/6736 5708/5728 5709/2469
f 1447/2470 5709/2469 5708/5728
f 5717/6737 5715/5733 5716/2465
f 1446/2466 5716/2465 5715/5733
f 1390/7150 5485/7299 5722/5730
f 5723/6738 5722/5730 5485/7299
f 1449/2475 5727/2476 5726/5731
f 5728/6739 5726/5731 5727/2476
f 5154/2118 5733/6740 1308/2120
f 5732/5732 1308/2120 5733/6740
f 5739/2482 5740/6741 1452/2484
f 5738/5737 1452/2484 5740/6741
f 5744/5734 1451/2477 5745/6742
f 5734/2479 5745/6742 1451/2477
f 5750/5735 1455/2489 5752/6743
f 5751/2491 5752/6743 1455/2489
f 5757/2502 5758/6744 1459/2504
f 5756/5736 1459/2504 5758/6744
f 5764/2498 5765/6745 1458/2500
f 5763/5741 1458/2500 5765/6745
f 5167/2126 5771/6746 1311/2128
f 5770/5738 1311/2128 5771/6746
f 5775/2506 5776/6747 1461/2508
f 5774/5739 1461/2508 5776/6747
f 1294/2087 5102/2088 5780/5740
f 5781/6748 5780/5740 5102/2088
f 1464/2515 5787/2516 5786/5745
f 5788/6749 5786/5745 5787/2516
f 5782/2512 5793/6750 1463/2511
f 5792/5742 1463/2511 5793/6750
f 5799/2522 5800/6751 1467/2524
f 5798/5743 1467/2524 5800/6751
f 1471/2535 5805/2536 5804/5744
f 5806/6752 5804/5744 5805/2536
f 5812/2530 5813/6753 1470/2532
f 5811/5749 1470/2532 5813/6753
f 1297/2095 5115/2096 5818/5746
f 5819/6754 5818/5746 5115/2096
f 1473/2539 5823/2540 5822/5747
f 5824/6755 5822/5747 5823/2540
f 5246/2180 5829/6756 1330/2179
f 5828/5748 1330/2179 5829/6756
f 5835/2546 5836/6757 1476/2548
f 5834/5753 1476/2548 5836/6757
f 5830/2542 5841/6758 1475/2544
f 5840/5750 1475/2544 5841/6758
f 5847/2554 5848/6759 1479/2556
f 5846/5751 1479/2556 5848/6759
f 5853/2564 5854/6760 1482/2566
f 5852/5752 1482/2566 5854/6760
f 5859/2562 5860/6761 813/878
f 3190/6235 813/878 5860/6761
f 5259/2186 5865/6762 1333/2188
f 5864/5754 1333/2188 5865/6762
f 5868/2568 5869/6763 810/870
f 3177/6232 810/870 5869/6763
f 1442/2455 5698/2456 5872/5755
f 5873/6764 5872/5755 5698/2456
f 5880/6765 5878/5759 5879/2573
f 1486/2574 5879/2573 5878/5759
f 5885/6766 5884/5756 5874/2569
f 1485/2570 5874/2569 5884/5756
f 5892/6767 5890/5757 5891/2581
f 1489/2582 5891/2581 5890/5757
f 1493/2595 5897/2596 5896/5758
f 5898/6768 5896/5758 5897/2596
f 1492/2591 5904/2592 5903/5763
f 5905/6769 5903/5763 5904/2592
f 5911/6770 5910/5760 5711/2461
f 1445/2462 5711/2461 5910/5760
f 1495/2598 5915/2597 5914/5761
f 5916/6771 5914/5761 5915/2597
f 5921/7300 5922/6772 1499/7151
f 5920/5762 1499/7151 5922/6772
f 5928/2606 5929/6773 1498/2608
f 5927/5767 1498/2608 5929/6773
f 5935/6774 5934/5764 5923/2601
f 1497/2602 5923/2601 5934/5764
f 5942/6775 5940/5765 5941/2614
f 1502/2616 5941/2614 5940/5765
f 5947/2626 5948/6776 1506/2628
f 5946/5766 1506/2628 5948/6776
f 5953/2840 1505/2621 5955/6777
f 5954/2623 5955/6777 1505/2621
f 5962/6778 5960/5768 5961/7301
f 1509/7152 5961/7301 5960/5768
f 1508/2631 5966/2632 5965/2833
f 5967/6779 5965/2833 5966/2632
f 5794/2518 5974/6780 1466/2520
f 5973/5770 1466/2520 5974/6780
f 5981/2638 5982/6781 1513/2640
f 5980/5777 1513/2640 5982/6781
f 5987/5773 1512/2633 5988/6782
f 5976/2635 5988/6782 1512/2633
f 1517/2648 5995/2646 5994/5774
f 5996/6783 5994/5774 5995/2646
f 6001/2658 6002/6785 1521/2660
f 6000/5776 1521/2660 6002/6785
f 6008/2654 6009/6786 1520/2656
f 6007/5781 1520/2656 6009/6786
f 5807/2526 6015/6788 1469/2528
f 6014/5778 1469/2528 6015/6788
f 6019/2662 6020/6789 1523/2664
f 6018/5779 1523/2664 6020/6789
f 6024/5780 1478/2549 6025/6790
f 5842/2551 6025/6790 1478/2549
f 6031/2671 6032/6791 1526/2669
f 6030/5786 1526/2669 6032/6791
f 6026/2666 6037/6792 1525/2668
f 6036/5783 1525/2668 6037/6792
f 6043/2678 6044/6793 1529/2680
f 6042/5784 1529/2680 6044/6793
f 6048/5785 1532/2687 6050/6794
f 6049/2689 6050/6794 1532/2687
f 3390/6272 865/1003 6056/6795
f 6055/2685 6056/6795 865/1003
f 5855/2558 6061/6796 1481/2560
f 6060/5787 1481/2560 6061/6796
f 6064/2692 6065/6797 862/998
f 3377/6269 862/998 6065/6797
f 6069/6798 6068/5788 5886/2577
f 1488/2578 5886/2577 6068/5788
f 6076/6799 6074/5792 6075/2697
f 1536/2698 6075/2697 6074/5792
f 6081/6800 6080/5789 6070/2693
f 1535/2694 6070/2693 6080/5789
f 1539/2707 6087/2708 6086/5790
f 6088/6801 6086/5790 6087/2708
f 1543/2719 6093/2720 6092/5791
f 6094/6802 6092/5791 6093/2720
f 6101/6803 6099/5796 6100/2716
f 1542/2715 6100/2716 6099/5796
f 1491/2587 5899/2588 6106/5793
f 6107/6804 6106/5793 5899/2588
f 1545/2723 6111/2724 6110/5794
f 6112/6805 6110/5794 6111/2724
f 1501/2611 5936/2612 6116/5795
f 6117/6806 6116/5795 5936/2612
f 1548/2731 6123/2732 6122/5800
f 6124/6807 6122/5800 6123/2732
f 6129/6808 6128/5797 6118/2725
f 1547/2726 6118/2725 6128/5797
f 6136/6810 6134/5798 6135/2737
f 1551/2738 6135/2737 6134/5798
f 6141/2750 6142/6811 1555/2752
f 6140/5799 1555/2752 6142/6811
f 6147/5805 1554/2748 6149/6813
f 6148/2746 6149/6813 1554/2748
f 5949/2618 6155/6814 1504/2620
f 6154/5801 1504/2620 6155/6814
f 6159/2754 6160/6815 1557/2756
f 6158/5802 1557/2756 6160/6815
f 6164/5803 1561/7153 6166/6816
f 6165/4808 6166/6816 1561/7153
f 6172/2762 6173/6817 1560/2764
f 6171/5810 1560/2764 6173/6817
f 6178/5806 1559/2760 6179/6818
f 6167/2758 6179/6818 1559/2760
f 6184/5808 1564/2769 6186/6819
f 6185/2771 6186/6819 1564/2769
f 6191/2780 6192/6820 1567/2782
f 6190/5809 1567/2782 6192/6820
f 3546/6300 907/1099 6198/6821
f 6197/2777 6198/6821 907/1099
f 6203/4798 6204/6822 1569/7154
f 6202/5811 1569/7154 6204/6822
f 3533/6297 904/1091 6208/6823
f 6207/2783 6208/6823 904/1091
f 6213/6824 6212/5812 6082/2704
f 1538/2703 6082/2704 6212/5812
f 6220/6825 6218/5816 6219/2792
f 1572/2791 6219/2792 6218/5816
f 6225/6826 6224/5813 6214/2785
f 1571/2786 6214/2785 6224/5813
f 6229/2797 6230/6827 1574/2799
f 6228/5814 1574/2799 6230/6827
f 6235/2805 6236/6828 1576/2806
f 6234/5815 1576/2806 6236/6828
f 6239/2804 6240/6829 1553/2741
f 6146/6812 1553/2741 6240/6829
f 1541/2711 6095/2712 6244/5817
f 6245/6830 6244/5817 6095/2712
f 6248/2810 6249/6831 1550/2734
f 6133/6809 1550/2734 6249/6831
f 6209/4779 6253/6832 1569/7154
f 6252/5818 1569/7154 6253/6832
f 6260/6833 6258/5822 6259/2816
f 1580/2818 6259/2816 6258/5822
f 6265/6834 6264/5819 6254/2811
f 1579/2812 6254/2811 6264/5819
f 6272/6835 6270/5820 6271/2823
f 1583/2824 6271/2823 6270/5820
f 6278/6836 6276/5821 6277/2834
f 1586/2835 6277/2834 6276/5821
f 6284/6837 5968/2629 6283/2831
f 1508/2631 6283/2831 5968/2629
f 6175/4766 6289/6838 1561/7153
f 6288/5823 1561/7153 6289/6838
f 6292/2839 6293/6839 1505/2621
f 5956/2622 1505/2621 6293/6839
f 5746/2485 6297/6840 1454/2486
f 6296/5824 1454/2486 6297/6840
f 6303/2846 6304/6841 1590/2848
f 6302/5828 1590/2848 6304/6841
f 6298/2842 6309/6842 1589/2844
f 6308/5825 1589/2844 6309/6842
f 6314/5826 1593/2853 6316/6844
f 6315/2855 6316/6844 1593/2853
f 6320/5827 1596/2865 6322/6845
f 6321/2867 6322/6845 1596/2865
f 5989/5772 1515/2861 6328/6847
f 6327/2863 6328/6847 1515/2861
f 5759/2494 6333/6848 1457/2496
f 6332/5829 1457/2496 6333/6848
f 5975/5769 1511/2872 6337/6849
f 6336/2870 6337/6849 1511/2872
f 6038/2674 6341/6850 1528/2676
f 6340/5830 1528/2676 6341/6850
f 6347/2878 6348/6851 1600/2880
f 6346/5835 1600/2880 6348/6851
f 6342/2874 6353/6852 1599/2876
f 6352/5831 1599/2876 6353/6852
f 6359/2886 6360/6853 1603/2888
f 6358/5832 1603/2888 6360/6853
f 6365/2896 6366/6854 1606/2898
f 6364/5834 1606/2898 6366/6854
f 3730/6337 951/1219 6372/6855
f 6371/2893 6372/6855 951/1219
f 6051/2682 6377/6856 1531/2684
f 6376/5836 1531/2684 6377/6856
f 3717/6333 948/1211 6381/6857
f 6380/2899 6381/6857 948/1211
f 6385/6858 6384/5837 6266/2819
f 1582/2820 6266/2819 6384/5837
f 6392/6859 6390/5841 6391/2905
f 1610/2906 6391/2905 6390/5841
f 6386/2902 6397/6860 1609/2904
f 6396/5838 1609/2904 6397/6860
f 6401/2913 6402/6861 1612/2915
f 6400/5839 1612/2915 6402/6861
f 6408/6862 6406/5840 6407/2921
f 1614/2922 6407/2921 6406/5840
f 6412/6863 6326/6846 6411/2919
f 1595/2857 6411/2919 6326/6846
f 6417/6864 6416/5842 6279/2827
f 1585/2828 6279/2827 6416/5842
f 6421/6865 6313/6843 6420/2925
f 1592/2849 6420/2925 6313/6843
f 6427/6866 6425/5843 6426/4909
f 1620/7156 6426/4909 6425/5843
f 6435/6869 6433/6870 6434/2934
f 1619/2933 6434/2934 6433/6870
f 6442/4895 6443/6871 1624/7157
f 6441/5845 1624/7157 6443/6871
f 6449/2940 6450/6872 1618/2928
f 6432/6867 1618/2928 6450/6872
f 6457/6874 6455/5846 6456/6941
f 1627/3157 6456/6941 6455/5846
f 6462/6875 6448/6873 6461/2943
f 1623/2938 6461/2943 6448/6873
f 6468/6876 6466/5849 6467/6953
f 1631/3192 6467/6953 6466/5849
f 6475/6877 6473/5856 6474/2949
f 1630/2950 6474/2949 6473/5856
f 6481/6878 6480/5852 6469/2945
f 1629/2946 6469/2945 6480/5852
f 6486/6880 6484/5854 6485/2957
f 1633/2958 6485/2957 6484/5854
f 6492/6881 6490/5855 6491/2969
f 1636/2970 6491/2969 6490/5855
f 6497/6882 6495/5860 6496/2965
f 1635/2966 6496/2965 6495/5860
f 6504/6884 6502/5857 6503/6957
f 1639/3197 6503/6957 6502/5857
f 6509/6885 6507/5858 6508/2973
f 1638/2974 6508/2973 6507/5858
f 6423/7302 6515/6886 1617/7155
f 6514/5859 1617/7155 6515/6886
f 6522/6887 6520/5866 6521/2983
f 1642/2981 6521/2983 6520/5866
f 6527/6888 6526/5862 6516/2977
f 1641/2978 6516/2977 6526/5862
f 6532/6890 6530/5864 6531/2989
f 1644/2990 6531/2989 6530/5864
f 6538/6891 6536/5865 6537/3001
f 1646/3002 6537/3001 6536/5865
f 6542/6894 4501/6895 6541/2997
f 1143/2998 6541/2997 4501/6895
f 6546/5867 1624/7157 6547/6896
f 6451/4862 6547/6896 1624/7157
f 6550/3006 6551/6897 1153/3008
f 4541/6898 1153/3008 6551/6897
f 6555/5869 1626/7158 6556/6899
f 6453/7303 6556/6899 1626/7158
f 6563/3016 6564/6900 1651/3015
f 6562/5876 1651/3015 6564/6900
f 6569/5872 1650/3009 6570/6901
f 6558/3011 6570/6901 1650/3009
f 6577/3022 6578/6903 1655/3024
f 6576/5874 1655/3024 6578/6903
f 1659/3035 6583/3036 6582/5875
f 6584/6904 6582/5875 6583/3036
f 6591/6905 6589/5934 6590/3029
f 1658/3030 6590/3029 6589/5934
f 1620/7156 6437/4858 6596/5877
f 6597/6907 6596/5877 6437/4858
f 6602/6908 6600/5932 6601/3040
f 1661/3039 6601/3040 6600/5932
f 6608/6909 6606/5878 6607/3241
f 1665/3239 6607/3241 6606/5878
f 1664/3046 6614/3045 6613/5883
f 6615/6910 6613/5883 6614/3045
f 6620/5879 1663/3043 6621/6911
f 6609/3044 6621/6911 1663/3043
f 6627/3055 6628/6912 1668/3053
f 6626/5880 1668/3053 6628/6912
f 6634/6913 6632/5882 6633/3066
f 1672/3068 6633/3066 6632/5882
f 6641/6914 6639/6915 6640/3061
f 1671/3062 6640/3061 6639/6915
f 6648/6916 6646/5884 6647/3247
f 1675/3248 6647/3247 6646/5884
f 6652/3070 6653/6917 1674/3072
f 6651/5943 1674/3072 6653/6917
f 6660/6918 6658/5887 6659/3113
f 1679/3114 6659/3113 6658/5887
f 6667/6919 6665/5894 6666/3077
f 1678/3078 6666/3077 6665/5894
f 6673/6920 6672/5890 6661/3073
f 1677/3074 6661/3073 6672/5890
f 6678/6922 6676/5892 6677/3085
f 1681/3086 6677/3085 6676/5892
f 6684/6923 6682/5893 6683/3097
f 1684/3098 6683/3097 6682/5893
f 6689/6925 6687/5917 6688/3093
f 1683/3094 6688/3093 6687/5917
f 6696/6926 6694/5895 6695/3123
f 1687/3121 6695/3123 6694/5895
f 6701/6927 6699/5914 6700/3101
f 1686/3102 6700/3101 6699/5914
f 4701/7310 6707/6928 1193/7164
f 6706/5898 1193/7164 6707/6928
f 6714/6929 6712/5904 6713/3109
f 1690/3110 6713/3109 6712/5904
f 6708/3106 6719/6930 1689/3108
f 6718/5901 1689/3108 6719/6930
f 6724/6931 6722/5902 6723/3117
f 1692/3118 6723/3117 6722/5902
f 6728/5903 1695/3129 6730/6932
f 6729/3131 6730/6932 1695/3129
f 6734/3126 6735/6933 1694/3128
f 6733/5908 1694/3128 6735/6933
f 6741/6934 6740/5905 4663/7312
f 1183/7166 4663/7312 6740/5905
f 6745/3134 6746/6935 1697/3136
f 6744/5906 1697/3136 6746/6935
f 4649/7313 6751/6936 1179/7167
f 6750/5907 1179/7167 6751/6936
f 6757/3142 6758/6937 1700/3144
f 6756/5912 1700/3144 6758/6937
f 6752/3138 6763/6938 1699/3140
f 6762/5909 1699/3140 6763/6938
f 6769/3150 6770/6939 1703/3152
f 6768/5910 1703/3152 6770/6939
f 6775/3162 6776/6940 1706/3164
f 6774/5911 1706/3164 6776/6940
f 6456/6941 1627/3157 6782/6942
f 6781/3159 6782/6942 1627/3157
f 4611/7314 6787/6943 1169/7168
f 6786/5913 1169/7168 6787/6943
f 1622/3167 6790/3168 6444/5844
f 6791/6944 6444/5844 6790/3168
f 6796/6945 6794/5915 6795/5015
f 1711/7169 6795/5015 6794/5915
f 6803/6946 6801/5922 6802/3173
f 1710/3174 6802/3173 6801/5922
f 6809/6947 6808/5918 6797/3169
f 1709/3170 6797/3169 6808/5918
f 6814/6949 6812/5919 6813/3181
f 1713/3182 6813/3181 6812/5919
f 6818/5921 1715/3193 6820/6950
f 6819/3195 6820/6950 1715/3193
f 6823/3190 6824/6951 1631/3192
f 6467/6953 1631/3192 6824/6951
f 6830/6955 6828/5923 6829/5004
f 1717/7170 6829/5004 6828/5923
f 6833/3199 6834/6956 1639/3197
f 6503/6957 1639/3197 6834/6956
f 6840/6958 6839/5924 6764/3146
f 1702/3148 6764/3146 6839/5924
f 6846/5930 1721/3205 6848/6959
f 6847/3207 6848/6959 1721/3205
f 6853/5927 1720/3202 6854/6960
f 6842/3201 6854/6960 1720/3202
f 6859/3213 6860/6961 1724/3215
f 6858/5928 1724/3215 6860/6961
f 6865/3224 6866/6962 1726/3226
f 6864/5929 1726/3226 6866/6962
f 6869/3220 6870/6963 1653/3222
f 6571/5870 1653/3222 6870/6963
f 6874/5931 1705/3153 6875/6964
f 6777/3155 6875/6964 1705/3153
f 6557/5868 1649/3227 6879/6965
f 6878/3229 6879/6965 1649/3227
f 6835/4985 6883/6966 1717/7170
f 6882/5933 1717/7170 6883/6966
f 6890/6967 6888/5939 6889/3235
f 1730/3236 6889/3235 6888/5939
f 6895/6968 6894/5936 6884/3231
f 1729/3232 6884/3231 6894/5936
f 6900/6969 6898/5937 6899/3243
f 1732/3244 6899/3243 6898/5937
f 6906/6970 6904/5938 6905/3255
f 1735/3256 6905/3255 6904/5938
f 6911/6971 6909/6972 6910/3252
f 1734/3254 6910/3252 6909/6972
f 6917/6973 6916/5940 6805/4974
f 1711/7169 6805/4974 6916/5940
f 6921/3260 6922/6974 1737/3262
f 6920/5941 1737/3262 6922/6974
f 6926/5942 1719/7171 6927/6975
f 6837/7315 6927/6975 1719/7171
f 6932/6977 1740/3267 6934/6979
f 6933/3269 6934/6979 1740/3267
f 6909/6972 6939/6980 1734/3254
f 6938/5944 1734/3254 6939/6980
f 6945/6982 6931/6978 6944/3275
f 1739/3263 6944/3275 6931/6978
f 6948/5946 1671/3062 6949/6983
f 6639/6915 6949/6983 1671/3062
f 1742/3272 6952/3280 6943/6981
f 6953/6984 6943/6981 6952/3280
f 6958/6985 6957/5947 5654/2425
f 1432/2426 5654/2425 6957/5947
f 6966/6988 6964/6989 6965/3285
f 1747/3286 6965/3285 6964/6989
f 1750/7174 6971/5049 6970/5948
f 6972/6990 6970/5948 6971/5049
f 1746/3282 6977/3294 6963/6986
f 6978/6991 6963/6986 6977/3294
f 4345/7257 6983/6993 1103/7106
f 6982/5949 1103/7106 6983/6993
f 6986/3298 6987/6994 1749/3290
f 6976/6992 1749/3290 6987/6994
f 6990/5950 1745/7173 6991/6995
f 6955/7316 6991/6995 1745/7173
f 6997/3305 6998/6996 1754/3303
f 6996/5954 1754/3303 6998/6996
f 6992/3300 7003/6997 1753/3302
f 7002/5951 1753/3302 7003/6997
f 7009/3312 7010/6998 1757/3314
f 7008/5952 1757/3314 7010/6998
f 7015/3322 7016/7000 1760/3324
f 7014/5953 1760/3324 7016/7000
f 7021/3320 7022/7001 1115/1652
f 4400/6484 1115/1652 7022/7001
f 6979/5030 7027/7003 1750/7174
f 7026/5955 1750/7174 7027/7003
f 1112/1642 7030/3326 4387/6481
f 7031/7004 4387/6481 7030/3326
f 7036/7005 7035/5956 5558/2361
f 1408/2362 5558/2361 7035/5956
f 7044/7006 7042/5961 7043/3331
f 1765/3332 7043/3331 7042/5961
f 7050/7007 7049/5958 7038/3327
f 1764/3328 7038/3327 7049/5958
f 7056/7008 7054/5959 7055/3337
f 1768/3338 7055/3337 7054/5959
f 7062/7009 7060/5960 7061/3345
f 1770/3346 7061/3345 7060/5960
f 7066/7010 7020/7002 7065/3343
f 1759/3318 7065/3343 7020/7002
f 7071/7011 7070/5962 5571/2369
f 1411/2370 5571/2369 7070/5962
f 7075/7012 7007/6999 7074/3349
f 1756/3307 7074/3349 7007/6999
f 7078/5963 1763/7175 7079/7013
f 7033/7317 7079/7013 1763/7175
f 1774/3358 7085/3356 7084/7014
f 7086/7015 7084/7014 7085/3356
f 5510/2330 7091/7018 1396/2332
f 7090/5964 1396/2332 7091/7018
f 7096/3364 7097/7019 1773/3352
f 7083/7017 1773/3352 7097/7019
f 7101/7021 7100/5966 4477/7260
f 1136/7111 4477/7260 7100/5966
f 7105/7022 7095/7020 7104/3367
f 1776/3359 7104/3367 7095/7020
f 1779/7178 447/7023 1783/5967
f 1780/3369 1783/5967 447/7023
f 448/2 1788/3375 1786/4
f 1791/5968 1786/4 1788/3375
f 452/7025 1796/3373 1795/7180
f 1798/5969 1795/7180 1796/3373
f 453/10 1803/3403 1801/12
f 1806/5970 1801/12 1803/3403
f 454/14 1809/3377 1807/16
f 1812/5971 1807/16 1809/3377
f 456/18 1816/3415 1814/20
f 1819/5972 1814/20 1816/3415
f 449/6 1823/3381 1792/8
f 1826/5973 1792/8 1823/3381
f 458/26 1821/3379 1827/28
f 1831/5974 1827/28 1821/3379
f 460/30 1835/3385 1832/32
f 1838/5975 1832/32 1835/3385
f 463/34 1842/3391 1840/36
f 1845/5976 1840/36 1842/3391
f 457/22 1849/3389 1820/24
f 1851/5977 1820/24 1849/3389
f 467/42 1855/3451 1853/44
f 1858/5978 1853/44 1855/3451
f 468/46 1861/3393 1859/48
f 1864/5979 1859/48 1861/3393
f 470/50 1868/3463 1866/52
f 1871/5980 1866/52 1868/3463
f 464/38 1875/3397 1846/40
f 1878/5981 1846/40 1875/3397
f 472/58 1873/3395 1879/60
f 1883/5982 1879/60 1873/3395
f 1887/7184 477/7029 1890/5983
f 1888/3401 1890/5983 477/7029
f 1893/67 478/68 1898/5984
f 1895/3407 1898/5984 478/68
f 1901/7185 481/7030 1904/5985
f 1902/3405 1904/5985 481/7030
f 1907/75 482/76 1912/5986
f 1909/3419 1912/5986 482/76
f 1913/79 483/80 1918/5987
f 1915/3409 1918/5987 483/80
f 485/82 1922/3431 1920/84
f 1925/5988 1920/84 1922/3431
f 1899/71 479/72 1931/5989
f 1929/3413 1931/5989 479/72
f 1932/91 487/92 1936/5990
f 1927/3411 1936/5990 487/92
f 1939/7186 491/7031 1942/5991
f 1940/3417 1942/5991 491/7031
f 492/98 1947/3423 1945/100
f 1950/5992 1945/100 1947/3423
f 1953/7187 495/7032 1956/5993
f 1954/3421 1956/5993 495/7032
f 1959/107 496/108 1964/5994
f 1961/3467 1964/5994 496/108
f 497/110 1967/3425 1965/112
f 1970/5995 1965/112 1967/3425
f 499/116 1974/3479 1972/115
f 1977/5996 1972/115 1974/3479
f 493/102 1981/3429 1951/104
f 1983/5997 1951/104 1981/3429
f 501/122 1979/3427 1984/124
f 1988/5998 1984/124 1979/3427
f 503/126 1991/3433 1989/128
f 1994/5999 1989/128 1991/3433
f 505/130 1998/3439 1996/132
f 2001/6000 1996/132 1998/3439
f 500/118 2005/3437 1978/120
f 2007/6001 1978/120 2005/3437
f 2009/140 509/138 2014/6002
f 2011/3483 2014/6002 509/138
f 510/142 2017/3441 2015/144
f 2020/6003 2015/144 2017/3441
f 2022/147 512/148 2027/6004
f 2024/3495 2027/6004 512/148
f 506/134 2031/3445 2002/136
f 2034/6006 2002/136 2031/3445
f 514/154 2029/3443 2035/156
f 2039/6007 2035/156 2029/3443
f 489/94 2043/3449 1937/96
f 2045/6009 1937/96 2043/3449
f 519/162 2049/3455 2047/164
f 2052/6010 2047/164 2049/3455
f 486/86 2055/3453 1926/88
f 2057/6011 1926/88 2055/3453
f 507/170 2003/3435 2058/172
f 2062/6012 2058/172 2003/3435
f 522/174 2065/3457 2063/176
f 2068/6013 2063/176 2065/3457
f 517/178 2041/3447 2069/180
f 2073/6014 2069/180 2041/3447
f 520/166 2077/3461 2053/168
f 2079/6016 2053/168 2077/3461
f 525/186 2075/3459 2080/188
f 2084/6017 2080/188 2075/3459
f 2087/7188 529/7033 2090/6019
f 2088/3465 2090/6019 529/7033
f 2093/195 530/196 2098/6020
f 2095/3471 2098/6020 530/196
f 2101/7189 533/7034 2104/6021
f 2102/3469 2104/6021 533/7034
f 2107/203 534/204 2112/6022
f 2109/6023 2112/6022 534/204
f 2113/207 535/208 2118/6024
f 2115/3473 2118/6024 535/208
f 2120/211 537/212 2125/6025
f 2122/6026 2125/6025 537/212
f 2099/199 531/200 2131/6027
f 2129/3477 2131/6027 531/200
f 2132/219 539/220 2136/6028
f 2127/3475 2136/6028 539/220
f 2137/223 541/224 2141/6029
f 2139/3481 2141/6029 541/224
f 2143/227 543/228 2148/6030
f 2145/3487 2148/6030 543/228
f 538/214 2151/3485 2126/216
f 2153/6031 2126/216 2151/3485
f 2155/235 546/236 2160/6032
f 2157/6033 2160/6032 546/236
f 2161/239 547/240 2166/6034
f 2163/3489 2166/6034 547/240
f 2168/243 549/244 2173/6035
f 2170/6036 2173/6035 549/244
f 2149/231 544/232 2179/6037
f 2177/3493 2179/6037 544/232
f 2180/251 551/252 2184/6038
f 2175/3491 2184/6038 551/252
f 2185/255 553/256 2189/6039
f 2187/3497 2189/6039 553/256
f 2191/259 555/260 2196/6040
f 2193/3502 2196/6040 555/260
f 2174/247 550/248 2201/6041
f 2199/3499 2201/6041 550/248
f 2203/267 558/268 2208/6043
f 2205/6042 2208/6043 558/268
f 2211/3504 2214/6044 559/269
f 2209/270 559/269 2214/6044
f 2218/6046 2221/6045 561/273
f 2216/274 561/273 2221/6045
f 2225/3507 2227/6047 556/261
f 2197/262 556/261 2227/6047
f 2228/283 563/284 2232/6048
f 2223/3505 2232/6048 563/284
f 2233/287 565/288 2237/6049
f 2235/3509 2237/6049 565/288
f 2244/6050 2239/289 2241/3514
f 567/291 2241/3514 2239/289
f 2222/279 562/280 2249/6051
f 2247/3512 2249/6051 562/280
f 570/299 2253/6052 2251/297
f 2256/6053 2251/297 2253/6052
f 571/303 2259/3515 2257/301
f 2262/6054 2257/301 2259/3515
f 2268/6055 2264/305 2266/6056
f 573/307 2266/6056 2264/305
f 568/295 2271/3518 2245/293
f 2273/6057 2245/293 2271/3518
f 574/313 2269/3517 2274/315
f 2277/6058 2274/315 2269/3517
f 577/7035 2280/3520 2279/7190
f 2283/6059 2279/7190 2280/3520
f 578/320 2288/3526 2286/322
f 2291/6060 2286/322 2288/3526
f 582/7037 2296/3524 2295/7193
f 2298/6061 2295/7193 2296/3524
f 583/328 2303/3538 2301/330
f 2306/6062 2301/330 2303/3538
f 2307/334 584/332 2312/6063
f 2309/3528 2312/6063 584/332
f 2314/337 586/338 2319/6064
f 2316/3550 2319/6064 586/338
f 2292/325 579/326 2326/6065
f 2323/3532 2326/6065 579/326
f 2327/345 588/346 2331/6066
f 2321/3530 2331/6066 588/346
f 593/7039 2336/3536 2335/7195
f 2338/6067 2335/7195 2336/3536
f 2341/353 594/354 2346/6068
f 2343/3542 2346/6068 594/354
f 2349/7196 597/7040 2352/6069
f 2350/3540 2352/6069 597/7040
f 2355/361 598/362 2360/6070
f 2357/3586 2360/6070 598/362
f 2361/365 599/366 2366/6071
f 2363/3544 2366/6071 599/366
f 2368/369 601/370 2373/6072
f 2370/3598 2373/6072 601/370
f 2347/358 595/356 2379/6073
f 2377/3548 2379/6073 595/356
f 2380/377 603/378 2384/6074
f 2375/3546 2384/6074 603/378
f 2385/381 605/382 2390/6075
f 2387/3552 2390/6075 605/382
f 607/384 2394/3558 2392/386
f 2397/6076 2392/386 2394/3558
f 602/372 2401/3556 2374/374
f 2403/6077 2374/374 2401/3556
f 611/392 2407/3602 2405/394
f 2410/6078 2405/394 2407/3602
f 612/396 2413/3560 2411/398
f 2416/6079 2411/398 2413/3560
f 614/400 2420/3614 2418/402
f 2423/6080 2418/402 2420/3614
f 608/390 2427/3564 2398/389
f 2430/6081 2398/389 2427/3564
f 616/408 2425/3562 2431/410
f 2435/6082 2431/410 2425/3562
f 2332/349 590/350 2442/6083
f 2439/3568 2442/6083 590/350
f 2444/417 621/418 2449/6084
f 2446/3574 2449/6084 621/418
f 2320/341 587/342 2455/6085
f 2453/3572 2455/6085 587/342
f 2456/425 609/426 2460/6086
f 2399/3554 2460/6086 609/426
f 2461/429 625/430 2466/6087
f 2463/3576 2466/6087 625/430
f 2467/433 619/434 2471/6088
f 2437/3566 2471/6088 619/434
f 2450/421 622/422 2478/6089
f 2475/3580 2478/6089 622/422
f 2479/441 628/442 2483/6090
f 2473/3578 2483/6090 628/442
f 2487/7199 633/7043 2490/6091
f 2488/3584 2490/6091 633/7043
f 2493/449 634/450 2498/6092
f 2495/3590 2498/6092 634/450
f 2501/7200 637/7044 2504/6093
f 2502/3588 2504/6093 637/7044
f 2507/457 638/458 2512/6094
f 2509/6095 2512/6094 638/458
f 2513/461 639/462 2518/6096
f 2515/3592 2518/6096 639/462
f 2520/465 641/466 2525/6097
f 2522/6098 2525/6097 641/466
f 2499/453 635/454 2531/6099
f 2529/3596 2531/6099 635/454
f 2532/473 643/474 2536/6100
f 2527/3594 2536/6100 643/474
f 645/478 2539/3600 2537/477
f 2541/6101 2537/477 2539/3600
f 647/480 2545/3606 2543/482
f 2548/6102 2543/482 2545/3606
f 2526/469 642/470 2553/6103
f 2551/3604 2553/6103 642/470
f 2555/490 650/488 2560/6104
f 2557/6105 2560/6104 650/488
f 2561/494 651/492 2566/6106
f 2563/3608 2566/6106 651/492
f 2568/497 653/498 2573/6107
f 2570/6108 2573/6107 653/498
f 648/484 2577/3612 2549/486
f 2579/6109 2549/486 2577/3612
f 2580/506 655/504 2584/6110
f 2575/3610 2584/6110 655/504
f 659/7045 2588/3616 2587/7202
f 2591/6111 2587/7202 2588/3616
f 2596/6113 2599/6112 660/511
f 2594/512 660/511 2599/6112
f 2105/7205 533/7047 2606/6116
f 2603/3620 2606/6116 533/7047
f 2608/521 664/522 2612/6118
f 2610/6117 2612/6118 664/522
f 667/7049 2616/3624 2615/7207
f 2618/6119 2615/7207 2616/3624
f 668/526 2623/6120 2621/528
f 2625/6121 2621/528 2623/6120
f 2627/5227 670/7051 2631/6122
f 2628/3628 2631/6122 670/7051
f 2634/533 671/534 2638/6123
f 2636/6124 2638/6123 671/534
f 674/7053 2642/3632 2641/5254
f 2645/6125 2641/5254 2642/3632
f 661/518 2597/6114 2647/538
f 2650/6126 2647/538 2597/6114
f 2644/7211 675/7054 2656/6127
f 2653/3636 2656/6127 675/7054
f 2658/543 677/544 2663/6128
f 2660/3642 2663/6128 677/544
f 2632/5222 670/7051 2669/6129
f 2667/3640 2669/6129 670/7051
f 2671/551 681/552 2676/6130
f 2673/6131 2676/6130 681/552
f 2677/555 682/556 2682/6132
f 2679/3644 2682/6132 682/556
f 2684/559 684/560 2689/6133
f 2686/6134 2689/6133 684/560
f 2664/547 678/548 2696/6137
f 2693/3648 2696/6137 678/548
f 2697/567 686/568 2701/6138
f 2691/3646 2701/6138 686/568
f 2707/6140 2282/7214 2705/3653
f 580/7057 2705/3653 2282/7214
f 2714/6141 2709/573 2711/3657
f 691/575 2711/3657 2709/573
f 2719/6142 2325/7215 2717/3655
f 591/7058 2717/3655 2325/7215
f 2721/583 694/584 2726/6143
f 2723/3670 2726/6143 694/584
f 2732/6144 2727/585 2729/3658
f 695/587 2729/3658 2727/585
f 2734/591 697/592 2739/6145
f 2736/6146 2739/6145 697/592
f 2745/6147 2715/577 2743/3663
f 692/579 2743/3663 2715/577
f 2750/6148 2746/597 2741/3661
f 699/599 2741/3661 2746/597
f 2756/6149 2736/6146 2753/3665
f 697/592 2753/3665 2736/6146
f 2763/6151 2758/605 2760/6153
f 703/607 2760/6153 2758/605
f 2767/3668 2769/6154 623/7060
f 2441/7217 623/7060 2769/6154
f 2771/615 707/616 2775/6155
f 2773/6156 2775/6155 707/616
f 2780/6157 2777/7220 2778/3673
f 709/7061 2778/3673 2777/7220
f 710/621 2785/6158 2783/619
f 2787/6159 2783/619 2785/6158
f 2789/7222 712/7063 2793/6160
f 2790/3676 2793/6160 712/7063
f 2796/628 713/626 2800/6161
f 2798/6162 2800/6161 713/626
f 2803/5277 716/7065 2807/6163
f 2804/3680 2807/6163 716/7065
f 2809/632 704/611 2812/6164
f 2761/6150 2812/6164 704/611
f 662/7046 2815/3684 2590/7201
f 2818/6165 2590/7201 2815/3684
f 2820/638 719/636 2825/6166
f 2822/3690 2825/6166 719/636
f 2646/5224 674/7053 2831/6167
f 2829/3688 2831/6167 674/7053
f 2838/6168 2833/645 2835/3702
f 723/646 2835/3702 2833/645
f 2844/6169 2839/649 2841/3693
f 724/650 2841/3693 2839/649
f 726/652 2848/3714 2846/654
f 2851/6170 2846/654 2848/3714
f 2826/641 720/642 2858/6172
f 2855/3696 2858/6172 720/642
f 2859/661 728/662 2863/6173
f 2853/3694 2863/6173 728/662
f 679/7055 2867/3700 2655/7212
f 2869/6174 2655/7212 2867/3700
f 733/668 2873/3706 2871/670
f 2876/6175 2871/670 2873/3706
f 2881/6176 2695/7213 2879/3704
f 689/7056 2879/3704 2695/7213
f 736/676 2885/3718 2883/678
f 2888/6177 2883/678 2885/3718
f 737/680 2891/3708 2889/682
f 2894/6178 2889/682 2891/3708
f 2901/6179 2896/683 2898/3731
f 739/685 2898/3731 2896/683
f 734/672 2905/3712 2877/674
f 2907/6180 2877/674 2905/3712
f 741/692 2903/3711 2908/694
f 2912/6181 2908/694 2903/3711
f 701/602 2915/3716 2751/604
f 2917/6182 2751/604 2915/3716
f 745/700 2921/3722 2919/702
f 2924/6183 2919/702 2921/3722
f 2929/6184 2740/593 2927/3721
f 698/595 2927/3721 2740/593
f 2931/709 748/710 2936/6185
f 2933/3734 2936/6185 748/710
f 749/712 2939/3724 2937/714
f 2942/6186 2937/714 2939/3724
f 751/717 2946/3747 2944/715
f 2949/6188 2944/715 2946/3747
f 746/704 2953/3728 2925/706
f 2955/6189 2925/706 2953/3728
f 2960/6191 2956/726 2951/3727
f 753/724 2951/3727 2956/726
f 2963/3732 2965/6192 705/7059
f 2755/7216 705/7059 2965/6192
f 2967/733 757/734 2972/6193
f 2969/3738 2972/6193 757/734
f 2808/5251 716/7065 2977/6194
f 2975/3736 2977/6194 716/7065
f 2979/741 760/742 2984/6195
f 2981/6196 2984/6195 760/742
f 2985/745 761/746 2990/6197
f 2987/3740 2990/6197 761/746
f 2992/749 763/750 2997/6198
f 2994/6199 2997/6198 763/750
f 2973/737 758/738 3003/6202
f 3001/3744 3003/6202 758/738
f 3004/757 765/758 3008/6203
f 2999/3742 3008/6203 765/758
f 714/7069 3011/3748 2792/7227
f 3014/6204 2792/7227 3011/3748
f 769/764 3018/3754 3016/766
f 3021/6205 3016/766 3018/3754
f 709/7071 3025/3752 2781/7230
f 3027/6206 2781/7230 3025/3752
f 773/772 3031/3767 3029/774
f 3034/6207 3029/774 3031/3767
f 3040/6208 3035/775 3037/3757
f 774/777 3037/3757 3035/775
f 3047/6209 3042/779 3044/3779
f 776/781 3044/3779 3042/779
f 770/768 3051/3760 3022/770
f 3054/6210 3022/770 3051/3760
f 3059/6211 3055/790 3049/3759
f 778/788 3049/3759 3055/790
f 2484/445 630/446 3065/6212
f 3063/3764 3065/6212 630/446
f 3067/797 783/798 3072/6213
f 3069/3770 3072/6213 783/798
f 2472/437 627/438 3077/6214
f 3075/3768 3077/6214 627/438
f 3079/805 786/806 3084/6215
f 3081/3782 3084/6215 786/806
f 3085/809 787/810 3090/6216
f 3087/3772 3090/6216 787/810
f 3092/813 789/814 3097/6217
f 3094/3794 3097/6217 789/814
f 3101/3777 3103/6218 784/799
f 3073/800 784/799 3103/6218
f 3099/3775 3108/6219 791/819
f 3104/820 791/819 3108/6219
f 618/412 3111/3780 2436/414
f 3113/6220 2436/414 3111/3780
f 795/828 3117/3786 3115/830
f 3120/6221 3115/830 3117/3786
f 615/404 3123/3784 2424/406
f 3125/6222 2424/406 3123/3784
f 798/836 3129/3798 3127/838
f 3132/6223 3127/838 3129/3798
f 799/840 3135/3789 3133/842
f 3138/6224 3133/842 3135/3789
f 3140/845 801/846 3145/6225
f 3142/3811 3145/6225 801/846
f 3121/834 796/832 3151/6226
f 3149/3792 3151/6226 796/832
f 3152/853 803/854 3156/6227
f 3147/3790 3156/6227 803/854
f 2585/510 657/508 3161/6228
f 3159/3796 3161/6228 657/508
f 3163/861 807/862 3168/6229
f 3165/3802 3168/6229 807/862
f 2574/501 654/502 3173/6230
f 3171/3800 3173/6230 654/502
f 3175/869 810/870 3180/6231
f 3177/6232 3180/6231 810/870
f 3181/873 811/874 3186/6233
f 3183/3804 3186/6233 811/874
f 3188/877 813/878 3193/6234
f 3190/6235 3193/6234 813/878
f 3169/865 808/866 3199/6236
f 3197/3808 3199/6236 808/866
f 3200/885 815/886 3204/6237
f 3195/3806 3204/6237 815/886
f 780/792 3207/3813 3060/794
f 3210/6238 3060/794 3207/3813
f 3217/6239 3212/891 3214/3818
f 819/893 3214/3818 3212/891
f 3223/6240 3048/783 3221/3816
f 777/785 3221/3816 3048/783
f 823/901 3227/1188 3225/899
f 3230/6241 3225/899 3227/1188
f 824/904 3233/3820 3231/906
f 3236/6242 3231/906 3233/3820
f 826/908 3240/1183 3238/910
f 3243/6243 3238/910 3240/1183
f 3250/6244 3218/895 3247/3825
f 820/897 3247/3825 3218/895
f 3255/6245 3251/915 3245/3822
f 828/917 3245/3822 3251/915
f 3109/823 793/825 3262/6246
f 3259/3828 3262/6246 793/825
f 3264/925 833/926 3269/6247
f 3266/3834 3269/6247 833/926
f 3098/817 790/818 3275/6248
f 3273/3831 3275/6248 790/818
f 3279/3845 3282/6249 837/934
f 3277/933 837/934 3282/6249
f 3285/3836 3288/6250 838/935
f 3283/936 838/935 3288/6250
f 3292/3857 3295/6252 840/939
f 3290/940 840/939 3295/6252
f 3270/929 834/930 3302/6253
f 3299/3840 3302/6253 834/930
f 3297/3838 3307/6255 842/947
f 3303/948 842/947 3307/6255
f 3157/857 805/858 3313/6256
f 3311/3842 3313/6256 805/858
f 3315/957 847/958 3320/6257
f 3317/3848 3320/6257 847/958
f 3146/849 802/850 3325/6258
f 3323/3846 3325/6258 802/850
f 3327/965 850/966 3332/6259
f 3329/3860 3332/6259 850/966
f 3333/969 851/970 3338/6260
f 3335/3851 3338/6260 851/970
f 3340/973 853/974 3345/6261
f 3342/3872 3345/6261 853/974
f 3349/3854 3351/6263 848/959
f 3321/960 848/959 3351/6263
f 855/982 3347/3852 3352/981
f 3356/6264 3352/981 3347/3852
f 3359/3858 3361/6266 817/887
f 3205/888 817/887 3361/6266
f 3363/988 859/987 3368/6267
f 3365/3864 3368/6267 859/987
f 3194/881 814/882 3373/6268
f 3371/3862 3373/6268 814/882
f 3375/997 862/998 3380/6270
f 3377/6269 3380/6270 862/998
f 3383/3867 3386/6271 863/999
f 3381/1000 863/999 3386/6271
f 3390/6272 3393/6273 865/1003
f 3388/1004 865/1003 3393/6273
f 3369/993 860/994 3399/6274
f 3397/3870 3399/6274 860/994
f 3400/1013 867/1014 3404/6275
f 3395/3868 3404/6275 867/1014
f 3410/6276 3256/919 3407/3875
f 830/921 3407/3875 3256/919
f 3417/6277 3412/1019 3414/3880
f 871/1021 3414/3880 3412/1019
f 827/912 3421/3878 3244/914
f 3423/6278 3244/914 3421/3878
f 875/1028 3427/3892 3425/1030
f 3430/6279 3425/1030 3427/3892
f 876/1032 3433/3882 3431/1034
f 3436/6280 3431/1034 3433/3882
f 3443/6281 3438/1038 3440/3905
f 878/1036 3440/3905 3438/1038
f 3450/6282 3418/1023 3447/3886
f 872/1025 3447/3886 3418/1023
f 880/1044 3445/3884 3451/1046
f 3455/6283 3451/1046 3445/3884
f 885/7077 3460/3890 3459/5395
f 3462/6284 3459/5395 3460/3890
f 886/1052 3467/3896 3465/1054
f 3470/6285 3465/1054 3467/3896
f 3473/5393 889/7078 3476/6286
f 3474/3894 3476/6286 889/7078
f 3479/1061 890/1062 3484/6287
f 3481/3908 3484/6287 890/1062
f 3485/1065 891/1066 3490/6288
f 3487/3898 3490/6288 891/1066
f 3494/3921 3497/6290 893/1070
f 3492/1069 893/1070 3497/6290
f 3503/6291 3471/1055 3501/3903
f 887/1057 3501/3903 3471/1055
f 3508/6293 3504/1075 3499/3901
f 895/1077 3499/3901 3504/1075
f 3512/3906 3514/6294 899/7079
f 3511/5387 899/7079 3514/6294
f 3517/1085 900/1086 3522/6295
f 3519/3912 3522/6295 900/1086
f 3525/5385 903/7080 3528/6296
f 3526/3910 3528/6296 903/7080
f 3533/6297 3536/6298 904/1091
f 3531/1092 904/1091 3536/6298
f 3537/1097 905/1098 3542/6299
f 3539/3914 3542/6299 905/1098
f 3546/6300 3549/6301 907/1099
f 3544/1100 907/1099 3549/6301
f 3553/3919 3555/6302 901/1090
f 3523/1089 901/1090 3555/6302
f 3551/3917 3560/6303 909/1107
f 3556/1108 909/1107 3560/6303
f 882/1048 3563/3922 3456/1050
f 3566/6304 3456/1050 3563/3922
f 3573/6305 3568/1118 3570/3929
f 913/1116 3570/3929 3568/1118
f 879/1040 3577/3927 3444/1042
f 3579/6306 3444/1042 3577/3927
f 3580/1124 897/1081 3584/6307
f 3506/6292 3584/6307 897/1081
f 3585/1125 917/1127 3590/6308
f 3587/3930 3590/6308 917/1127
f 3591/1130 894/1071 3594/6309
f 3495/6289 3594/6309 894/1071
f 3600/6310 3574/1122 3597/3933
f 914/1120 3597/3933 3574/1122
f 3601/1136 919/1137 3604/6311
f 3595/3932 3604/6311 919/1137
f 3529/5371 903/7080 3610/6312
f 3607/3937 3610/6312 903/7080
f 3617/6313 3612/1143 3614/3944
f 923/1144 3614/3944 3612/1143
f 3515/5368 899/7079 3623/6314
f 3621/3941 3623/6314 899/7079
f 3625/1151 927/1152 3630/6315
f 3627/3956 3630/6315 927/1152
f 3636/6316 3631/1153 3633/3946
f 928/1155 3633/3946 3631/1153
f 3643/6317 3638/1157 3640/3966
f 930/1159 3640/3966 3638/1157
f 924/1146 3647/3950 3618/1148
f 3650/6318 3618/1148 3647/3950
f 3655/6319 3651/1165 3645/3948
f 932/1167 3645/3948 3651/1165
f 3477/5361 889/7078 3661/6320
f 3659/3953 3661/6320 889/7078
f 3663/1175 937/1176 3668/6321
f 3665/3960 3668/6321 937/1176
f 885/7077 3671/3958 3463/5359
f 3673/6322 3463/5359 3671/3958
f 3678/6323 3674/1181 3237/907
f 826/908 3237/907 3674/1181
f 940/1185 3681/3961 3679/1187
f 3684/6324 3679/1187 3681/3961
f 3224/902 3688/6325 823/901
f 3685/1190 823/901 3688/6325
f 3693/6327 3669/1178 3691/3964
f 938/1177 3691/3964 3669/1178
f 942/1195 3689/3963 3694/1196
f 3697/6328 3694/1196 3689/3963
f 3405/1017 869/1018 3701/6330
f 3699/3967 3701/6330 869/1018
f 3703/1205 945/1206 3708/6331
f 3705/3971 3708/6331 945/1206
f 3394/1009 866/1010 3713/6332
f 3711/3970 3713/6332 866/1010
f 3717/6333 3720/6334 948/1211
f 3715/1212 948/1211 3720/6334
f 3721/1217 949/1218 3726/6335
f 3723/3973 3726/6335 949/1218
f 3730/6337 3733/6336 951/1219
f 3728/1220 951/1219 3733/6336
f 3709/1209 946/1210 3739/6338
f 3737/3977 3739/6338 946/1210
f 3740/1229 953/1230 3744/6339
f 3735/3975 3744/6339 953/1230
f 934/1170 3747/3980 3656/1172
f 3750/6340 3656/1172 3747/3980
f 3757/6341 3752/1235 3754/3986
f 957/1237 3754/3986 3752/1235
f 3763/6342 3644/1161 3761/3984
f 931/1163 3761/3984 3644/1161
f 3768/6343 3764/1243 3305/6254
f 844/951 3305/6254 3764/1243
f 3774/6344 3769/1245 3771/3988
f 961/1247 3771/3988 3769/1245
f 3778/6345 3775/1249 3293/6251
f 841/943 3293/6251 3775/1249
f 3758/1241 958/1242 3784/6346
f 3781/3990 3784/6346 958/1242
f 3785/1256 963/1257 3788/6347
f 3779/3989 3788/6347 963/1257
f 967/7087 3792/3994 3791/5440
f 3795/6348 3791/5440 3792/3994
f 968/1262 3800/6349 3798/1264
f 3803/6351 3798/1264 3800/6349
f 3811/6353 3807/6423 3808/3999
f 972/1487 3808/3999 3807/6423
f 3818/6354 3814/1269 3816/6355
f 973/1271 3816/6355 3814/1269
f 3821/5432 976/7090 3825/6356
f 3822/4002 3825/6356 976/7090
f 3827/1276 969/1266 3830/6357
f 3801/6352 3830/6357 969/1266
f 979/1522 3834/4006 3833/6434
f 3836/6358 3833/6434 3834/4006
f 980/1280 3841/4012 3839/1282
f 3844/6359 3839/1282 3841/4012
f 983/1512 3848/4010 3847/6431
f 3850/6360 3847/6431 3848/4010
f 984/1288 3855/4024 3853/1290
f 3858/6361 3853/1290 3855/4024
f 985/1292 3861/4014 3859/1294
f 3864/6362 3859/1294 3861/4014
f 987/1296 3868/4036 3866/1298
f 3871/6363 3866/1298 3868/4036
f 981/1284 3875/4018 3845/1286
f 3877/6365 3845/1286 3875/4018
f 989/1304 3873/4016 3878/1306
f 3882/6366 3878/1306 3873/4016
f 3794/7242 970/7088 3887/6368
f 3885/4022 3887/6368 970/7088
f 3894/6369 3889/1312 3891/4029
f 993/1311 3891/4029 3889/1312
f 3897/4027 3899/6370 976/7090
f 3826/5420 976/7090 3899/6370
f 3900/1321 452/1322 3904/6371
f 1795/6372 3904/6371 452/1322
f 3910/6373 3905/1323 3907/4031
f 996/1325 3907/4031 3905/1323
f 3915/6375 3911/1327 1779/6377
f 447/1329 1779/6377 3911/1327
f 994/1317 3919/4035 3895/1315
f 3921/6378 3895/1315 3919/4035
f 3926/6380 3922/1335 3917/4033
f 999/1337 3917/4033 3922/1335
f 3929/4039 3932/6381 974/7089
f 3810/7243 974/7089 3932/6381
f 3934/1346 1003/1344 3939/6382
f 3936/4044 3939/6382 1003/1344
f 967/7087 3943/4042 3796/5417
f 3945/6383 3796/5417 3943/4042
f 3952/6384 3947/1354 3949/4147
f 1007/1352 3949/4147 3947/1354
f 1008/1356 3955/4046 3953/1358
f 3958/6385 3953/1358 3955/4046
f 1010/1360 3962/4159 3960/1362
f 3965/6386 3960/1362 3962/4159
f 3969/4050 3972/6388 1004/1347
f 3940/1348 1004/1347 3972/6388
f 3973/1369 1012/1370 3977/6390
f 3967/4049 3977/6390 1012/1370
f 1017/1594 3982/4054 3981/1596
f 3984/6391 3981/1596 3982/4054
f 1018/1377 3989/4059 3987/1375
f 3992/6392 3987/1375 3989/4059
f 3998/6393 3995/1588 3996/4056
f 1021/1586 3996/4056 3995/1588
f 4001/1385 1022/1386 4006/6394
f 4003/4171 4006/6394 1022/1386
f 4012/6395 4007/1389 4009/4061
f 1023/1390 4009/4061 4007/1389
f 4019/6396 4014/1391 4016/6397
f 1025/1393 4016/6397 4014/1391
f 4023/4065 4025/6398 1019/1380
f 3993/1382 1019/1380 4025/6398
f 4026/1400 1027/1399 4030/6399
f 4021/4062 4030/6399 1027/1399
f 1031/1469 4034/4066 4033/1467
f 4036/6400 4033/1467 4034/4066
f 1032/1408 4041/4072 4039/1410
f 4044/6401 4039/1410 4041/4072
f 1035/1459 4048/4070 4047/1460
f 4050/6402 4047/1460 4048/4070
f 1036/1416 4055/4116 4053/1418
f 4058/6403 4053/1418 4055/4116
f 1037/1420 4061/4074 4059/1422
f 4064/6404 4059/1422 4061/4074
f 1039/1424 4068/4128 4066/1426
f 4070/6405 4066/1426 4068/4128
f 1033/1412 4073/4078 4045/1414
f 4075/6407 4045/1414 4073/4078
f 1040/1432 4071/4076 4076/1434
f 4079/6408 4076/1434 4071/4076
f 1957/7249 495/7095 4083/6410
f 4081/4083 4083/6410 495/7095
f 4090/6411 4085/1440 4087/4089
f 1043/1439 4087/4089 4085/1440
f 4093/4086 4095/6412 491/7097
f 1943/7251 491/7097 4095/6412
f 4097/1449 1046/1450 4102/6413
f 4099/4100 4102/6413 1046/1450
f 4105/4090 4108/6414 1047/1451
f 4103/1452 1047/1451 4108/6414
f 4110/1457 1049/1458 4114/6415
f 4112/4112 4114/6415 1049/1458
f 4091/1445 1044/1446 4119/6416
f 4117/4095 4119/6416 1044/1446
f 4123/6417 4120/1463 4115/4093
f 1050/1465 4115/4093 4120/1463
f 1905/7253 481/7099 4127/6418
f 4125/4098 4127/6418 481/7099
f 4129/1473 1053/1474 4134/6419
f 4131/4104 4134/6419 1053/1474
f 1891/7254 477/7100 4139/6420
f 4137/4102 4139/6420 477/7100
f 977/1480 3831/4004 4140/1482
f 4144/6421 4140/1482 3831/4004
f 4145/1485 1056/1486 4150/6422
f 4147/4107 4150/6422 1056/1486
f 3807/6423 4155/6424 972/1487
f 4151/1488 972/1487 4155/6424
f 4135/1477 1054/1478 4161/6425
f 4159/4110 4161/6425 1054/1478
f 4162/1497 1059/1498 4166/6426
f 4157/4109 4166/6426 1059/1498
f 4172/6427 4169/5502 4170/4115
f 1063/7101 4170/4115 4169/5502
f 1064/1504 4177/4120 4175/1506
f 4180/6428 4175/1506 4177/4120
f 1067/7102 4184/4118 4183/5500
f 4186/6429 4183/5500 4184/4118
f 4188/1514 983/1512 4192/6430
f 3847/6431 4192/6430 983/1512
f 4195/4122 4198/6432 1068/1516
f 4193/1518 1068/1516 4198/6432
f 4199/1521 979/1522 4202/6433
f 3833/6434 4202/6433 979/1522
f 1065/1508 4205/4126 4181/1510
f 4207/6437 4181/1510 4205/4126
f 4211/6439 4208/1530 4203/4124
f 1070/1528 4203/4124 4208/1530
f 4216/6440 4167/1501 4213/4131
f 1061/1502 4213/4131 4167/1501
f 4220/4136 4223/6441 1073/1535
f 4218/1536 1073/1535 4223/6441
f 4227/4135 4229/6442 1058/1491
f 4156/1492 1058/1491 4229/6442
f 3941/4041 4234/6443 1005/1543
f 4230/1544 1005/1543 4234/6443
f 4235/1549 1077/1550 4240/6444
f 4237/4138 4240/6444 1077/1550
f 4241/1553 1015/1554 4244/6445
f 3979/4052 4244/6445 1015/1554
f 1074/1540 4247/4141 4224/1542
f 4250/6446 4224/1542 4247/4141
f 4251/1560 1079/1561 4254/6447
f 4245/4140 4254/6447 1079/1561
f 4187/5485 1067/7102 4259/6448
f 4257/4146 4259/6448 1067/7102
f 1083/1566 4263/4151 4261/1568
f 4266/6449 4261/1568 4263/4151
f 1063/7101 4269/4150 4173/5483
f 4271/6450 4173/5483 4269/4150
f 4273/1575 1086/1576 4278/6451
f 4275/4163 4278/6451 1086/1576
f 1087/1579 4281/4153 4279/1577
f 4284/6452 4279/1577 4281/4153
f 1089/1584 4288/6453 4286/1583
f 4290/6454 4286/1583 4288/6453
f 1084/1570 4293/4157 4267/1572
f 4295/6455 4267/1572 4293/4157
f 1090/1590 4291/4155 4296/1592
f 4299/6456 4296/1592 4291/4155
f 4301/4162 4303/6457 1075/7103
f 4215/7255 1075/7103 4303/6457
f 4307/6460 4310/6461 1093/1597
f 4305/1598 1093/1597 4310/6461
f 4313/4166 4315/6462 1025/1393
f 4016/6397 1025/1393 4315/6462
f 1096/1606 4319/6463 4317/1608
f 4321/6464 4317/1608 4319/6463
f 4288/6453 1089/1584 4325/6465
f 4323/4168 4325/6465 1089/1584
f 4329/6466 4326/1612 4308/6459
f 1094/1601 4308/6459 4326/1612
f 4334/6467 3009/759 4331/4173
f 767/761 4331/4173 3009/759
f 4341/6469 4336/1618 4338/6471
f 1099/1616 4338/6471 4336/1618
f 4345/7257 1103/7106 4348/6472
f 4346/4176 4348/6472 1103/7106
f 4351/1625 1104/1626 4355/6473
f 4353/6474 4355/6473 1104/1626
f 1106/7107 4358/4178 4357/5517
f 4361/6475 4357/5517 4358/4178
f 1100/1621 4339/6468 4363/1630
f 4366/6476 4363/1630 4339/6468
f 4369/4183 4371/6477 1101/7105
f 4333/7256 1101/7105 4371/6477
f 4373/1634 1109/1633 4378/6478
f 4375/4186 4378/6478 1109/1633
f 4362/5514 1106/7107 4383/6479
f 4381/4184 4383/6479 1106/7107
f 1112/1642 4387/6481 4385/1644
f 4390/6480 4385/1644 4387/6481
f 4391/1647 1113/1648 4396/6482
f 4393/4188 4396/6482 1113/1648
f 4398/1651 1115/1652 4403/6483
f 4400/6484 4403/6483 1115/1652
f 4379/1639 1110/1640 4409/6487
f 4407/4192 4409/6487 1110/1640
f 4410/1659 1117/1660 4414/6488
f 4405/4190 4414/6488 1117/1660
f 4420/6490 2913/698 4417/4195
f 743/696 4417/4195 2913/698
f 4427/6491 4422/1665 4424/4201
f 1121/1667 4424/4201 4422/1665
f 4433/6492 2902/687 4431/4199
f 740/689 4431/4199 2902/687
f 4438/6493 4434/1673 4412/6489
f 1119/1661 4412/6489 4434/1673
f 4444/6494 4439/1675 4441/4203
f 1125/1677 4441/4203 4439/1675
f 4449/6496 4445/1679 4401/6485
f 1116/1656 4401/6485 4445/1679
f 4456/6497 4428/1669 4453/4207
f 1122/1671 4453/4207 4428/1669
f 4461/6499 4457/1685 4451/4205
f 1128/1687 4451/4205 4457/1685
f 4465/4210 4467/6500 1123/7109
f 4419/7259 1123/7109 4467/6500
f 1133/1696 4471/6501 4469/1695
f 4474/6503 4469/1695 4471/6501
f 4480/6505 4477/7260 4478/4213
f 1136/7111 4478/4213 4477/7260
f 4487/6506 4483/1701 4485/6507
f 1137/1703 4485/6507 4483/1701
f 2864/665 730/666 4492/6508
f 4489/4215 4492/6508 730/666
f 4493/1708 1134/1698 4496/6509
f 4472/6504 4496/6509 1134/1698
f 1782/7179 450/7024 4502/6510
f 4499/4219 4502/6510 450/7024
f 4509/6511 4504/1711 4506/4226
f 1141/1713 4506/4226 4504/1711
f 4515/6512 1825/7181 4513/4224
f 461/7026 4513/4224 1825/7181
f 1145/1721 4519/4237 4517/1719
f 4522/6513 4517/1719 4519/4237
f 4528/6514 4523/1723 4525/4228
f 1146/1725 4525/4228 4523/1723
f 4535/6515 4530/1730 4532/4249
f 1148/1728 4532/4249 4530/1730
f 1142/1716 4539/4231 4510/1718
f 4542/6516 4510/1718 4539/4231
f 1150/1736 4537/4230 4543/1738
f 4547/6517 4543/1738 4537/4230
f 1837/7182 465/7027 4553/6518
f 4551/4235 4553/6518 465/7027
f 1155/1744 4557/4241 4555/1746
f 4560/6519 4555/1746 4557/4241
f 475/7028 4563/4239 1877/7183
f 4565/6520 1877/7183 4563/4239
f 1158/1752 4569/2002 4567/1754
f 4572/6521 4567/1754 4569/2002
f 1159/1756 4575/4243 4573/1758
f 4578/6522 4573/1758 4575/4243
f 1161/1760 4582/1995 4580/1762
f 4585/6523 4580/1762 4582/1995
f 1156/1748 4589/4247 4561/1750
f 4591/6524 4561/1750 4589/4247
f 1163/1768 4587/4245 4592/1770
f 4596/6525 4592/1770 4587/4245
f 1152/1740 4599/4251 4548/1742
f 4602/6526 4548/1742 4599/4251
f 4604/1777 1167/1778 4609/6527
f 4606/4257 4609/6527 1167/1778
f 4615/6528 4536/1731 4613/4256
f 1149/1733 4613/4256 4536/1731
f 4622/6529 4617/1783 4619/4302
f 1171/1785 4619/4302 4617/1783
f 4623/1789 1172/1790 4628/6530
f 4625/4260 4628/6530 1172/1790
f 4635/6531 4630/1791 4632/4314
f 1174/1793 4632/4314 4630/1791
f 4610/1781 1168/1782 4642/6532
f 4639/4263 4642/6532 1168/1782
f 4643/1801 1176/1802 4647/6533
f 4637/4262 4647/6533 1176/1802
f 4648/1805 1178/1806 4654/6534
f 4651/4268 4654/6534 1178/1806
f 4661/6535 4656/1807 4658/4274
f 1181/1809 4658/4274 4656/1807
f 4667/6536 4636/1795 4665/4272
f 1175/1797 4665/4272 4636/1795
f 4674/6537 4669/1815 4671/4286
f 1185/1817 4671/4286 4669/1815
f 4680/6538 4675/1819 4677/4276
f 1186/1821 4677/4276 4675/1819
f 4687/6539 4682/1823 4684/4298
f 1188/1825 4684/4298 4682/1823
f 4694/6540 4662/1811 4691/4279
f 1182/1813 4691/4279 4662/1811
f 4695/1831 1190/1833 4699/6541
f 4689/4277 4699/6541 1190/1833
f 4706/6542 4703/1899 4704/4284
f 1195/1901 4704/4284 4703/1899
f 4714/6543 4709/1839 4711/4290
f 1196/1841 4711/4290 4709/1839
f 4720/6544 4717/1891 4718/4288
f 1199/1893 4718/4288 4717/1891
f 4728/6545 4723/1847 4725/6546
f 1200/1849 4725/6546 4723/1847
f 4734/6547 4729/1851 4731/4292
f 1201/1853 4731/4292 4729/1851
f 1203/1856 4738/6549 4736/1858
f 4741/6548 4736/1858 4738/6549
f 4747/6550 4715/1843 4745/4296
f 1197/1845 4745/4296 4715/1843
f 4752/6551 4748/1863 4743/4293
f 1205/1865 4743/4293 4748/1863
f 1165/1772 4755/4300 4597/1774
f 4757/6552 4597/1774 4755/4300
f 4764/6553 4759/1874 4761/4306
f 1209/1872 4761/4306 4759/1874
f 1162/1764 4767/4304 4586/1766
f 4769/6554 4586/1766 4767/4304
f 4776/6555 4771/1879 4773/6556
f 1212/1881 4773/6556 4771/1879
f 4782/6557 4777/1883 4779/4308
f 1213/1885 4779/4308 4777/1883
f 4788/6558 4784/1887 4786/6559
f 1215/1889 4786/6559 4784/1887
f 4793/6560 4765/1875 4791/4312
f 1210/1877 4791/4312 4765/1875
f 4797/6561 4794/1895 4789/4310
f 1216/1897 4789/4310 4794/1895
f 4700/1837 1192/1838 4802/6562
f 4799/4315 4802/6562 1192/1838
f 4804/1905 1219/1906 4809/6563
f 4806/4321 4809/6563 1219/1906
f 4688/1829 1189/1830 4815/6564
f 4813/4319 4815/6564 1189/1830
f 4817/1913 1223/1914 4822/6565
f 4819/4333 4822/6565 1223/1914
f 4823/1917 1224/1918 4828/6566
f 4825/4324 4828/6566 1224/1918
f 4834/6567 4830/1919 4832/4345
f 1226/1921 4832/4345 4830/1919
f 4810/1909 1220/1910 4840/6568
f 4837/4327 4840/6568 1220/1910
f 4841/1927 1227/1928 4844/6569
f 4835/4325 4844/6569 1227/1928
f 4753/1867 1207/1869 4849/6570
f 4847/4331 4849/6570 1207/1869
f 4851/1933 1231/1934 4856/6571
f 4853/4337 4856/6571 1231/1934
f 4742/1861 1204/1862 4861/6572
f 4859/4335 4861/6572 1204/1862
f 4863/1941 1234/1942 4868/6573
f 4865/4349 4868/6573 1234/1942
f 4869/1945 1235/1946 4874/6574
f 4871/4339 4874/6574 1235/1946
f 4876/1949 1237/1950 4880/6575
f 4878/4361 4880/6575 1237/1950
f 4857/1937 1232/1938 4885/6576
f 4883/4343 4885/6576 1232/1938
f 4886/1955 1238/1956 4889/6577
f 4881/4341 4889/6577 1238/1956
f 4891/4348 4893/6578 1203/1856
f 4738/6549 1203/1856 4893/6578
f 4897/4354 4900/6579 1241/1959
f 4895/1960 1241/1959 4900/6579
f 4725/6546 1200/1849 4905/6580
f 4903/4351 4905/6580 1200/1849
f 4907/1969 1244/1970 4912/6581
f 4909/4365 4912/6581 1244/1970
f 4913/1973 1245/1974 4918/6582
f 4915/4355 4918/6582 1245/1974
f 4920/1977 1247/1978 4924/6583
f 4922/4377 4924/6583 1247/1978
f 4901/1965 1242/1966 4929/6584
f 4927/4359 4929/6584 1242/1966
f 4925/4358 4933/6585 1248/1981
f 4930/1982 1248/1981 4933/6585
f 4786/6559 1215/1889 4937/6586
f 4935/4363 4937/6586 1215/1889
f 1251/1988 4941/4370 4939/1990
f 4944/6587 4939/1990 4941/4370
f 4949/6588 4773/6556 4947/4368
f 1212/1881 4947/4368 4773/6556
f 1161/1760 4579/1759 4950/1997
f 4954/6589 4950/1997 4579/1759
f 4960/6590 4955/1998 4957/4371
f 1254/2000 4957/4371 4955/1998
f 1158/1752 4566/1751 4961/2004
f 4964/6591 4961/2004 4566/1751
f 1252/1992 4967/4375 4945/1994
f 4969/6592 4945/1994 4967/4375
f 1256/2008 4965/4374 4970/2010
f 4973/6593 4970/2010 4965/4374
f 4975/7272 1259/7121 4979/6594
f 4976/4380 4979/6594 1259/7121
f 4982/2015 1260/2016 4987/6595
f 4984/4385 4987/6595 1260/2016
f 4991/7273 1264/7123 4994/6596
f 4992/4383 4994/6596 1264/7123
f 4997/2023 1265/2024 5002/6597
f 4999/4429 5002/6597 1265/2024
f 5003/2027 1266/2028 5008/6598
f 5005/4387 5008/6598 1266/2028
f 5010/2031 1268/2032 5015/6599
f 5012/4441 5015/6599 1268/2032
f 1261/2018 5019/4391 4988/2020
f 5022/6600 4988/2020 5019/4391
f 1270/2038 5017/4390 5023/2040
f 5027/6601 5023/2040 5017/4390
f 1272/2042 5031/4395 5028/2044
f 5034/6602 5028/2044 5031/4395
f 5041/6603 5036/2048 5038/4401
f 1275/2046 5038/4401 5036/2048
f 5016/2035 1269/2036 5047/6604
f 5045/4399 5047/6604 1269/2036
f 5049/2055 1279/2056 5054/6605
f 5051/4413 5054/6605 1279/2056
f 5055/2059 1280/2060 5060/6606
f 5057/4403 5060/6606 1280/2060
f 1282/2062 5064/4425 5062/2064
f 5067/6607 5062/2064 5064/4425
f 5042/2051 1276/2052 5074/6608
f 5071/4407 5074/6608 1276/2052
f 5075/2071 1284/2072 5079/6609
f 5069/4405 5079/6609 1284/2072
f 5083/2139 1289/2140 5086/6610
f 5084/4411 5086/6610 1289/2140
f 1290/2080 5091/4417 5089/2079
f 5094/6611 5089/2079 5091/4417
f 5097/2131 1293/2132 5100/6612
f 5098/4416 5100/6612 1293/2132
f 5108/6613 5103/2085 5105/4639
f 1294/2087 5105/4639 5103/2085
f 1295/2090 5111/4419 5109/2092
f 5114/6614 5109/2092 5111/4419
f 5121/6615 5116/2093 5118/4651
f 1297/2095 5118/4651 5116/2093
f 1291/2082 5125/4423 5095/2084
f 5127/6616 5095/2084 5125/4423
f 1299/2102 5123/4421 5128/2104
f 5132/6617 5128/2104 5123/4421
f 5135/7277 1303/7127 5138/6618
f 5136/4427 5138/6618 1303/7127
f 5141/2111 1304/2112 5146/6619
f 5143/4433 5146/6619 1304/2112
f 5149/7278 1307/7128 5152/6620
f 5150/4431 5152/6620 1307/7128
f 5155/2119 1308/2120 5160/6621
f 5157/4622 5160/6621 1308/2120
f 5161/2123 1309/2124 5166/6622
f 5163/4435 5166/6622 1309/2124
f 5168/2127 1311/2128 5172/6623
f 5170/4634 5172/6623 1311/2128
f 5147/2115 1305/2116 5177/6624
f 5175/4439 5177/6624 1305/2116
f 5178/2135 1312/2136 5181/6625
f 5173/4437 5181/6625 1312/2136
f 5080/2075 1286/2076 5186/6626
f 5183/4443 5186/6626 1286/2076
f 5188/2143 1315/2144 5193/6627
f 5190/4449 5193/6627 1315/2144
f 5068/2067 1283/2068 5199/6628
f 5197/4447 5199/6628 1283/2068
f 5201/2151 1319/2152 5206/6629
f 5203/4462 5206/6629 1319/2152
f 5207/2155 1320/2156 5212/6630
f 5209/4451 5212/6630 1320/2156
f 5214/2159 1322/2160 5218/6631
f 5216/4473 5218/6631 1322/2160
f 5194/2147 1316/2148 5224/6632
f 5221/4455 5224/6632 1316/2148
f 5225/2165 1323/2166 5228/6633
f 5219/4453 5228/6633 1323/2166
f 1301/2106 5231/4460 5133/2108
f 5233/6634 5133/2108 5231/4460
f 5240/6635 5235/2169 5237/4466
f 1327/2171 5237/4466 5235/2169
f 5245/6636 5122/2097 5243/4464
f 1298/2099 5243/4464 5122/2097
f 5247/2177 1330/2179 5252/6637
f 5249/4654 5252/6637 1330/2179
f 5253/2181 1331/2183 5258/6638
f 5255/4467 5258/6638 1331/2183
f 5260/2187 1333/2188 5264/6639
f 5262/4666 5264/6639 1333/2188
f 5269/6640 5241/2173 5267/4472
f 1328/2175 5267/4472 5241/2173
f 5270/2191 1334/2193 5273/6641
f 5265/4469 5273/6641 1334/2193
f 5276/4475 5278/6642 1337/7131
f 5275/7281 1337/7131 5278/6642
f 5281/2199 1338/2200 5286/6643
f 5283/6644 5286/6643 1338/2200
f 1341/7132 5290/4478 5289/7282
f 5293/6647 5289/7282 5290/4478
f 1342/2206 5298/6648 5296/2208
f 5300/6649 5296/2208 5298/6648
f 5303/7283 1345/7134 5307/6650
f 5304/4482 5307/6650 1345/7134
f 5310/2213 1346/2214 5314/6651
f 5312/6652 5314/6651 1346/2214
f 1221/7136 5317/4486 4801/7284
f 5320/6653 4801/7284 5317/4486
f 1349/2218 5324/6654 5322/2220
f 5326/6655 5322/2220 5324/6654
f 2605/7206 665/7048 5331/6656
f 5329/4490 5331/6656 665/7048
f 5284/6645 5335/6657 1339/2201
f 5332/2224 1339/2201 5335/6657
f 5337/7288 1353/7139 5340/6658
f 5338/4494 5340/6658 1353/7139
f 5343/2229 1354/2230 5348/6659
f 5345/4499 5348/6659 1354/2230
f 5351/7289 1357/7140 5354/6660
f 5352/4497 5354/6660 1357/7140
f 5357/2237 1358/2238 5362/6661
f 5359/6662 5362/6661 1358/2238
f 5363/2241 1359/2242 5368/6663
f 5365/4501 5368/6663 1359/2242
f 5370/2245 1361/2246 5375/6664
f 5372/6665 5375/6664 1361/2246
f 5349/2233 1355/2234 5381/6668
f 5379/4505 5381/6668 1355/2234
f 5382/2253 1363/2254 5386/6669
f 5377/4503 5386/6669 1363/2254
f 1361/2246 5389/4509 5372/6665
f 5391/6671 5372/6665 5389/4509
f 1367/2260 5395/4515 5393/2262
f 5398/6672 5393/2262 5395/4515
f 1358/2238 5401/4513 5359/6662
f 5403/6673 5359/6662 5401/4513
f 1370/2268 5407/4575 5405/2270
f 5410/6674 5405/2270 5407/4575
f 1371/2272 5413/4517 5411/2274
f 5416/6675 5411/2274 5413/4517
f 5418/2278 1373/2276 5423/6676
f 5420/4587 5423/6676 1373/2276
f 1368/2264 5427/4521 5399/2266
f 5429/6678 5399/2266 5427/4521
f 5430/2286 1375/2284 5434/6679
f 5425/4519 5434/6679 1375/2284
f 1379/7143 5438/4525 5437/7292
f 5440/6680 5437/7292 5438/4525
f 1380/2292 5445/6681 5443/2294
f 5448/6683 5443/2294 5445/6681
f 2806/7224 717/7066 5454/6685
f 5451/4527 5454/6685 717/7066
f 5456/2301 1383/2302 5460/6687
f 5458/6686 5460/6687 1383/2302
f 5463/7293 1386/7145 5466/6688
f 5464/4531 5466/6688 1386/7145
f 5469/2307 1387/2308 5473/6689
f 5471/6690 5473/6689 1387/2308
f 1307/7146 5475/4534 5153/7294
f 5478/6691 5153/7294 5475/4534
f 1389/2312 5482/6692 5480/2314
f 5484/6693 5480/2314 5482/6692
f 5435/2289 1377/2290 5489/6694
f 5487/4539 5489/6694 1377/2290
f 5446/6684 5493/6695 1381/2296
f 5490/2317 1381/2296 5493/6695
f 5497/6696 2817/7225 5495/4542
f 721/7067 5495/4542 2817/7225
f 5499/2323 1393/2324 5504/6697
f 5501/4547 5504/6697 1393/2324
f 2857/7226 731/7068 5509/6698
f 5507/4545 5509/6698 731/7068
f 5511/2331 1396/2332 5516/6699
f 5513/5072 5516/6699 1396/2332
f 5517/2335 1397/2336 5522/6700
f 5519/4549 5522/6700 1397/2336
f 1399/2338 5526/6701 5524/2340
f 5529/6702 5524/2340 5526/6701
f 5505/2325 1394/2327 5535/6703
f 5533/4553 5535/6703 1394/2327
f 1401/2348 5531/4551 5536/2347
f 5540/6704 5536/2347 5531/4551
f 1403/2352 5543/4557 5541/2351
f 5545/6705 5541/2351 5543/4557
f 1405/2354 5549/4563 5547/2356
f 5552/6706 5547/2356 5549/4563
f 1400/2342 5555/4561 5530/2344
f 5557/6707 5530/2344 5555/4561
f 1408/2362 5561/5052 5559/2364
f 5564/6708 5559/2364 5561/5052
f 1409/2366 5567/4565 5565/2368
f 5570/6709 5565/2368 5567/4565
f 1411/2370 5574/5064 5572/2372
f 5577/6710 5572/2372 5574/5064
f 1406/2358 5581/4569 5553/2360
f 5583/6711 5553/2360 5581/4569
f 1413/2378 5579/4567 5584/2380
f 5588/6712 5584/2380 5579/4567
f 1415/2382 5591/4573 5589/2384
f 5593/6713 5589/2384 5591/4573
f 1417/2386 5597/4579 5595/2388
f 5600/6714 5595/2388 5597/4579
f 1412/2374 5603/4577 5578/2376
f 5605/6715 5578/2376 5603/4577
f 1420/2394 5609/6716 5607/2396
f 5612/6717 5607/2396 5609/6716
f 1421/2398 5615/4581 5613/2400
f 5618/6718 5613/2400 5615/4581
f 1423/2402 5622/6719 5620/2404
f 5625/6720 5620/2404 5622/6719
f 1418/2390 5629/4585 5601/2392
f 5631/6721 5601/2392 5629/4585
f 1425/2410 5627/4583 5632/2412
f 5636/6722 5632/2412 5627/4583
f 5637/2415 1427/2416 5641/6723
f 5639/4589 5641/6723 1427/2416
f 5643/2419 1429/2420 5648/6724
f 5645/4594 5648/6724 1429/2420
f 5626/2408 1424/2406 5653/6725
f 5651/4592 5653/6725 1424/2406
f 1432/2426 5657/5026 5655/2428
f 5660/6726 5655/2428 5657/5026
f 5661/2431 1433/2432 5666/6727
f 5663/4597 5666/6727 1433/2432
f 1435/2434 5670/6729 5668/2436
f 5672/6728 5668/2436 5670/6729
f 5649/2423 1430/2424 5677/6730
f 5675/4600 5677/6730 1430/2424
f 5678/2441 1436/2442 5681/6731
f 5673/4598 5681/6731 1436/2442
f 5685/6732 3013/7229 5683/4605
f 771/7070 5683/4605 3013/7229
f 5692/6733 5687/2445 5689/4611
f 1439/2447 5689/4611 5687/2445
f 5697/6734 3053/7231 5695/4609
f 781/7072 5695/4609 3053/7231
f 5704/6735 5699/2453 5701/4670
f 1442/2455 5701/4670 5699/2453
f 1443/2459 5707/4612 5705/2457
f 5710/6736 5705/2457 5707/4612
f 1445/2462 5714/4683 5712/2464
f 5717/6737 5712/2464 5714/4683
f 5723/6738 5693/2449 5721/4616
f 1440/2451 5721/4616 5693/2449
f 1447/2470 5719/4614 5724/2472
f 5728/6739 5724/2472 5719/4614
f 5729/2473 1449/2475 5733/6740
f 5731/4620 5733/6740 1449/2475
f 5735/2478 1451/2477 5740/6741
f 5737/4626 5740/6741 1451/2477
f 1446/2466 5743/4624 5718/2468
f 5745/6742 5718/2468 5743/4624
f 5749/4811 5752/6743 1454/2486
f 5747/2488 1454/2486 5752/6743
f 5753/2490 1455/2489 5758/6744
f 5755/4629 5758/6744 1455/2489
f 5760/2495 1457/2496 5765/6745
f 5762/4823 5765/6745 1457/2496
f 5741/2483 1452/2484 5771/6746
f 5769/4632 5771/6746 1452/2484
f 5772/2503 1459/2504 5776/6747
f 5767/4630 5776/6747 1459/2504
f 5777/2507 1461/2508 5781/6748
f 5779/4637 5781/6748 1461/2508
f 5788/6749 5783/2509 5785/4643
f 1463/2511 5785/4643 5783/2509
f 5766/2499 1458/2500 5793/6750
f 5791/4640 5793/6750 1458/2500
f 5795/2519 1466/2520 5800/6751
f 5797/4702 5800/6751 1466/2520
f 5801/2523 1467/2524 5806/6752
f 5803/4644 5806/6752 1467/2524
f 5808/2527 1469/2528 5813/6753
f 5810/4714 5813/6753 1469/2528
f 5819/6754 5789/2513 5817/4649
f 1464/2515 5817/4649 5789/2513
f 5824/6755 5820/2533 5815/4646
f 1471/2535 5815/4646 5820/2533
f 5825/2537 1473/2539 5829/6756
f 5827/4652 5829/6756 1473/2539
f 5831/2543 1475/2544 5836/6757
f 5833/4658 5836/6757 1475/2544
f 5839/4657 5841/6758 1470/2532
f 5814/2531 1470/2532 5841/6758
f 5845/4719 5848/6759 1478/2549
f 5843/2550 1478/2549 5848/6759
f 5849/2555 1479/2556 5854/6760
f 5851/4660 5854/6760 1479/2556
f 5856/2559 1481/2560 5860/6761
f 5858/4730 5860/6761 1481/2560
f 5837/2547 1476/2548 5865/6762
f 5863/4664 5865/6762 1476/2548
f 5866/2565 1482/2566 5869/6763
f 5861/4662 5869/6763 1482/2566
f 5873/6764 3209/7232 5871/4668
f 821/7073 5871/4668 3209/7232
f 1485/2570 5877/4674 5875/2572
f 5880/6765 5875/2572 5877/4674
f 831/7074 5883/4672 3249/7233
f 5885/6766 3249/7233 5883/4672
f 1488/2578 5889/4734 5887/2580
f 5892/6767 5887/2580 5889/4734
f 5898/6768 5893/2584 5895/4677
f 1489/2582 5895/4677 5893/2584
f 5905/6769 5900/2585 5902/4747
f 1491/2587 5902/4747 5900/2585
f 5911/6770 5881/2576 5909/4681
f 1486/2574 5909/4681 5881/2576
f 5916/6771 5912/2593 5907/4679
f 1493/2595 5907/4679 5912/2593
f 5917/2600 1495/2598 5922/6772
f 5919/4684 5922/6772 1495/2598
f 5924/2604 1497/2602 5929/6773
f 5926/4690 5929/6773 1497/2602
f 5935/6774 5906/2589 5933/4689
f 1492/2591 5933/4689 5906/2589
f 1501/2611 5939/4751 5937/2609
f 5942/6775 5937/2609 5939/4751
f 5943/2615 1502/2616 5948/6776
f 5945/4692 5948/6776 1502/2616
f 5950/2619 1504/2620 5955/6777
f 5952/4762 5955/6777 1504/2620
f 1498/2608 5959/4696 5930/2607
f 5962/6778 5930/2607 5959/4696
f 5967/6779 5963/2627 5957/4695
f 1506/2628 5957/4695 5963/2627
f 5971/2871 1511/2872 5974/6780
f 5972/4700 5974/6780 1511/2872
f 5977/2634 1512/2633 5982/6781
f 5979/4707 5982/6781 1512/2633
f 5986/4704 5988/6782 1515/2861
f 5985/2862 1515/2861 5988/6782
f 5996/6783 5991/2641 5993/6784
f 1516/2643 5993/6784 5991/2641
f 5997/2647 1517/2648 6002/6785
f 5999/4708 6002/6785 1517/2648
f 6009/6786 6004/2649 6006/6787
f 1519/2651 6006/6787 6004/2649
f 5983/2639 1513/2640 6015/6788
f 6013/4712 6015/6788 1513/2640
f 6016/2659 1521/2660 6020/6789
f 6011/4710 6020/6789 1521/2660
f 6021/2663 1523/2664 6025/6790
f 6023/4716 6025/6790 1523/2664
f 6027/2667 1525/2668 6032/6791
f 6029/4722 6032/6791 1525/2668
f 6010/2655 1520/2656 6037/6792
f 6035/4720 6037/6792 1520/2656
f 6039/2675 1528/2676 6044/6793
f 6041/4827 6044/6793 1528/2676
f 6045/2679 1529/2680 6050/6794
f 6047/4725 6050/6794 1529/2680
f 6054/4840 6056/6795 1531/2684
f 6052/2683 1531/2684 6056/6795
f 6059/4729 6061/6796 1526/2669
f 6033/2670 1526/2669 6061/6796
f 6057/4727 6065/6797 1532/2687
f 6062/2688 1532/2687 6065/6797
f 873/7075 6067/4732 3409/7234
f 6069/6798 3409/7234 6067/4732
f 1535/2694 6073/4739 6071/2696
f 6076/6799 6071/2696 6073/4739
f 883/7076 6079/4736 3449/7235
f 6081/6800 3449/7235 6079/4736
f 1538/2703 6085/4783 6083/2701
f 6088/6801 6083/2701 6085/4783
f 6094/6802 6089/2705 6091/4741
f 1539/2707 6091/4741 6089/2705
f 1541/2711 6098/4794 6096/2709
f 6101/6803 6096/2709 6098/4794
f 6107/6804 6077/2700 6105/4745
f 1536/2698 6105/4745 6077/2700
f 6112/6805 6108/2717 6103/4743
f 1543/2719 6103/4743 6108/2717
f 6117/6806 6113/2721 6115/4749
f 1545/2723 6115/4749 6113/2721
f 1547/2726 6121/4754 6119/2728
f 6124/6807 6119/2728 6121/4754
f 1542/2715 6127/4752 6102/2713
f 6129/6808 6102/2713 6127/4752
f 1550/2734 6133/6809 6131/2736
f 6136/6810 6131/2736 6133/6809
f 6142/6811 6137/2740 6139/4757
f 1551/2738 6139/4757 6137/2740
f 6146/6812 6149/6813 1553/2741
f 6144/2742 1553/2741 6149/6813
f 6155/6814 6125/2729 6153/4760
f 1548/2731 6153/4760 6125/2729
f 6156/2751 1555/2752 6160/6815
f 6151/4758 6160/6815 1555/2752
f 6161/2755 1557/2756 6166/6816
f 6163/4764 6166/6816 1557/2756
f 6168/2759 1559/2760 6173/6817
f 6170/4770 6173/6817 1559/2760
f 6150/2747 1554/2748 6179/6818
f 6177/4769 6179/6818 1554/2748
f 6183/2801 6186/6819 1563/2765
f 6181/2766 1563/2765 6186/6819
f 6187/2770 1564/2769 6192/6820
f 6189/4772 6192/6820 1564/2769
f 6194/2775 1566/2776 6198/6821
f 6196/2794 6198/6821 1566/2776
f 6174/2763 1560/2764 6204/6822
f 6201/4776 6204/6822 1560/2764
f 6205/2781 1567/2782 6208/6823
f 6199/4775 6208/6823 1567/2782
f 915/7081 6211/4780 3565/7236
f 6213/6824 3565/7236 6211/4780
f 1571/2786 6217/4786 6215/2788
f 6220/6825 6215/2788 6217/4786
f 3599/7237 921/7082 6225/6826
f 6223/4784 6225/6826 921/7082
f 6226/2795 1566/2776 6230/6827
f 6193/2774 6230/6827 1566/2776
f 6231/2798 1574/2799 6236/6828
f 6233/4788 6236/6828 1574/2799
f 6237/2802 1563/2765 6240/6829
f 6180/2767 6240/6829 1563/2765
f 1572/2791 6243/4792 6221/2789
f 6245/6830 6221/2789 6243/4792
f 1576/2806 6241/4790 6246/2808
f 6249/6831 6246/2808 6241/4790
f 925/7083 6251/4796 3609/7238
f 6253/6832 3609/7238 6251/4796
f 1579/2812 6257/4801 6255/2814
f 6260/6833 6255/2814 6257/4801
f 935/7084 6263/4799 3649/7239
f 6265/6834 3649/7239 6263/4799
f 1582/2820 6269/4843 6267/2822
f 6272/6835 6267/2822 6269/4843
f 1583/2824 6275/4803 6273/2826
f 6278/6836 6273/2826 6275/4803
f 1585/2828 6282/4855 6280/2830
f 6284/6837 6280/2830 6282/4855
f 6261/2817 1580/2818 6289/6838
f 6287/4806 6289/6838 1580/2818
f 1586/2835 6285/4805 6290/2837
f 6293/6839 6290/2837 6285/4805
f 5921/7300 1499/7151 6297/6840
f 6295/4809 6297/6840 1499/7151
f 6299/2843 1589/2844 6304/6841
f 6301/4816 6304/6841 1589/2844
f 5961/7301 1509/7152 6309/6842
f 6307/4814 6309/6842 1509/7152
f 6313/6843 6316/6844 1592/2849
f 6311/2850 1592/2849 6316/6844
f 6319/4818 6322/6845 1593/2853
f 6317/2854 1593/2853 6322/6845
f 6326/6846 6328/6847 1595/2857
f 6324/2858 1595/2857 6328/6847
f 6305/2847 1590/2848 6333/6848
f 6331/4822 6333/6848 1590/2848
f 6329/4820 6337/6849 1596/2865
f 6334/2866 1596/2865 6337/6849
f 6006/6787 1519/2651 6341/6850
f 6339/4825 6341/6850 1519/2651
f 6343/2875 1599/2876 6348/6851
f 6345/4831 6348/6851 1599/2876
f 5993/6784 1516/2643 6353/6852
f 6351/4829 6353/6852 1516/2643
f 6357/2917 6360/6853 1602/2881
f 6355/2882 1602/2881 6360/6853
f 6361/2887 1603/2888 6366/6854
f 6363/4833 6366/6854 1603/2888
f 6368/2891 1605/2892 6372/6855
f 6370/2910 6372/6855 1605/2892
f 6349/2879 1600/2880 6377/6856
f 6375/4837 6377/6856 1600/2880
f 6378/2897 1606/2898 6381/6857
f 6373/4836 6381/6857 1606/2898
f 959/7085 6383/4841 3749/7240
f 6385/6858 3749/7240 6383/4841
f 6387/2903 1609/2904 6392/6859
f 6389/4847 6392/6859 1609/2904
f 3783/7241 965/7086 6397/6860
f 6395/4845 6397/6860 965/7086
f 6367/2890 6402/6861 1605/2892
f 6398/2911 1605/2892 6402/6861
f 6403/2914 1612/2915 6408/6862
f 6405/4849 6408/6862 1612/2915
f 6409/2918 1602/2881 6412/6863
f 6354/2883 6412/6863 1602/2881
f 1610/2906 6415/4853 6393/2908
f 6417/6864 6393/2908 6415/4853
f 1614/2922 6413/4851 6418/2924
f 6421/6865 6418/2924 6413/4851
f 1617/7155 6424/4856 6423/7302
f 6427/6866 6423/7302 6424/4856
f 1618/2928 6432/6867 6430/2930
f 6435/6869 6430/2930 6432/6867
f 6439/3165 1622/3167 6443/6871
f 6440/4860 6443/6871 1622/3167
f 6446/2937 1623/2938 6450/6872
f 6448/6873 6450/6872 1623/2938
f 1626/7158 6454/4864 6453/7303
f 6457/6874 6453/7303 6454/4864
f 6459/2942 1619/2933 6462/6875
f 6433/6870 6462/6875 1619/2933
f 1317/7159 6465/4867 5185/7304
f 6468/6876 5185/7304 6465/4867
f 1629/2946 6472/4872 6470/2948
f 6475/6877 6470/2948 6472/4872
f 1325/7160 6479/4870 5223/7305
f 6481/6878 5223/7305 6479/4870
f 991/2954 3880/6879 6482/2956
f 6486/6880 6482/2956 3880/6879
f 1633/2958 6489/4874 6487/2960
f 6492/6881 6487/2960 6489/4874
f 6497/6882 6493/2961 3869/6883
f 988/2963 3869/6883 6493/2961
f 1630/2950 6501/4878 6476/2952
f 6504/6884 6476/2952 6501/4878
f 1636/2970 6499/4876 6505/2972
f 6509/6885 6505/2972 6499/4876
f 6510/2976 1638/2974 6515/6886
f 6513/4881 6515/6886 1638/2974
f 1641/2978 6519/4886 6517/2980
f 6522/6887 6517/2980 6519/4886
f 1635/2966 6525/4884 6498/2968
f 6527/6888 6498/2968 6525/4884
f 1001/2987 3924/6889 6528/2985
f 6532/6890 6528/2985 3924/6889
f 1644/2990 6535/4888 6533/2992
f 6538/6891 6533/2992 6535/4888
f 998/2994 3913/6892 6539/2996
f 6542/6894 6539/2996 3913/6892
f 1642/2981 6545/4892 6523/2982
f 6547/6896 6523/2982 6545/4892
f 1646/3002 6543/4890 6548/3004
f 6551/6897 6548/3004 6543/4890
f 6554/4897 6556/6899 1649/3227
f 6553/3228 1649/3227 6556/6899
f 6561/4901 6564/6900 1650/3009
f 6559/3010 1650/3009 6564/6900
f 6567/3221 1653/3222 6570/6901
f 6568/4899 6570/6901 1653/3222
f 6575/6902 6578/6903 1654/3017
f 6573/3018 1654/3017 6578/6903
f 6584/6904 6579/3023 6581/4904
f 1655/3024 6581/4904 6579/3023
f 1657/3026 6588/6906 6586/3028
f 6591/6905 6586/3028 6588/6906
f 6597/6907 6565/3013 6595/4908
f 1651/3015 6595/4908 6565/3013
f 1659/3035 6593/4905 6598/3033
f 6602/6908 6598/3033 6593/4905
f 1657/3026 6605/4911 6588/6906
f 6608/6909 6588/6906 6605/4911
f 6615/6910 6610/3041 6612/4917
f 1663/3043 6612/4917 6610/3041
f 6575/6902 1654/3017 6621/6911
f 6619/4915 6621/6911 1654/3017
f 6623/3051 1667/3052 6628/6912
f 6625/3217 6628/6912 1667/3052
f 6629/3054 1668/3053 6634/6913
f 6631/4918 6634/6913 1668/3053
f 6636/3059 1670/3060 6641/6914
f 6638/3210 6641/6914 1670/3060
f 1664/3046 6645/4922 6616/3048
f 6648/6916 6616/3048 6645/4922
f 6649/3067 1672/3068 6653/6917
f 6643/4920 6653/6917 1672/3068
f 6660/6918 5387/7306 6657/4926
f 1365/7161 6657/4926 5387/7306
f 1677/3074 6664/4932 6662/3076
f 6667/6919 6662/3076 6664/4932
f 1362/7162 6671/4930 5376/7307
f 6673/6920 5376/7307 6671/4930
f 1262/3082 4989/6921 6674/3084
f 6678/6922 6674/3084 4989/6921
f 1681/3086 6681/4934 6679/3088
f 6684/6923 6679/3088 6681/4934
f 1273/3090 5029/6924 6685/3092
f 6689/6925 6685/3092 5029/6924
f 1678/3078 6693/4938 6668/3080
f 6696/6926 6668/3080 6693/4938
f 1684/3098 6691/4936 6697/3100
f 6701/6927 6697/3100 6691/4936
f 5319/7309 1350/7163 6707/6928
f 6705/4943 6707/6928 1350/7163
f 1689/3108 6711/4948 6709/3107
f 6714/6929 6709/3107 6711/4948
f 5308/7311 1345/7165 6719/6930
f 6717/4946 6719/6930 1345/7165
f 1679/3114 6669/4928 6720/3116
f 6724/6931 6720/3116 6669/4928
f 6727/4951 6730/6932 1692/3118
f 6725/3120 1692/3118 6730/6932
f 6703/4940 6735/6933 1687/3121
f 6731/3122 1687/3121 6735/6933
f 1690/3110 6739/4955 6715/3112
f 6741/6934 6715/3112 6739/4955
f 6742/3130 1695/3129 6746/6935
f 6737/4952 6746/6935 1695/3129
f 6747/3135 1697/3136 6751/6936
f 6749/4958 6751/6936 1697/3136
f 6753/3139 1699/3140 6758/6937
f 6755/4964 6758/6937 1699/3140
f 6736/3127 1694/3128 6763/6938
f 6761/4962 6763/6938 1694/3128
f 6767/4989 6770/6939 1702/3148
f 6765/3147 1702/3148 6770/6939
f 6771/3151 1703/3152 6776/6940
f 6773/4967 6776/6940 1703/3152
f 6780/5001 6782/6942 1705/3153
f 6778/3154 1705/3153 6782/6942
f 6759/3143 1700/3144 6787/6943
f 6785/4969 6787/6943 1700/3144
f 6788/3163 1706/3164 6791/6944
f 6783/4968 6791/6944 1706/3164
f 1686/3102 6793/4972 6702/3104
f 6796/6945 6702/3104 6793/4972
f 1709/3170 6800/4978 6798/3172
f 6803/6946 6798/3172 6800/4978
f 1683/3094 6807/4976 6690/3096
f 6809/6947 6690/3096 6807/4976
f 1277/3178 5043/6948 6810/3180
f 6814/6949 6810/3180 5043/6948
f 6817/4980 6820/6950 1713/3182
f 6815/3184 1713/3182 6820/6950
f 6821/3187 1287/3188 6824/6951
f 5081/6952 6824/6951 1287/3188
f 1710/3174 6827/4983 6804/3176
f 6830/6955 6804/3176 6827/4983
f 6831/3194 1715/3193 6834/6956
f 6825/4982 6834/6956 1715/3193
f 1719/7171 6838/4986 6837/7315
f 6840/6958 6837/7315 6838/4986
f 6845/4992 6848/6959 1720/3202
f 6843/3204 1720/3202 6848/6959
f 6851/5945 1723/7172 6854/6960
f 6852/4990 6854/6960 1723/7172
f 6856/3211 1670/3060 6860/6961
f 6635/3058 6860/6961 1670/3060
f 6861/3214 1724/3215 6866/6962
f 6863/4994 6866/6962 1724/3215
f 6867/3218 1667/3052 6870/6963
f 6622/3050 6870/6963 1667/3052
f 6873/4998 6875/6964 1721/3205
f 6849/3206 1721/3205 6875/6964
f 6876/3225 1726/3226 6879/6965
f 6871/4996 6879/6965 1726/3226
f 1661/3039 6881/5002 6603/3037
f 6883/6966 6603/3037 6881/5002
f 1729/3232 6887/5007 6885/3234
f 6890/6967 6885/3234 6887/5007
f 1658/3030 6893/5006 6592/3032
f 6895/6968 6592/3032 6893/5006
f 1665/3239 6617/4912 6896/3240
f 6900/6969 6896/3240 6617/4912
f 1732/3244 6903/5009 6901/3246
f 6906/6970 6901/3246 6903/5009
f 1675/3248 6655/4924 6907/3250
f 6911/6971 6907/3250 6655/4924
f 1730/3236 6915/5013 6891/3238
f 6917/6973 6891/3238 6915/5013
f 6918/3258 1735/3256 6922/6974
f 6913/5011 6922/6974 1735/3256
f 6925/5017 6927/6975 1737/3262
f 6923/3261 1737/3262 6927/6975
f 6931/6978 6934/6979 1739/3263
f 6929/3264 1739/3263 6934/6979
f 6937/5021 6939/6980 1674/3072
f 6654/3071 1674/3072 6939/6980
f 1742/3272 6943/6981 6941/3274
f 6945/6982 6941/3274 6943/6981
f 6855/5925 1723/7172 6949/6983
f 6947/5022 6949/6983 1723/7172
f 6953/6984 6950/3278 6932/6977
f 1740/3267 6932/6977 6950/3278
f 1745/7173 6956/5024 6955/7316
f 6958/6985 6955/7316 6956/5024
f 1746/3282 6963/6986 6961/3284
f 6966/6988 6961/3284 6963/6986
f 6972/6990 4360/7258 6969/5028
f 1107/7108 6969/5028 4360/7258
f 6978/6991 6974/3292 6976/6992
f 1749/3290 6976/6992 6974/3292
f 5670/6729 1435/2434 6983/6993
f 6981/5032 6983/6993 1435/2434
f 6984/3296 1747/3286 6987/6994
f 6964/6989 6987/6994 1747/3286
f 6989/5036 6991/6995 1423/2402
f 5622/6719 1423/2402 6991/6995
f 6993/3301 1753/3302 6998/6996
f 6995/5040 6998/6996 1753/3302
f 7001/5038 7003/6997 1420/2394
f 5609/6716 1420/2394 7003/6997
f 7005/3308 1756/3307 7010/6998
f 7007/6999 7010/6998 1756/3307
f 7011/3313 1757/3314 7016/7000
f 7013/5042 7016/7000 1757/3314
f 7018/3317 1759/3318 7022/7001
f 7020/7002 7022/7001 1759/3318
f 6999/3304 1754/3303 7027/7003
f 7025/5046 7027/7003 1754/3303
f 7028/3323 1760/3324 7031/7004
f 7023/5044 7031/7004 1760/3324
f 1763/7175 7034/5050 7033/7317
f 7036/7005 7033/7317 7034/5050
f 1764/3328 7041/5056 7039/3330
f 7044/7006 7039/3330 7041/5056
f 1767/7176 7048/5054 7047/5965
f 7050/7007 7047/5965 7048/5054
f 1130/1691 4459/6498 7052/3336
f 7056/7008 7052/3336 4459/6498
f 1768/3338 7059/5058 7057/3340
f 7062/7009 7057/3340 7059/5058
f 7063/3342 1127/1684 7066/7010
f 4447/6495 7066/7010 1127/1684
f 1765/3332 7069/5062 7045/3334
f 7071/7011 7045/3334 7069/5062
f 1770/3346 7067/5060 7072/3348
f 7075/7012 7072/3348 7067/5060
f 5526/6701 1399/2338 7079/7013
f 7077/5066 7079/7013 1399/2338
f 1773/3352 7083/7017 7081/3354
f 7086/7015 7081/3354 7083/7017
f 4491/7261 1139/7112 7091/7018
f 7089/5070 7091/7018 1139/7112
f 7093/3360 1776/3359 7097/7019
f 7095/7020 7097/7019 1776/3359
f 1767/7176 7099/5074 7051/5957
f 7101/7021 7051/5957 7099/5074
f 1774/3358 7084/7014 7102/3366
f 7105/7022 7102/3366 7084/7014
