mtllib spot.mtl
v 0.3488 -0.33499 -0.08323
v 0.31313 -0.39905 0.88119
v 0.26676 0.18163 0.12273
v 0.22956 0.06632 0.8287
v 0.35362 -0.04865 0.44397
v 0.33588 -0.38449 0.42569
v 0.30536 0.0308 -0.00656
v 0.27961 -0.05524 0.85855
v 0.26672 0.10578 0.46681
v 0.14934 -0.45152 0.16642
v 0.12606 -0.16204 -0.18567
v 0.11401 -0.35834 -0.07595
v 0.10155 -0.47538 0.66316
v 0.24076 -0.43563 0.42198
v 0.38582 -0.1745 0.18077
v 0.3586 -0.37797 0.17897
v 0.34595 -0.2297 0.66413
v 0.3161 -0.4194 0.64915
v 0.13196 -0.20138 0.95173
v 0.08768 -0.39118 0.90161
v 0.16186 0.28536 0.3031
v 0.17726 0.28284 0.08755
v 0.15879 0.07519 -0.14134
v 0.31097 -0.09741 -0.06978
v 0.13824 0.19114 0.70039
v 0.13061 0.10988 0.87366
v 0.28754 -0.21455 0.86494
v 0.25445 0.10134 0.68011
v 0.34304 -0.05412 0.67229
v 0.36939 -0.02428 0.20584
v 0.27378 0.16033 0.27386
v 0.36907 -0.22833 0.43528
v 0.14607 0.20606 0.48805
v 0.15689 0.31725 -0.01796
v 0.18453 0.18124 -0.23857
v 0.22988 0.44604 -0.04281
v 0.32658 0.30368 -0.37549
v 0.25792 0.48897 -0.51772
v 0.18771 0.7303 -0.43713
v 0.19044 0.12286 -0.4377
v 0.2715 0.20198 -0.57985
v 0.22796 0.33702 -0.64147
v 0.32329 -0.6459 -0.06501
v 0.27756 -0.66066 0.87243
v 0.15321 -0.67155 0.1166
v 0.15334 -0.65251 -0.06285
v 0.12975 -0.68041 0.71423
v 0.31074 -0.65816 0.12474
v 0.2702 -0.6702 0.70543
v 0.12566 -0.66437 0.87702
v 0.26417 0.64695 -0.3699
v 0.18036 0.68646 -0.14828
v 0.2632 0.56037 -0.13719
v 0.37177 0.68387 -0.3212
v 0.43219 0.75125 -0.23346
v 0.42457 0.68044 -0.15085
v 0.37935 0.60405 -0.21307
v 0 -0.19208 -0.19641
v 0 0.50568 -0.56302
v 0 0.34064 -0.66507
v 0 0.04148 -0.24159
v 0 0.11761 -0.30538
v 0 0.10038 -0.45056
v 0 0.18259 -0.61616
v 0 0.76507 -0.44907
v 0 0.83476 -0.30767
v 0 -0.43477 0.06152
v 0 -0.35413 -0.0677
v 0 0.32612 0.13954
v 0 0.35221 0.03886
v 0 0.49917 0.05866
v 0 0.72391 -0.05971
v 0 0.81606 -0.18937
v 0 -0.43525 0.72655
v 0 -0.53372 0.41551
v 0 0.30119 0.31272
v 0 0.23334 0.49566
v 0 -0.34004 0.89169
v 0 -0.195 0.97138
v 0 0.22055 0.71103
v 0 0.13048 0.89117
v 0.16401 0.92934 -0.23209
v 0.20591 0.91574 -0.31337
v 0.15338 0.93555 -0.28203
v 0.22179 0.90546 -0.25602
v 0.11524 0.8379 -0.22205
v 0.08633 0.81221 -0.21146
v 0.17223 0.81931 -0.3341
v 0.16246 0.79108 -0.35185
v 0.07874 0.8221 -0.29437
v 0.103 0.84474 -0.28823
v 0.2194 0.75455 -0.28348
v 0.19975 0.79038 -0.24488
v 0.18468 0.76201 -0.19615
v 0.2797 0.76244 -0.23319
v 0.12031 -0.45652 0.24309
v 0.11128 -0.47732 0.58188
v 0.18616 -0.4877 0.41753
v 0 -0.4624 0.20874
v 0 -0.48395 0.60642
v 0.17185 -0.0411 0.94527
v 0.10625 -0.01422 0.96853
v 0.1074 -0.06535 0.97525
v 0 0.00229 0.98718
v 0 -0.07562 0.99551
v 0.05175 -0.06084 1.02473
v 0.0518 -0.07981 1.0112
v 0 -0.06883 1.04807
v 0 -0.09522 1.02642
v -0.3488 -0.33499 -0.08323
v -0.31313 -0.39905 0.88119
v -0.26676 0.18163 0.12273
v -0.22956 0.06632 0.8287
v -0.35362 -0.04865 0.44397
v -0.33588 -0.38449 0.42569
v -0.30536 0.0308 -0.00656
v -0.27961 -0.05524 0.85855
v -0.26672 0.10578 0.46681
v -0.14934 -0.45152 0.16642
v -0.12606 -0.16204 -0.18567
v -0.11401 -0.35834 -0.07595
v -0.10155 -0.47538 0.66316
v -0.24076 -0.43563 0.42198
v -0.38582 -0.1745 0.18077
v -0.3586 -0.37797 0.17897
v -0.34595 -0.2297 0.66413
v -0.3161 -0.4194 0.64915
v -0.13196 -0.20138 0.95173
v -0.08768 -0.39118 0.90161
v -0.16186 0.28536 0.3031
v -0.17726 0.28284 0.08755
v -0.15879 0.07519 -0.14134
v -0.31097 -0.09741 -0.06978
v -0.13824 0.19114 0.70039
v -0.13061 0.10988 0.87366
v -0.28754 -0.21455 0.86494
v -0.25445 0.10134 0.68011
v -0.34304 -0.05412 0.67229
v -0.36939 -0.02428 0.20584
v -0.27378 0.16033 0.27386
v -0.36907 -0.22833 0.43528
v -0.14607 0.20606 0.48805
v -0.15689 0.31725 -0.01796
v -0.18453 0.18124 -0.23857
v -0.22988 0.44604 -0.04281
v -0.32658 0.30368 -0.37549
v -0.25792 0.48897 -0.51772
v -0.18771 0.7303 -0.43713
v -0.19044 0.12286 -0.4377
v -0.2715 0.20198 -0.57985
v -0.22796 0.33702 -0.64147
v -0.32329 -0.6459 -0.06501
v -0.27756 -0.66066 0.87243
v -0.15321 -0.67155 0.1166
v -0.15334 -0.65251 -0.06285
v -0.12975 -0.68041 0.71423
v -0.31074 -0.65816 0.12474
v -0.2702 -0.6702 0.70543
v -0.12566 -0.66437 0.87702
v -0.26417 0.64695 -0.3699
v -0.18036 0.68646 -0.14828
v -0.2632 0.56037 -0.13719
v -0.37177 0.68387 -0.3212
v -0.43219 0.75125 -0.23346
v -0.42457 0.68044 -0.15085
v -0.37935 0.60405 -0.21307
v -0.16401 0.92934 -0.23209
v -0.20591 0.91574 -0.31337
v -0.15338 0.93555 -0.28203
v -0.22179 0.90546 -0.25602
v -0.11524 0.8379 -0.22205
v -0.08633 0.81221 -0.21146
v -0.17223 0.81931 -0.3341
v -0.16246 0.79108 -0.35185
v -0.07874 0.8221 -0.29437
v -0.103 0.84474 -0.28823
v -0.2194 0.75455 -0.28348
v -0.19975 0.79038 -0.24488
v -0.18468 0.76201 -0.19615
v -0.2797 0.76244 -0.23319
v -0.12031 -0.45652 0.24309
v -0.11128 -0.47732 0.58188
v -0.18616 -0.4877 0.41753
v -0.17185 -0.0411 0.94527
v -0.10625 -0.01422 0.96853
v -0.1074 -0.06535 0.97525
v -0.05175 -0.06084 1.02473
v -0.0518 -0.07981 1.0112
v 0.28706 -0.41791 0.42339
v 0.22332 -0.43175 0.30084
v 0.2626 -0.44657 0.21416
v 0.34568 -0.36746 0.30562
v 0.28486 -0.41024 0.30486
v 0.32047 -0.39045 0.53853
v 0.21865 -0.47485 0.61994
v 0.19621 -0.44728 0.53873
v 0.25703 -0.42906 0.53659
v 0.2406 -0.34121 -0.11745
v 0.12147 -0.24927 -0.14502
v 0.22116 -0.12039 -0.14606
v 0.32871 -0.19276 -0.07782
v 0.22948 -0.21201 -0.13315
v 0.30799 -0.03312 -0.04969
v 0.13989 -0.05482 -0.1811
v 0.23708 0.05219 -0.07597
v 0.22717 -0.03724 -0.12841
v 0.30149 -0.29289 0.87067
v 0.21328 -0.20474 0.92252
v 0.1175 -0.28164 0.93574
v 0.21182 -0.39473 0.92241
v 0.21555 -0.28641 0.91967
v 0.36497 -0.12541 0.04623
v 0.38246 -0.25968 0.1762
v 0.38519 -0.3512 0.03062
v 0.37542 -0.21631 0.03596
v 0.38257 -0.20976 0.31165
v 0.36115 -0.31662 0.43034
v 0.37438 -0.29453 0.30825
v 0.36867 -0.13713 0.43873
v 0.38513 -0.10118 0.18817
v 0.36515 -0.04064 0.32483
v 0.38195 -0.12558 0.31541
v 0.35023 0.00254 0.09082
v 0.36146 -0.06196 0.06092
v 0.34333 -0.40917 0.77858
v 0.34186 -0.31391 0.65795
v 0.32802 -0.22332 0.77375
v 0.33654 -0.30311 0.77534
v 0.28305 -0.13263 0.86357
v 0.351 -0.14244 0.66883
v 0.32249 -0.0565 0.77402
v 0.329 -0.14049 0.77431
v 0.3493 -0.05213 0.5609
v 0.35757 -0.23312 0.55166
v 0.36065 -0.14181 0.55656
v 0.34927 -0.31988 0.54458
v 0.23281 0.22954 0.11022
v 0.17018 0.29983 0.20555
v 0.22134 0.23648 0.29342
v 0.27268 0.18135 0.18959
v 0.22723 0.25286 0.20401
v 0.27115 0.12953 0.36622
v 0.15328 0.24422 0.39384
v 0.20969 0.16457 0.47866
v 0.21538 0.19811 0.38295
v 0.24282 0.0876 0.77072
v 0.19852 0.15468 0.68971
v 0.13453 0.16168 0.79658
v 0.18726 0.08689 0.85489
v 0.19156 0.13203 0.78245
v 0.14155 0.19658 0.59351
v 0.26179 0.10167 0.57477
v 0.20439 0.15726 0.58439
v 0.32776 0.06763 0.23952
v 0.31732 0.03351 0.45417
v 0.32473 0.04693 0.34419
v 0.30707 0.02961 0.67508
v 0.25394 0.01574 0.84817
v 0.28986 0.02252 0.77107
v 0.1909 0.18802 -0.03005
v 0.28817 0.11677 0.06392
v 0.2393 0.15156 0.01183
v 0.31347 0.03057 0.56685
v 0.31703 0.09098 0.14297
v 0.15002 0.14807 -0.17036
v 0.192 0.25763 -0.11401
v 0.15092 0.29069 0.01627
v 0.17262 0.22124 -0.07221
v 0.27403 0.23831 -0.30132
v 0.29488 0.3835 -0.20377
v 0.19407 0.37243 -0.0269
v 0.24863 0.3111 -0.15386
v 0.19681 0.14127 -0.36292
v 0.23911 0.14497 -0.50289
v 0.3247 0.24108 -0.50273
v 0.27815 0.18102 -0.42351
v 0.26379 0.27805 -0.63022
v 0.25098 0.38866 -0.6013
v 0.3182 0.39056 -0.44653
v 0.31459 0.32071 -0.56329
v 0.33805 -0.6801 0.03095
v 0.22817 -0.69242 0.14741
v 0.12828 -0.68971 0.02457
v 0.23816 -0.67738 -0.09189
v 0.22968 -0.73384 0.02669
v 0.20056 -0.68739 0.89886
v 0.10792 -0.69688 0.797
v 0.19918 -0.69969 0.68654
v 0.29182 -0.6902 0.78841
v 0.19824 -0.73678 0.79345
v 0.30785 -0.55258 0.89062
v 0.29459 -0.57158 0.67875
v 0.33556 -0.56197 0.78431
v 0.05936 -0.45808 0.79593
v 0.11093 -0.59514 0.6916
v 0.10273 -0.55863 0.89627
v 0.07168 -0.58303 0.79645
v 0.20301 -0.59157 0.64713
v 0.20667 -0.55364 0.9308
v 0.33912 -0.54652 0.15083
v 0.35293 -0.52056 -0.08851
v 0.38324 -0.53233 0.02971
v 0.13257 -0.53465 -0.07673
v 0.24402 -0.52466 -0.12429
v 0.1435 -0.57751 0.14191
v 0.24107 -0.57179 0.18853
v 0.09649 -0.4349 0.03429
v 0.1 -0.56397 0.03176
v 0.27158 0.56165 -0.41632
v 0.28289 0.56989 -0.25728
v 0.23851 0.52039 -0.09079
v 0.29319 0.48208 -0.27665
v 0.21305 0.60918 -0.10999
v 0.32138 0.57672 -0.18568
v 0.42288 0.63207 -0.16866
v 0.32688 0.68078 -0.14521
v 0.32634 0.61234 -0.14155
v 0.31259 0.67431 -0.34119
v 0.37905 0.63587 -0.2839
v 0.3154 0.60687 -0.27842
v 0.41777 0.73127 -0.28891
v 0.46029 0.72724 -0.17737
v 0.45419 0.68435 -0.23046
v 0 0.32005 0.2233
v 0.08577 0.30118 0.30987
v 0.09225 0.3202 0.12791
v 0.09104 0.31825 0.21666
v 0 0.22703 0.60209
v 0.07107 0.21311 0.7081
v 0.07506 0.22755 0.49377
v 0.07248 0.21959 0.59977
v 0 0.1866 0.81065
v 0.06705 0.12516 0.88626
v 0.06951 0.18012 0.80678
v 0 -0.40432 -0.00188
v 0.05027 -0.34467 -0.06654
v 0.06618 -0.43292 0.08798
v 0.05636 -0.39991 0.0127
v 0 -0.39555 0.81001
v 0.03986 -0.44271 0.71436
v 0.03611 -0.34665 0.89162
v 0.03211 -0.40473 0.80476
v 0 0.26469 0.40128
v 0.07987 0.26238 0.39962
v 0 0.33032 0.07166
v 0.08748 0.3459 0.02845
v 0.08584 0.32349 0.06056
v 0 0.40938 0.0516
v 0.1243 0.48755 0.03405
v 0.106 0.40271 0.03609
v 0 0.64158 -0.50733
v 0.10473 0.75509 -0.44483
v 0.21429 0.62938 -0.48475
v 0.13639 0.50382 -0.55697
v 0.12182 0.63685 -0.50206
v 0 0.41294 -0.62384
v 0.13928 0.34091 -0.66155
v 0.13895 0.41148 -0.62015
v 0 -0.27114 0.94368
v 0.06222 -0.19739 0.96679
v 0.05013 -0.27401 0.94191
v 0 -0.28607 -0.13852
v 0.05533 -0.1858 -0.19702
v 0.0502 -0.27541 -0.14232
v 0 -0.06954 -0.22538
v 0.07667 0.04579 -0.21755
v 0.06551 -0.06701 -0.21449
v 0 0.10152 -0.26492
v 0.0934 0.13031 -0.28523
v 0.08385 0.11062 -0.23888
v 0 0.10687 -0.3693
v 0.1146 0.10464 -0.4455
v 0.1026 0.1152 -0.35983
v 0 0.12644 -0.53937
v 0.15366 0.18549 -0.61119
v 0.13748 0.129 -0.53409
v 0 0.25982 -0.66135
v 0.15037 0.26245 -0.65736
v 0.08196 0.70701 -0.09788
v 0 0.61314 0.01184
v 0.12893 0.59355 -0.02761
v 0.2309 0.69619 -0.4155
v 0.2462 0.63206 -0.452
v 0.2255 0.91841 -0.28791
v 0.18229 0.93736 -0.30433
v 0.15583 0.94592 -0.25302
v 0.19904 0.92697 -0.23659
v 0.19838 0.95085 -0.26973
v 0.19554 0.76871 -0.32373
v 0.16259 0.79664 -0.33771
v 0.19814 0.80441 -0.30018
v 0.20486 0.76783 -0.25863
v 0.19034 0.78042 -0.30532
v 0.1586 0.81701 -0.22019
v 0.10284 0.8153 -0.21903
v 0.12548 0.78628 -0.19053
v 0.18859 0.77148 -0.21513
v 0.14521 0.79341 -0.20871
v 0.11381 0.81073 -0.33925
v 0.09115 0.82228 -0.28966
v 0.13435 0.83413 -0.32433
v 0.12321 0.81186 -0.3271
v 0.06995 0.82376 -0.2485
v 0.09563 0.84684 -0.24888
v 0.08367 0.82454 -0.2492
v 0.24364 0.75785 -0.20743
v 0.24644 0.75695 -0.25745
v 0.21289 0.76224 -0.22883
v 0.35575 0.76243 -0.2385
v 0.24997 0.7235 -0.33226
v 0.32003 0.73964 -0.30471
v 0.18185 0.74131 -0.18004
v 0.32852 0.74198 -0.18118
v 0.04997 0.81218 -0.19939
v 0 0.78571 -0.12912
v 0.07884 0.77428 -0.15819
v 0.05057 0.82885 -0.30437
v 0.16802 0.77875 -0.38606
v 0 0.82111 -0.37871
v 0.08972 0.8118 -0.37359
v 0 0.8318 -0.2463
v 0.04047 0.82835 -0.24746
v 0.2113 0.74437 -0.3652
v 0.1937 0.87269 -0.32939
v 0.21655 0.85666 -0.25114
v 0.21855 0.86076 -0.2971
v 0.12684 0.89739 -0.28584
v 0.15751 0.88799 -0.32036
v 0.13894 0.89058 -0.22291
v 0.12016 0.90019 -0.2478
v 0.18114 0.87295 -0.22415
v 0.1063 -0.46735 0.61279
v 0.15675 -0.48565 0.51766
v 0.21887 -0.45857 0.41982
v 0.17771 -0.46446 0.52787
v 0 -0.45974 0.66661
v 0.06408 -0.48123 0.60015
v 0.04868 -0.46253 0.65545
v 0.12977 -0.44589 0.21099
v 0.06749 -0.45918 0.21858
v 0 -0.44596 0.12884
v 0.06384 -0.44462 0.15006
v 0.16017 -0.47176 0.31391
v 0.19294 -0.45045 0.30762
v 0 -0.51848 0.51985
v 0.10697 -0.51855 0.41603
v 0.09138 -0.50759 0.51813
v 0 -0.50351 0.30756
v 0.09069 -0.49299 0.31041
v 0.14894 -0.01882 0.95083
v 0.10974 -0.04128 0.97634
v 0.1523 -0.05987 0.95788
v 0.13313 -0.03748 0.96509
v 0.12914 -0.12319 0.96198
v 0.21492 -0.04728 0.91785
v 0.20295 -0.11332 0.93064
v 0.12478 0.04482 0.92677
v 0.18943 0.01765 0.90772
v 0.05413 -0.00058 0.98096
v 0 0.06367 0.94614
v 0.06275 0.05921 0.9404
v 0.05447 -0.07587 0.98922
v 0 -0.12113 0.98554
v 0.06315 -0.12309 0.97947
v 0.07163 -0.0432 1.00541
v 0.0528 -0.07259 1.01945
v 0.07177 -0.06901 0.99489
v 0.08093 -0.05585 0.99726
v 0 -0.04001 1.02513
v 0.02972 -0.0653 1.04059
v 0.0407 -0.03952 1.01839
v 0.02976 -0.09082 1.02001
v 0 -0.07829 1.00911
v 0.04078 -0.07656 1.00299
v 0 -0.09036 1.04431
v 0.02641 -0.08518 1.03686
v -0.34568 -0.36746 0.30562
v -0.2626 -0.44657 0.21416
v -0.22332 -0.43175 0.30084
v -0.28706 -0.41791 0.42339
v -0.28486 -0.41024 0.30486
v -0.19621 -0.44728 0.53873
v -0.21865 -0.47485 0.61994
v -0.32047 -0.39045 0.53853
v -0.25703 -0.42906 0.53659
v -0.32871 -0.19276 -0.07782
v -0.22116 -0.12039 -0.14606
v -0.12147 -0.24927 -0.14502
v -0.2406 -0.34121 -0.11745
v -0.22948 -0.21201 -0.13315
v -0.23708 0.05219 -0.07597
v -0.13989 -0.05482 -0.1811
v -0.30799 -0.03312 -0.04969
v -0.22717 -0.03724 -0.12841
v -0.21182 -0.39473 0.92241
v -0.1175 -0.28164 0.93574
v -0.21328 -0.20474 0.92252
v -0.30149 -0.29289 0.87067
v -0.21555 -0.28641 0.91967
v -0.38519 -0.3512 0.03062
v -0.38246 -0.25968 0.1762
v -0.36497 -0.12541 0.04623
v -0.37542 -0.21631 0.03596
v -0.36115 -0.31662 0.43034
v -0.38257 -0.20976 0.31165
v -0.37438 -0.29453 0.30825
v -0.36515 -0.04064 0.32483
v -0.38513 -0.10118 0.18817
v -0.36867 -0.13713 0.43873
v -0.38195 -0.12558 0.31541
v -0.35023 0.00254 0.09082
v -0.36146 -0.06196 0.06092
v -0.32802 -0.22332 0.77375
v -0.34186 -0.31391 0.65795
v -0.34333 -0.40917 0.77858
v -0.33654 -0.30311 0.77534
v -0.32249 -0.0565 0.77402
v -0.351 -0.14244 0.66883
v -0.28305 -0.13263 0.86357
v -0.329 -0.14049 0.77431
v -0.35757 -0.23312 0.55166
v -0.3493 -0.05213 0.5609
v -0.36065 -0.14181 0.55656
v -0.34927 -0.31988 0.54458
v -0.27268 0.18135 0.18959
v -0.22134 0.23648 0.29342
v -0.17018 0.29983 0.20555
v -0.23281 0.22954 0.11022
v -0.22723 0.25286 0.20401
v -0.20969 0.16457 0.47866
v -0.15328 0.24422 0.39384
v -0.27115 0.12953 0.36622
v -0.21538 0.19811 0.38295
v -0.18726 0.08689 0.85489
v -0.13453 0.16168 0.79658
v -0.19852 0.15468 0.68971
v -0.24282 0.0876 0.77072
v -0.19156 0.13203 0.78245
v -0.26179 0.10167 0.57477
v -0.14155 0.19658 0.59351
v -0.20439 0.15726 0.58439
v -0.31732 0.03351 0.45417
v -0.32776 0.06763 0.23952
v -0.32473 0.04693 0.34419
v -0.25394 0.01574 0.84817
v -0.30707 0.02961 0.67508
v -0.28986 0.02252 0.77107
v -0.28817 0.11677 0.06392
v -0.1909 0.18802 -0.03005
v -0.2393 0.15156 0.01183
v -0.31347 0.03057 0.56685
v -0.31703 0.09098 0.14297
v -0.15092 0.29069 0.01627
v -0.192 0.25763 -0.11401
v -0.15002 0.14807 -0.17036
v -0.17262 0.22124 -0.07221
v -0.19407 0.37243 -0.0269
v -0.29488 0.3835 -0.20377
v -0.27403 0.23831 -0.30132
v -0.24863 0.3111 -0.15386
v -0.3247 0.24108 -0.50273
v -0.23911 0.14497 -0.50289
v -0.19681 0.14127 -0.36292
v -0.27815 0.18102 -0.42351
v -0.3182 0.39056 -0.44653
v -0.25098 0.38866 -0.6013
v -0.26379 0.27805 -0.63022
v -0.31459 0.32071 -0.56329
v -0.23816 -0.67738 -0.09189
v -0.12828 -0.68971 0.02457
v -0.22817 -0.69242 0.14741
v -0.33805 -0.6801 0.03095
v -0.22968 -0.73384 0.02669
v -0.29182 -0.6902 0.78841
v -0.19918 -0.69969 0.68654
v -0.10792 -0.69688 0.797
v -0.20056 -0.68739 0.89886
v -0.19824 -0.73678 0.79345
v -0.29459 -0.57158 0.67875
v -0.30785 -0.55258 0.89062
v -0.33556 -0.56197 0.78431
v -0.10273 -0.55863 0.89627
v -0.11093 -0.59514 0.6916
v -0.05936 -0.45808 0.79593
v -0.07168 -0.58303 0.79645
v -0.20301 -0.59157 0.64713
v -0.20667 -0.55364 0.9308
v -0.35293 -0.52056 -0.08851
v -0.33912 -0.54652 0.15083
v -0.38324 -0.53233 0.02971
v -0.13257 -0.53465 -0.07673
v -0.24402 -0.52466 -0.12429
v -0.1435 -0.57751 0.14191
v -0.24107 -0.57179 0.18853
v -0.09649 -0.4349 0.03429
v -0.1 -0.56397 0.03176
v -0.23851 0.52039 -0.09079
v -0.28289 0.56989 -0.25728
v -0.27158 0.56165 -0.41632
v -0.29319 0.48208 -0.27665
v -0.32688 0.68078 -0.14521
v -0.42288 0.63207 -0.16866
v -0.32138 0.57672 -0.18568
v -0.21305 0.60918 -0.10999
v -0.32634 0.61234 -0.14155
v -0.37905 0.63587 -0.2839
v -0.31259 0.67431 -0.34119
v -0.3154 0.60687 -0.27842
v -0.46029 0.72724 -0.17737
v -0.41777 0.73127 -0.28891
v -0.45419 0.68435 -0.23046
v -0.09225 0.3202 0.12791
v -0.08577 0.30118 0.30987
v -0.09104 0.31825 0.21666
v -0.07506 0.22755 0.49377
v -0.07107 0.21311 0.7081
v -0.07248 0.21959 0.59977
v -0.06705 0.12516 0.88626
v -0.06951 0.18012 0.80678
v -0.06618 -0.43292 0.08798
v -0.05027 -0.34467 -0.06654
v -0.05636 -0.39991 0.0127
v -0.03611 -0.34665 0.89162
v -0.03986 -0.44271 0.71436
v -0.03211 -0.40473 0.80476
v -0.07987 0.26238 0.39962
v -0.08748 0.3459 0.02845
v -0.08584 0.32349 0.06056
v -0.1243 0.48755 0.03405
v -0.106 0.40271 0.03609
v -0.13639 0.50382 -0.55697
v -0.21429 0.62938 -0.48475
v -0.10473 0.75509 -0.44483
v -0.12182 0.63685 -0.50206
v -0.13928 0.34091 -0.66155
v -0.13895 0.41148 -0.62015
v -0.06222 -0.19739 0.96679
v -0.05013 -0.27401 0.94191
v -0.05533 -0.1858 -0.19702
v -0.0502 -0.27541 -0.14232
v -0.07667 0.04579 -0.21755
v -0.06551 -0.06701 -0.21449
v -0.0934 0.13031 -0.28523
v -0.08385 0.11062 -0.23888
v -0.1146 0.10464 -0.4455
v -0.1026 0.1152 -0.35983
v -0.15366 0.18549 -0.61119
v -0.13748 0.129 -0.53409
v -0.15037 0.26245 -0.65736
v -0.08196 0.70701 -0.09788
v -0.12893 0.59355 -0.02761
v -0.2309 0.69619 -0.4155
v -0.2462 0.63206 -0.452
v -0.19904 0.92697 -0.23659
v -0.15583 0.94592 -0.25302
v -0.18229 0.93736 -0.30433
v -0.2255 0.91841 -0.28791
v -0.19838 0.95085 -0.26973
v -0.20486 0.76783 -0.25863
v -0.19814 0.80441 -0.30018
v -0.16259 0.79664 -0.33771
v -0.19554 0.76871 -0.32373
v -0.19034 0.78042 -0.30532
v -0.18859 0.77148 -0.21513
v -0.12548 0.78628 -0.19053
v -0.10284 0.8153 -0.21903
v -0.1586 0.81701 -0.22019
v -0.14521 0.79341 -0.20871
v -0.13435 0.83413 -0.32433
v -0.09115 0.82228 -0.28966
v -0.11381 0.81073 -0.33925
v -0.12321 0.81186 -0.3271
v -0.09563 0.84684 -0.24888
v -0.06995 0.82376 -0.2485
v -0.08367 0.82454 -0.2492
v -0.24644 0.75695 -0.25745
v -0.24364 0.75785 -0.20743
v -0.21289 0.76224 -0.22883
v -0.24997 0.7235 -0.33226
v -0.35575 0.76243 -0.2385
v -0.32003 0.73964 -0.30471
v -0.18185 0.74131 -0.18004
v -0.32852 0.74198 -0.18118
v -0.04997 0.81218 -0.19939
v -0.07884 0.77428 -0.15819
v -0.16802 0.77875 -0.38606
v -0.05057 0.82885 -0.30437
v -0.08972 0.8118 -0.37359
v -0.04047 0.82835 -0.24746
v -0.2113 0.74437 -0.3652
v -0.21655 0.85666 -0.25114
v -0.1937 0.87269 -0.32939
v -0.21855 0.86076 -0.2971
v -0.12684 0.89739 -0.28584
v -0.15751 0.88799 -0.32036
v -0.13894 0.89058 -0.22291
v -0.12016 0.90019 -0.2478
v -0.18114 0.87295 -0.22415
v -0.21887 -0.45857 0.41982
v -0.15675 -0.48565 0.51766
v -0.1063 -0.46735 0.61279
v -0.17771 -0.46446 0.52787
v -0.06408 -0.48123 0.60015
v -0.04868 -0.46253 0.65545
v -0.06749 -0.45918 0.21858
v -0.12977 -0.44589 0.21099
v -0.06384 -0.44462 0.15006
v -0.16017 -0.47176 0.31391
v -0.19294 -0.45045 0.30762
v -0.10697 -0.51855 0.41603
v -0.09138 -0.50759 0.51813
v -0.09069 -0.49299 0.31041
v -0.1523 -0.05987 0.95788
v -0.10974 -0.04128 0.97634
v -0.14894 -0.01882 0.95083
v -0.13313 -0.03748 0.96509
v -0.21492 -0.04728 0.91785
v -0.12914 -0.12319 0.96198
v -0.20295 -0.11332 0.93064
v -0.12478 0.04482 0.92677
v -0.18943 0.01765 0.90772
v -0.05413 -0.00058 0.98096
v -0.06275 0.05921 0.9404
v -0.05447 -0.07587 0.98922
v -0.06315 -0.12309 0.97947
v -0.07177 -0.06901 0.99489
v -0.0528 -0.07259 1.01945
v -0.07163 -0.0432 1.00541
v -0.08093 -0.05585 0.99726
v -0.02972 -0.0653 1.04059
v -0.0407 -0.03952 1.01839
v -0.02976 -0.09082 1.02001
v -0.04078 -0.07656 1.00299
v -0.02641 -0.08518 1.03686
v 0.31312 -0.40468 0.4243
v 0.28964 -0.41198 0.36304
v 0.31782 -0.39242 0.30549
v 0.3413 -0.37594 0.36623
v 0.31729 -0.3973 0.36445
v 0.23935 -0.43199 0.36184
v 0.25154 -0.42244 0.30233
v 0.26163 -0.42722 0.4227
v 0.26233 -0.42266 0.36214
v 0.2099 -0.45762 0.20232
v 0.27485 -0.41875 0.25266
v 0.19482 -0.4374 0.23936
v 0.23121 -0.43097 0.24549
v 0.35028 -0.36445 0.24478
v 0.3125 -0.42258 0.20841
v 0.3166 -0.39642 0.2502
v 0.32816 -0.3877 0.48308
v 0.29136 -0.41338 0.53682
v 0.27503 -0.42195 0.48207
v 0.30343 -0.40822 0.48226
v 0.26979 -0.45549 0.624
v 0.23656 -0.44423 0.58448
v 0.31511 -0.39768 0.59215
v 0.28009 -0.42561 0.58644
v 0.15612 -0.45853 0.59579
v 0.22299 -0.43942 0.53835
v 0.16401 -0.48303 0.63141
v 0.19114 -0.45386 0.59112
v 0.2254 -0.44019 0.48087
v 0.2475 -0.43167 0.48183
v 0.30087 -0.33581 -0.11045
v 0.23546 -0.26979 -0.12322
v 0.28353 -0.19808 -0.11242
v 0.33952 -0.25718 -0.08028
v 0.29291 -0.2602 -0.11031
v 0.11948 -0.29578 -0.11387
v 0.17311 -0.23048 -0.14263
v 0.17638 -0.34915 -0.10631
v 0.17453 -0.28288 -0.12153
v 0.17201 -0.14155 -0.17
v 0.22405 -0.1635 -0.14202
v 0.12311 -0.20639 -0.17005
v 0.17162 -0.185 -0.16004
v 0.3185 -0.14006 -0.0747
v 0.26898 -0.1039 -0.11295
v 0.27485 -0.14686 -0.11417
v 0.30781 -0.00319 -0.03171
v 0.26988 -0.03189 -0.09288
v 0.23246 0.00608 -0.10682
v 0.27328 0.04207 -0.04385
v 0.27234 0.00331 -0.0724
v 0.2228 -0.07885 -0.14151
v 0.30826 -0.06315 -0.06191
v 0.26804 -0.0666 -0.10612
v 0.13196 -0.11114 -0.18861
v 0.18288 -0.04571 -0.15747
v 0.17622 -0.09524 -0.16877
v 0.19905 0.06237 -0.10599
v 0.14891 0.00579 -0.16536
v 0.19066 0.00742 -0.13724
v 0.30851 -0.34009 0.8754
v 0.2631 -0.28922 0.90058
v 0.21414 -0.33468 0.9199
v 0.26887 -0.39635 0.90975
v 0.26699 -0.33692 0.90429
v 0.25326 -0.20921 0.89788
v 0.21522 -0.24473 0.9206
v 0.2939 -0.25264 0.86714
v 0.2582 -0.2483 0.89848
v 0.12666 -0.24041 0.94502
v 0.1648 -0.28421 0.93026
v 0.172 -0.20264 0.93974
v 0.16995 -0.24236 0.93534
v 0.14973 -0.3934 0.92034
v 0.1049 -0.32849 0.92278
v 0.15673 -0.33264 0.92413
v 0.35846 -0.20011 -0.02672
v 0.3809 -0.27724 0.03267
v 0.37599 -0.34081 -0.03373
v 0.3679 -0.26385 -0.03063
v 0.34263 -0.10626 -0.01566
v 0.3696 -0.16629 0.04061
v 0.34944 -0.14808 -0.02179
v 0.38518 -0.21471 0.17802
v 0.38225 -0.23754 0.10528
v 0.37903 -0.14984 0.11276
v 0.38088 -0.19005 0.10853
v 0.37918 -0.36409 0.10234
v 0.3756 -0.31115 0.17594
v 0.3814 -0.29439 0.10366
v 0.36373 -0.33382 0.30667
v 0.36796 -0.30765 0.37043
v 0.3514 -0.35433 0.42781
v 0.35769 -0.34528 0.36828
v 0.37953 -0.27861 0.24368
v 0.3697 -0.32336 0.24308
v 0.3864 -0.19437 0.24708
v 0.38008 -0.25264 0.30995
v 0.38443 -0.23565 0.24514
v 0.36655 -0.27381 0.43294
v 0.37619 -0.22098 0.37441
v 0.37363 -0.26543 0.37253
v 0.36353 -0.09232 0.44087
v 0.37538 -0.13256 0.37767
v 0.37622 -0.08342 0.31903
v 0.35914 -0.04544 0.38452
v 0.36975 -0.08879 0.38033
v 0.38363 -0.16756 0.31321
v 0.37015 -0.18262 0.43704
v 0.37715 -0.17666 0.37591
v 0.38643 -0.13731 0.18376
v 0.38599 -0.1154 0.25217
v 0.38744 -0.15466 0.24911
v 0.36933 -0.03375 0.26518
v 0.38007 -0.06416 0.19514
v 0.38048 -0.07546 0.25721
v 0.33101 0.01717 0.03897
v 0.35796 -0.03175 0.07317
v 0.33849 -0.04438 0.00236
v 0.33637 -0.01572 0.01752
v 0.37698 -0.08213 0.12363
v 0.36302 -0.01173 0.14708
v 0.37255 -0.04874 0.13308
v 0.36302 -0.09191 0.05247
v 0.37843 -0.11485 0.11733
v 0.33977 -0.07313 -0.00816
v 0.33684 -0.40362 0.83555
v 0.34091 -0.3506 0.77666
v 0.32473 -0.29766 0.82767
v 0.3319 -0.3449 0.83135
v 0.33472 -0.3603 0.65418
v 0.34068 -0.30878 0.71745
v 0.33593 -0.41481 0.71601
v 0.33926 -0.35643 0.71587
v 0.33869 -0.2268 0.72009
v 0.33155 -0.2621 0.77429
v 0.34461 -0.27127 0.66125
v 0.33962 -0.26683 0.7188
v 0.31172 -0.21924 0.82279
v 0.31733 -0.25731 0.82474
v 0.28298 -0.09321 0.86163
v 0.30975 -0.13756 0.82164
v 0.32815 -0.09828 0.77445
v 0.3043 -0.05664 0.81894
v 0.30906 -0.09669 0.82069
v 0.32806 -0.18247 0.77391
v 0.28425 -0.17381 0.86421
v 0.30991 -0.17887 0.82205
v 0.34889 -0.18654 0.66665
v 0.34226 -0.14194 0.72292
v 0.34047 -0.18493 0.72153
v 0.3351 -0.05545 0.72479
v 0.34986 -0.09807 0.6707
v 0.34137 -0.09855 0.72407
v 0.35089 -0.05076 0.50291
v 0.3576 -0.09643 0.55865
v 0.3642 -0.14012 0.49835
v 0.36 -0.0948 0.50037
v 0.35669 -0.14249 0.61338
v 0.34723 -0.05313 0.61751
v 0.35474 -0.09744 0.61549
v 0.35206 -0.23206 0.60814
v 0.36009 -0.18761 0.55434
v 0.35511 -0.18759 0.61099
v 0.36305 -0.23213 0.4942
v 0.36478 -0.18611 0.49643
v 0.35481 -0.32011 0.48808
v 0.33881 -0.35838 0.54123
v 0.34469 -0.35758 0.48519
v 0.35475 -0.27767 0.54824
v 0.36033 -0.27754 0.49125
v 0.34484 -0.31771 0.60076
v 0.34958 -0.27523 0.60465
v 0.33502 -0.36012 0.59676
v 0.2531 0.20344 0.11808
v 0.22988 0.24754 0.15783
v 0.25054 0.21993 0.20011
v 0.27002 0.1838 0.15141
v 0.2511 0.21767 0.15894
v 0.17394 0.29579 0.1518
v 0.20103 0.27979 0.20461
v 0.20844 0.25502 0.09975
v 0.20474 0.27412 0.15329
v 0.19325 0.26493 0.29897
v 0.22434 0.24856 0.24901
v 0.16612 0.2964 0.25568
v 0.19717 0.27642 0.25284
v 0.27384 0.17297 0.23056
v 0.24767 0.20122 0.28539
v 0.24933 0.21376 0.24224
v 0.26905 0.11569 0.41545
v 0.24364 0.16611 0.37536
v 0.21248 0.17896 0.42964
v 0.23893 0.1371 0.47295
v 0.24135 0.14938 0.423
v 0.21834 0.21848 0.33781
v 0.27281 0.14513 0.31906
v 0.24576 0.18436 0.32963
v 0.1575 0.26654 0.3487
v 0.18553 0.2245 0.38908
v 0.18933 0.24628 0.34402
v 0.1788 0.18772 0.48375
v 0.14939 0.22264 0.43984
v 0.18198 0.20363 0.43529
v 0.23586 0.07658 0.80562
v 0.2177 0.11212 0.77553
v 0.18863 0.11231 0.82155
v 0.21201 0.07558 0.8412
v 0.21332 0.09652 0.81185
v 0.22681 0.13029 0.6845
v 0.19501 0.14623 0.7382
v 0.24911 0.09614 0.72821
v 0.22237 0.12354 0.73255
v 0.13644 0.17962 0.75039
v 0.16397 0.1484 0.78971
v 0.16914 0.17485 0.69519
v 0.16654 0.16474 0.7444
v 0.16 0.0988 0.86537
v 0.13257 0.13816 0.83799
v 0.16169 0.12627 0.8303
v 0.20704 0.15853 0.53078
v 0.23369 0.13149 0.57949
v 0.2644 0.10197 0.5204
v 0.23643 0.13218 0.52563
v 0.14354 0.19875 0.5398
v 0.17374 0.17896 0.58918
v 0.17611 0.18081 0.53558
v 0.2016 0.15717 0.63791
v 0.13986 0.19542 0.64757
v 0.17147 0.17828 0.64292
v 0.25857 0.10232 0.62849
v 0.23053 0.1319 0.63296
v 0.34742 0.00319 0.3336
v 0.32093 0.03899 0.39864
v 0.33784 -0.00655 0.44855
v 0.34242 -0.00261 0.39087
v 0.35121 0.02042 0.22142
v 0.32743 0.05669 0.29107
v 0.35097 0.01087 0.27703
v 0.29874 0.08942 0.35545
v 0.30121 0.11503 0.25778
v 0.3007 0.10201 0.30564
v 0.29323 0.0711 0.46041
v 0.29602 0.07866 0.40708
v 0.32812 -0.01123 0.67361
v 0.30029 0.02662 0.72505
v 0.30899 -0.01584 0.77268
v 0.32074 -0.01338 0.7249
v 0.26734 0.05736 0.76983
v 0.28186 0.06745 0.67711
v 0.27575 0.06348 0.72593
v 0.24017 0.04575 0.83835
v 0.27489 0.01832 0.81226
v 0.25629 0.05014 0.80725
v 0.26851 -0.01842 0.85448
v 0.2919 -0.01779 0.81614
v 0.18175 0.1353 -0.08485
v 0.21304 0.17002 -0.00953
v 0.23942 0.10219 -0.03511
v 0.20757 0.11733 -0.06162
v 0.23652 0.19578 0.06091
v 0.19029 0.23705 0.02589
v 0.21227 0.21812 0.04487
v 0.27659 0.15557 0.0981
v 0.26528 0.13337 0.03536
v 0.25865 0.17368 0.07687
v 0.29829 0.07298 0.02718
v 0.27054 0.08746 -0.00641
v 0.31111 0.03049 0.62202
v 0.28887 0.06785 0.57056
v 0.28602 0.06826 0.62491
v 0.3341 -0.00961 0.56363
v 0.3321 -0.01023 0.61962
v 0.31518 0.03114 0.51057
v 0.33554 -0.00864 0.50638
v 0.29106 0.06815 0.51531
v 0.33595 0.04473 0.11549
v 0.32442 0.07911 0.18974
v 0.34628 0.03186 0.16704
v 0.30519 0.10309 0.10041
v 0.32003 0.05859 0.06834
v 0.2954 0.13744 0.16911
v 0.28829 0.14521 0.13
v 0.29957 0.12712 0.21199
v 0.14903 0.11925 -0.15277
v 0.16703 0.18223 -0.1228
v 0.17731 0.20482 -0.05102
v 0.16873 0.15852 -0.10373
v 0.19492 0.22136 -0.17301
v 0.17716 0.23811 -0.09338
v 0.16006 0.16823 -0.19584
v 0.17523 0.20168 -0.14661
v 0.14972 0.3008 -0.0047
v 0.16743 0.25901 -0.02411
v 0.17918 0.2905 -0.06097
v 0.16856 0.27236 -0.04471
v 0.15967 0.28527 0.04528
v 0.17501 0.24896 0.00116
v 0.2331 0.21084 -0.2673
v 0.26422 0.27429 -0.22821
v 0.21819 0.28199 -0.13355
v 0.22773 0.24574 -0.19984
v 0.31464 0.34364 -0.29252
v 0.27622 0.34481 -0.17678
v 0.30664 0.26864 -0.33817
v 0.29498 0.30647 -0.25925
v 0.21453 0.40777 -0.03171
v 0.22552 0.34476 -0.0845
v 0.26722 0.41741 -0.11644
v 0.24981 0.3792 -0.09789
v 0.17326 0.34169 -0.02384
v 0.20007 0.31491 -0.07322
v 0.19267 0.15983 -0.3086
v 0.24025 0.15911 -0.38765
v 0.2798 0.20712 -0.36698
v 0.23873 0.18198 -0.33117
v 0.21346 0.12942 -0.46511
v 0.26571 0.16034 -0.46921
v 0.19545 0.1285 -0.40737
v 0.23331 0.14216 -0.43292
v 0.30579 0.21856 -0.54744
v 0.3074 0.20821 -0.46356
v 0.25941 0.1698 -0.54272
v 0.2909 0.18613 -0.50914
v 0.33079 0.26947 -0.44549
v 0.31171 0.2358 -0.40642
v 0.32675 0.28003 -0.53593
v 0.32101 0.35265 -0.51142
v 0.32954 0.34526 -0.41096
v 0.33335 0.30954 -0.48019
v 0.27252 0.23958 -0.60954
v 0.29646 0.29579 -0.60247
v 0.30729 0.25671 -0.57883
v 0.24055 0.35766 -0.62796
v 0.28928 0.35879 -0.58492
v 0.24665 0.31283 -0.64034
v 0.27431 0.33103 -0.61749
v 0.29524 0.43676 -0.48419
v 0.25598 0.42955 -0.56362
v 0.2954 0.39544 -0.54007
v 0.33505 -0.66747 -0.02619
v 0.28831 -0.71953 0.0292
v 0.23367 -0.71838 -0.03947
v 0.28891 -0.66628 -0.0832
v 0.28852 -0.70493 -0.03299
v 0.27615 -0.67948 0.14116
v 0.22744 -0.72474 0.09339
v 0.32704 -0.67407 0.08728
v 0.28116 -0.7107 0.09108
v 0.13663 -0.68612 0.07876
v 0.1728 -0.72359 0.02472
v 0.18277 -0.68731 0.13577
v 0.17619 -0.71615 0.08579
v 0.18744 -0.6697 -0.08188
v 0.13655 -0.67511 -0.028
v 0.17963 -0.70823 -0.03503
v 0.2461 -0.6782 0.88951
v 0.1989 -0.72333 0.85193
v 0.24864 -0.72452 0.7909
v 0.28822 -0.67944 0.83838
v 0.24683 -0.71191 0.84543
v 0.11303 -0.68417 0.84496
v 0.14866 -0.72735 0.79563
v 0.15574 -0.68 0.89212
v 0.15183 -0.71393 0.84915
v 0.15798 -0.69471 0.69699
v 0.19841 -0.72853 0.73459
v 0.11586 -0.69348 0.74811
v 0.15305 -0.72055 0.7414
v 0.28359 -0.68451 0.73879
v 0.24088 -0.68868 0.69163
v 0.24443 -0.71648 0.73636
v 0.34249 -0.48342 0.78141
v 0.32282 -0.56595 0.7262
v 0.30391 -0.49807 0.66896
v 0.33124 -0.48898 0.71984
v 0.31354 -0.47458 0.88789
v 0.33133 -0.55666 0.84224
v 0.33752 -0.47842 0.84005
v 0.31973 -0.63345 0.78643
v 0.2942 -0.61897 0.88447
v 0.31564 -0.62567 0.8395
v 0.28283 -0.63256 0.69101
v 0.30833 -0.63273 0.73396
v 0.06347 -0.43177 0.8519
v 0.06546 -0.51588 0.79543
v 0.07747 -0.57017 0.85133
v 0.09692 -0.47878 0.8975
v 0.07072 -0.49632 0.85239
v 0.10668 -0.53464 0.68287
v 0.08327 -0.59114 0.74009
v 0.06996 -0.47422 0.73529
v 0.07737 -0.52846 0.73506
v 0.08404 -0.64607 0.79712
v 0.11906 -0.64768 0.70201
v 0.09435 -0.64825 0.74606
v 0.11281 -0.62409 0.88899
v 0.08991 -0.63452 0.84727
v 0.25237 -0.58183 0.65283
v 0.20829 -0.52835 0.63722
v 0.26065 -0.51362 0.6424
v 0.20034 -0.65136 0.66048
v 0.24465 -0.64199 0.66651
v 0.15335 -0.59564 0.66033
v 0.15644 -0.65098 0.6729
v 0.15365 -0.53498 0.65049
v 0.14954 -0.55443 0.92281
v 0.20939 -0.47177 0.92831
v 0.1478 -0.47224 0.92229
v 0.20344 -0.62817 0.92307
v 0.15358 -0.62526 0.91472
v 0.26287 -0.5523 0.92011
v 0.25355 -0.62294 0.91266
v 0.26773 -0.47246 0.91708
v 0.34856 -0.46405 0.15872
v 0.36954 -0.53842 0.09612
v 0.38744 -0.44032 0.02967
v 0.37644 -0.45013 0.09996
v 0.36824 -0.61498 0.03063
v 0.32556 -0.61542 0.13959
v 0.35479 -0.61485 0.09043
v 0.34074 -0.5979 -0.07982
v 0.37845 -0.52531 -0.03562
v 0.36409 -0.60561 -0.02968
v 0.35445 -0.42785 -0.08781
v 0.38096 -0.4325 -0.03618
v 0.24352 -0.43064 -0.12106
v 0.1827 -0.52785 -0.10994
v 0.12704 -0.4481 -0.07358
v 0.17914 -0.43625 -0.10653
v 0.30444 -0.52129 -0.11761
v 0.30529 -0.42754 -0.11546
v 0.24192 -0.60986 -0.11736
v 0.2966 -0.60297 -0.10913
v 0.14132 -0.60722 -0.07304
v 0.18697 -0.60762 -0.10429
v 0.14811 -0.51256 0.14993
v 0.18854 -0.57739 0.17493
v 0.25113 -0.50274 0.19709
v 0.19618 -0.51177 0.18355
v 0.23306 -0.63823 0.17554
v 0.14524 -0.63518 0.13052
v 0.18547 -0.63848 0.16225
v 0.29378 -0.55957 0.18106
v 0.28237 -0.62688 0.16798
v 0.30436 -0.48422 0.18996
v 0.10571 -0.5489 -0.02684
v 0.09979 -0.49247 0.03527
v 0.09537 -0.40561 -0.02148
v 0.10211 -0.46994 -0.02393
v 0.10675 -0.63311 0.02756
v 0.11455 -0.61964 -0.02674
v 0.11329 -0.57327 0.0911
v 0.11799 -0.63584 0.0828
v 0.11252 -0.45192 0.09357
v 0.11556 -0.5064 0.09686
v 0.27118 0.52576 -0.46008
v 0.28535 0.52085 -0.36155
v 0.30866 0.43336 -0.3683
v 0.29139 0.47851 -0.41853
v 0.27805 0.60076 -0.32011
v 0.28258 0.53588 -0.25968
v 0.267 0.60193 -0.38819
v 0.27864 0.56398 -0.33172
v 0.24701 0.54474 -0.11411
v 0.27121 0.49807 -0.16798
v 0.27787 0.55689 -0.19096
v 0.27166 0.53143 -0.18045
v 0.29851 0.42752 -0.23628
v 0.23533 0.48553 -0.06476
v 0.27204 0.45855 -0.14322
v 0.3178 0.38717 -0.32759
v 0.19263 0.64758 -0.12577
v 0.26768 0.61028 -0.12955
v 0.32645 0.64531 -0.1385
v 0.25236 0.68217 -0.15033
v 0.25812 0.64545 -0.13607
v 0.28947 0.56907 -0.16247
v 0.32435 0.58771 -0.15672
v 0.23908 0.57896 -0.112
v 0.27936 0.58321 -0.13702
v 0.40158 0.61272 -0.19176
v 0.38032 0.61857 -0.15241
v 0.35448 0.58921 -0.20256
v 0.36784 0.59747 -0.17194
v 0.38868 0.68041 -0.14489
v 0.43035 0.65828 -0.15438
v 0.38479 0.64791 -0.1437
v 0.29444 0.59185 -0.26604
v 0.31836 0.58467 -0.23009
v 0.29432 0.57273 -0.20987
v 0.28588 0.66205 -0.34909
v 0.31261 0.63867 -0.31912
v 0.29037 0.62411 -0.31779
v 0.37588 0.66251 -0.31082
v 0.34397 0.62007 -0.28689
v 0.34508 0.68133 -0.33316
v 0.34177 0.64911 -0.31848
v 0.38059 0.61458 -0.24554
v 0.34736 0.59842 -0.24457
v 0.39374 0.70676 -0.3123
v 0.4442 0.71139 -0.26326
v 0.41957 0.65871 -0.26189
v 0.41296 0.68594 -0.29113
v 0.45259 0.74444 -0.20682
v 0.47155 0.70858 -0.19918
v 0.43241 0.74645 -0.2583
v 0.46079 0.73083 -0.23106
v 0.44729 0.65596 -0.1968
v 0.4474 0.70239 -0.15815
v 0.46034 0.68145 -0.17325
v 0.4173 0.63371 -0.22526
v 0 0.32409 0.18016
v 0.04624 0.32016 0.22134
v 0.09255 0.32014 0.1707
v 0.04674 0.32528 0.13674
v 0.0469 0.32371 0.17766
v 0.04349 0.30185 0.31193
v 0.08865 0.3124 0.26343
v 0 0.31281 0.26785
v 0.04502 0.31332 0.26652
v 0.13294 0.31206 0.21049
v 0.12563 0.29656 0.30683
v 0.12948 0.30757 0.25952
v 0.1353 0.30832 0.1126
v 0.13572 0.31099 0.15984
v 0 0.22816 0.5478
v 0.03645 0.2252 0.60148
v 0.07353 0.22129 0.54571
v 0.03778 0.23206 0.49519
v 0.03699 0.22653 0.54726
v 0.03578 0.21868 0.71025
v 0.07172 0.21826 0.65442
v 0 0.22586 0.657
v 0.03608 0.22396 0.65632
v 0.10765 0.21009 0.59708
v 0.10538 0.20392 0.70476
v 0.10646 0.20874 0.65145
v 0.11132 0.21911 0.49139
v 0.1092 0.21214 0.5432
v 0 0.20702 0.76263
v 0.03503 0.18494 0.80962
v 0.07036 0.19999 0.75926
v 0.03545 0.20523 0.76174
v 0.03374 0.12912 0.88985
v 0.06843 0.15476 0.84949
v 0 0.16064 0.85389
v 0.03448 0.15913 0.85272
v 0.10286 0.17231 0.80235
v 0.09948 0.11871 0.88074
v 0.1013 0.14771 0.84448
v 0.1042 0.19141 0.75541
v 0 -0.42224 0.02975
v 0.029 -0.40134 0.00261
v 0.06199 -0.41945 0.05164
v 0.03254 -0.43334 0.06845
v 0.03121 -0.42004 0.03584
v 0.02459 -0.35025 -0.06699
v 0.0525 -0.37449 -0.02687
v 0 -0.38147 -0.03411
v 0.02657 -0.37787 -0.03156
v 0.08044 -0.40758 0.02501
v 0.07814 -0.3434 -0.06803
v 0.07713 -0.37877 -0.02298
v 0.10198 -0.43742 0.11887
v 0.09187 -0.42651 0.07469
v 0 -0.36966 0.85316
v 0.01621 -0.39686 0.80847
v 0.03252 -0.37795 0.85122
v 0.01735 -0.3409 0.89135
v 0.01611 -0.37073 0.85232
v 0.01906 -0.43673 0.72387
v 0.03523 -0.42631 0.7572
v 0 -0.41748 0.76641
v 0.01731 -0.41896 0.76419
v 0.04737 -0.42308 0.79982
v 0.06415 -0.45469 0.69654
v 0.05434 -0.44245 0.74512
v 0.0577 -0.36047 0.89382
v 0.04952 -0.3953 0.85129
v 0 0.28401 0.35683
v 0.04034 0.26458 0.4009
v 0.08278 0.28322 0.35484
v 0.04189 0.28441 0.35634
v 0.07724 0.24254 0.4455
v 0 0.24666 0.44719
v 0.03894 0.24594 0.44679
v 0.11779 0.25622 0.39731
v 0.11427 0.23519 0.44321
v 0.12165 0.27806 0.3523
v 0 0.33774 0.04958
v 0.04416 0.32912 0.06931
v 0.08478 0.33113 0.03926
v 0.04487 0.35104 0.03689
v 0.04363 0.33653 0.04754
v 0.08917 0.32058 0.09065
v 0 0.32733 0.1025
v 0.04551 0.32623 0.09983
v 0.12258 0.31143 0.04368
v 0.12914 0.30803 0.07379
v 0.12557 0.33518 0.01101
v 0.12097 0.31981 0.02257
v 0 0.45058 0.05968
v 0.05411 0.40816 0.04837
v 0.1165 0.44226 0.03993
v 0.06323 0.49669 0.05229
v 0.05937 0.44895 0.05512
v 0.09543 0.37018 0.02983
v 0 0.37634 0.0421
v 0.04882 0.37522 0.03973
v 0.15344 0.39128 0.01214
v 0.13765 0.35956 0.00957
v 0.18104 0.47004 0.00485
v 0.16916 0.42866 0.01261
v 0 0.57089 -0.53467
v 0.06265 0.64019 -0.50605
v 0.13014 0.568 -0.52876
v 0.06928 0.50558 -0.56204
v 0.06647 0.57022 -0.53353
v 0.05368 0.76237 -0.44766
v 0.1132 0.70173 -0.47451
v 0 0.70916 -0.47934
v 0.05824 0.70705 -0.47797
v 0.1999 0.6855 -0.4625
v 0.17403 0.63238 -0.49522
v 0.15053 0.74404 -0.44196
v 0.16161 0.69417 -0.46958
v 0.19919 0.49892 -0.54567
v 0.23205 0.56522 -0.50192
v 0.18817 0.56407 -0.51907
v 0 0.37648 -0.64879
v 0.07118 0.41328 -0.62329
v 0.13828 0.37568 -0.64542
v 0.0727 0.34096 -0.6648
v 0.07165 0.37682 -0.64842
v 0.13882 0.45292 -0.58905
v 0 0.45452 -0.594
v 0.07062 0.45473 -0.59323
v 0.19987 0.40475 -0.61294
v 0.2022 0.44661 -0.57957
v 0.19363 0.3395 -0.65287
v 0.1949 0.37092 -0.63794
v 0 -0.23355 0.95988
v 0.02405 -0.27183 0.94326
v 0.05712 -0.23592 0.95662
v 0.03064 -0.19573 0.97028
v 0.02779 -0.23425 0.95914
v 0.04255 -0.31146 0.92105
v 0 -0.30692 0.92141
v 0.02028 -0.30766 0.92117
v 0.08028 -0.27776 0.93951
v 0.0688 -0.31992 0.92167
v 0.09568 -0.19945 0.96068
v 0.08956 -0.23812 0.95202
v 0 -0.32273 -0.1034
v 0.02384 -0.2831 -0.13984
v 0.04955 -0.31196 -0.10582
v 0.02371 -0.31913 -0.104
v 0.0267 -0.19072 -0.19711
v 0.0521 -0.23408 -0.17368
v 0 -0.24293 -0.17042
v 0.02487 -0.24077 -0.17179
v 0.08162 -0.26419 -0.14449
v 0.08781 -0.17651 -0.19394
v 0.08406 -0.22268 -0.17385
v 0.07964 -0.30482 -0.10887
v 0 -0.13232 -0.21383
v 0.03219 -0.06916 -0.22273
v 0.05998 -0.12839 -0.20947
v 0.02924 -0.13156 -0.21306
v 0.0382 0.042 -0.23553
v 0.07139 -0.00682 -0.21557
v 0 -0.00964 -0.23373
v 0.03527 -0.00935 -0.22919
v 0.10109 -0.06207 -0.20036
v 0.11567 0.05511 -0.18788
v 0.10922 -0.00037 -0.19288
v 0.09372 -0.12188 -0.20175
v 0 0.07791 -0.25164
v 0.04289 0.10339 -0.25798
v 0.08037 0.08446 -0.22527
v 0.04069 0.07904 -0.24481
v 0.04702 0.12044 -0.29963
v 0.08843 0.12573 -0.25853
v 0 0.11414 -0.28248
v 0.04495 0.11665 -0.27594
v 0.12092 0.12485 -0.20936
v 0.13848 0.1486 -0.26507
v 0.12896 0.14292 -0.23249
v 0.11803 0.09621 -0.19393
v 0 0.1138 -0.33466
v 0.05189 0.10885 -0.36575
v 0.098 0.12488 -0.31998
v 0.04924 0.11638 -0.32996
v 0.05959 0.10102 -0.44903
v 0.10754 0.10703 -0.40186
v 0 0.10101 -0.40828
v 0.05525 0.10227 -0.40584
v 0.15091 0.12632 -0.35627
v 0.16045 0.11292 -0.44108
v 0.1539 0.11628 -0.3997
v 0.14578 0.14008 -0.30886
v 0 0.10918 -0.49515
v 0.071 0.12671 -0.53864
v 0.12555 0.11228 -0.4902
v 0.06519 0.10952 -0.49414
v 0.07907 0.18299 -0.6156
v 0.1475 0.15385 -0.57533
v 0 0.15123 -0.58059
v 0.07597 0.15155 -0.57998
v 0.19494 0.13481 -0.52335
v 0.2193 0.19139 -0.60019
v 0.21013 0.15949 -0.56385
v 0.17626 0.11919 -0.48236
v 0 0.21958 -0.64342
v 0.07754 0.26021 -0.661
v 0.15404 0.22256 -0.63894
v 0.07925 0.21999 -0.64297
v 0.14438 0.30253 -0.66521
v 0 0.30097 -0.66891
v 0.07501 0.30131 -0.66864
v 0.21377 0.26767 -0.6478
v 0.20246 0.30485 -0.65601
v 0.21995 0.22865 -0.62869
v 0.12671 0.53734 0.01115
v 0.06069 0.60785 0.00104
v 0 0.55441 0.04086
v 0.06431 0.55046 0.03218
v 0.19164 0.55023 -0.04775
v 0.18531 0.51374 -0.01724
v 0.17117 0.6058 -0.07643
v 0.2097 0.56997 -0.08079
v 0.1261 0.69557 -0.12707
v 0.09875 0.65679 -0.06245
v 0.14282 0.65093 -0.09699
v 0 0.67222 -0.02283
v 0.04035 0.7183 -0.0719
v 0.05043 0.66644 -0.03487
v 0.23761 0.63047 -0.46987
v 0.25851 0.6022 -0.4452
v 0.25322 0.57827 -0.47478
v 0.2129 0.71491 -0.42844
v 0.24094 0.66222 -0.43894
v 0.2245 0.67679 -0.45258
v 0.24653 0.67248 -0.39795
v 0.25477 0.63598 -0.4207
v 0.22644 0.91272 -0.26973
v 0.21544 0.93868 -0.27942
v 0.20101 0.94334 -0.25145
v 0.21422 0.91667 -0.24605
v 0.21696 0.93183 -0.26117
v 0.19692 0.92768 -0.31155
v 0.19188 0.94899 -0.28838
v 0.21686 0.91894 -0.30396
v 0.20763 0.93773 -0.29671
v 0.1537 0.94325 -0.26905
v 0.17745 0.95365 -0.2604
v 0.16591 0.9393 -0.29274
v 0.17311 0.95103 -0.27783
v 0.1798 0.93095 -0.23207
v 0.15986 0.93969 -0.23965
v 0.18078 0.94641 -0.24463
v 0.20781 0.75987 -0.30299
v 0.19144 0.77473 -0.31202
v 0.19908 0.77337 -0.28141
v 0.21 0.76188 -0.26836
v 0.20173 0.76713 -0.28955
v 0.16174 0.79314 -0.34276
v 0.17822 0.78837 -0.32558
v 0.18096 0.7796 -0.34144
v 0.17836 0.78373 -0.33126
v 0.18742 0.81174 -0.32153
v 0.19239 0.78909 -0.30184
v 0.16582 0.80442 -0.33529
v 0.18107 0.79667 -0.32284
v 0.20217 0.77548 -0.252
v 0.20323 0.79747 -0.27393
v 0.19922 0.78193 -0.2764
v 0.18134 0.80432 -0.22861
v 0.15141 0.80165 -0.21548
v 0.1685 0.78145 -0.21054
v 0.19252 0.77794 -0.22776
v 0.17427 0.78916 -0.22057
v 0.10834 0.82292 -0.22107
v 0.12229 0.80531 -0.21139
v 0.13533 0.82857 -0.21789
v 0.12826 0.81336 -0.21546
v 0.10307 0.80026 -0.19801
v 0.13743 0.78918 -0.20042
v 0.0963 0.81256 -0.21585
v 0.11477 0.80182 -0.20559
v 0.18618 0.76688 -0.20474
v 0.15364 0.77254 -0.19138
v 0.16229 0.77674 -0.20086
v 0.13845 0.80168 -0.35069
v 0.11916 0.8098 -0.33135
v 0.14333 0.80463 -0.33725
v 0.14084 0.802 -0.342
v 0.086 0.82046 -0.2913
v 0.10501 0.81788 -0.31016
v 0.09346 0.81755 -0.31885
v 0.10018 0.81604 -0.31318
v 0.11661 0.84025 -0.30805
v 0.1277 0.81921 -0.3252
v 0.09616 0.82967 -0.28884
v 0.10985 0.82523 -0.30878
v 0.15371 0.82697 -0.33402
v 0.14719 0.8121 -0.33506
v 0.07102 0.82434 -0.27068
v 0.07809 0.82258 -0.24893
v 0.08405 0.82464 -0.26886
v 0.0787 0.8228 -0.26951
v 0.08995 0.82158 -0.23211
v 0.07517 0.81988 -0.22853
v 0.08402 0.81932 -0.23067
v 0.10203 0.84389 -0.23299
v 0.08881 0.83189 -0.24922
v 0.0952 0.82898 -0.23288
v 0.09598 0.84703 -0.2679
v 0.08913 0.832 -0.26843
v 0.20808 0.76441 -0.24179
v 0.22607 0.75999 -0.24086
v 0.2319 0.75422 -0.26947
v 0.21697 0.75995 -0.25296
v 0.20189 0.76557 -0.22074
v 0.20185 0.77005 -0.23411
v 0.21576 0.75767 -0.20046
v 0.22344 0.76045 -0.21769
v 0.20591 0.76199 -0.20988
v 0.26414 0.76082 -0.24392
v 0.2651 0.76085 -0.22019
v 0.24071 0.76064 -0.22958
v 0.27899 0.75126 -0.27924
v 0.27786 0.7275 -0.31952
v 0.23487 0.7428 -0.30629
v 0.25622 0.74479 -0.29318
v 0.31117 0.76368 -0.23617
v 0.34397 0.75662 -0.26972
v 0.30016 0.75923 -0.25911
v 0.37536 0.73815 -0.30116
v 0.40269 0.75864 -0.2362
v 0.39076 0.7537 -0.27032
v 0.31799 0.70805 -0.33358
v 0.3582 0.71252 -0.32475
v 0.25824 0.69355 -0.35688
v 0.28473 0.69822 -0.34391
v 0.18353 0.75471 -0.18893
v 0.24865 0.73777 -0.18066
v 0.27738 0.75325 -0.19713
v 0.23327 0.75098 -0.19142
v 0.32984 0.71293 -0.15927
v 0.17878 0.71813 -0.16643
v 0.25211 0.71389 -0.16608
v 0.409 0.73617 -0.17431
v 0.39942 0.71099 -0.15506
v 0.35262 0.7568 -0.20857
v 0.40943 0.75242 -0.20278
v 0.30346 0.75959 -0.21378
v 0.0705 0.81175 -0.20581
v 0.06027 0.79743 -0.1778
v 0.10674 0.78208 -0.17897
v 0.08455 0.79802 -0.18858
v 0 0.80352 -0.16013
v 0.03596 0.78175 -0.13792
v 0.02587 0.81446 -0.19275
v 0.0313 0.80082 -0.16616
v 0.07717 0.74413 -0.12858
v 0 0.76045 -0.09539
v 0.03725 0.75549 -0.10638
v 0.12835 0.75368 -0.16956
v 0.1224 0.72995 -0.15127
v 0.14054 0.76636 -0.18194
v 0.02698 0.83276 -0.30696
v 0.06476 0.82401 -0.33702
v 0.0438 0.8181 -0.37741
v 0 0.83131 -0.34244
v 0.03522 0.82872 -0.34139
v 0.10545 0.81232 -0.35213
v 0.06737 0.8251 -0.29945
v 0.08291 0.82025 -0.32815
v 0.16395 0.78761 -0.36637
v 0.13415 0.79463 -0.38492
v 0.13486 0.80111 -0.3647
v 0.09686 0.78938 -0.41177
v 0.17651 0.76052 -0.41065
v 0.14037 0.77657 -0.41221
v 0 0.80071 -0.41489
v 0.04941 0.79768 -0.41349
v 0.04313 0.82238 -0.2225
v 0.02096 0.83068 -0.24672
v 0 0.82551 -0.21777
v 0.02228 0.82438 -0.21934
v 0.05711 0.82586 -0.24803
v 0.06115 0.82089 -0.22568
v 0.04271 0.83041 -0.27463
v 0.05898 0.82712 -0.27268
v 0 0.8349 -0.27594
v 0.02238 0.83344 -0.27566
v 0.19233 0.76124 -0.37858
v 0.22089 0.7235 -0.39026
v 0.20182 0.74249 -0.40298
v 0.2025 0.75901 -0.34224
v 0.1855 0.77285 -0.35764
v 0.22915 0.73046 -0.34862
v 0.21796 0.74827 -0.32388
v 0.23833 0.70459 -0.37362
v 0.18264 0.84416 -0.33275
v 0.20855 0.86609 -0.31716
v 0.20815 0.83004 -0.29895
v 0.1978 0.83673 -0.32011
v 0.22543 0.89132 -0.29361
v 0.20209 0.89861 -0.32219
v 0.21604 0.89427 -0.31128
v 0.22171 0.88575 -0.25337
v 0.22169 0.85672 -0.27354
v 0.22722 0.88688 -0.27308
v 0.20747 0.82398 -0.24926
v 0.21221 0.82466 -0.2734
v 0.11365 0.8696 -0.28724
v 0.14019 0.8935 -0.30485
v 0.14489 0.85895 -0.32317
v 0.12723 0.86509 -0.30699
v 0.17041 0.91557 -0.31454
v 0.14128 0.92125 -0.28396
v 0.15401 0.91918 -0.30092
v 0.17602 0.88052 -0.3295
v 0.18665 0.90721 -0.32245
v 0.16418 0.85177 -0.33276
v 0.12592 0.86272 -0.22204
v 0.12624 0.89679 -0.23276
v 0.10628 0.87162 -0.24806
v 0.11267 0.86866 -0.23245
v 0.13671 0.92653 -0.24913
v 0.15282 0.91465 -0.22657
v 0.14182 0.92181 -0.23542
v 0.12026 0.90001 -0.26616
v 0.13602 0.92502 -0.26601
v 0.10664 0.87185 -0.26696
v 0.20172 0.86323 -0.23458
v 0.1693 0.84265 -0.22228
v 0.19146 0.83138 -0.23233
v 0.19173 0.90228 -0.22821
v 0.20923 0.89273 -0.23817
v 0.15872 0.88235 -0.22015
v 0.1712 0.90887 -0.22425
v 0.14612 0.85358 -0.21875
v 0.18364 -0.45549 0.53438
v 0.20511 -0.46184 0.4755
v 0.22837 -0.44618 0.42098
v 0.21326 -0.4503 0.47854
v 0.10298 -0.46572 0.63297
v 0.14256 -0.46667 0.57469
v 0.14379 -0.46224 0.58791
v 0.13203 -0.48117 0.55678
v 0.17086 -0.47463 0.52179
v 0.10955 -0.47206 0.59549
v 0.14085 -0.47346 0.56332
v 0.20666 -0.47251 0.41863
v 0.17688 -0.48852 0.46999
v 0.19498 -0.47463 0.47243
v 0.044 -0.45393 0.68206
v 0.07559 -0.46539 0.63902
v 0.07051 -0.46108 0.66339
v 0 -0.44861 0.69461
v 0.02383 -0.46053 0.66417
v 0.0211 -0.44987 0.6919
v 0.03291 -0.48309 0.60497
v 0.05494 -0.47109 0.62964
v 0 -0.4708 0.63854
v 0.02763 -0.47088 0.63657
v 0.09178 -0.47903 0.5915
v 0.08158 -0.47137 0.61677
v 0.06574 -0.44011 0.11973
v 0.03176 -0.44535 0.13428
v 0 -0.44149 0.09417
v 0.03233 -0.44061 0.10074
v 0.13801 -0.44389 0.19228
v 0.09652 -0.44483 0.17566
v 0.10132 -0.44217 0.15039
v 0.09813 -0.45728 0.23068
v 0.06361 -0.45003 0.18216
v 0.1241 -0.45072 0.22868
v 0.09422 -0.4495 0.20112
v 0 -0.45174 0.16665
v 0.03437 -0.4613 0.21123
v 0.03205 -0.45108 0.17059
v 0.20566 -0.44092 0.30331
v 0.16354 -0.44768 0.25596
v 0.17478 -0.44241 0.24495
v 0.2131 -0.45443 0.36305
v 0.22468 -0.44262 0.36228
v 0.17834 -0.48112 0.36405
v 0.17954 -0.46083 0.31166
v 0.19939 -0.4673 0.36377
v 0.13839 -0.46258 0.27147
v 0.15349 -0.4549 0.26608
v 0 -0.50135 0.56626
v 0.04729 -0.5153 0.51927
v 0.07742 -0.49456 0.56248
v 0.04004 -0.49933 0.56527
v 0.05522 -0.52932 0.41564
v 0.10237 -0.51683 0.4686
v 0 -0.53078 0.469
v 0.05293 -0.52673 0.4688
v 0.12906 -0.49717 0.51702
v 0.15178 -0.50387 0.41667
v 0.14485 -0.50334 0.46886
v 0.10948 -0.48835 0.55808
v 0 -0.52277 0.36118
v 0.04664 -0.50043 0.30843
v 0.10173 -0.50907 0.36255
v 0.05243 -0.5188 0.36163
v 0.0779 -0.47493 0.26188
v 0 -0.48152 0.25623
v 0.03993 -0.47951 0.25774
v 0.12954 -0.48295 0.31286
v 0.11195 -0.46927 0.26826
v 0.14474 -0.49578 0.3635
v 0.16267 -0.02975 0.9476
v 0.1379 -0.02983 0.96106
v 0.13904 -0.04516 0.96366
v 0.16463 -0.05045 0.95118
v 0.15001 -0.03816 0.95703
v 0.10933 -0.03044 0.97429
v 0.12246 -0.03791 0.96996
v 0.13097 -0.01355 0.95685
v 0.12417 -0.02739 0.96626
v 0.13371 -0.06425 0.96542
v 0.10985 -0.05168 0.97628
v 0.12524 -0.04878 0.96962
v 0.17278 -0.08127 0.94765
v 0.21392 -0.07802 0.92284
v 0.18873 -0.04347 0.93576
v 0.1859 -0.06475 0.94049
v 0.11976 -0.09111 0.96807
v 0.16388 -0.12099 0.94927
v 0.14907 -0.0886 0.95754
v 0.20987 -0.16157 0.92524
v 0.133 -0.16112 0.95696
v 0.17075 -0.16059 0.94386
v 0.24743 -0.12519 0.89875
v 0.2493 -0.16701 0.89865
v 0.24752 -0.05166 0.89182
v 0.24877 -0.08725 0.89612
v 0.20664 -0.01686 0.91318
v 0.16595 -0.00373 0.93418
v 0.18156 -0.02189 0.9332
v 0.2256 0.01651 0.87835
v 0.23786 -0.01691 0.88689
v 0.18851 0.05558 0.88186
v 0.21654 0.04813 0.86325
v 0.12871 0.07768 0.9026
v 0.15504 0.03422 0.91836
v 0.15917 0.06642 0.89409
v 0.1167 0.0146 0.9481
v 0.14345 0.00728 0.94008
v 0.02724 0.00175 0.98537
v 0.05911 0.02739 0.96148
v 0.03141 0.06262 0.94455
v 0 0.03125 0.96748
v 0.02961 0.03041 0.96578
v 0.09394 0.05322 0.93429
v 0.0803 -0.0054 0.97496
v 0.08836 0.02172 0.95541
v 0.06528 0.09255 0.91594
v 0.09734 0.08638 0.91004
v 0 0.09745 0.92131
v 0.03275 0.09624 0.91985
v 0.0641 -0.15863 0.97404
v 0.03139 -0.12189 0.98399
v 0 -0.15632 0.97955
v 0.03175 -0.15709 0.9782
v 0.09565 -0.12371 0.97208
v 0.09765 -0.16023 0.96698
v 0.081 -0.07338 0.98286
v 0.05977 -0.09423 0.98419
v 0.08987 -0.09318 0.97711
v 0 -0.09303 0.99048
v 0.02738 -0.07608 0.99372
v 0.02984 -0.0937 0.98879
v 0.0956 -0.0477 0.98597
v 0.07893 -0.06284 0.99496
v 0.08645 -0.06402 0.98579
v 0.0941 -0.05654 0.98502
v 0.08611 -0.03064 0.98915
v 0.07884 -0.04883 1.00064
v 0.09388 -0.03857 0.98683
v 0.0525 -0.06621 1.0231
v 0.06663 -0.06441 1.00864
v 0.05984 -0.05362 1.01768
v 0.06526 -0.05825 1.01251
v 0.0599 -0.07534 1.00401
v 0.05253 -0.07754 1.01483
v 0.06529 -0.07005 1.00523
v 0.04762 -0.0224 1.0006
v 0.05826 -0.0404 1.0119
v 0.06947 -0.02539 0.9945
v 0 -0.0211 1.00705
v 0.0209 -0.03968 1.02317
v 0.0242 -0.02123 1.00515
v 0.01525 -0.06768 1.04602
v 0.03448 -0.05343 1.03232
v 0 -0.05555 1.03946
v 0.01778 -0.05477 1.03745
v 0.04266 -0.06276 1.03251
v 0.04904 -0.05253 1.02501
v 0.04779 -0.07183 0.99557
v 0.02095 -0.07797 1.00716
v 0 -0.07249 1.00177
v 0.02428 -0.0726 0.99989
v 0.05839 -0.07358 0.99823
v 0.06976 -0.06904 0.99009
v 0.0427 -0.08548 1.01505
v 0.03454 -0.08453 1.01121
v 0.04911 -0.08042 1.00671
v 0 -0.08766 1.01738
v 0.01527 -0.0941 1.02438
v 0.01781 -0.0869 1.01538
v 0.02714 -0.07633 1.04139
v 0.03949 -0.07963 1.02906
v 0.03993 -0.07206 1.03309
v 0 -0.08093 1.049
v 0.01323 -0.08893 1.04223
v 0.01373 -0.07957 1.04692
v 0.02716 -0.09053 1.02914
v 0 -0.09562 1.03609
v 0.01374 -0.09428 1.03402
v 0.03996 -0.08465 1.02277
v -0.3413 -0.37594 0.36623
v -0.31782 -0.39242 0.30549
v -0.28964 -0.41198 0.36304
v -0.31312 -0.40468 0.4243
v -0.31729 -0.3973 0.36445
v -0.3125 -0.42258 0.20841
v -0.27485 -0.41875 0.25266
v -0.35028 -0.36445 0.24478
v -0.3166 -0.39642 0.2502
v -0.19482 -0.4374 0.23936
v -0.25154 -0.42244 0.30233
v -0.2099 -0.45762 0.20232
v -0.23121 -0.43097 0.24549
v -0.26163 -0.42722 0.4227
v -0.23935 -0.43199 0.36184
v -0.26233 -0.42266 0.36214
v -0.27503 -0.42195 0.48207
v -0.29136 -0.41338 0.53682
v -0.32816 -0.3877 0.48308
v -0.30343 -0.40822 0.48226
v -0.2254 -0.44019 0.48087
v -0.22299 -0.43942 0.53835
v -0.2475 -0.43167 0.48183
v -0.16401 -0.48303 0.63141
v -0.23656 -0.44423 0.58448
v -0.15612 -0.45853 0.59579
v -0.19114 -0.45386 0.59112
v -0.31511 -0.39768 0.59215
v -0.26979 -0.45549 0.624
v -0.28009 -0.42561 0.58644
v -0.33952 -0.25718 -0.08028
v -0.28353 -0.19808 -0.11242
v -0.23546 -0.26979 -0.12322
v -0.30087 -0.33581 -0.11045
v -0.29291 -0.2602 -0.11031
v -0.26898 -0.1039 -0.11295
v -0.22405 -0.1635 -0.14202
v -0.3185 -0.14006 -0.0747
v -0.27485 -0.14686 -0.11417
v -0.12311 -0.20639 -0.17005
v -0.17311 -0.23048 -0.14263
v -0.17201 -0.14155 -0.17
v -0.17162 -0.185 -0.16004
v -0.17638 -0.34915 -0.10631
v -0.11948 -0.29578 -0.11387
v -0.17453 -0.28288 -0.12153
v -0.27328 0.04207 -0.04385
v -0.23246 0.00608 -0.10682
v -0.26988 -0.03189 -0.09288
v -0.30781 -0.00319 -0.03171
v -0.27234 0.00331 -0.0724
v -0.14891 0.00579 -0.16536
v -0.18288 -0.04571 -0.15747
v -0.19905 0.06237 -0.10599
v -0.19066 0.00742 -0.13724
v -0.2228 -0.07885 -0.14151
v -0.13196 -0.11114 -0.18861
v -0.17622 -0.09524 -0.16877
v -0.30826 -0.06315 -0.06191
v -0.26804 -0.0666 -0.10612
v -0.26887 -0.39635 0.90975
v -0.21414 -0.33468 0.9199
v -0.2631 -0.28922 0.90058
v -0.30851 -0.34009 0.8754
v -0.26699 -0.33692 0.90429
v -0.1049 -0.32849 0.92278
v -0.1648 -0.28421 0.93026
v -0.14973 -0.3934 0.92034
v -0.15673 -0.33264 0.92413
v -0.172 -0.20264 0.93974
v -0.21522 -0.24473 0.9206
v -0.12666 -0.24041 0.94502
v -0.16995 -0.24236 0.93534
v -0.2939 -0.25264 0.86714
v -0.25326 -0.20921 0.89788
v -0.2582 -0.2483 0.89848
v -0.37599 -0.34081 -0.03373
v -0.3809 -0.27724 0.03267
v -0.35846 -0.20011 -0.02672
v -0.3679 -0.26385 -0.03063
v -0.3756 -0.31115 0.17594
v -0.38225 -0.23754 0.10528
v -0.37918 -0.36409 0.10234
v -0.3814 -0.29439 0.10366
v -0.37903 -0.14984 0.11276
v -0.3696 -0.16629 0.04061
v -0.38518 -0.21471 0.17802
v -0.38088 -0.19005 0.10853
v -0.34263 -0.10626 -0.01566
v -0.34944 -0.14808 -0.02179
v -0.3514 -0.35433 0.42781
v -0.36796 -0.30765 0.37043
v -0.36373 -0.33382 0.30667
v -0.35769 -0.34528 0.36828
v -0.37619 -0.22098 0.37441
v -0.38008 -0.25264 0.30995
v -0.36655 -0.27381 0.43294
v -0.37363 -0.26543 0.37253
v -0.37953 -0.27861 0.24368
v -0.3864 -0.19437 0.24708
v -0.38443 -0.23565 0.24514
v -0.3697 -0.32336 0.24308
v -0.35914 -0.04544 0.38452
v -0.37622 -0.08342 0.31903
v -0.37538 -0.13256 0.37767
v -0.36353 -0.09232 0.44087
v -0.36975 -0.08879 0.38033
v -0.38007 -0.06416 0.19514
v -0.38599 -0.1154 0.25217
v -0.36933 -0.03375 0.26518
v -0.38048 -0.07546 0.25721
v -0.38363 -0.16756 0.31321
v -0.38643 -0.13731 0.18376
v -0.38744 -0.15466 0.24911
v -0.37015 -0.18262 0.43704
v -0.37715 -0.17666 0.37591
v -0.33849 -0.04438 0.00236
v -0.35796 -0.03175 0.07317
v -0.33101 0.01717 0.03897
v -0.33637 -0.01572 0.01752
v -0.36302 -0.09191 0.05247
v -0.33977 -0.07313 -0.00816
v -0.37698 -0.08213 0.12363
v -0.37843 -0.11485 0.11733
v -0.36302 -0.01173 0.14708
v -0.37255 -0.04874 0.13308
v -0.32473 -0.29766 0.82767
v -0.34091 -0.3506 0.77666
v -0.33684 -0.40362 0.83555
v -0.3319 -0.3449 0.83135
v -0.31172 -0.21924 0.82279
v -0.33155 -0.2621 0.77429
v -0.31733 -0.25731 0.82474
v -0.34461 -0.27127 0.66125
v -0.34068 -0.30878 0.71745
v -0.33869 -0.2268 0.72009
v -0.33962 -0.26683 0.7188
v -0.33593 -0.41481 0.71601
v -0.33472 -0.3603 0.65418
v -0.33926 -0.35643 0.71587
v -0.3043 -0.05664 0.81894
v -0.32815 -0.09828 0.77445
v -0.30975 -0.13756 0.82164
v -0.28298 -0.09321 0.86163
v -0.30906 -0.09669 0.82069
v -0.34986 -0.09807 0.6707
v -0.34226 -0.14194 0.72292
v -0.3351 -0.05545 0.72479
v -0.34137 -0.09855 0.72407
v -0.32806 -0.18247 0.77391
v -0.34889 -0.18654 0.66665
v -0.34047 -0.18493 0.72153
v -0.28425 -0.17381 0.86421
v -0.30991 -0.17887 0.82205
v -0.3642 -0.14012 0.49835
v -0.3576 -0.09643 0.55865
v -0.35089 -0.05076 0.50291
v -0.36 -0.0948 0.50037
v -0.36305 -0.23213 0.4942
v -0.36009 -0.18761 0.55434
v -0.36478 -0.18611 0.49643
v -0.35669 -0.14249 0.61338
v -0.35206 -0.23206 0.60814
v -0.35511 -0.18759 0.61099
v -0.34723 -0.05313 0.61751
v -0.35474 -0.09744 0.61549
v -0.33881 -0.35838 0.54123
v -0.35481 -0.32011 0.48808
v -0.34469 -0.35758 0.48519
v -0.34484 -0.31771 0.60076
v -0.33502 -0.36012 0.59676
v -0.35475 -0.27767 0.54824
v -0.34958 -0.27523 0.60465
v -0.36033 -0.27754 0.49125
v -0.27002 0.1838 0.15141
v -0.25054 0.21993 0.20011
v -0.22988 0.24754 0.15783
v -0.2531 0.20344 0.11808
v -0.2511 0.21767 0.15894
v -0.24767 0.20122 0.28539
v -0.22434 0.24856 0.24901
v -0.27384 0.17297 0.23056
v -0.24933 0.21376 0.24224
v -0.16612 0.2964 0.25568
v -0.20103 0.27979 0.20461
v -0.19325 0.26493 0.29897
v -0.19717 0.27642 0.25284
v -0.20844 0.25502 0.09975
v -0.17394 0.29579 0.1518
v -0.20474 0.27412 0.15329
v -0.23893 0.1371 0.47295
v -0.21248 0.17896 0.42964
v -0.24364 0.16611 0.37536
v -0.26905 0.11569 0.41545
v -0.24135 0.14938 0.423
v -0.14939 0.22264 0.43984
v -0.18553 0.2245 0.38908
v -0.1788 0.18772 0.48375
v -0.18198 0.20363 0.43529
v -0.21834 0.21848 0.33781
v -0.1575 0.26654 0.3487
v -0.18933 0.24628 0.34402
v -0.27281 0.14513 0.31906
v -0.24576 0.18436 0.32963
v -0.21201 0.07558 0.8412
v -0.18863 0.11231 0.82155
v -0.2177 0.11212 0.77553
v -0.23586 0.07658 0.80562
v -0.21332 0.09652 0.81185
v -0.13257 0.13816 0.83799
v -0.16397 0.1484 0.78971
v -0.16 0.0988 0.86537
v -0.16169 0.12627 0.8303
v -0.16914 0.17485 0.69519
v -0.19501 0.14623 0.7382
v -0.13644 0.17962 0.75039
v -0.16654 0.16474 0.7444
v -0.24911 0.09614 0.72821
v -0.22681 0.13029 0.6845
v -0.22237 0.12354 0.73255
v -0.2644 0.10197 0.5204
v -0.23369 0.13149 0.57949
v -0.20704 0.15853 0.53078
v -0.23643 0.13218 0.52563
v -0.2016 0.15717 0.63791
v -0.25857 0.10232 0.62849
v -0.23053 0.1319 0.63296
v -0.13986 0.19542 0.64757
v -0.17374 0.17896 0.58918
v -0.17147 0.17828 0.64292
v -0.14354 0.19875 0.5398
v -0.17611 0.18081 0.53558
v -0.33784 -0.00655 0.44855
v -0.32093 0.03899 0.39864
v -0.34742 0.00319 0.3336
v -0.34242 -0.00261 0.39087
v -0.29874 0.08942 0.35545
v -0.29323 0.0711 0.46041
v -0.29602 0.07866 0.40708
v -0.30121 0.11503 0.25778
v -0.32743 0.05669 0.29107
v -0.3007 0.10201 0.30564
v -0.35121 0.02042 0.22142
v -0.35097 0.01087 0.27703
v -0.30899 -0.01584 0.77268
v -0.30029 0.02662 0.72505
v -0.32812 -0.01123 0.67361
v -0.32074 -0.01338 0.7249
v -0.26851 -0.01842 0.85448
v -0.27489 0.01832 0.81226
v -0.2919 -0.01779 0.81614
v -0.26734 0.05736 0.76983
v -0.24017 0.04575 0.83835
v -0.25629 0.05014 0.80725
v -0.28186 0.06745 0.67711
v -0.27575 0.06348 0.72593
v -0.23942 0.10219 -0.03511
v -0.21304 0.17002 -0.00953
v -0.18175 0.1353 -0.08485
v -0.20757 0.11733 -0.06162
v -0.29829 0.07298 0.02718
v -0.26528 0.13337 0.03536
v -0.27054 0.08746 -0.00641
v -0.23652 0.19578 0.06091
v -0.27659 0.15557 0.0981
v -0.25865 0.17368 0.07687
v -0.19029 0.23705 0.02589
v -0.21227 0.21812 0.04487
v -0.28887 0.06785 0.57056
v -0.31111 0.03049 0.62202
v -0.28602 0.06826 0.62491
v -0.31518 0.03114 0.51057
v -0.29106 0.06815 0.51531
v -0.3341 -0.00961 0.56363
v -0.33554 -0.00864 0.50638
v -0.3321 -0.01023 0.61962
v -0.32442 0.07911 0.18974
v -0.33595 0.04473 0.11549
v -0.34628 0.03186 0.16704
v -0.2954 0.13744 0.16911
v -0.29957 0.12712 0.21199
v -0.30519 0.10309 0.10041
v -0.28829 0.14521 0.13
v -0.32003 0.05859 0.06834
v -0.17731 0.20482 -0.05102
v -0.16703 0.18223 -0.1228
v -0.14903 0.11925 -0.15277
v -0.16873 0.15852 -0.10373
v -0.15967 0.28527 0.04528
v -0.16743 0.25901 -0.02411
v -0.17501 0.24896 0.00116
v -0.17918 0.2905 -0.06097
v -0.17716 0.23811 -0.09338
v -0.14972 0.3008 -0.0047
v -0.16856 0.27236 -0.04471
v -0.16006 0.16823 -0.19584
v -0.19492 0.22136 -0.17301
v -0.17523 0.20168 -0.14661
v -0.21819 0.28199 -0.13355
v -0.26422 0.27429 -0.22821
v -0.2331 0.21084 -0.2673
v -0.22773 0.24574 -0.19984
v -0.17326 0.34169 -0.02384
v -0.22552 0.34476 -0.0845
v -0.20007 0.31491 -0.07322
v -0.26722 0.41741 -0.11644
v -0.27622 0.34481 -0.17678
v -0.21453 0.40777 -0.03171
v -0.24981 0.3792 -0.09789
v -0.30664 0.26864 -0.33817
v -0.31464 0.34364 -0.29252
v -0.29498 0.30647 -0.25925
v -0.2798 0.20712 -0.36698
v -0.24025 0.15911 -0.38765
v -0.19267 0.15983 -0.3086
v -0.23873 0.18198 -0.33117
v -0.33079 0.26947 -0.44549
v -0.3074 0.20821 -0.46356
v -0.31171 0.2358 -0.40642
v -0.25941 0.1698 -0.54272
v -0.26571 0.16034 -0.46921
v -0.30579 0.21856 -0.54744
v -0.2909 0.18613 -0.50914
v -0.19545 0.1285 -0.40737
v -0.21346 0.12942 -0.46511
v -0.23331 0.14216 -0.43292
v -0.32954 0.34526 -0.41096
v -0.32101 0.35265 -0.51142
v -0.32675 0.28003 -0.53593
v -0.33335 0.30954 -0.48019
v -0.25598 0.42955 -0.56362
v -0.28928 0.35879 -0.58492
v -0.29524 0.43676 -0.48419
v -0.2954 0.39544 -0.54007
v -0.24665 0.31283 -0.64034
v -0.29646 0.29579 -0.60247
v -0.24055 0.35766 -0.62796
v -0.27431 0.33103 -0.61749
v -0.27252 0.23958 -0.60954
v -0.30729 0.25671 -0.57883
v -0.28891 -0.66628 -0.0832
v -0.23367 -0.71838 -0.03947
v -0.28831 -0.71953 0.0292
v -0.33505 -0.66747 -0.02619
v -0.28852 -0.70493 -0.03299
v -0.13655 -0.67511 -0.028
v -0.1728 -0.72359 0.02472
v -0.18744 -0.6697 -0.08188
v -0.17963 -0.70823 -0.03503
v -0.18277 -0.68731 0.13577
v -0.22744 -0.72474 0.09339
v -0.13663 -0.68612 0.07876
v -0.17619 -0.71615 0.08579
v -0.32704 -0.67407 0.08728
v -0.27615 -0.67948 0.14116
v -0.28116 -0.7107 0.09108
v -0.28822 -0.67944 0.83838
v -0.24864 -0.72452 0.7909
v -0.1989 -0.72333 0.85193
v -0.2461 -0.6782 0.88951
v -0.24683 -0.71191 0.84543
v -0.24088 -0.68868 0.69163
v -0.19841 -0.72853 0.73459
v -0.28359 -0.68451 0.73879
v -0.24443 -0.71648 0.73636
v -0.11586 -0.69348 0.74811
v -0.14866 -0.72735 0.79563
v -0.15798 -0.69471 0.69699
v -0.15305 -0.72055 0.7414
v -0.15574 -0.68 0.89212
v -0.11303 -0.68417 0.84496
v -0.15183 -0.71393 0.84915
v -0.30391 -0.49807 0.66896
v -0.32282 -0.56595 0.7262
v -0.34249 -0.48342 0.78141
v -0.33124 -0.48898 0.71984
v -0.31973 -0.63345 0.78643
v -0.28283 -0.63256 0.69101
v -0.30833 -0.63273 0.73396
v -0.2942 -0.61897 0.88447
v -0.33133 -0.55666 0.84224
v -0.31564 -0.62567 0.8395
v -0.31354 -0.47458 0.88789
v -0.33752 -0.47842 0.84005
v -0.09692 -0.47878 0.8975
v -0.07747 -0.57017 0.85133
v -0.06546 -0.51588 0.79543
v -0.06347 -0.43177 0.8519
v -0.07072 -0.49632 0.85239
v -0.08404 -0.64607 0.79712
v -0.11281 -0.62409 0.88899
v -0.08991 -0.63452 0.84727
v -0.11906 -0.64768 0.70201
v -0.08327 -0.59114 0.74009
v -0.09435 -0.64825 0.74606
v -0.06996 -0.47422 0.73529
v -0.10668 -0.53464 0.68287
v -0.07737 -0.52846 0.73506
v -0.20829 -0.52835 0.63722
v -0.25237 -0.58183 0.65283
v -0.26065 -0.51362 0.6424
v -0.15335 -0.59564 0.66033
v -0.15365 -0.53498 0.65049
v -0.20034 -0.65136 0.66048
v -0.15644 -0.65098 0.6729
v -0.24465 -0.64199 0.66651
v -0.20939 -0.47177 0.92831
v -0.14954 -0.55443 0.92281
v -0.1478 -0.47224 0.92229
v -0.26287 -0.5523 0.92011
v -0.26773 -0.47246 0.91708
v -0.20344 -0.62817 0.92307
v -0.25355 -0.62294 0.91266
v -0.15358 -0.62526 0.91472
v -0.38744 -0.44032 0.02967
v -0.36954 -0.53842 0.09612
v -0.34856 -0.46405 0.15872
v -0.37644 -0.45013 0.09996
v -0.35445 -0.42785 -0.08781
v -0.37845 -0.52531 -0.03562
v -0.38096 -0.4325 -0.03618
v -0.36824 -0.61498 0.03063
v -0.34074 -0.5979 -0.07982
v -0.36409 -0.60561 -0.02968
v -0.32556 -0.61542 0.13959
v -0.35479 -0.61485 0.09043
v -0.12704 -0.4481 -0.07358
v -0.1827 -0.52785 -0.10994
v -0.24352 -0.43064 -0.12106
v -0.17914 -0.43625 -0.10653
v -0.24192 -0.60986 -0.11736
v -0.14132 -0.60722 -0.07304
v -0.18697 -0.60762 -0.10429
v -0.30444 -0.52129 -0.11761
v -0.2966 -0.60297 -0.10913
v -0.30529 -0.42754 -0.11546
v -0.25113 -0.50274 0.19709
v -0.18854 -0.57739 0.17493
v -0.14811 -0.51256 0.14993
v -0.19618 -0.51177 0.18355
v -0.29378 -0.55957 0.18106
v -0.30436 -0.48422 0.18996
v -0.23306 -0.63823 0.17554
v -0.28237 -0.62688 0.16798
v -0.14524 -0.63518 0.13052
v -0.18547 -0.63848 0.16225
v -0.09537 -0.40561 -0.02148
v -0.09979 -0.49247 0.03527
v -0.10571 -0.5489 -0.02684
v -0.10211 -0.46994 -0.02393
v -0.11329 -0.57327 0.0911
v -0.11252 -0.45192 0.09357
v -0.11556 -0.5064 0.09686
v -0.10675 -0.63311 0.02756
v -0.11799 -0.63584 0.0828
v -0.11455 -0.61964 -0.02674
v -0.30866 0.43336 -0.3683
v -0.28535 0.52085 -0.36155
v -0.27118 0.52576 -0.46008
v -0.29139 0.47851 -0.41853
v -0.29851 0.42752 -0.23628
v -0.3178 0.38717 -0.32759
v -0.23533 0.48553 -0.06476
v -0.27121 0.49807 -0.16798
v -0.27204 0.45855 -0.14322
v -0.27787 0.55689 -0.19096
v -0.28258 0.53588 -0.25968
v -0.24701 0.54474 -0.11411
v -0.27166 0.53143 -0.18045
v -0.267 0.60193 -0.38819
v -0.27805 0.60076 -0.32011
v -0.27864 0.56398 -0.33172
v -0.25236 0.68217 -0.15033
v -0.32645 0.64531 -0.1385
v -0.26768 0.61028 -0.12955
v -0.19263 0.64758 -0.12577
v -0.25812 0.64545 -0.13607
v -0.43035 0.65828 -0.15438
v -0.38032 0.61857 -0.15241
v -0.38868 0.68041 -0.14489
v -0.38479 0.64791 -0.1437
v -0.35448 0.58921 -0.20256
v -0.32435 0.58771 -0.15672
v -0.40158 0.61272 -0.19176
v -0.36784 0.59747 -0.17194
v -0.23908 0.57896 -0.112
v -0.28947 0.56907 -0.16247
v -0.27936 0.58321 -0.13702
v -0.31836 0.58467 -0.23009
v -0.29444 0.59185 -0.26604
v -0.29432 0.57273 -0.20987
v -0.38059 0.61458 -0.24554
v -0.34397 0.62007 -0.28689
v -0.34736 0.59842 -0.24457
v -0.34508 0.68133 -0.33316
v -0.31261 0.63867 -0.31912
v -0.37588 0.66251 -0.31082
v -0.34177 0.64911 -0.31848
v -0.28588 0.66205 -0.34909
v -0.29037 0.62411 -0.31779
v -0.41957 0.65871 -0.26189
v -0.4442 0.71139 -0.26326
v -0.39374 0.70676 -0.3123
v -0.41296 0.68594 -0.29113
v -0.44729 0.65596 -0.1968
v -0.4173 0.63371 -0.22526
v -0.4474 0.70239 -0.15815
v -0.47155 0.70858 -0.19918
v -0.46034 0.68145 -0.17325
v -0.43241 0.74645 -0.2583
v -0.45259 0.74444 -0.20682
v -0.46079 0.73083 -0.23106
v -0.04674 0.32528 0.13674
v -0.09255 0.32014 0.1707
v -0.04624 0.32016 0.22134
v -0.0469 0.32371 0.17766
v -0.13294 0.31206 0.21049
v -0.1353 0.30832 0.1126
v -0.13572 0.31099 0.15984
v -0.12563 0.29656 0.30683
v -0.08865 0.3124 0.26343
v -0.12948 0.30757 0.25952
v -0.04349 0.30185 0.31193
v -0.04502 0.31332 0.26652
v -0.03778 0.23206 0.49519
v -0.07353 0.22129 0.54571
v -0.03645 0.2252 0.60148
v -0.03699 0.22653 0.54726
v -0.10765 0.21009 0.59708
v -0.11132 0.21911 0.49139
v -0.1092 0.21214 0.5432
v -0.10538 0.20392 0.70476
v -0.07172 0.21826 0.65442
v -0.10646 0.20874 0.65145
v -0.03578 0.21868 0.71025
v -0.03608 0.22396 0.65632
v -0.07036 0.19999 0.75926
v -0.03503 0.18494 0.80962
v -0.03545 0.20523 0.76174
v -0.10286 0.17231 0.80235
v -0.1042 0.19141 0.75541
v -0.09948 0.11871 0.88074
v -0.06843 0.15476 0.84949
v -0.1013 0.14771 0.84448
v -0.03374 0.12912 0.88985
v -0.03448 0.15913 0.85272
v -0.03254 -0.43334 0.06845
v -0.06199 -0.41945 0.05164
v -0.029 -0.40134 0.00261
v -0.03121 -0.42004 0.03584
v -0.08044 -0.40758 0.02501
v -0.10198 -0.43742 0.11887
v -0.09187 -0.42651 0.07469
v -0.07814 -0.3434 -0.06803
v -0.0525 -0.37449 -0.02687
v -0.07713 -0.37877 -0.02298
v -0.02459 -0.35025 -0.06699
v -0.02657 -0.37787 -0.03156
v -0.01735 -0.3409 0.89135
v -0.03252 -0.37795 0.85122
v -0.01621 -0.39686 0.80847
v -0.01611 -0.37073 0.85232
v -0.04737 -0.42308 0.79982
v -0.0577 -0.36047 0.89382
v -0.04952 -0.3953 0.85129
v -0.06415 -0.45469 0.69654
v -0.03523 -0.42631 0.7572
v -0.05434 -0.44245 0.74512
v -0.01906 -0.43673 0.72387
v -0.01731 -0.41896 0.76419
v -0.08278 0.28322 0.35484
v -0.04034 0.26458 0.4009
v -0.04189 0.28441 0.35634
v -0.11779 0.25622 0.39731
v -0.12165 0.27806 0.3523
v -0.07724 0.24254 0.4455
v -0.11427 0.23519 0.44321
v -0.03894 0.24594 0.44679
v -0.04487 0.35104 0.03689
v -0.08478 0.33113 0.03926
v -0.04416 0.32912 0.06931
v -0.04363 0.33653 0.04754
v -0.12258 0.31143 0.04368
v -0.12557 0.33518 0.01101
v -0.12097 0.31981 0.02257
v -0.08917 0.32058 0.09065
v -0.12914 0.30803 0.07379
v -0.04551 0.32623 0.09983
v -0.06323 0.49669 0.05229
v -0.1165 0.44226 0.03993
v -0.05411 0.40816 0.04837
v -0.05937 0.44895 0.05512
v -0.15344 0.39128 0.01214
v -0.18104 0.47004 0.00485
v -0.16916 0.42866 0.01261
v -0.09543 0.37018 0.02983
v -0.13765 0.35956 0.00957
v -0.04882 0.37522 0.03973
v -0.06928 0.50558 -0.56204
v -0.13014 0.568 -0.52876
v -0.06265 0.64019 -0.50605
v -0.06647 0.57022 -0.53353
v -0.23205 0.56522 -0.50192
v -0.17403 0.63238 -0.49522
v -0.19919 0.49892 -0.54567
v -0.18817 0.56407 -0.51907
v -0.15053 0.74404 -0.44196
v -0.1132 0.70173 -0.47451
v -0.1999 0.6855 -0.4625
v -0.16161 0.69417 -0.46958
v -0.05368 0.76237 -0.44766
v -0.05824 0.70705 -0.47797
v -0.0727 0.34096 -0.6648
v -0.13828 0.37568 -0.64542
v -0.07118 0.41328 -0.62329
v -0.07165 0.37682 -0.64842
v -0.19987 0.40475 -0.61294
v -0.19363 0.3395 -0.65287
v -0.1949 0.37092 -0.63794
v -0.13882 0.45292 -0.58905
v -0.2022 0.44661 -0.57957
v -0.07062 0.45473 -0.59323
v -0.03064 -0.19573 0.97028
v -0.05712 -0.23592 0.95662
v -0.02405 -0.27183 0.94326
v -0.02779 -0.23425 0.95914
v -0.08028 -0.27776 0.93951
v -0.09568 -0.19945 0.96068
v -0.08956 -0.23812 0.95202
v -0.04255 -0.31146 0.92105
v -0.0688 -0.31992 0.92167
v -0.02028 -0.30766 0.92117
v -0.04955 -0.31196 -0.10582
v -0.02384 -0.2831 -0.13984
v -0.02371 -0.31913 -0.104
v -0.08162 -0.26419 -0.14449
v -0.07964 -0.30482 -0.10887
v -0.08781 -0.17651 -0.19394
v -0.0521 -0.23408 -0.17368
v -0.08406 -0.22268 -0.17385
v -0.0267 -0.19072 -0.19711
v -0.02487 -0.24077 -0.17179
v -0.05998 -0.12839 -0.20947
v -0.03219 -0.06916 -0.22273
v -0.02924 -0.13156 -0.21306
v -0.10109 -0.06207 -0.20036
v -0.09372 -0.12188 -0.20175
v -0.11567 0.05511 -0.18788
v -0.07139 -0.00682 -0.21557
v -0.10922 -0.00037 -0.19288
v -0.0382 0.042 -0.23553
v -0.03527 -0.00935 -0.22919
v -0.08037 0.08446 -0.22527
v -0.04289 0.10339 -0.25798
v -0.04069 0.07904 -0.24481
v -0.12092 0.12485 -0.20936
v -0.11803 0.09621 -0.19393
v -0.13848 0.1486 -0.26507
v -0.08843 0.12573 -0.25853
v -0.12896 0.14292 -0.23249
v -0.04702 0.12044 -0.29963
v -0.04495 0.11665 -0.27594
v -0.098 0.12488 -0.31998
v -0.05189 0.10885 -0.36575
v -0.04924 0.11638 -0.32996
v -0.15091 0.12632 -0.35627
v -0.14578 0.14008 -0.30886
v -0.16045 0.11292 -0.44108
v -0.10754 0.10703 -0.40186
v -0.1539 0.11628 -0.3997
v -0.05959 0.10102 -0.44903
v -0.05525 0.10227 -0.40584
v -0.12555 0.11228 -0.4902
v -0.071 0.12671 -0.53864
v -0.06519 0.10952 -0.49414
v -0.19494 0.13481 -0.52335
v -0.17626 0.11919 -0.48236
v -0.2193 0.19139 -0.60019
v -0.1475 0.15385 -0.57533
v -0.21013 0.15949 -0.56385
v -0.07907 0.18299 -0.6156
v -0.07597 0.15155 -0.57998
v -0.15404 0.22256 -0.63894
v -0.07754 0.26021 -0.661
v -0.07925 0.21999 -0.64297
v -0.21377 0.26767 -0.6478
v -0.21995 0.22865 -0.62869
v -0.14438 0.30253 -0.66521
v -0.20246 0.30485 -0.65601
v -0.07501 0.30131 -0.66864
v -0.06069 0.60785 0.00104
v -0.12671 0.53734 0.01115
v -0.06431 0.55046 0.03218
v -0.04035 0.7183 -0.0719
v -0.09875 0.65679 -0.06245
v -0.05043 0.66644 -0.03487
v -0.17117 0.6058 -0.07643
v -0.1261 0.69557 -0.12707
v -0.14282 0.65093 -0.09699
v -0.19164 0.55023 -0.04775
v -0.2097 0.56997 -0.08079
v -0.18531 0.51374 -0.01724
v -0.25851 0.6022 -0.4452
v -0.23761 0.63047 -0.46987
v -0.25322 0.57827 -0.47478
v -0.24653 0.67248 -0.39795
v -0.24094 0.66222 -0.43894
v -0.25477 0.63598 -0.4207
v -0.2129 0.71491 -0.42844
v -0.2245 0.67679 -0.45258
v -0.21422 0.91667 -0.24605
v -0.20101 0.94334 -0.25145
v -0.21544 0.93868 -0.27942
v -0.22644 0.91272 -0.26973
v -0.21696 0.93183 -0.26117
v -0.15986 0.93969 -0.23965
v -0.17745 0.95365 -0.2604
v -0.1798 0.93095 -0.23207
v -0.18078 0.94641 -0.24463
v -0.16591 0.9393 -0.29274
v -0.19188 0.94899 -0.28838
v -0.1537 0.94325 -0.26905
v -0.17311 0.95103 -0.27783
v -0.21686 0.91894 -0.30396
v -0.19692 0.92768 -0.31155
v -0.20763 0.93773 -0.29671
v -0.21 0.76188 -0.26836
v -0.19908 0.77337 -0.28141
v -0.19144 0.77473 -0.31202
v -0.20781 0.75987 -0.30299
v -0.20173 0.76713 -0.28955
v -0.20323 0.79747 -0.27393
v -0.19239 0.78909 -0.30184
v -0.20217 0.77548 -0.252
v -0.19922 0.78193 -0.2764
v -0.16582 0.80442 -0.33529
v -0.17822 0.78837 -0.32558
v -0.18742 0.81174 -0.32153
v -0.18107 0.79667 -0.32284
v -0.18096 0.7796 -0.34144
v -0.16174 0.79314 -0.34276
v -0.17836 0.78373 -0.33126
v -0.19252 0.77794 -0.22776
v -0.1685 0.78145 -0.21054
v -0.15141 0.80165 -0.21548
v -0.18134 0.80432 -0.22861
v -0.17427 0.78916 -0.22057
v -0.15364 0.77254 -0.19138
v -0.13743 0.78918 -0.20042
v -0.18618 0.76688 -0.20474
v -0.16229 0.77674 -0.20086
v -0.0963 0.81256 -0.21585
v -0.12229 0.80531 -0.21139
v -0.10307 0.80026 -0.19801
v -0.11477 0.80182 -0.20559
v -0.13533 0.82857 -0.21789
v -0.10834 0.82292 -0.22107
v -0.12826 0.81336 -0.21546
v -0.14333 0.80463 -0.33725
v -0.11916 0.8098 -0.33135
v -0.13845 0.80168 -0.35069
v -0.14084 0.802 -0.342
v -0.15371 0.82697 -0.33402
v -0.1277 0.81921 -0.3252
v -0.14719 0.8121 -0.33506
v -0.09616 0.82967 -0.28884
v -0.10501 0.81788 -0.31016
v -0.11661 0.84025 -0.30805
v -0.10985 0.82523 -0.30878
v -0.09346 0.81755 -0.31885
v -0.086 0.82046 -0.2913
v -0.10018 0.81604 -0.31318
v -0.08405 0.82464 -0.26886
v -0.07809 0.82258 -0.24893
v -0.07102 0.82434 -0.27068
v -0.0787 0.8228 -0.26951
v -0.09598 0.84703 -0.2679
v -0.08881 0.83189 -0.24922
v -0.08913 0.832 -0.26843
v -0.08995 0.82158 -0.23211
v -0.10203 0.84389 -0.23299
v -0.0952 0.82898 -0.23288
v -0.07517 0.81988 -0.22853
v -0.08402 0.81932 -0.23067
v -0.2319 0.75422 -0.26947
v -0.22607 0.75999 -0.24086
v -0.20808 0.76441 -0.24179
v -0.21697 0.75995 -0.25296
v -0.2651 0.76085 -0.22019
v -0.22344 0.76045 -0.21769
v -0.26414 0.76082 -0.24392
v -0.24071 0.76064 -0.22958
v -0.20189 0.76557 -0.22074
v -0.21576 0.75767 -0.20046
v -0.20591 0.76199 -0.20988
v -0.20185 0.77005 -0.23411
v -0.23487 0.7428 -0.30629
v -0.27786 0.7275 -0.31952
v -0.27899 0.75126 -0.27924
v -0.25622 0.74479 -0.29318
v -0.31799 0.70805 -0.33358
v -0.25824 0.69355 -0.35688
v -0.28473 0.69822 -0.34391
v -0.37536 0.73815 -0.30116
v -0.3582 0.71252 -0.32475
v -0.40269 0.75864 -0.2362
v -0.34397 0.75662 -0.26972
v -0.39076 0.7537 -0.27032
v -0.31117 0.76368 -0.23617
v -0.30016 0.75923 -0.25911
v -0.27738 0.75325 -0.19713
v -0.24865 0.73777 -0.18066
v -0.18353 0.75471 -0.18893
v -0.23327 0.75098 -0.19142
v -0.35262 0.7568 -0.20857
v -0.30346 0.75959 -0.21378
v -0.409 0.73617 -0.17431
v -0.40943 0.75242 -0.20278
v -0.32984 0.71293 -0.15927
v -0.39942 0.71099 -0.15506
v -0.17878 0.71813 -0.16643
v -0.25211 0.71389 -0.16608
v -0.10674 0.78208 -0.17897
v -0.06027 0.79743 -0.1778
v -0.0705 0.81175 -0.20581
v -0.08455 0.79802 -0.18858
v -0.12835 0.75368 -0.16956
v -0.14054 0.76636 -0.18194
v -0.07717 0.74413 -0.12858
v -0.1224 0.72995 -0.15127
v -0.03596 0.78175 -0.13792
v -0.03725 0.75549 -0.10638
v -0.02587 0.81446 -0.19275
v -0.0313 0.80082 -0.16616
v -0.0438 0.8181 -0.37741
v -0.06476 0.82401 -0.33702
v -0.02698 0.83276 -0.30696
v -0.03522 0.82872 -0.34139
v -0.09686 0.78938 -0.41177
v -0.04941 0.79768 -0.41349
v -0.17651 0.76052 -0.41065
v -0.13415 0.79463 -0.38492
v -0.14037 0.77657 -0.41221
v -0.10545 0.81232 -0.35213
v -0.16395 0.78761 -0.36637
v -0.13486 0.80111 -0.3647
v -0.06737 0.8251 -0.29945
v -0.08291 0.82025 -0.32815
v -0.02096 0.83068 -0.24672
v -0.04313 0.82238 -0.2225
v -0.02228 0.82438 -0.21934
v -0.04271 0.83041 -0.27463
v -0.02238 0.83344 -0.27566
v -0.05711 0.82586 -0.24803
v -0.05898 0.82712 -0.27268
v -0.06115 0.82089 -0.22568
v -0.22089 0.7235 -0.39026
v -0.19233 0.76124 -0.37858
v -0.20182 0.74249 -0.40298
v -0.22915 0.73046 -0.34862
v -0.23833 0.70459 -0.37362
v -0.2025 0.75901 -0.34224
v -0.21796 0.74827 -0.32388
v -0.1855 0.77285 -0.35764
v -0.20815 0.83004 -0.29895
v -0.20855 0.86609 -0.31716
v -0.18264 0.84416 -0.33275
v -0.1978 0.83673 -0.32011
v -0.20747 0.82398 -0.24926
v -0.22169 0.85672 -0.27354
v -0.21221 0.82466 -0.2734
v -0.22543 0.89132 -0.29361
v -0.22171 0.88575 -0.25337
v -0.22722 0.88688 -0.27308
v -0.20209 0.89861 -0.32219
v -0.21604 0.89427 -0.31128
v -0.14489 0.85895 -0.32317
v -0.14019 0.8935 -0.30485
v -0.11365 0.8696 -0.28724
v -0.12723 0.86509 -0.30699
v -0.17602 0.88052 -0.3295
v -0.16418 0.85177 -0.33276
v -0.17041 0.91557 -0.31454
v -0.18665 0.90721 -0.32245
v -0.14128 0.92125 -0.28396
v -0.15401 0.91918 -0.30092
v -0.10628 0.87162 -0.24806
v -0.12624 0.89679 -0.23276
v -0.12592 0.86272 -0.22204
v -0.11267 0.86866 -0.23245
v -0.12026 0.90001 -0.26616
v -0.10664 0.87185 -0.26696
v -0.13671 0.92653 -0.24913
v -0.13602 0.92502 -0.26601
v -0.15282 0.91465 -0.22657
v -0.14182 0.92181 -0.23542
v -0.1693 0.84265 -0.22228
v -0.20172 0.86323 -0.23458
v -0.19146 0.83138 -0.23233
v -0.15872 0.88235 -0.22015
v -0.14612 0.85358 -0.21875
v -0.19173 0.90228 -0.22821
v -0.1712 0.90887 -0.22425
v -0.20923 0.89273 -0.23817
v -0.22837 -0.44618 0.42098
v -0.20511 -0.46184 0.4755
v -0.18364 -0.45549 0.53438
v -0.21326 -0.4503 0.47854
v -0.17688 -0.48852 0.46999
v -0.17086 -0.47463 0.52179
v -0.20666 -0.47251 0.41863
v -0.19498 -0.47463 0.47243
v -0.10955 -0.47206 0.59549
v -0.14256 -0.46667 0.57469
v -0.13203 -0.48117 0.55678
v -0.14085 -0.47346 0.56332
v -0.10298 -0.46572 0.63297
v -0.14379 -0.46224 0.58791
v -0.07559 -0.46539 0.63902
v -0.044 -0.45393 0.68206
v -0.07051 -0.46108 0.66339
v -0.09178 -0.47903 0.5915
v -0.05494 -0.47109 0.62964
v -0.08158 -0.47137 0.61677
v -0.02383 -0.46053 0.66417
v -0.03291 -0.48309 0.60497
v -0.02763 -0.47088 0.63657
v -0.0211 -0.44987 0.6919
v -0.03176 -0.44535 0.13428
v -0.06574 -0.44011 0.11973
v -0.03233 -0.44061 0.10074
v -0.03437 -0.4613 0.21123
v -0.06361 -0.45003 0.18216
v -0.03205 -0.45108 0.17059
v -0.1241 -0.45072 0.22868
v -0.09652 -0.44483 0.17566
v -0.09813 -0.45728 0.23068
v -0.09422 -0.4495 0.20112
v -0.13801 -0.44389 0.19228
v -0.10132 -0.44217 0.15039
v -0.16354 -0.44768 0.25596
v -0.20566 -0.44092 0.30331
v -0.17478 -0.44241 0.24495
v -0.13839 -0.46258 0.27147
v -0.17954 -0.46083 0.31166
v -0.15349 -0.4549 0.26608
v -0.2131 -0.45443 0.36305
v -0.17834 -0.48112 0.36405
v -0.19939 -0.4673 0.36377
v -0.22468 -0.44262 0.36228
v -0.07742 -0.49456 0.56248
v -0.04729 -0.5153 0.51927
v -0.04004 -0.49933 0.56527
v -0.12906 -0.49717 0.51702
v -0.10948 -0.48835 0.55808
v -0.15178 -0.50387 0.41667
v -0.10237 -0.51683 0.4686
v -0.14485 -0.50334 0.46886
v -0.05522 -0.52932 0.41564
v -0.05293 -0.52673 0.4688
v -0.10173 -0.50907 0.36255
v -0.04664 -0.50043 0.30843
v -0.05243 -0.5188 0.36163
v -0.12954 -0.48295 0.31286
v -0.14474 -0.49578 0.3635
v -0.0779 -0.47493 0.26188
v -0.11195 -0.46927 0.26826
v -0.03993 -0.47951 0.25774
v -0.16463 -0.05045 0.95118
v -0.13904 -0.04516 0.96366
v -0.1379 -0.02983 0.96106
v -0.16267 -0.02975 0.9476
v -0.15001 -0.03816 0.95703
v -0.10985 -0.05168 0.97628
v -0.12246 -0.03791 0.96996
v -0.13371 -0.06425 0.96542
v -0.12524 -0.04878 0.96962
v -0.13097 -0.01355 0.95685
v -0.10933 -0.03044 0.97429
v -0.12417 -0.02739 0.96626
v -0.18873 -0.04347 0.93576
v -0.21392 -0.07802 0.92284
v -0.17278 -0.08127 0.94765
v -0.1859 -0.06475 0.94049
v -0.24743 -0.12519 0.89875
v -0.24752 -0.05166 0.89182
v -0.24877 -0.08725 0.89612
v -0.20987 -0.16157 0.92524
v -0.2493 -0.16701 0.89865
v -0.133 -0.16112 0.95696
v -0.16388 -0.12099 0.94927
v -0.17075 -0.16059 0.94386
v -0.11976 -0.09111 0.96807
v -0.14907 -0.0886 0.95754
v -0.16595 -0.00373 0.93418
v -0.20664 -0.01686 0.91318
v -0.18156 -0.02189 0.9332
v -0.1167 0.0146 0.9481
v -0.15504 0.03422 0.91836
v -0.14345 0.00728 0.94008
v -0.18851 0.05558 0.88186
v -0.12871 0.07768 0.9026
v -0.15917 0.06642 0.89409
v -0.2256 0.01651 0.87835
v -0.21654 0.04813 0.86325
v -0.23786 -0.01691 0.88689
v -0.03141 0.06262 0.94455
v -0.05911 0.02739 0.96148
v -0.02724 0.00175 0.98537
v -0.02961 0.03041 0.96578
v -0.06528 0.09255 0.91594
v -0.03275 0.09624 0.91985
v -0.09394 0.05322 0.93429
v -0.09734 0.08638 0.91004
v -0.0803 -0.0054 0.97496
v -0.08836 0.02172 0.95541
v -0.03139 -0.12189 0.98399
v -0.0641 -0.15863 0.97404
v -0.03175 -0.15709 0.9782
v -0.02738 -0.07608 0.99372
v -0.05977 -0.09423 0.98419
v -0.02984 -0.0937 0.98879
v -0.09565 -0.12371 0.97208
v -0.081 -0.07338 0.98286
v -0.08987 -0.09318 0.97711
v -0.09765 -0.16023 0.96698
v -0.08645 -0.06402 0.98579
v -0.07893 -0.06284 0.99496
v -0.0956 -0.0477 0.98597
v -0.0941 -0.05654 0.98502
v -0.05253 -0.07754 1.01483
v -0.06663 -0.06441 1.00864
v -0.0599 -0.07534 1.00401
v -0.06529 -0.07005 1.00523
v -0.05984 -0.05362 1.01768
v -0.07884 -0.04883 1.00064
v -0.0525 -0.06621 1.0231
v -0.06526 -0.05825 1.01251
v -0.08611 -0.03064 0.98915
v -0.09388 -0.03857 0.98683
v -0.05826 -0.0404 1.0119
v -0.04762 -0.0224 1.0006
v -0.06947 -0.02539 0.9945
v -0.04266 -0.06276 1.03251
v -0.03448 -0.05343 1.03232
v -0.04904 -0.05253 1.02501
v -0.0209 -0.03968 1.02317
v -0.01525 -0.06768 1.04602
v -0.01778 -0.05477 1.03745
v -0.0242 -0.02123 1.00515
v -0.02095 -0.07797 1.00716
v -0.04779 -0.07183 0.99557
v -0.02428 -0.0726 0.99989
v -0.01527 -0.0941 1.02438
v -0.03454 -0.08453 1.01121
v -0.01781 -0.0869 1.01538
v -0.05839 -0.07358 0.99823
v -0.0427 -0.08548 1.01505
v -0.04911 -0.08042 1.00671
v -0.06976 -0.06904 0.99009
v -0.03949 -0.07963 1.02906
v -0.02714 -0.07633 1.04139
v -0.03993 -0.07206 1.03309
v -0.02716 -0.09053 1.02914
v -0.03996 -0.08465 1.02277
v -0.01323 -0.08893 1.04223
v -0.01374 -0.09428 1.03402
v -0.01373 -0.07957 1.04692
vt 0.80037 0.66746
vt 0.78958 0.66822
vt 0.79992 0.66393
vt 0.78906 0.6649
vt 0.81184 0.67085
vt 0.80103 0.67172
vt 0.81122 0.66638
vt 0.81035 0.65519
vt 0.81055 0.65868
vt 0.79944 0.65881
vt 0.79964 0.66118
vt 0.78865 0.66255
vt 0.82172 0.66049
vt 0.82147 0.656
vt 0.83262 0.65849
vt 0.83239 0.65322
vt 0.82125 0.65157
vt 0.82254 0.66985
vt 0.82204 0.66512
vt 0.83286 0.66376
vt 0.76839 0.66848
vt 0.77892 0.66852
vt 0.76943 0.67343
vt 0.77973 0.67304
vt 0.77816 0.66479
vt 0.74577 0.66187
vt 0.75653 0.66304
vt 0.74775 0.66779
vt 0.75803 0.6682
vt 0.75937 0.67361
vt 0.7535 0.65311
vt 0.76518 0.65622
vt 0.75502 0.65804
vt 0.76625 0.66004
vt 0.74379 0.65594
vt 0.77749 0.66186
vt 0.77686 0.65932
vt 0.86074 0.66105
vt 0.85437 0.65899
vt 0.86189 0.65561
vt 0.85471 0.65434
vt 0.85825 0.66562
vt 0.86356 0.66857
vt 0.86711 0.66342
vt 0.87005 0.65075
vt 0.86248 0.65002
vt 0.87042 0.64472
vt 0.86259 0.64461
vt 0.85505 0.64968
vt 0.88313 0.6625
vt 0.87622 0.65943
vt 0.88599 0.65509
vt 0.8779 0.6523
vt 0.87889 0.64553
vt 0.8692 0.67235
vt 0.87346 0.66641
vt 0.87945 0.66978
vt 0.88931 0.67774
vt 0.89312 0.68394
vt 0.8814 0.68286
vt 0.88428 0.68803
vt 0.89614 0.69256
vt 0.90593 0.68979
vt 0.9018 0.67959
vt 0.88999 0.66653
vt 0.88474 0.67328
vt 0.87827 0.67915
vt 0.9026 0.66597
vt 0.89431 0.65954
vt 0.90813 0.65955
vt 0.89794 0.65261
vt 0.91661 0.68611
vt 0.9106 0.6747
vt 0.91859 0.66844
vt 0.71343 0.67889
vt 0.71823 0.67387
vt 0.71997 0.68226
vt 0.72313 0.67758
vt 0.72023 0.66389
vt 0.72259 0.66948
vt 0.71409 0.66888
vt 0.69085 0.68917
vt 0.69988 0.681
vt 0.70109 0.69303
vt 0.70776 0.6852
vt 0.71617 0.68819
vt 0.69727 0.66267
vt 0.70211 0.66895
vt 0.68665 0.66835
vt 0.69289 0.67536
vt 0.6822 0.68317
vt 0.71025 0.6634
vt 0.71786 0.65829
vt 0.70679 0.65777
vt 0.85837 0.67236
vt 0.85361 0.66861
vt 0.84356 0.66634
vt 0.84879 0.66499
vt 0.84757 0.67061
vt 0.85523 0.67912
vt 0.86299 0.67636
vt 0.85834 0.68302
vt 0.8671 0.68021
vt 0.83442 0.67827
vt 0.84348 0.67676
vt 0.83643 0.68313
vt 0.84626 0.68128
vt 0.84891 0.68568
vt 0.84086 0.67222
vt 0.83832 0.66768
vt 0.83296 0.67354
vt 0.8127 0.67571
vt 0.80192 0.67668
vt 0.79116 0.67756
vt 0.79227 0.68339
vt 0.80307 0.68226
vt 0.82446 0.67969
vt 0.82331 0.67468
vt 0.81537 0.68672
vt 0.82608 0.68496
vt 0.81711 0.6927
vt 0.82798 0.69038
vt 0.79352 0.68983
vt 0.80446 0.68839
vt 0.80612 0.69492
vt 0.79886 0.71184
vt 0.81019 0.70898
vt 0.80105 0.72017
vt 0.81255 0.71681
vt 0.82367 0.71286
vt 0.82634 0.72115
vt 0.81509 0.72533
vt 0.81908 0.69891
vt 0.80803 0.70173
vt 0.79686 0.70411
vt 0.82996 0.69587
vt 0.84067 0.6928
vt 0.83209 0.70182
vt 0.84272 0.69813
vt 0.83443 0.70862
vt 0.83711 0.71657
vt 0.84494 0.70433
vt 0.86747 0.70366
vt 0.86533 0.69618
vt 0.87709 0.6993
vt 0.87501 0.69211
vt 0.87283 0.6871
vt 0.85321 0.69449
vt 0.85527 0.70022
vt 0.85761 0.70761
vt 0.85116 0.68986
vt 0.86114 0.68683
vt 0.87029 0.68346
vt 0.73734 0.6744
vt 0.73616 0.67969
vt 0.73115 0.67474
vt 0.72927 0.67924
vt 0.7272 0.68424
vt 0.74305 0.68574
vt 0.74335 0.67978
vt 0.75179 0.68578
vt 0.75128 0.67963
vt 0.74353 0.67406
vt 0.73204 0.69859
vt 0.73352 0.69151
vt 0.74194 0.69927
vt 0.74254 0.69218
vt 0.75193 0.69236
vt 0.72474 0.69024
vt 0.72203 0.69733
vt 0.71671 0.71483
vt 0.71509 0.72481
vt 0.70262 0.71413
vt 0.70054 0.72441
vt 0.72819 0.72527
vt 0.72728 0.73588
vt 0.71395 0.73551
vt 0.73057 0.70657
vt 0.71919 0.70559
vt 0.70688 0.70428
vt 0.7409 0.71599
vt 0.7414 0.70722
vt 0.75229 0.71622
vt 0.75209 0.70751
vt 0.74045 0.72553
vt 0.74009 0.7359
vt 0.75243 0.72553
vt 0.78913 0.72262
vt 0.79099 0.73187
vt 0.77694 0.72426
vt 0.7783 0.73389
vt 0.7873 0.71392
vt 0.76386 0.71596
vt 0.76465 0.72517
vt 0.76544 0.7351
vt 0.77315 0.69899
vt 0.77429 0.70683
vt 0.76239 0.69947
vt 0.76309 0.70739
vt 0.78558 0.70577
vt 0.78402 0.69812
vt 0.78158 0.68428
vt 0.78061 0.67831
vt 0.77033 0.6789
vt 0.77211 0.6917
vt 0.78271 0.69092
vt 0.76121 0.6855
vt 0.76182 0.69219
vt 0.76041 0.67934
vt 0.89973 0.75347
vt 0.89309 0.748
vt 0.90511 0.74342
vt 0.89776 0.73995
vt 0.88778 0.74121
vt 0.88073 0.74581
vt 0.88616 0.75421
vt 0.90472 0.77547
vt 0.89865 0.76808
vt 0.91432 0.76562
vt 0.9072 0.75885
vt 0.91371 0.74723
vt 0.87798 0.78167
vt 0.87258 0.77276
vt 0.88893 0.7755
vt 0.88318 0.76758
vt 0.89453 0.78376
vt 0.87223 0.75011
vt 0.87749 0.75931
vt 0.86739 0.7637
vt 0.84378 0.77173
vt 0.83028 0.7756
vt 0.83971 0.76143
vt 0.82684 0.76516
vt 0.83386 0.78609
vt 0.81581 0.77961
vt 0.81864 0.79046
vt 0.86093 0.77752
vt 0.85615 0.7678
vt 0.8516 0.75772
vt 0.85223 0.79207
vt 0.86574 0.78713
vt 0.85641 0.80255
vt 0.8705 0.79695
vt 0.83749 0.7967
vt 0.82165 0.80135
vt 0.84122 0.80764
vt 0.72436 0.78093
vt 0.7219 0.79133
vt 0.71213 0.77893
vt 0.70843 0.78763
vt 0.68899 0.78834
vt 0.69692 0.78135
vt 0.7032 0.79634
vt 0.73495 0.80418
vt 0.73682 0.79316
vt 0.75184 0.80437
vt 0.75261 0.79313
vt 0.73828 0.78204
vt 0.73284 0.8154
vt 0.73061 0.82723
vt 0.71507 0.81216
vt 0.71134 0.8236
vt 0.75101 0.8161
vt 0.68169 0.7977
vt 0.69796 0.80626
vt 0.69259 0.81757
vt 0.80267 0.79505
vt 0.80052 0.78398
vt 0.79845 0.77309
vt 0.7834 0.77685
vt 0.7847 0.78808
vt 0.78869 0.82286
vt 0.78732 0.81094
vt 0.80716 0.81805
vt 0.80486 0.80634
vt 0.76895 0.80275
vt 0.76927 0.81441
vt 0.76963 0.82649
vt 0.76826 0.77989
vt 0.76865 0.79128
vt 0.82932 0.73038
vt 0.81778 0.73463
vt 0.80792 0.74835
vt 0.80562 0.73847
vt 0.82063 0.74451
vt 0.84373 0.73628
vt 0.84024 0.72596
vt 0.85415 0.73218
vt 0.8506 0.72152
vt 0.84749 0.74704
vt 0.83603 0.75092
vt 0.85805 0.74318
vt 0.82364 0.75474
vt 0.81042 0.75855
vt 0.73959 0.75882
vt 0.73986 0.74713
vt 0.75313 0.75837
vt 0.75289 0.74682
vt 0.72668 0.74706
vt 0.73913 0.77052
vt 0.72556 0.77006
vt 0.75326 0.7701
vt 0.69786 0.75858
vt 0.71237 0.7583
vt 0.70037 0.76912
vt 0.71278 0.76906
vt 0.71291 0.74689
vt 0.698 0.74708
vt 0.92964 0.69959
vt 0.92844 0.71665
vt 0.91893 0.70057
vt 0.91876 0.71658
vt 0.90838 0.70243
vt 0.91729 0.73264
vt 0.90809 0.73082
vt 0.92684 0.73371
vt 0.89958 0.71713
vt 0.89965 0.72935
vt 0.89047 0.71851
vt 0.89179 0.72933
vt 0.89836 0.70425
vt 0.88873 0.70646
vt 0.76698 0.75706
vt 0.76768 0.76845
vt 0.78217 0.76579
vt 0.77962 0.74412
vt 0.76623 0.74583
vt 0.79466 0.75185
vt 0.79283 0.74165
vt 0.79651 0.76236
vt 0.87002 0.71318
vt 0.86049 0.71722
vt 0.86387 0.72812
vt 0.88178 0.72096
vt 0.87936 0.70951
vt 0.8765 0.73565
vt 0.8843 0.73186
vt 0.86774 0.7394
vt 0.94288 0.68505
vt 0.95337 0.68771
vt 0.9401 0.70044
vt 0.95015 0.70206
vt 0.93817 0.71674
vt 0.96875 0.70463
vt 0.96464 0.71756
vt 0.9596 0.70341
vt 0.95614 0.7172
vt 0.96313 0.6898
vt 0.95315 0.73083
vt 0.95146 0.74318
vt 0.94524 0.73152
vt 0.94429 0.74498
vt 0.96053 0.73048
vt 0.93632 0.73291
vt 0.93571 0.74791
vt 0.16878 0.18693
vt 0.15319 0.1864
vt 0.16936 0.17311
vt 0.15372 0.17254
vt 0.13751 0.174
vt 0.15489 0.15836
vt 0.13943 0.16089
vt 0.13588 0.2002
vt 0.15392 0.19963
vt 0.13741 0.21328
vt 0.15632 0.21257
vt 0.16977 0.19967
vt 0.11577 0.20091
vt 0.09463 0.20168
vt 0.11798 0.18832
vt 0.09926 0.18978
vt 0.11549 0.21295
vt 0.12082 0.17584
vt 0.12398 0.16343
vt 0.1039 0.17787
vt 0.1977 0.18287
vt 0.18432 0.17739
vt 0.20429 0.17432
vt 0.19118 0.16686
vt 0.18276 0.18936
vt 0.21805 0.19671
vt 0.20667 0.19526
vt 0.21875 0.18924
vt 0.20861 0.18706
vt 0.21384 0.17998
vt 0.19532 0.2024
vt 0.20657 0.20383
vt 0.19722 0.21203
vt 0.20788 0.21233
vt 0.21785 0.20454
vt 0.18332 0.20081
vt 0.18562 0.21174
vt 0.20018 0.22119
vt 0.18929 0.22219
vt 0.1765 0.22356
vt 0.18307 0.23522
vt 0.19481 0.2321
vt 0.2227 0.22579
vt 0.21353 0.22746
vt 0.22024 0.21943
vt 0.21016 0.22033
vt 0.21905 0.24232
vt 0.21079 0.23673
vt 0.22444 0.23767
vt 0.21811 0.23337
vt 0.2257 0.23123
vt 0.1927 0.24665
vt 0.20267 0.24145
vt 0.21291 0.2489
vt 0.14755 0.94276
vt 0.13896 0.93748
vt 0.15442 0.93604
vt 0.145 0.9309
vt 0.13199 0.94302
vt 0.12281 0.93676
vt 0.13064 0.93122
vt 0.14896 0.95295
vt 0.15564 0.9473
vt 0.15715 0.95579
vt 0.16422 0.95017
vt 0.16296 0.94108
vt 0.12555 0.95652
vt 0.1334 0.95321
vt 0.13466 0.9604
vt 0.14168 0.95717
vt 0.14902 0.96008
vt 0.11538 0.94244
vt 0.12489 0.94797
vt 0.11663 0.95152
vt 0.87158 0.94264
vt 0.8786 0.94673
vt 0.86416 0.94821
vt 0.87206 0.95214
vt 0.88619 0.94211
vt 0.88548 0.95155
vt 0.89365 0.94685
vt 0.8726 0.93414
vt 0.86513 0.93905
vt 0.86567 0.93151
vt 0.85802 0.93669
vt 0.85728 0.94434
vt 0.89514 0.93014
vt 0.88721 0.93361
vt 0.88736 0.92674
vt 0.88034 0.9302
vt 0.87394 0.92733
vt 0.90158 0.94201
vt 0.89392 0.93783
vt 0.90232 0.93436
vt 0.93778 0.96943
vt 0.92474 0.96313
vt 0.96342 0.95381
vt 0.94277 0.951
vt 0.92964 0.93897
vt 0.95098 0.93921
vt 0.92459 0.94817
vt 0.89761 0.96473
vt 0.90464 0.97433
vt 0.88098 0.96876
vt 0.88322 0.98067
vt 0.91214 0.98504
vt 0.90244 0.95181
vt 0.89152 0.95734
vt 0.87954 0.96023
vt 0.91133 0.94532
vt 0.91542 0.93855
vt 0.8378 0.92799
vt 0.8198 0.9402
vt 0.8262 0.92735
vt 0.80061 0.94349
vt 0.81161 0.95203
vt 0.83169 0.94681
vt 0.8367 0.93757
vt 0.85788 0.91673
vt 0.87928 0.91035
vt 0.86361 0.92149
vt 0.88027 0.91773
vt 0.8518 0.91121
vt 0.8577 0.92973
vt 0.86867 0.92473
vt 0.88072 0.92224
vt 0.84504 0.94326
vt 0.84899 0.9363
vt 0.92448 0.93063
vt 0.94165 0.92903
vt 0.96114 0.92742
vt 0.93322 0.91663
vt 0.9225 0.92029
vt 0.9035 0.92686
vt 0.91194 0.93218
vt 0.8971 0.91889
vt 0.89271 0.92325
vt 0.90531 0.90585
vt 0.90126 0.9128
vt 0.82093 0.96217
vt 0.83681 0.95512
vt 0.84005 0.97084
vt 0.80289 0.96989
vt 0.83076 0.98015
vt 0.85664 0.95468
vt 0.84838 0.94944
vt 0.86412 0.96733
vt 0.86747 0.95881
vt 0.86125 0.97826
vt 0.85863 0.9904
vt 0.19184 0.93853
vt 0.18483 0.92867
vt 0.21402 0.93282
vt 0.20252 0.92083
vt 0.19062 0.89911
vt 0.22272 0.91231
vt 0.18013 0.90973
vt 0.16196 0.9284
vt 0.17217 0.93515
vt 0.1772 0.94263
vt 0.13386 0.91018
vt 0.15264 0.91273
vt 0.13592 0.92058
vt 0.14933 0.92284
vt 0.15565 0.89997
vt 0.15852 0.88591
vt 0.131 0.89605
vt 0.07272 0.90595
vt 0.08726 0.91458
vt 0.04587 0.92256
vt 0.06887 0.92786
vt 0.08917 0.93295
vt 0.06111 0.9409
vt 0.08504 0.94337
vt 0.11617 0.91432
vt 0.10809 0.90245
vt 0.09957 0.88933
vt 0.11248 0.9301
vt 0.12336 0.9237
vt 0.10407 0.93763
vt 0.10101 0.94549
vt 0.14175 0.96784
vt 0.15973 0.96459
vt 0.14161 0.97399
vt 0.16495 0.9682
vt 0.19845 0.9568
vt 0.17026 0.97245
vt 0.18661 0.9573
vt 0.16593 0.95731
vt 0.15473 0.96222
vt 0.14192 0.96439
vt 0.18755 0.94857
vt 0.17427 0.9504
vt 0.20585 0.94524
vt 0.22664 0.94116
vt 0.09189 0.95285
vt 0.07219 0.95227
vt 0.04978 0.95141
vt 0.08055 0.96364
vt 0.09374 0.96214
vt 0.11646 0.95901
vt 0.10617 0.95288
vt 0.12326 0.96618
vt 0.12877 0.96308
vt 0.11131 0.97586
vt 0.11738 0.97067
vt 0.16819 0.2577
vt 0.17985 0.25148
vt 0.18186 0.2707
vt 0.19145 0.26449
vt 0.16832 0.23852
vt 0.15799 0.27811
vt 0.13962 0.26474
vt 0.16178 0.26711
vt 0.14327 0.25417
vt 0.17677 0.27977
vt 0.12213 0.24267
vt 0.09967 0.23189
vt 0.12164 0.23359
vt 0.09644 0.22579
vt 0.12126 0.25137
vt 0.14164 0.22625
vt 0.11844 0.22376
vt 0.09322 0.21969
vt 0.1608 0.22554
vt 0.04192 0.53618
vt 0.04726 0.5235
vt 0.03327 0.53941
vt 0.03883 0.52275
vt 0.05478 0.5128
vt 0.06293 0.51702
vt 0.05506 0.52441
vt 0.04786 0.55418
vt 0.04769 0.54374
vt 0.03763 0.56169
vt 0.03805 0.54935
vt 0.02771 0.55606
vt 0.06626 0.53377
vt 0.0581 0.53248
vt 0.06322 0.54013
vt 0.05591 0.54034
vt 0.05583 0.5487
vt 0.06161 0.52563
vt 0.06792 0.52055
vt 0.06872 0.52758
vt 0.05095 0.58015
vt 0.04263 0.57189
vt 0.04429 0.58879
vt 0.03322 0.58075
vt 0.05134 0.56376
vt 0.07579 0.57756
vt 0.06557 0.57722
vt 0.07182 0.58844
vt 0.06051 0.58666
vt 0.05536 0.59683
vt 0.06371 0.56436
vt 0.07042 0.56925
vt 0.07007 0.55722
vt 0.07603 0.56218
vt 0.07895 0.57
vt 0.05864 0.55711
vt 0.06481 0.5509
vt 0.09042 0.54801
vt 0.08334 0.55541
vt 0.09572 0.55254
vt 0.08812 0.56036
vt 0.07679 0.54998
vt 0.09032 0.52689
vt 0.0878 0.53464
vt 0.09824 0.53011
vt 0.09531 0.53906
vt 0.10079 0.54228
vt 0.0746 0.53723
vt 0.07819 0.5307
vt 0.07984 0.52436
vt 0.07014 0.54412
vt 0.92517 0.81565
vt 0.92024 0.80505
vt 0.93478 0.80669
vt 0.92974 0.7965
vt 0.93322 0.7782
vt 0.93809 0.78856
vt 0.92476 0.7861
vt 0.90486 0.80305
vt 0.91017 0.81368
vt 0.89308 0.81099
vt 0.89869 0.82193
vt 0.91557 0.82461
vt 0.91026 0.78458
vt 0.89974 0.79301
vt 0.88811 0.80057
vt 0.9199 0.77525
vt 0.9289 0.76672
vt 0.81579 0.85592
vt 0.81934 0.86891
vt 0.79382 0.86206
vt 0.7958 0.87579
vt 0.83168 0.83698
vt 0.83616 0.84942
vt 0.81248 0.84303
vt 0.77059 0.85286
vt 0.77137 0.86751
vt 0.7486 0.85492
vt 0.74821 0.87051
vt 0.77226 0.88268
vt 0.79026 0.83547
vt 0.77004 0.83925
vt 0.7493 0.84101
vt 0.80965 0.83034
vt 0.82799 0.82463
vt 0.72412 0.8693
vt 0.72219 0.88512
vt 0.69961 0.86536
vt 0.69566 0.88068
vt 0.72614 0.85409
vt 0.68119 0.84469
vt 0.67521 0.86016
vt 0.6594 0.83649
vt 0.65138 0.85265
vt 0.66913 0.87624
vt 0.687 0.83043
vt 0.70747 0.83656
vt 0.66712 0.82192
vt 0.72833 0.84009
vt 0.84479 0.63019
vt 0.84472 0.63423
vt 0.84398 0.63055
vt 0.84248 0.63472
vt 0.83766 0.63943
vt 0.84042 0.63516
vt 0.84097 0.63888
vt 0.84872 0.63757
vt 0.84735 0.63366
vt 0.85408 0.63665
vt 0.85179 0.63278
vt 0.8456 0.62984
vt 0.84934 0.64162
vt 0.84958 0.64576
vt 0.84422 0.64238
vt 0.84377 0.64649
vt 0.85522 0.64076
vt 0.83947 0.64305
vt 0.83491 0.64369
vt 0.83796 0.64722
vt 0.72566 0.64308
vt 0.71964 0.64232
vt 0.72494 0.64025
vt 0.71996 0.63878
vt 0.71168 0.64154
vt 0.71166 0.64595
vt 0.71975 0.64574
vt 0.73836 0.6466
vt 0.73258 0.6462
vt 0.73663 0.64489
vt 0.73125 0.64396
vt 0.72992 0.64172
vt 0.72752 0.64863
vt 0.73391 0.64844
vt 0.72866 0.65135
vt 0.73523 0.65068
vt 0.74009 0.6483
vt 0.71296 0.64996
vt 0.7207 0.64894
vt 0.72207 0.65202
vt 0.88497 0.82932
vt 0.89019 0.84068
vt 0.86976 0.83619
vt 0.87442 0.8478
vt 0.8799 0.81814
vt 0.84922 0.8309
vt 0.85382 0.84286
vt 0.85865 0.85491
vt 0.86082 0.81343
vt 0.84507 0.8191
vt 0.87515 0.80732
vt 0.95352 0.7844
vt 0.95037 0.77565
vt 0.95809 0.77773
vt 0.9558 0.76983
vt 0.95954 0.75724
vt 0.9611 0.76415
vt 0.95368 0.76171
vt 0.94079 0.77184
vt 0.94472 0.78175
vt 0.94895 0.79107
vt 0.94531 0.75646
vt 0.9375 0.76072
vt 0.95798 0.75032
vt 0.95194 0.75315
vt 0.23799 0.7383
vt 0.26871 0.73723
vt 0.24163 0.76279
vt 0.26871 0.7617
vt 0.20047 0.71568
vt 0.23469 0.71154
vt 0.20703 0.74147
vt 0.22233 0.78815
vt 0.24552 0.78554
vt 0.23034 0.8101
vt 0.24952 0.80743
vt 0.26871 0.78436
vt 0.15995 0.7738
vt 0.18725 0.76936
vt 0.17596 0.79463
vt 0.19915 0.79126
vt 0.21116 0.81278
vt 0.16584 0.72393
vt 0.1756 0.7467
vt 0.14393 0.75298
vt 0.25334 0.28031
vt 0.26871 0.28076
vt 0.25346 0.29574
vt 0.26858 0.29625
vt 0.23832 0.26575
vt 0.25356 0.26677
vt 0.23817 0.27909
vt 0.23958 0.31028
vt 0.25386 0.31191
vt 0.24038 0.32535
vt 0.25433 0.32759
vt 0.26861 0.31252
vt 0.21323 0.29105
vt 0.22513 0.29264
vt 0.21454 0.30507
vt 0.22632 0.30783
vt 0.22713 0.32208
vt 0.22344 0.2772
vt 0.223 0.26341
vt 0.21012 0.27621
vt 0.26893 0.24159
vt 0.26877 0.24838
vt 0.25593 0.2415
vt 0.255 0.24811
vt 0.24368 0.24104
vt 0.25659 0.23557
vt 0.24497 0.23542
vt 0.23968 0.25526
vt 0.25416 0.25628
vt 0.2688 0.25654
vt 0.22559 0.25316
vt 0.2295 0.24562
vt 0.23307 0.24
vt 0.23516 0.23521
vt 0.67208 0.63979
vt 0.66845 0.62848
vt 0.68661 0.63992
vt 0.68396 0.63142
vt 0.66082 0.65444
vt 0.65558 0.64149
vt 0.67614 0.65051
vt 0.70024 0.64062
vt 0.70151 0.64667
vt 0.69947 0.63437
vt 0.69315 0.65571
vt 0.70378 0.65228
vt 0.68103 0.66005
vt 0.66725 0.66572
vt 0.86921 0.62985
vt 0.85951 0.63134
vt 0.86819 0.62551
vt 0.8573 0.6275
vt 0.8613 0.63536
vt 0.89111 0.63586
vt 0.8799 0.63422
vt 0.89156 0.62946
vt 0.87963 0.62885
vt 0.87908 0.62352
vt 0.87041 0.63919
vt 0.87961 0.63964
vt 0.88985 0.64172
vt 0.86226 0.63976
vt 0.92121 0.63759
vt 0.90583 0.63279
vt 0.92512 0.63041
vt 0.90754 0.62597
vt 0.9038 0.63951
vt 0.94257 0.65627
vt 0.93047 0.65082
vt 0.94971 0.64682
vt 0.93648 0.64261
vt 0.94269 0.63485
vt 0.91297 0.65222
vt 0.92486 0.65995
vt 0.93643 0.66713
vt 0.90114 0.64602
vt 0.966 0.65056
vt 0.95896 0.64923
vt 0.97064 0.63926
vt 0.96546 0.63927
vt 0.95279 0.65981
vt 0.96942 0.66398
vt 0.9726 0.65155
vt 0.97694 0.66547
vt 0.97898 0.65236
vt 0.97583 0.63925
vt 0.95728 0.67448
vt 0.96633 0.67669
vt 0.9749 0.67859
vt 0.94727 0.67163
vt 0.26977 0.15852
vt 0.25066 0.15977
vt 0.27003 0.14905
vt 0.24807 0.15083
vt 0.22031 0.14635
vt 0.24529 0.14161
vt 0.2267 0.15483
vt 0.24059 0.17884
vt 0.23724 0.17096
vt 0.25453 0.17634
vt 0.25289 0.16813
vt 0.26959 0.1669
vt 0.21644 0.16784
vt 0.2238 0.17476
vt 0.22835 0.18141
vt 0.20652 0.15976
vt 0.19532 0.15109
vt 0.25567 0.19325
vt 0.25535 0.1848
vt 0.26904 0.19248
vt 0.2692 0.18372
vt 0.24202 0.18678
vt 0.24297 0.21023
vt 0.24266 0.20275
vt 0.25592 0.20921
vt 0.25582 0.20145
vt 0.2691 0.20072
vt 0.22986 0.19633
vt 0.22994 0.20398
vt 0.23038 0.2114
vt 0.22985 0.1887
vt 0.25613 0.21635
vt 0.26901 0.21592
vt 0.25639 0.22303
vt 0.26887 0.22274
vt 0.24349 0.21724
vt 0.24495 0.22973
vt 0.25665 0.22943
vt 0.26897 0.2293
vt 0.23293 0.22464
vt 0.23464 0.23017
vt 0.23144 0.21833
vt 0.23187 0.68197
vt 0.1954 0.68783
vt 0.26871 0.68104
vt 0.26871 0.6498
vt 0.2313 0.65022
vt 0.15965 0.70168
vt 0.12426 0.71953
vt 0.1529 0.6815
vt 0.12059 0.70691
vt 0.163 0.63443
vt 0.14145 0.66493
vt 0.14205 0.61864
vt 0.12766 0.65015
vt 0.11693 0.69428
vt 0.21152 0.58043
vt 0.2037 0.61275
vt 0.18783 0.57074
vt 0.17859 0.60167
vt 0.15644 0.58713
vt 0.26871 0.61723
vt 0.23472 0.61689
vt 0.23913 0.58533
vt 0.19917 0.27764
vt 0.20344 0.29048
vt 0.19134 0.28216
vt 0.19594 0.29829
vt 0.2047 0.30253
vt 0.19475 0.30901
vt 0.2044 0.31402
vt 0.18739 0.29044
vt 0.18538 0.30188
vt 0.15841 0.41813
vt 0.15905 0.42251
vt 0.1517 0.41813
vt 0.15336 0.42251
vt 0.14877 0.4272
vt 0.14732 0.42225
vt 0.15433 0.42702
vt 0.16438 0.42693
vt 0.16446 0.42272
vt 0.16925 0.42687
vt 0.16973 0.42255
vt 0.16481 0.41855
vt 0.15962 0.43593
vt 0.15965 0.43144
vt 0.16369 0.43525
vt 0.1639 0.43112
vt 0.16807 0.43112
vt 0.15511 0.43158
vt 0.15027 0.43215
vt 0.1552 0.43615
vt 0.1379 0.39194
vt 0.13947 0.3895
vt 0.17063 0.39291
vt 0.17758 0.39068
vt 0.10852 0.39626
vt 0.10962 0.39217
vt 0.13603 0.39464
vt 0.18913 0.39809
vt 0.20139 0.3951
vt 0.20536 0.40409
vt 0.22139 0.40055
vt 0.21569 0.39186
vt 0.1594 0.39783
vt 0.18099 0.40058
vt 0.15625 0.40136
vt 0.17553 0.40322
vt 0.1956 0.40625
vt 0.13357 0.39789
vt 0.10618 0.40038
vt 0.13333 0.40158
vt 0.10578 0.41958
vt 0.11291 0.43169
vt 0.08575 0.42372
vt 0.09782 0.43541
vt 0.07925 0.41279
vt 0.04936 0.42004
vt 0.06047 0.42996
vt 0.11382 0.44554
vt 0.1307 0.45286
vt 0.10449 0.44939
vt 0.1272 0.45572
vt 0.12342 0.44215
vt 0.06207 0.44575
vt 0.09678 0.45397
vt 0.0425 0.4516
vt 0.08988 0.45892
vt 0.12693 0.45969
vt 0.01095 0.42757
vt 0.02928 0.43693
vt -0.00487 0.44427
vt 0.2185 0.42425
vt 0.21121 0.42463
vt 0.23615 0.40865
vt 0.22187 0.41125
vt 0.20939 0.41348
vt 0.19434 0.43667
vt 0.19777 0.43811
vt 0.18227 0.44669
vt 0.18375 0.44933
vt 0.20085 0.43985
vt 0.19021 0.4358
vt 0.18573 0.4351
vt 0.19797 0.42532
vt 0.19161 0.42569
vt 0.17982 0.44509
vt 0.20051 0.41498
vt 0.19357 0.4163
vt 0.16022 0.46085
vt 0.15919 0.45927
vt 0.17171 0.45815
vt 0.17132 0.45588
vt 0.17064 0.45374
vt 0.14455 0.45851
vt 0.14606 0.46099
vt 0.14874 0.46354
vt 0.15813 0.4557
vt 0.14535 0.45614
vt 0.15819 0.45277
vt 0.14746 0.45333
vt 0.16937 0.45187
vt 0.16792 0.44971
vt 0.08514 0.39891
vt 0.09223 0.39355
vt 0.09916 0.38872
vt 0.10026 0.38852
vt 0.08069 0.39572
vt 0.05203 0.41091
vt 0.07993 0.40492
vt 0.02236 0.41304
vt 0.04335 0.40785
vt -0.01494 0.42499
vt 0.01966 0.41774
vt 0.06997 0.3983
vt 0.09805 0.38892
vt 0.05965 0.40108
vt 0.11232 0.54547
vt 0.11223 0.56215
vt 0.12129 0.53331
vt 0.12435 0.55155
vt 0.09946 0.57254
vt 0.09692 0.58733
vt 0.11217 0.57856
vt 0.10678 0.52456
vt 0.10759 0.53844
vt 0.11042 0.51353
vt 0.11251 0.52826
vt 0.11823 0.51507
vt 0.09894 0.55513
vt 0.10428 0.54259
vt 0.1047 0.53063
vt 0.08828 0.57129
vt 0.08948 0.56478
vt 0.0854 0.58252
vt 0.08168 0.59609
vt 0.07531 0.48593
vt 0.06501 0.49265
vt 0.08503 0.49182
vt 0.07608 0.49936
vt 0.09301 0.48361
vt 0.10039 0.48802
vt 0.09456 0.49787
vt 0.06519 0.50555
vt 0.07377 0.51176
vt 0.0547 0.49938
vt 0.0901 0.51859
vt 0.07851 0.51804
vt 0.0994 0.52271
vt 0.10063 0.51478
vt 0.10778 0.49242
vt 0.10373 0.50425
vt 0.23946 0.50829
vt 0.23057 0.51762
vt 0.22896 0.50327
vt 0.21726 0.50778
vt 0.1884 0.49127
vt 0.20625 0.49622
vt 0.20066 0.50824
vt 0.2687 0.54075
vt 0.24393 0.53821
vt 0.2687 0.52638
vt 0.24849 0.52403
vt 0.25326 0.51249
vt 0.2151 0.55336
vt 0.2415 0.55888
vt 0.2687 0.5611
vt 0.1903 0.54574
vt 0.16629 0.53705
vt 0.18725 0.52453
vt 0.16175 0.51849
vt 0.17054 0.48631
vt 0.17996 0.50501
vt 0.15722 0.49992
vt 0.24946 0.36744
vt 0.25864 0.36717
vt 0.25577 0.37973
vt 0.26228 0.37965
vt 0.25583 0.35454
vt 0.26867 0.35488
vt 0.26873 0.36745
vt 0.23423 0.3595
vt 0.24211 0.36928
vt 0.22861 0.36391
vt 0.23567 0.3719
vt 0.24925 0.37981
vt 0.21516 0.33897
vt 0.22722 0.34478
vt 0.21428 0.34582
vt 0.22486 0.35124
vt 0.22155 0.35592
vt 0.24094 0.33924
vt 0.22771 0.33473
vt 0.21529 0.32954
vt 0.26867 0.3422
vt 0.25469 0.34157
vt 0.24477 0.4973
vt 0.25631 0.49975
vt 0.2687 0.50084
vt 0.2687 0.48634
vt 0.25807 0.48605
vt 0.226 0.49114
vt 0.22788 0.4811
vt 0.23495 0.49435
vt 0.23766 0.48306
vt 0.24924 0.47167
vt 0.2395 0.47143
vt 0.25018 0.45826
vt 0.24091 0.45965
vt 0.22977 0.47106
vt 0.25897 0.47164
vt 0.2687 0.47156
vt 0.25944 0.45688
vt 0.20342 0.33552
vt 0.20397 0.32519
vt 0.19342 0.32089
vt 0.18965 0.35786
vt 0.19091 0.34556
vt 0.20207 0.3529
vt 0.20277 0.34454
vt 0.18128 0.33134
vt 0.17925 0.34703
vt 0.17058 0.32965
vt 0.16769 0.34872
vt 0.17723 0.36283
vt 0.18333 0.3159
vt 0.17347 0.31057
vt 0.17135 0.40669
vt 0.18244 0.41117
vt 0.16826 0.41058
vt 0.17656 0.41444
vt 0.15584 0.40476
vt 0.15752 0.41353
vt 0.16608 0.41452
vt 0.17257 0.4171
vt 0.13572 0.41367
vt 0.14449 0.40981
vt 0.14254 0.41633
vt 0.14888 0.41394
vt 0.13814 0.40563
vt 0.12451 0.41007
vt 0.17425 0.44139
vt 0.17156 0.43876
vt 0.18126 0.43417
vt 0.17681 0.43308
vt 0.18604 0.42604
vt 0.17459 0.42668
vt 0.17239 0.43192
vt 0.16886 0.43638
vt 0.18064 0.41979
vt 0.17503 0.42144
vt 0.18688 0.418
vt 0.14986 0.44952
vt 0.14085 0.44611
vt 0.15219 0.44515
vt 0.14541 0.44193
vt 0.1586 0.44957
vt 0.15939 0.44068
vt 0.1541 0.44068
vt 0.14915 0.4386
vt 0.16559 0.44312
vt 0.16442 0.43927
vt 0.16671 0.44669
vt 0.12119 0.41891
vt 0.13268 0.42004
vt 0.1248 0.42944
vt 0.14233 0.42753
vt 0.14091 0.42129
vt 0.13921 0.43612
vt 0.14515 0.43376
vt 0.13192 0.43897
vt 0.71833 0.5903
vt 0.74694 0.60941
vt 0.71419 0.59296
vt 0.74538 0.61884
vt 0.77604 0.61954
vt 0.77584 0.60605
vt 0.74832 0.60018
vt 0.6983 0.57027
vt 0.69102 0.56935
vt 0.67879 0.55351
vt 0.66826 0.55002
vt 0.68299 0.56709
vt 0.72497 0.58137
vt 0.7041 0.56849
vt 0.72663 0.57195
vt 0.70705 0.56269
vt 0.68753 0.55465
vt 0.77557 0.59573
vt 0.74935 0.59136
vt 0.74979 0.58024
vt 0.63153 0.52192
vt 0.64335 0.52428
vt 0.64166 0.53157
vt 0.65332 0.53578
vt 0.66485 0.53939
vt 0.64985 0.51418
vt 0.63548 0.51318
vt 0.64788 0.5016
vt 0.63194 0.50195
vt 0.62139 0.51227
vt 0.68462 0.53193
vt 0.66886 0.529
vt 0.68151 0.51689
vt 0.6648 0.51537
vt 0.66347 0.50115
vt 0.67611 0.54179
vt 0.6891 0.54513
vt 0.9191 0.52951
vt 0.93228 0.51311
vt 0.93389 0.53169
vt 0.95255 0.51423
vt 0.93827 0.4968
vt 0.91541 0.49683
vt 0.91238 0.51231
vt 0.875 0.55946
vt 0.89162 0.54352
vt 0.88433 0.5632
vt 0.90355 0.54609
vt 0.91524 0.54914
vt 0.88801 0.52727
vt 0.87923 0.54189
vt 0.86975 0.52857
vt 0.8647 0.54298
vt 0.86628 0.5561
vt 0.89494 0.49687
vt 0.89322 0.51219
vt 0.87312 0.51303
vt 0.86019 0.58117
vt 0.86658 0.58613
vt 0.83305 0.59847
vt 0.83658 0.60566
vt 0.85409 0.57588
vt 0.80488 0.61358
vt 0.8033 0.60232
vt 0.80658 0.62518
vt 0.80198 0.59176
vt 0.80095 0.57935
vt 0.82688 0.58224
vt 0.82483 0.57052
vt 0.84857 0.56995
vt 0.84542 0.56148
vt 0.72306 0.49914
vt 0.72337 0.52077
vt 0.70046 0.49992
vt 0.70117 0.51889
vt 0.70298 0.53649
vt 0.774 0.54447
vt 0.74853 0.54427
vt 0.77337 0.52191
vt 0.74768 0.52192
vt 0.74725 0.49827
vt 0.72599 0.55868
vt 0.74937 0.56413
vt 0.77459 0.56603
vt 0.70581 0.55156
vt 0.79968 0.52027
vt 0.79966 0.49704
vt 0.82566 0.51777
vt 0.82571 0.49681
vt 0.79986 0.54247
vt 0.8489 0.53261
vt 0.85037 0.51512
vt 0.85086 0.49684
vt 0.82474 0.55595
vt 0.84638 0.54855
vt 0.80026 0.56254
vt 0.62284 0.7419
vt 0.62982 0.73734
vt 0.63094 0.74811
vt 0.63735 0.74192
vt 0.63817 0.73246
vt 0.63274 0.72671
vt 0.62359 0.73298
vt 0.60136 0.73682
vt 0.61235 0.73739
vt 0.60173 0.74655
vt 0.61401 0.74515
vt 0.6212 0.75362
vt 0.62369 0.72165
vt 0.6153 0.72969
vt 0.60369 0.7273
vt 0.64705 0.7202
vt 0.65106 0.72822
vt 0.66686 0.72529
vt 0.66636 0.7365
vt 0.65152 0.7368
vt 0.6551 0.70327
vt 0.63837 0.71284
vt 0.64455 0.69363
vt 0.62733 0.70379
vt 0.68029 0.69927
vt 0.66966 0.69293
vt 0.66043 0.68407
vt 0.68678 0.71326
vt 0.69331 0.70261
vt 0.68391 0.72429
vt 0.68276 0.73584
vt 0.66478 0.7482
vt 0.64954 0.74584
vt 0.64426 0.75488
vt 0.68235 0.76028
vt 0.68145 0.74806
vt 0.67624 0.77748
vt 0.68787 0.7718
vt 0.65738 0.798
vt 0.64028 0.78589
vt 0.66643 0.78649
vt 0.65115 0.77446
vt 0.63482 0.76345
vt 0.62293 0.77333
vt 0.59716 0.80105
vt 0.58404 0.81607
vt 0.57566 0.78905
vt 0.56128 0.80285
vt 0.60635 0.82903
vt 0.59479 0.84477
vt 0.57089 0.83125
vt 0.62923 0.79906
vt 0.61025 0.78634
vt 0.59011 0.77494
vt 0.64803 0.81119
vt 0.63842 0.82583
vt 0.62861 0.84174
vt 0.6187 0.85828
vt 0.64345 0.66051
vt 0.636 0.64629
vt 0.6049 0.63704
vt 0.62892 0.63129
vt 0.61469 0.65268
vt 0.63453 0.68173
vt 0.65164 0.67319
vt 0.58494 0.68176
vt 0.60488 0.67522
vt 0.5971 0.6979
vt 0.61624 0.69067
vt 0.59301 0.65916
vt 0.58088 0.6428
vt 0.57187 0.6658
vt 0.5863 0.73567
vt 0.58754 0.72561
vt 0.56653 0.71395
vt 0.58546 0.71447
vt 0.56953 0.72425
vt 0.58435 0.74555
vt 0.57907 0.75576
vt 0.56509 0.74313
vt 0.55799 0.75196
vt 0.55057 0.73184
vt 0.54718 0.74029
vt 0.53293 0.72958
vt 0.53023 0.73788
vt 0.54051 0.74766
vt 0.55041 0.71379
vt 0.55236 0.72282
vt 0.53616 0.72072
vt 0.55322 0.77816
vt 0.56786 0.7668
vt 0.54646 0.76019
vt 0.49641 0.78312
vt 0.5145 0.77569
vt 0.5217 0.80043
vt 0.53769 0.78934
vt 0.51287 0.75805
vt 0.49297 0.76208
vt 0.50032 0.74743
vt 0.47843 0.74844
vt 0.47112 0.76581
vt 0.5289 0.75341
vt 0.51732 0.74582
vt 0.55219 0.67266
vt 0.56563 0.6871
vt 0.51901 0.66771
vt 0.53793 0.65813
vt 0.53366 0.67978
vt 0.55876 0.70309
vt 0.57744 0.70133
vt 0.51645 0.7035
vt 0.53057 0.69666
vt 0.52977 0.70952
vt 0.5426 0.7053
vt 0.51597 0.68718
vt 0.50008 0.67728
vt 0.5007 0.69611
vt 0.49642 0.736
vt 0.51386 0.73676
vt 0.51597 0.72701
vt 0.47623 0.73469
vt 0.45466 0.73309
vt 0.48151 0.72106
vt 0.46349 0.71768
vt 0.50592 0.71295
vt 0.48945 0.7078
vt 0.47232 0.70227
vt 0.52109 0.71735
vt 0.81777 0.32972
vt 0.81727 0.33418
vt 0.8071 0.32927
vt 0.80652 0.33352
vt 0.80601 0.337
vt 0.7958 0.33314
vt 0.79518 0.33642
vt 0.83869 0.34118
vt 0.82778 0.33961
vt 0.83869 0.33592
vt 0.82798 0.335
vt 0.82832 0.33028
vt 0.8275 0.34847
vt 0.81631 0.34524
vt 0.82763 0.34407
vt 0.81658 0.3418
vt 0.83869 0.34644
vt 0.80555 0.3397
vt 0.79456 0.33872
vt 0.80512 0.34201
vt 0.78442 0.33689
vt 0.78517 0.33317
vt 0.77465 0.33352
vt 0.77548 0.32854
vt 0.78586 0.32865
vt 0.77172 0.34576
vt 0.77273 0.34195
vt 0.78282 0.34227
vt 0.78363 0.33978
vt 0.76309 0.33928
vt 0.76186 0.34431
vt 0.75248 0.34076
vt 0.75099 0.34675
vt 0.76061 0.34925
vt 0.7653 0.32863
vt 0.76427 0.33409
vt 0.75396 0.33478
vt 0.8727 0.33558
vt 0.86641 0.33808
vt 0.86882 0.33044
vt 0.86366 0.33352
vt 0.86787 0.34357
vt 0.86006 0.34026
vt 0.86062 0.34494
vt 0.88214 0.33946
vt 0.87887 0.33242
vt 0.88877 0.33616
vt 0.88462 0.32884
vt 0.87418 0.3265
vt 0.8769 0.3545
vt 0.87641 0.34839
vt 0.88537 0.35358
vt 0.88421 0.34669
vt 0.89206 0.34363
vt 0.86875 0.34923
vt 0.86117 0.34962
vt 0.86904 0.35467
vt 0.90583 0.31805
vt 0.89713 0.31401
vt 0.90927 0.30779
vt 0.89961 0.30536
vt 0.88822 0.31024
vt 0.88567 0.31549
vt 0.89379 0.32038
vt 0.91286 0.33817
vt 0.90742 0.33181
vt 0.92235 0.32865
vt 0.91454 0.32262
vt 0.91968 0.31099
vt 0.89526 0.33176
vt 0.89986 0.33875
vt 0.90354 0.34573
vt 0.88277 0.31936
vt 0.88961 0.32508
vt 0.72676 0.33863
vt 0.72027 0.33366
vt 0.72866 0.33279
vt 0.72405 0.32848
vt 0.72869 0.32465
vt 0.72528 0.32009
vt 0.71894 0.32355
vt 0.70814 0.33392
vt 0.71681 0.33939
vt 0.70362 0.34061
vt 0.71373 0.34535
vt 0.72486 0.34447
vt 0.70509 0.32176
vt 0.69821 0.32769
vt 0.69533 0.3139
vt 0.68654 0.32022
vt 0.69216 0.33517
vt 0.72116 0.3143
vt 0.71285 0.3174
vt 0.70565 0.30979
vt 0.8491 0.33311
vt 0.85285 0.32874
vt 0.8543 0.33434
vt 0.85891 0.33061
vt 0.86343 0.32674
vt 0.84856 0.32273
vt 0.84619 0.32731
vt 0.83961 0.32151
vt 0.83838 0.32624
vt 0.84389 0.33188
vt 0.86289 0.31606
vt 0.86 0.32004
vt 0.85348 0.31368
vt 0.85108 0.31815
vt 0.84134 0.31662
vt 0.86779 0.3226
vt 0.87164 0.31863
vt 0.80861 0.31864
vt 0.80778 0.32428
vt 0.79784 0.31786
vt 0.79708 0.32377
vt 0.81844 0.32485
vt 0.82185 0.30769
vt 0.82047 0.31374
vt 0.81086 0.30583
vt 0.80962 0.31244
vt 0.79869 0.31134
vt 0.82977 0.32044
vt 0.83109 0.31514
vt 0.83267 0.30966
vt 0.82888 0.32546
vt 0.8273 0.28738
vt 0.81609 0.28374
vt 0.82954 0.27906
vt 0.81819 0.27517
vt 0.80276 0.28908
vt 0.80451 0.28069
vt 0.81414 0.29163
vt 0.83616 0.29813
vt 0.83814 0.2913
vt 0.84681 0.30147
vt 0.84871 0.29526
vt 0.84041 0.28333
vt 0.82345 0.30144
vt 0.83435 0.30412
vt 0.84504 0.30685
vt 0.80117 0.29689
vt 0.81238 0.29894
vt 0.87699 0.31154
vt 0.8789 0.30649
vt 0.87096 0.29531
vt 0.88062 0.29932
vt 0.86919 0.30275
vt 0.86546 0.31217
vt 0.87464 0.31526
vt 0.8555 0.30945
vt 0.85732 0.30479
vt 0.85909 0.29905
vt 0.86107 0.29168
vt 0.73242 0.31806
vt 0.73471 0.32298
vt 0.743 0.32787
vt 0.73678 0.32741
vt 0.74159 0.32258
vt 0.73843 0.31079
vt 0.72967 0.31215
vt 0.73663 0.30375
vt 0.72662 0.30517
vt 0.75704 0.3164
vt 0.74825 0.31651
vt 0.75687 0.30975
vt 0.74745 0.31005
vt 0.74653 0.30294
vt 0.74879 0.32253
vt 0.74922 0.32833
vt 0.75679 0.32266
vt 0.73165 0.27724
vt 0.71859 0.27799
vt 0.7303 0.26671
vt 0.71709 0.2674
vt 0.70405 0.27877
vt 0.70628 0.2889
vt 0.72052 0.28787
vt 0.75611 0.28579
vt 0.74475 0.28623
vt 0.75582 0.27648
vt 0.74388 0.27672
vt 0.74305 0.26639
vt 0.73482 0.29581
vt 0.74564 0.29498
vt 0.75631 0.29453
vt 0.71097 0.29857
vt 0.72338 0.297
vt 0.79254 0.27854
vt 0.79115 0.28731
vt 0.78032 0.2772
vt 0.79393 0.26925
vt 0.7812 0.26753
vt 0.78873 0.30327
vt 0.77783 0.30266
vt 0.78986 0.29553
vt 0.77855 0.29475
vt 0.76768 0.28582
vt 0.76732 0.29443
vt 0.76702 0.30241
vt 0.76802 0.27658
vt 0.76835 0.26663
vt 0.77612 0.32301
vt 0.7865 0.32334
vt 0.78713 0.31728
vt 0.76657 0.31654
vt 0.76606 0.3228
vt 0.7772 0.31004
vt 0.76683 0.30976
vt 0.78785 0.31055
vt 0.88719 0.24517
vt 0.89425 0.25123
vt 0.8822 0.25351
vt 0.88932 0.25798
vt 0.89916 0.25906
vt 0.90622 0.25556
vt 0.90058 0.24575
vt 0.87307 0.22685
vt 0.88375 0.23191
vt 0.86826 0.23595
vt 0.87844 0.24021
vt 0.87361 0.2494
vt 0.89904 0.23127
vt 0.88918 0.22393
vt 0.90485 0.22382
vt 0.89448 0.2156
vt 0.87809 0.21784
vt 0.90777 0.24036
vt 0.91455 0.25171
vt 0.91465 0.23361
vt 0.83088 0.22463
vt 0.81628 0.22089
vt 0.83396 0.21402
vt 0.81859 0.20991
vt 0.82795 0.23515
vt 0.8409 0.23864
vt 0.84449 0.22828
vt 0.85575 0.19707
vt 0.85203 0.2077
vt 0.84032 0.19218
vt 0.8371 0.20327
vt 0.82104 0.19888
vt 0.8613 0.22221
vt 0.8657 0.21249
vt 0.87008 0.20254
vt 0.85287 0.24214
vt 0.85695 0.23201
vt 0.68962 0.21577
vt 0.70332 0.20727
vt 0.69794 0.22249
vt 0.70902 0.21582
vt 0.7252 0.22199
vt 0.71314 0.22436
vt 0.72219 0.21165
vt 0.69132 0.18624
vt 0.70969 0.17946
vt 0.69746 0.19748
vt 0.71415 0.19093
vt 0.68169 0.20668
vt 0.75121 0.19757
vt 0.73442 0.1983
vt 0.74968 0.18575
vt 0.73165 0.18705
vt 0.72868 0.17514
vt 0.739 0.22042
vt 0.73693 0.20933
vt 0.75264 0.20886
vt 0.78486 0.21308
vt 0.80083 0.21683
vt 0.78416 0.2244
vt 0.79932 0.22781
vt 0.80239 0.20563
vt 0.76834 0.19871
vt 0.76871 0.21027
vt 0.76895 0.22173
vt 0.78621 0.18996
vt 0.76799 0.18693
vt 0.78692 0.17788
vt 0.76764 0.1747
vt 0.80398 0.19419
vt 0.80567 0.18232
vt 0.80995 0.25236
vt 0.82276 0.25592
vt 0.80815 0.26229
vt 0.82041 0.26583
vt 0.83205 0.26979
vt 0.83774 0.24921
vt 0.82525 0.24564
vt 0.81195 0.24211
vt 0.85654 0.26746
vt 0.84604 0.26361
vt 0.8599 0.25649
vt 0.84927 0.25285
vt 0.84307 0.27394
vt 0.85352 0.2781
vt 0.74229 0.2552
vt 0.72918 0.25561
vt 0.75529 0.2552
vt 0.75498 0.24366
vt 0.74147 0.24356
vt 0.71553 0.25616
vt 0.7008 0.25644
vt 0.71443 0.24487
vt 0.70003 0.24508
vt 0.72694 0.23276
vt 0.71429 0.23416
vt 0.70197 0.23453
vt 0.75453 0.23194
vt 0.74044 0.2319
vt 0.91104 0.2953
vt 0.9213 0.29678
vt 0.93161 0.29742
vt 0.9299 0.28102
vt 0.92054 0.28128
vt 0.90122 0.29384
vt 0.89172 0.29197
vt 0.90187 0.28125
vt 0.8929 0.28014
vt 0.90963 0.26775
vt 0.90144 0.26936
vt 0.89374 0.26955
vt 0.92782 0.26463
vt 0.91855 0.2658
vt 0.78351 0.23552
vt 0.76897 0.23322
vt 0.76883 0.24463
vt 0.79661 0.24917
vt 0.79794 0.23861
vt 0.78203 0.25726
vt 0.79528 0.25942
vt 0.76862 0.25587
vt 0.86633 0.27128
vt 0.86347 0.28212
vt 0.87305 0.28587
vt 0.87845 0.26363
vt 0.86964 0.26007
vt 0.88427 0.27795
vt 0.88628 0.26721
vt 0.8824 0.28923
vt 0.94158 0.29637
vt 0.93926 0.28076
vt 0.94466 0.31122
vt 0.9545 0.30837
vt 0.95109 0.29459
vt 0.94576 0.26667
vt 0.93707 0.26534
vt 0.94467 0.25393
vt 0.93619 0.251
vt 0.96459 0.27972
vt 0.95648 0.28013
vt 0.96052 0.26776
vt 0.95341 0.26737
vt 0.95169 0.25581
vt 0.96366 0.30602
vt 0.96002 0.29307
vt 0.96866 0.29168
vt 0.38676 0.17336
vt 0.38625 0.15917
vt 0.40313 0.17535
vt 0.40173 0.16216
vt 0.37076 0.18728
vt 0.37079 0.17345
vt 0.38669 0.18725
vt 0.42239 0.19033
vt 0.41996 0.17772
vt 0.44132 0.1924
vt 0.437 0.18028
vt 0.41721 0.16516
vt 0.40183 0.21482
vt 0.40379 0.20168
vt 0.4241 0.21519
vt 0.4242 0.20305
vt 0.44563 0.20452
vt 0.38544 0.20052
vt 0.36925 0.20005
vt 0.3826 0.21349
vt 0.35626 0.18926
vt 0.35518 0.17727
vt 0.34871 0.16674
vt 0.33476 0.17386
vt 0.34108 0.18243
vt 0.34086 0.21183
vt 0.34295 0.20207
vt 0.35271 0.21178
vt 0.35532 0.20077
vt 0.33141 0.19466
vt 0.33141 0.20337
vt 0.31978 0.19601
vt 0.31995 0.20405
vt 0.33003 0.21206
vt 0.32467 0.17957
vt 0.32968 0.18654
vt 0.31926 0.18873
vt 0.34302 0.23229
vt 0.34877 0.2223
vt 0.35493 0.23574
vt 0.36178 0.22403
vt 0.33771 0.22108
vt 0.32682 0.2368
vt 0.33497 0.24172
vt 0.31849 0.24243
vt 0.32459 0.2492
vt 0.345 0.24722
vt 0.32414 0.22734
vt 0.31951 0.23337
vt 0.31492 0.22562
vt 0.31192 0.23123
vt 0.31314 0.23778
vt 0.32763 0.22015
vt 0.31748 0.21924
vt 0.63785 0.9532
vt 0.63088 0.94766
vt 0.64702 0.94697
vt 0.6392 0.9414
vt 0.62229 0.95294
vt 0.61543 0.94618
vt 0.62484 0.94108
vt 0.63644 0.96339
vt 0.64495 0.95815
vt 0.64429 0.96673
vt 0.65321 0.96171
vt 0.65446 0.95263
vt 0.6127 0.96596
vt 0.62088 0.96313
vt 0.62082 0.97027
vt 0.62816 0.96735
vt 0.63518 0.97058
vt 0.60688 0.95127
vt 0.6142 0.95748
vt 0.60562 0.96035
vt 0.36712 0.91739
vt 0.37414 0.9231
vt 0.36017 0.92244
vt 0.36772 0.92812
vt 0.3812 0.91911
vt 0.38857 0.92581
vt 0.38065 0.92965
vt 0.36705 0.90811
vt 0.36048 0.91233
vt 0.36024 0.90433
vt 0.35339 0.90857
vt 0.35337 0.91688
vt 0.38865 0.9077
vt 0.38113 0.90983
vt 0.38093 0.90285
vt 0.37411 0.90512
vt 0.368 0.90132
vt 0.39604 0.9219
vt 0.38822 0.91568
vt 0.39605 0.9136
vt 0.32882 0.91504
vt 0.33316 0.92485
vt 0.30984 0.91692
vt 0.31734 0.92931
vt 0.32345 0.95004
vt 0.2994 0.934
vt 0.33407 0.94212
vt 0.35251 0.92816
vt 0.34472 0.92088
vt 0.34148 0.91353
vt 0.3738 0.94781
vt 0.35797 0.94311
vt 0.37406 0.93833
vt 0.36263 0.93464
vt 0.35285 0.95399
vt 0.3475 0.96607
vt 0.37317 0.96077
vt 0.41832 0.91536
vt 0.43578 0.91844
vt 0.42295 0.92513
vt 0.44368 0.93076
vt 0.45559 0.92218
vt 0.43041 0.90569
vt 0.41823 0.90577
vt 0.39719 0.90641
vt 0.40558 0.91362
vt 0.40919 0.92114
vt 0.37632 0.89394
vt 0.39236 0.89815
vt 0.37521 0.89775
vt 0.38673 0.90081
vt 0.40522 0.8892
vt 0.39863 0.89404
vt 0.37791 0.88733
vt 0.33689 0.89733
vt 0.31877 0.90633
vt 0.3277 0.89534
vt 0.30152 0.90665
vt 0.33396 0.90629
vt 0.36017 0.89468
vt 0.35697 0.88971
vt 0.35387 0.88402
vt 0.35314 0.90144
vt 0.3636 0.89819
vt 0.34502 0.9068
vt 0.43434 0.94142
vt 0.45347 0.94953
vt 0.41541 0.95056
vt 0.42616 0.96039
vt 0.41752 0.93393
vt 0.39016 0.94658
vt 0.39452 0.95832
vt 0.39885 0.97125
vt 0.39657 0.93313
vt 0.38577 0.93725
vt 0.40528 0.92771
vt 0.57922 0.90929
vt 0.58971 0.91991
vt 0.54712 0.9225
vt 0.56732 0.93101
vt 0.578 0.94871
vt 0.55582 0.943
vt 0.58501 0.93885
vt 0.6172 0.92291
vt 0.61419 0.91016
vt 0.63598 0.92036
vt 0.63884 0.90623
vt 0.61132 0.89609
vt 0.60788 0.93859
vt 0.62051 0.93302
vt 0.63393 0.93076
vt 0.59767 0.94533
vt 0.59264 0.95281
vt 0.70097 0.93805
vt 0.70873 0.95108
vt 0.68067 0.94313
vt 0.6848 0.95355
vt 0.69713 0.91613
vt 0.72398 0.93275
vt 0.68258 0.92476
vt 0.65736 0.94028
vt 0.66577 0.94781
vt 0.66883 0.95567
vt 0.65367 0.9245
vt 0.64648 0.93389
vt 0.67027 0.89951
vt 0.66175 0.91263
vt 0.57139 0.96698
vt 0.58323 0.96748
vt 0.59958 0.98263
vt 0.60489 0.97838
vt 0.62809 0.97802
vt 0.62823 0.98417
vt 0.61011 0.97477
vt 0.58229 0.95875
vt 0.564 0.95542
vt 0.5432 0.95134
vt 0.60391 0.96749
vt 0.59557 0.96058
vt 0.61511 0.9724
vt 0.62792 0.97457
vt 0.6761 0.97232
vt 0.69765 0.96245
vt 0.68929 0.97382
vt 0.72006 0.96159
vt 0.67795 0.96303
vt 0.64658 0.97636
vt 0.65246 0.98086
vt 0.65853 0.98604
vt 0.65338 0.96919
vt 0.64107 0.97326
vt 0.66367 0.96306
vt 0.36984 0.23949
vt 0.35795 0.25238
vt 0.34603 0.26526
vt 0.35561 0.27167
vt 0.36966 0.25894
vt 0.3972 0.22781
vt 0.37772 0.22651
vt 0.41735 0.23588
vt 0.42083 0.22603
vt 0.4431 0.22875
vt 0.44652 0.2227
vt 0.3985 0.26688
vt 0.39499 0.25606
vt 0.41738 0.25387
vt 0.41667 0.24505
vt 0.43968 0.2348
vt 0.37599 0.26863
vt 0.36059 0.28095
vt 0.37962 0.2799
vt 0.47099 0.59533
vt 0.46621 0.58143
vt 0.48268 0.58954
vt 0.47688 0.57974
vt 0.48931 0.60046
vt 0.49936 0.5797
vt 0.49224 0.57495
vt 0.47977 0.56475
vt 0.47275 0.57216
vt 0.47426 0.55807
vt 0.46846 0.56471
vt 0.46434 0.57319
vt 0.49265 0.55708
vt 0.486 0.5543
vt 0.49706 0.54475
vt 0.49023 0.54379
vt 0.48076 0.54977
vt 0.5094 0.55895
vt 0.50068 0.55839
vt 0.50585 0.54385
vt 0.498 0.53605
vt 0.50562 0.53533
vt 0.50195 0.53012
vt 0.50792 0.53051
vt 0.51368 0.53435
vt 0.48232 0.53255
vt 0.48958 0.53057
vt 0.4845 0.53796
vt 0.49124 0.53624
vt 0.49137 0.52497
vt 0.4858 0.52569
vt 0.48429 0.51987
vt 0.47955 0.52122
vt 0.47919 0.52705
vt 0.4968 0.52551
vt 0.50215 0.52668
vt 0.49001 0.52009
vt 0.4738 0.53579
vt 0.47066 0.52843
vt 0.46903 0.52186
vt 0.46016 0.52175
vt 0.46151 0.53051
vt 0.46925 0.54981
vt 0.47693 0.54326
vt 0.45627 0.54478
vt 0.46218 0.55531
vt 0.44957 0.54814
vt 0.45674 0.56009
vt 0.45156 0.52411
vt 0.45307 0.53396
vt 0.44626 0.5365
vt 0.9334 0.22131
vt 0.92474 0.21328
vt 0.93826 0.21108
vt 0.92964 0.20291
vt 0.92458 0.18353
vt 0.93463 0.19274
vt 0.9198 0.19418
vt 0.91018 0.21471
vt 0.92002 0.22405
vt 0.92917 0.2326
vt 0.89221 0.18815
vt 0.9043 0.19613
vt 0.88756 0.19872
vt 0.89943 0.20627
vt 0.90937 0.18538
vt 0.91454 0.17433
vt 0.89751 0.17703
vt 0.82936 0.16264
vt 0.80973 0.1569
vt 0.83327 0.14992
vt 0.81241 0.14375
vt 0.78995 0.13803
vt 0.81532 0.13047
vt 0.79121 0.12404
vt 0.7878 0.16507
vt 0.80754 0.16982
vt 0.82625 0.17524
vt 0.76732 0.16177
vt 0.74646 0.16058
vt 0.7671 0.14795
vt 0.74492 0.14647
vt 0.76705 0.13305
vt 0.76709 0.11761
vt 0.7436 0.13062
vt 0.72247 0.148
vt 0.71946 0.13256
vt 0.69507 0.13733
vt 0.7165 0.11649
vt 0.69003 0.12181
vt 0.72558 0.16216
vt 0.70494 0.16644
vt 0.65639 0.16799
vt 0.67793 0.15898
vt 0.66524 0.18264
vt 0.68479 0.17334
vt 0.67081 0.14337
vt 0.66356 0.12713
vt 0.64718 0.15172
vt 0.8445 0.35987
vt 0.84771 0.3603
vt 0.84741 0.36396
vt 0.84935 0.36427
vt 0.85165 0.36844
vt 0.85098 0.36824
vt 0.85147 0.36463
vt 0.85075 0.35691
vt 0.84608 0.35632
vt 0.8502 0.353
vt 0.84445 0.35235
vt 0.84159 0.35579
vt 0.8558 0.3576
vt 0.86164 0.35845
vt 0.85526 0.36145
vt 0.86051 0.36239
vt 0.85596 0.35365
vt 0.85398 0.3651
vt 0.85232 0.36864
vt 0.85822 0.36601
vt 0.72004 0.36231
vt 0.71959 0.35766
vt 0.72801 0.36112
vt 0.72778 0.35756
vt 0.73391 0.36006
vt 0.73344 0.36297
vt 0.72871 0.36478
vt 0.73623 0.35153
vt 0.73531 0.35434
vt 0.7296 0.35092
vt 0.72846 0.35419
vt 0.72057 0.35336
vt 0.74052 0.35664
vt 0.7417 0.35439
vt 0.74621 0.35604
vt 0.74786 0.35439
vt 0.74287 0.35213
vt 0.73935 0.3589
vt 0.73817 0.36116
vt 0.74455 0.35769
vt 0.8787 0.18103
vt 0.88339 0.16965
vt 0.86776 0.16285
vt 0.88824 0.15807
vt 0.87197 0.15101
vt 0.87433 0.19202
vt 0.85972 0.18602
vt 0.84367 0.18053
vt 0.8473 0.1685
vt 0.85139 0.15628
vt 0.85571 0.14396
vt 0.95996 0.2431
vt 0.95408 0.2384
vt 0.96171 0.23675
vt 0.95632 0.23074
vt 0.95407 0.21617
vt 0.95877 0.22329
vt 0.95081 0.22459
vt 0.95223 0.24645
vt 0.94564 0.243
vt 0.95821 0.24945
vt 0.94109 0.22785
vt 0.93783 0.23865
vt 0.94937 0.20906
vt 0.94505 0.21817
vt 0.33693 0.71568
vt 0.33038 0.74147
vt 0.30272 0.71154
vt 0.29942 0.7383
vt 0.29578 0.76279
vt 0.39348 0.75298
vt 0.37746 0.7738
vt 0.36181 0.7467
vt 0.35015 0.76936
vt 0.37157 0.72393
vt 0.33826 0.79126
vt 0.32625 0.81278
vt 0.31508 0.78815
vt 0.30707 0.8101
vt 0.36145 0.79463
vt 0.29189 0.78554
vt 0.28789 0.80743
vt 0.29902 0.2659
vt 0.29905 0.27921
vt 0.28396 0.26682
vt 0.28399 0.28035
vt 0.28369 0.29578
vt 0.32709 0.27663
vt 0.32382 0.29133
vt 0.31375 0.27746
vt 0.31192 0.29276
vt 0.31433 0.26372
vt 0.29666 0.32533
vt 0.29746 0.31029
vt 0.30987 0.32193
vt 0.31066 0.30778
vt 0.32243 0.30503
vt 0.28329 0.31193
vt 0.2829 0.32761
vt 0.28181 0.24151
vt 0.28131 0.23554
vt 0.29388 0.24106
vt 0.29262 0.23539
vt 0.28254 0.24814
vt 0.30797 0.24573
vt 0.30446 0.24008
vt 0.30242 0.23527
vt 0.29774 0.25538
vt 0.31183 0.25338
vt 0.28336 0.25633
vt 0.66591 0.35138
vt 0.68249 0.35456
vt 0.66156 0.36545
vt 0.67912 0.36624
vt 0.69427 0.3653
vt 0.67626 0.37856
vt 0.69217 0.37457
vt 0.69987 0.3481
vt 0.68688 0.34417
vt 0.6718 0.33905
vt 0.70917 0.35733
vt 0.71107 0.35124
vt 0.70835 0.36385
vt 0.70807 0.37058
vt 0.8676 0.36381
vt 0.86559 0.3677
vt 0.87484 0.36953
vt 0.87328 0.37392
vt 0.86313 0.37138
vt 0.87683 0.3601
vt 0.8687 0.3595
vt 0.88569 0.36518
vt 0.88588 0.35959
vt 0.89643 0.36335
vt 0.89578 0.35726
vt 0.88475 0.37081
vt 0.88343 0.37646
vt 0.89613 0.37017
vt 0.90853 0.35915
vt 0.9098 0.36622
vt 0.92454 0.36049
vt 0.92773 0.36789
vt 0.91066 0.37345
vt 0.91744 0.34555
vt 0.90643 0.35243
vt 0.93365 0.34626
vt 0.92838 0.33709
vt 0.94498 0.34012
vt 0.93903 0.32928
vt 0.93916 0.35453
vt 0.9448 0.36234
vt 0.9518 0.34951
vt 0.9546 0.33609
vt 0.96061 0.34661
vt 0.96731 0.34498
vt 0.97193 0.35627
vt 0.9669 0.35653
vt 0.94914 0.32438
vt 0.95853 0.32126
vt 0.96701 0.3188
vt 0.97505 0.31666
vt 0.97026 0.33138
vt 0.97736 0.3297
vt 0.97696 0.35601
vt 0.97359 0.34375
vt 0.97967 0.34273
vt 0.32052 0.14652
vt 0.31337 0.15473
vt 0.2954 0.1417
vt 0.292 0.15078
vt 0.28884 0.15959
vt 0.3228 0.16745
vt 0.33353 0.15964
vt 0.34565 0.15134
vt 0.30157 0.1705
vt 0.31486 0.17431
vt 0.29776 0.1783
vt 0.30989 0.18096
vt 0.28615 0.16786
vt 0.28411 0.17601
vt 0.29602 0.18622
vt 0.28291 0.18447
vt 0.28235 0.19296
vt 0.30789 0.19569
vt 0.30808 0.18813
vt 0.29513 0.20234
vt 0.30778 0.20349
vt 0.29477 0.20993
vt 0.30735 0.21111
vt 0.28222 0.20121
vt 0.28215 0.20903
vt 0.29421 0.21702
vt 0.28175 0.21622
vt 0.28133 0.22295
vt 0.30468 0.22447
vt 0.30623 0.21812
vt 0.29268 0.22965
vt 0.30295 0.23012
vt 0.28116 0.22937
vt 0.30553 0.68197
vt 0.30611 0.65022
vt 0.342 0.68783
vt 0.33371 0.61275
vt 0.30268 0.61689
vt 0.32588 0.58043
vt 0.29827 0.58533
vt 0.39536 0.61864
vt 0.37441 0.63443
vt 0.38097 0.58713
vt 0.35882 0.60167
vt 0.34958 0.57074
vt 0.38451 0.6815
vt 0.39596 0.66493
vt 0.41681 0.70691
vt 0.42047 0.69428
vt 0.40975 0.65015
vt 0.37776 0.70168
vt 0.41315 0.71953
vt 0.33805 0.27823
vt 0.34586 0.28289
vt 0.33361 0.29085
vt 0.34226 0.30913
vt 0.34107 0.2987
vt 0.35168 0.30234
vt 0.34973 0.29122
vt 0.33227 0.30265
vt 0.33258 0.31388
vt 0.38772 0.42242
vt 0.38216 0.42237
vt 0.38887 0.41743
vt 0.38286 0.41782
vt 0.37755 0.41354
vt 0.38424 0.41338
vt 0.37717 0.41796
vt 0.37712 0.42693
vt 0.38166 0.42697
vt 0.37743 0.43144
vt 0.38186 0.43156
vt 0.38653 0.42744
vt 0.36725 0.42255
vt 0.37212 0.42251
vt 0.36869 0.42681
vt 0.37286 0.42671
vt 0.37332 0.43085
vt 0.37178 0.41828
vt 0.37118 0.41411
vt 0.36651 0.41823
vt 0.426 0.3904
vt 0.39846 0.38944
vt 0.42468 0.38635
vt 0.39642 0.38676
vt 0.36379 0.38848
vt 0.3947 0.38435
vt 0.35672 0.3864
vt 0.3786 0.39665
vt 0.37531 0.39317
vt 0.40158 0.39635
vt 0.40111 0.39264
vt 0.42862 0.39452
vt 0.35392 0.39642
vt 0.33967 0.40245
vt 0.34563 0.39411
vt 0.32981 0.40053
vt 0.35953 0.39895
vt 0.33321 0.39138
vt 0.31873 0.38845
vt 0.31356 0.3973
vt 0.47608 0.42319
vt 0.45045 0.4175
vt 0.48659 0.41299
vt 0.45627 0.40637
vt 0.4302 0.4138
vt 0.42379 0.42612
vt 0.43912 0.42952
vt 0.50767 0.42949
vt 0.54222 0.43609
vt 0.47545 0.4391
vt 0.49536 0.44452
vt 0.52539 0.41968
vt 0.43331 0.44371
vt 0.44129 0.44814
vt 0.41104 0.45059
vt 0.41153 0.45456
vt 0.44849 0.45295
vt 0.42375 0.44005
vt 0.41396 0.43687
vt 0.40735 0.4478
vt 0.31374 0.40806
vt 0.32634 0.41002
vt 0.31791 0.42105
vt 0.29932 0.40577
vt 0.32521 0.42126
vt 0.33847 0.42165
vt 0.3353 0.41133
vt 0.34485 0.4219
vt 0.34232 0.4125
vt 0.35551 0.44277
vt 0.34279 0.43297
vt 0.35781 0.44111
vt 0.34686 0.432
vt 0.3513 0.4312
vt 0.33649 0.43632
vt 0.33946 0.4345
vt 0.35415 0.44545
vt 0.36696 0.45175
vt 0.36751 0.44959
vt 0.37835 0.45649
vt 0.36672 0.45404
vt 0.37929 0.45488
vt 0.36867 0.44768
vt 0.36998 0.44548
vt 0.38013 0.45127
vt 0.37988 0.44833
vt 0.39292 0.45142
vt 0.39386 0.45378
vt 0.39064 0.44865
vt 0.3925 0.45631
vt 0.38999 0.45894
vt 0.43492 0.38265
vt 0.45379 0.38926
vt 0.43381 0.38248
vt 0.44213 0.38735
vt 0.44954 0.39257
vt 0.49183 0.4006
vt 0.46466 0.39161
vt 0.51311 0.40533
vt 0.47513 0.39417
vt 0.43603 0.38283
vt 0.51609 0.41
vt 0.48335 0.40387
vt 0.5511 0.4165
vt 0.45511 0.39848
vt 0.47274 0.50337
vt 0.46576 0.49364
vt 0.48241 0.50209
vt 0.47542 0.49171
vt 0.45601 0.49597
vt 0.4508 0.48587
vt 0.45962 0.4836
vt 0.47467 0.51351
vt 0.4814 0.51244
vt 0.4894 0.51246
vt 0.46027 0.51448
vt 0.47046 0.51677
vt 0.4493 0.50891
vt 0.45071 0.51651
vt 0.44164 0.51657
vt 0.44392 0.52344
vt 0.44199 0.48813
vt 0.44609 0.49908
vt 0.43762 0.50576
vt 0.40964 0.53125
vt 0.41749 0.51763
vt 0.42473 0.54949
vt 0.42837 0.53459
vt 0.42116 0.56395
vt 0.44053 0.58304
vt 0.44013 0.5676
vt 0.43808 0.53046
vt 0.43219 0.5188
vt 0.42533 0.50402
vt 0.44527 0.55059
vt 0.44201 0.53585
vt 0.45394 0.56452
vt 0.45376 0.57187
vt 0.45618 0.58545
vt 0.4599 0.60213
vt 0.34901 0.49127
vt 0.33675 0.50824
vt 0.33115 0.49622
vt 0.32015 0.50778
vt 0.29795 0.50826
vt 0.30844 0.50327
vt 0.30684 0.51762
vt 0.35015 0.52453
vt 0.35745 0.50501
vt 0.37566 0.51849
vt 0.38019 0.49992
vt 0.36687 0.48631
vt 0.32231 0.55336
vt 0.34711 0.54573
vt 0.37112 0.53705
vt 0.29348 0.53821
vt 0.2959 0.55888
vt 0.28892 0.52403
vt 0.28415 0.51249
vt 0.28152 0.35458
vt 0.27883 0.36723
vt 0.27533 0.37971
vt 0.28186 0.37985
vt 0.28805 0.36756
vt 0.29624 0.33924
vt 0.28259 0.3416
vt 0.31011 0.34477
vt 0.30942 0.3346
vt 0.32215 0.33874
vt 0.32181 0.32925
vt 0.30337 0.3597
vt 0.31275 0.35141
vt 0.30922 0.36424
vt 0.31636 0.3563
vt 0.32331 0.34568
vt 0.2955 0.36947
vt 0.28839 0.37999
vt 0.30207 0.37219
vt 0.2811 0.49975
vt 0.27934 0.48605
vt 0.29264 0.4973
vt 0.28723 0.45826
vt 0.28817 0.47167
vt 0.27797 0.45688
vt 0.27844 0.47164
vt 0.29975 0.48306
vt 0.29791 0.47143
vt 0.30953 0.4811
vt 0.30764 0.47106
vt 0.29649 0.45965
vt 0.30245 0.49435
vt 0.31141 0.49114
vt 0.34363 0.32042
vt 0.3331 0.32478
vt 0.33381 0.33484
vt 0.36358 0.31004
vt 0.36643 0.32717
vt 0.35372 0.31539
vt 0.35581 0.32949
vt 0.3464 0.34347
vt 0.35789 0.34378
vt 0.34782 0.3549
vt 0.35997 0.35816
vt 0.36928 0.3443
vt 0.3347 0.34357
vt 0.33566 0.35163
vt 0.37929 0.40005
vt 0.36392 0.40233
vt 0.36724 0.40618
vt 0.35312 0.40709
vt 0.35919 0.41024
vt 0.41091 0.40468
vt 0.39993 0.40854
vt 0.39702 0.40052
vt 0.39093 0.40487
vt 0.37815 0.4089
vt 0.38681 0.40911
vt 0.39328 0.41136
vt 0.36334 0.41282
vt 0.36967 0.41009
vt 0.35044 0.42211
vt 0.35571 0.43017
vt 0.36315 0.43726
vt 0.36568 0.43456
vt 0.36009 0.42897
vt 0.3491 0.41405
vt 0.35544 0.41571
vt 0.36191 0.42249
vt 0.36115 0.41724
vt 0.36822 0.43211
vt 0.36443 0.42771
vt 0.37928 0.44513
vt 0.38801 0.44487
vt 0.38541 0.44053
vt 0.3968 0.44125
vt 0.39198 0.43714
vt 0.371 0.44242
vt 0.3719 0.4388
vt 0.37794 0.43621
vt 0.37284 0.43491
vt 0.38805 0.43389
vt 0.38323 0.43609
vt 0.4118 0.42414
vt 0.41476 0.41348
vt 0.40336 0.41487
vt 0.40527 0.43387
vt 0.39782 0.43117
vt 0.39418 0.42262
vt 0.39175 0.42894
vt 0.39522 0.41631
vt 0.77592 0.37515
vt 0.77573 0.38874
vt 0.74645 0.38603
vt 0.74793 0.39531
vt 0.7174 0.40611
vt 0.71307 0.40361
vt 0.74482 0.37657
vt 0.74909 0.40422
vt 0.74965 0.41548
vt 0.72449 0.41496
vt 0.72621 0.42467
vt 0.7756 0.39925
vt 0.70368 0.42876
vt 0.68721 0.44374
vt 0.69732 0.42707
vt 0.67763 0.44516
vt 0.70704 0.43478
vt 0.68965 0.42816
vt 0.68132 0.43065
vt 0.66668 0.44877
vt 0.66382 0.46071
vt 0.65192 0.46454
vt 0.63041 0.48016
vt 0.63999 0.46892
vt 0.64237 0.47759
vt 0.66825 0.47207
vt 0.67562 0.45798
vt 0.68415 0.46833
vt 0.68903 0.45406
vt 0.6494 0.48855
vt 0.66441 0.48659
vt 0.6812 0.48404
vt 0.63497 0.49008
vt 0.62083 0.49139
vt 0.91239 0.48134
vt 0.93228 0.48051
vt 0.95254 0.47937
vt 0.93388 0.46196
vt 0.9191 0.46415
vt 0.86974 0.46515
vt 0.88795 0.46644
vt 0.87315 0.48072
vt 0.89324 0.48153
vt 0.86582 0.43778
vt 0.87494 0.43437
vt 0.87892 0.45188
vt 0.89156 0.45023
vt 0.86425 0.45083
vt 0.91522 0.44455
vt 0.90355 0.44762
vt 0.88435 0.4306
vt 0.85409 0.41807
vt 0.86023 0.41275
vt 0.8331 0.3956
vt 0.86657 0.40774
vt 0.83657 0.38834
vt 0.82695 0.41192
vt 0.84834 0.42403
vt 0.82494 0.4236
vt 0.84502 0.43248
vt 0.80338 0.3921
vt 0.80213 0.40274
vt 0.80115 0.41514
vt 0.8049 0.38071
vt 0.80657 0.36894
vt 0.70269 0.46256
vt 0.70095 0.48073
vt 0.72325 0.47733
vt 0.72577 0.43835
vt 0.70571 0.44664
vt 0.74847 0.45192
vt 0.74929 0.43181
vt 0.77404 0.45054
vt 0.7747 0.42899
vt 0.74765 0.4745
vt 0.7734 0.47307
vt 0.79998 0.45176
vt 0.79974 0.47385
vt 0.82573 0.47597
vt 0.82483 0.43805
vt 0.80045 0.43184
vt 0.8489 0.46111
vt 0.84615 0.4453
vt 0.85042 0.47857
vt 0.62364 0.27334
vt 0.6313 0.26874
vt 0.63328 0.27907
vt 0.64002 0.27313
vt 0.63978 0.26393
vt 0.63277 0.25817
vt 0.62374 0.26465
vt 0.60003 0.28027
vt 0.59869 0.2709
vt 0.61338 0.27711
vt 0.61098 0.26967
vt 0.62197 0.28465
vt 0.62172 0.2532
vt 0.61361 0.26192
vt 0.59993 0.26116
vt 0.67007 0.27898
vt 0.65362 0.27672
vt 0.66983 0.26797
vt 0.65461 0.26828
vt 0.64842 0.28484
vt 0.69021 0.29019
vt 0.68738 0.27938
vt 0.68627 0.26802
vt 0.68384 0.30422
vt 0.6972 0.30052
vt 0.64512 0.31179
vt 0.65646 0.30139
vt 0.663 0.3205
vt 0.67264 0.31101
vt 0.63795 0.29267
vt 0.62552 0.30253
vt 0.64648 0.25088
vt 0.6525 0.25952
vt 0.6679 0.25654
vt 0.65209 0.23112
vt 0.63577 0.24282
vt 0.63996 0.22002
vt 0.62248 0.23335
vt 0.67756 0.22712
vt 0.66698 0.21849
vt 0.65689 0.20723
vt 0.68464 0.24396
vt 0.68947 0.23233
vt 0.68447 0.25604
vt 0.60264 0.17692
vt 0.58053 0.19063
vt 0.58995 0.16102
vt 0.56638 0.1753
vt 0.55783 0.20459
vt 0.57304 0.21849
vt 0.59464 0.20577
vt 0.63567 0.17945
vt 0.62466 0.16343
vt 0.61352 0.14673
vt 0.64644 0.19413
vt 0.62778 0.20702
vt 0.58827 0.23265
vt 0.6087 0.2205
vt 0.60821 0.37362
vt 0.61683 0.35645
vt 0.63428 0.37808
vt 0.64023 0.3617
vt 0.64672 0.34617
vt 0.6039 0.33352
vt 0.59309 0.35113
vt 0.5823 0.32801
vt 0.5702 0.34546
vt 0.58214 0.36915
vt 0.63504 0.32468
vt 0.61444 0.31673
vt 0.59341 0.31057
vt 0.65434 0.33233
vt 0.56164 0.29611
vt 0.56497 0.28546
vt 0.58054 0.29442
vt 0.58312 0.28301
vt 0.58277 0.2729
vt 0.54661 0.27847
vt 0.54791 0.28773
vt 0.5289 0.28133
vt 0.53186 0.29046
vt 0.54565 0.29707
vt 0.56195 0.26615
vt 0.54373 0.26971
vt 0.55532 0.25717
vt 0.53739 0.26209
vt 0.52655 0.27266
vt 0.5817 0.26294
vt 0.57696 0.25264
vt 0.56558 0.24153
vt 0.5437 0.24883
vt 0.55036 0.23009
vt 0.49639 0.26278
vt 0.50928 0.25153
vt 0.51375 0.2644
vt 0.5257 0.25622
vt 0.51058 0.23314
vt 0.48873 0.24743
vt 0.49167 0.22562
vt 0.4661 0.24363
vt 0.47393 0.26175
vt 0.53407 0.21881
vt 0.51724 0.2076
vt 0.51633 0.34528
vt 0.53012 0.33237
vt 0.5362 0.35499
vt 0.54939 0.33917
vt 0.56184 0.32354
vt 0.52605 0.31518
vt 0.51186 0.32517
vt 0.51191 0.30851
vt 0.49623 0.31623
vt 0.49647 0.33558
vt 0.53784 0.30601
vt 0.55392 0.30753
vt 0.52523 0.30212
vt 0.57284 0.30828
vt 0.51183 0.28428
vt 0.50997 0.27404
vt 0.49224 0.27487
vt 0.50143 0.29891
vt 0.51674 0.29426
vt 0.45857 0.29376
vt 0.47689 0.29042
vt 0.46759 0.30982
vt 0.48484 0.30421
vt 0.47162 0.27617
vt 0.44955 0.27771
vt 0.79029 0.67248
vt 0.81084 0.6624
vt 0.78854 0.66243
vt 0.83215 0.64795
vt 0.83309 0.66903
vt 0.76735 0.66411
vt 0.74972 0.67372
vt 0.74182 0.65001
vt 0.85403 0.66365
vt 0.86888 0.6573
vt 0.85539 0.64502
vt 0.88807 0.64803
vt 0.87421 0.67601
vt 0.88661 0.69564
vt 0.89598 0.67244
vt 0.92957 0.68102
vt 0.72496 0.67508
vt 0.70738 0.67443
vt 0.71175 0.69552
vt 0.67444 0.67531
vt 0.71549 0.6527
vt 0.85124 0.67475
vt 0.83861 0.68801
vt 0.8139 0.68108
vt 0.79505 0.69679
vt 0.80331 0.72903
vt 0.82124 0.70565
vt 0.84749 0.71202
vt 0.86311 0.69115
vt 0.73491 0.68535
vt 0.75197 0.69956
vt 0.69929 0.73541
vt 0.72918 0.71566
vt 0.75263 0.73571
vt 0.77561 0.71526
vt 0.77129 0.68508
vt 0.89248 0.73697
vt 0.89199 0.76094
vt 0.92426 0.75244
vt 0.88316 0.79075
vt 0.86241 0.75394
vt 0.81301 0.76899
vt 0.8477 0.78185
vt 0.82471 0.81269
vt 0.70318 0.77657
vt 0.71878 0.80112
vt 0.75314 0.78171
vt 0.75015 0.82814
vt 0.67457 0.80894
vt 0.78589 0.79921
vt 0.83244 0.74052
vt 0.72614 0.75851
vt 0.90881 0.71673
vt 0.78085 0.75471
vt 0.87296 0.72445
vt 0.94727 0.71691
vt 0.97286 0.6917
vt 0.95642 0.74341
vt 0.17034 0.15583
vt 0.13608 0.18711
vt 0.1723 0.21177
vt 0.08999 0.21359
vt 0.10853 0.16596
vt 0.19545 0.19243
vt 0.22017 0.18356
vt 0.21864 0.21221
vt 0.20483 0.22945
vt 0.22838 0.23477
vt 0.20569 0.25941
vt 0.13718 0.92742
vt 0.14053 0.94809
vt 0.16838 0.94474
vt 0.14191 0.96189
vt 0.11077 0.94659
vt 0.87897 0.95476
vt 0.87937 0.93805
vt 0.8532 0.94137
vt 0.88071 0.92523
vt 0.90668 0.93826
vt 0.98906 0.9382
vt 0.91265 0.95713
vt 0.8865 1.00065
vt 0.77502 0.95964
vt 0.84864 0.92904
vt 0.87739 0.89507
vt 0.91222 0.92398
vt 0.84907 0.96219
vt 0.25483 0.92552
vt 0.17021 0.91965
vt 0.12641 0.87271
vt 0.01901 0.93919
vt 0.1009 0.92277
vt 0.14208 0.98809
vt 0.17534 0.95712
vt 0.10603 0.96025
vt 0.14899 0.24213
vt 0.17635 0.29149
vt 0.10289 0.23799
vt 0.04439 0.5061
vt 0.05045 0.53412
vt 0.02215 0.57272
vt 0.0612 0.54637
vt 0.07196 0.52396
vt 0.05763 0.57175
vt 0.06643 0.60486
vt 0.08102 0.56452
vt 0.08257 0.54257
vt 0.10177 0.53419
vt 0.94438 0.79773
vt 0.91511 0.79459
vt 0.90597 0.83357
vt 0.84287 0.86203
vt 0.79185 0.84844
vt 0.74872 0.88956
vt 0.7036 0.85029
vt 0.6426 0.8718
vt 0.84317 0.6309
vt 0.84458 0.63828
vt 0.84641 0.62948
vt 0.71498 0.63731
vt 0.72646 0.64589
vt 0.7349 0.64319
vt 0.865 0.8247
vt 0.96267 0.77107
vt 0.94749 0.76644
vt 0.26871 0.71048
vt 0.21453 0.76555
vt 0.26871 0.80475
vt 0.19198 0.81546
vt 0.12792 0.73215
vt 0.26881 0.26713
vt 0.23896 0.29434
vt 0.26867 0.32824
vt 0.21504 0.31796
vt 0.26905 0.23558
vt 0.24189 0.24754
vt 0.65294 0.62553
vt 0.68946 0.64813
vt 0.87009 0.6346
vt 0.88997 0.62153
vt 0.91713 0.6451
vt 0.96027 0.63928
vt 0.9614 0.66224
vt 0.98102 0.63924
vt 0.27028 0.13687
vt 0.23263 0.16321
vt 0.26941 0.17513
vt 0.24268 0.19486
vt 0.26914 0.20864
vt 0.24447 0.2236
vt 0.18952 0.65308
vt 0.11328 0.68166
vt 0.17083 0.55562
vt 0.26871 0.58669
vt 0.19707 0.29031
vt 0.14702 0.41879
vt 0.1594 0.42698
vt 0.16921 0.41935
vt 0.16687 0.4343
vt 0.15157 0.43573
vt 0.10136 0.38832
vt 0.16408 0.3958
vt 0.2538 0.39304
vt 0.18865 0.40838
vt 0.10719 0.4066
vt 0.0811 0.4402
vt 0.13579 0.44979
vt 0.13725 0.46624
vt -0.05224 0.43695
vt 0.20358 0.42501
vt 0.1832 0.45546
vt 0.17696 0.4435
vt 0.15828 0.457
vt 0.06469 0.40332
vt 0.09695 0.38912
vt 0.12742 0.5698
vt 0.10184 0.55702
vt 0.11517 0.49683
vt 0.08562 0.4792
vt 0.08762 0.50816
vt 0.22411 0.50118
vt 0.21609 0.52853
vt 0.2687 0.51418
vt 0.15268 0.48136
vt 0.2688 0.37957
vt 0.24148 0.35313
vt 0.24273 0.37989
vt 0.21449 0.34793
vt 0.24764 0.4845
vt 0.23165 0.46103
vt 0.2687 0.4555
vt 0.19222 0.3331
vt 0.16481 0.3678
vt 0.15635 0.40967
vt 0.17954 0.42641
vt 0.15891 0.44467
vt 0.1348 0.42823
vt 0.77657 0.64471
vt 0.72239 0.58582
vt 0.6518 0.54121
vt 0.6943 0.55423
vt 0.7752 0.58332
vt 0.65634 0.52652
vt 0.61125 0.50262
vt 0.6806 0.50058
vt 0.9712 0.49678
vt 0.90322 0.52798
vt 0.89658 0.5666
vt 0.85904 0.55354
vt 0.87406 0.4969
vt 0.82939 0.59006
vt 0.7253 0.54009
vt 0.77314 0.4975
vt 0.8247 0.53712
vt 0.64197 0.73703
vt 0.61964 0.73736
vt 0.60433 0.75973
vt 0.6083 0.71472
vt 0.66713 0.71228
vt 0.66341 0.76298
vt 0.54698 0.81774
vt 0.61774 0.81378
vt 0.62436 0.66752
vt 0.55686 0.64856
vt 0.56842 0.73382
vt 0.52914 0.74389
vt 0.53882 0.71452
vt 0.5316 0.76806
vt 0.44583 0.7485
vt 0.54712 0.6916
vt 0.48116 0.68686
vt 0.49941 0.72422
vt 0.79643 0.32888
vt 0.8169 0.33812
vt 0.83868 0.33065
vt 0.83869 0.3517
vt 0.79393 0.33878
vt 0.77373 0.33789
vt 0.74951 0.35274
vt 0.75544 0.32879
vt 0.85951 0.33557
vt 0.87484 0.34176
vt 0.87893 0.32266
vt 0.89426 0.35081
vt 0.86172 0.35431
vt 0.89012 0.30264
vt 0.90063 0.32551
vt 0.93219 0.31555
vt 0.73056 0.32695
vt 0.71311 0.32822
vt 0.72296 0.35032
vt 0.67874 0.32863
vt 0.71632 0.30713
vt 0.85628 0.32452
vt 0.84324 0.31169
vt 0.81933 0.31943
vt 0.79978 0.30429
vt 0.80632 0.27178
vt 0.82524 0.29464
vt 0.85088 0.28758
vt 0.86722 0.30781
vt 0.74009 0.31693
vt 0.75657 0.3025
vt 0.70258 0.26792
vt 0.73303 0.28679
vt 0.75555 0.26631
vt 0.77943 0.28626
vt 0.77674 0.31673
vt 0.8941 0.26206
vt 0.8927 0.23842
vt 0.86374 0.24574
vt 0.88294 0.20865
vt 0.9248 0.24656
vt 0.81401 0.2316
vt 0.84795 0.21805
vt 0.82354 0.18737
vt 0.70438 0.22703
vt 0.71852 0.20192
vt 0.6737 0.19559
vt 0.74809 0.17359
vt 0.75381 0.22032
vt 0.78543 0.20184
vt 0.83465 0.25964
vt 0.7281 0.24424
vt 0.91087 0.28141
vt 0.78274 0.24664
vt 0.87545 0.27471
vt 0.948 0.28051
vt 0.95645 0.2558
vt 0.97274 0.30363
vt 0.37077 0.15617
vt 0.40407 0.18854
vt 0.43269 0.16816
vt 0.44994 0.21664
vt 0.36632 0.21219
vt 0.3431 0.19204
vt 0.31916 0.21195
vt 0.31807 0.18311
vt 0.33292 0.22944
vt 0.33175 0.25995
vt 0.30923 0.23483
vt 0.63266 0.9376
vt 0.62931 0.95827
vt 0.65907 0.95678
vt 0.62793 0.97207
vt 0.60146 0.95492
vt 0.37413 0.93216
vt 0.37409 0.91351
vt 0.34919 0.91288
vt 0.37467 0.9004
vt 0.40067 0.91884
vt 0.27535 0.91797
vt 0.34411 0.93473
vt 0.37155 0.98211
vt 0.48077 0.93868
vt 0.40683 0.90628
vt 0.38004 0.87271
vt 0.34573 0.89972
vt 0.40521 0.94128
vt 0.51502 0.9357
vt 0.59963 0.92983
vt 0.64343 0.88289
vt 0.75083 0.94937
vt 0.66894 0.93296
vt 0.62776 0.99827
vt 0.5945 0.9673
vt 0.66381 0.97043
vt 0.38942 0.2437
vt 0.43626 0.24086
vt 0.36074 0.29291
vt 0.47927 0.62121
vt 0.48552 0.56954
vt 0.46325 0.56667
vt 0.48531 0.54359
vt 0.51945 0.53819
vt 0.49555 0.53035
vt 0.47602 0.52329
vt 0.49639 0.52284
vt 0.46509 0.54022
vt 0.4468 0.52777
vt 0.94467 0.20194
vt 0.91484 0.20467
vt 0.9045 0.16512
vt 0.83944 0.1369
vt 0.7887 0.1519
vt 0.74297 0.11117
vt 0.7001 0.15256
vt 0.63709 0.13245
vt 0.85032 0.36804
vt 0.85122 0.3608
vt 0.85298 0.36884
vt 0.72398 0.3666
vt 0.73447 0.35717
vt 0.7429 0.35935
vt 0.86345 0.17456
vt 0.96347 0.2304
vt 0.94786 0.23344
vt 0.32288 0.76555
vt 0.40949 0.73215
vt 0.34543 0.81546
vt 0.29814 0.29442
vt 0.32194 0.31772
vt 0.29558 0.24761
vt 0.66036 0.38255
vt 0.69659 0.35639
vt 0.87613 0.36472
vt 0.89358 0.379
vt 0.92105 0.3528
vt 0.96188 0.35679
vt 0.9627 0.33339
vt 0.98198 0.35575
vt 0.30677 0.16291
vt 0.29519 0.19436
vt 0.29317 0.22346
vt 0.34789 0.65308
vt 0.36658 0.55562
vt 0.42413 0.68166
vt 0.34003 0.29082
vt 0.38897 0.41394
vt 0.3771 0.42245
vt 0.38545 0.43106
vt 0.37009 0.42997
vt 0.36683 0.415
vt 0.43269 0.3823
vt 0.37051 0.39123
vt 0.42799 0.40079
vt 0.34675 0.40443
vt 0.28074 0.3905
vt 0.45611 0.43395
vt 0.58908 0.42766
vt 0.40163 0.46138
vt 0.40208 0.44483
vt 0.33285 0.42148
vt 0.36058 0.43944
vt 0.35508 0.45159
vt 0.38006 0.45258
vt 0.47023 0.39653
vt 0.43714 0.383
vt 0.46843 0.48133
vt 0.46226 0.50666
vt 0.43317 0.4904
vt 0.4018 0.54487
vt 0.44058 0.55139
vt 0.3133 0.50118
vt 0.32131 0.52853
vt 0.38473 0.48136
vt 0.2959 0.35321
vt 0.32351 0.34836
vt 0.29492 0.38013
vt 0.28977 0.4845
vt 0.30576 0.46103
vt 0.34495 0.33186
vt 0.37212 0.36143
vt 0.37907 0.40499
vt 0.35695 0.42233
vt 0.37867 0.44021
vt 0.40174 0.42315
vt 0.77657 0.34953
vt 0.72166 0.41056
vt 0.77532 0.41173
vt 0.69423 0.4441
vt 0.64957 0.45769
vt 0.65553 0.47497
vt 0.90321 0.4657
vt 0.85855 0.44035
vt 0.89656 0.42714
vt 0.82946 0.40409
vt 0.72509 0.45752
vt 0.82479 0.45678
vt 0.64447 0.26849
vt 0.6195 0.26929
vt 0.60421 0.29264
vt 0.60323 0.24779
vt 0.66974 0.29187
vt 0.66549 0.24203
vt 0.54281 0.18958
vt 0.61513 0.19225
vt 0.62559 0.34022
vt 0.55607 0.36469
vt 0.56464 0.27564
vt 0.53428 0.29673
vt 0.5257 0.26629
vt 0.52834 0.24086
vt 0.44053 0.26165
vt 0.54293 0.31972
vt 0.47661 0.32588
vt 0.49504 0.28718
usemtl spot
f 739/1 735/2 736/3
f 189/4 736/3 735/2
f 192/5 738/6 737/7
f 739/1 737/7 738/6
f 190/8 741/9 740/10
f 743/11 740/10 741/9
f 736/3 189/4 743/11
f 742/12 743/11 189/4
f 745/13 747/14 191/15
f 744/16 191/15 747/14
f 746/17 747/14 190/8
f 741/9 190/8 747/14
f 748/18 192/5 750/19
f 737/7 750/19 192/5
f 191/15 749/20 745/13
f 750/19 745/13 749/20
f 752/21 754/22 194/23
f 751/24 194/23 754/22
f 753/25 189/4 754/22
f 735/2 754/22 189/4
f 195/26 756/27 755/28
f 758/29 755/28 756/27
f 194/23 757/30 752/21
f 758/29 752/21 757/30
f 759/31 196/32 762/33
f 760/34 762/33 196/32
f 761/35 762/33 195/26
f 756/27 195/26 762/33
f 764/36 742/12 753/25
f 189/4 753/25 742/12
f 196/32 763/37 760/34
f 764/36 760/34 763/37
f 769/38 765/39 766/40
f 198/41 766/40 765/39
f 768/42 769/38 201/43
f 767/44 201/43 769/38
f 771/45 773/46 199/47
f 770/48 199/47 773/46
f 772/49 773/46 198/41
f 766/40 198/41 773/46
f 200/50 775/51 774/52
f 777/53 774/52 775/51
f 199/47 776/54 771/45
f 777/53 771/45 776/54
f 201/43 767/44 778/55
f 780/56 778/55 767/44
f 779/57 780/56 200/50
f 775/51 200/50 780/56
f 782/58 785/59 203/60
f 781/61 203/60 785/59
f 784/62 785/59 205/63
f 783/64 205/63 785/59
f 200/50 786/65 779/57
f 788/66 779/57 786/65
f 203/60 787/67 782/58
f 788/66 782/58 787/67
f 790/68 791/69 204/70
f 789/71 204/70 791/69
f 774/52 791/69 200/50
f 786/65 200/50 791/69
f 205/63 783/64 792/72
f 794/73 792/72 783/64
f 204/70 793/74 790/68
f 794/73 790/68 793/74
f 796/75 799/76 207/77
f 795/78 207/77 799/76
f 210/79 798/80 797/81
f 799/76 797/81 798/80
f 208/82 801/83 800/84
f 803/85 800/84 801/83
f 207/77 802/86 796/75
f 803/85 796/75 802/86
f 209/87 805/88 804/89
f 807/90 804/89 805/88
f 806/91 807/90 208/82
f 801/83 208/82 807/90
f 797/81 810/92 210/79
f 808/93 210/79 810/92
f 809/94 810/92 209/87
f 805/88 209/87 810/92
f 201/43 811/95 768/42
f 814/96 768/42 811/95
f 214/97 813/98 812/99
f 814/96 812/99 813/98
f 816/100 817/101 212/102
f 815/103 212/102 817/101
f 778/55 817/101 201/43
f 811/95 201/43 817/101
f 213/104 819/105 818/106
f 821/107 818/106 819/105
f 212/102 820/108 816/100
f 821/107 816/100 820/108
f 812/99 824/109 214/97
f 822/110 214/97 824/109
f 823/111 824/109 213/104
f 819/105 213/104 824/109
f 825/112 828/113 192/5
f 738/6 192/5 828/113
f 827/114 828/113 217/115
f 826/116 217/115 828/113
f 213/104 829/117 823/111
f 830/118 823/111 829/117
f 830/118 825/112 748/18
f 192/5 748/18 825/112
f 832/119 833/120 216/121
f 831/122 216/121 833/120
f 818/106 833/120 213/104
f 829/117 213/104 833/120
f 217/115 826/116 834/123
f 836/124 834/123 826/116
f 216/121 835/125 832/119
f 836/124 832/119 835/125
f 219/126 838/127 837/128
f 841/129 837/128 838/127
f 839/130 221/131 841/129
f 840/132 841/129 221/131
f 842/133 844/134 216/121
f 835/125 216/121 844/134
f 843/135 844/134 219/126
f 838/127 219/126 844/134
f 847/136 845/137 846/138
f 220/139 846/138 845/137
f 216/121 831/122 842/133
f 847/136 842/133 831/122
f 850/140 848/141 839/130
f 221/131 839/130 848/141
f 846/138 220/139 850/140
f 849/142 850/140 220/139
f 223/143 852/144 851/145
f 854/146 851/145 852/144
f 203/60 781/61 853/147
f 854/146 853/147 781/61
f 220/139 855/148 849/142
f 857/149 849/142 855/148
f 852/144 223/143 857/149
f 856/150 857/149 223/143
f 820/108 212/102 859/151
f 858/152 859/151 212/102
f 845/137 859/151 220/139
f 855/148 220/139 859/151
f 787/67 203/60 860/153
f 853/147 860/153 203/60
f 212/102 815/103 858/152
f 860/153 858/152 815/103
f 225/154 862/155 861/156
f 864/157 861/156 862/155
f 207/77 795/78 863/158
f 864/157 863/158 795/78
f 866/159 868/160 226/161
f 865/162 226/161 868/160
f 867/163 868/160 225/154
f 862/155 225/154 868/160
f 227/164 870/165 869/166
f 872/167 869/166 870/165
f 226/161 871/168 866/159
f 872/167 866/159 871/168
f 863/158 874/169 207/77
f 802/86 207/77 874/169
f 873/170 874/169 227/164
f 870/165 227/164 874/169
f 876/171 879/172 229/173
f 875/174 229/173 879/172
f 877/175 231/176 879/172
f 878/177 879/172 231/176
f 227/164 880/178 873/170
f 882/179 873/170 880/178
f 229/173 881/180 876/171
f 882/179 876/171 881/180
f 884/181 885/182 230/183
f 883/184 230/183 885/182
f 869/166 885/182 227/164
f 880/178 227/164 885/182
f 888/185 886/186 877/175
f 231/176 877/175 886/186
f 230/183 887/187 884/181
f 888/185 884/181 887/187
f 892/188 889/189 890/190
f 233/191 890/190 889/189
f 892/188 891/192 837/128
f 219/126 837/128 891/192
f 893/193 895/194 230/183
f 887/187 230/183 895/194
f 894/195 895/194 233/191
f 890/190 233/191 895/194
f 234/196 897/197 896/198
f 898/199 896/198 897/197
f 230/183 883/184 893/193
f 898/199 893/193 883/184
f 900/200 843/135 891/192
f 219/126 891/192 843/135
f 899/201 900/200 234/196
f 897/197 234/196 900/200
f 217/115 901/202 827/114
f 903/203 827/114 901/202
f 194/23 751/24 902/204
f 903/203 902/204 751/24
f 234/196 904/205 899/201
f 905/206 899/201 904/205
f 834/123 905/206 217/115
f 901/202 217/115 905/206
f 906/207 907/208 226/161
f 871/168 226/161 907/208
f 896/198 907/208 234/196
f 904/205 234/196 907/208
f 908/209 757/30 902/204
f 194/23 902/204 757/30
f 226/161 865/162 906/207
f 908/209 906/207 865/162
f 910/210 913/211 237/212
f 909/213 237/212 913/211
f 912/214 913/211 240/215
f 911/216 240/215 913/211
f 238/217 915/218 914/219
f 917/220 914/219 915/218
f 917/220 910/210 916/221
f 237/212 916/221 910/210
f 918/222 239/223 921/224
f 919/225 921/224 239/223
f 920/226 921/224 238/217
f 915/218 238/217 921/224
f 240/215 911/216 922/227
f 924/228 922/227 911/216
f 239/223 923/229 919/225
f 924/228 919/225 923/229
f 926/230 929/231 242/232
f 925/233 242/232 929/231
f 929/231 927/234 928/235
f 244/236 928/235 927/234
f 239/223 930/237 923/229
f 932/238 923/229 930/237
f 242/232 931/239 926/230
f 932/238 926/230 931/239
f 934/240 935/241 243/242
f 933/243 243/242 935/241
f 918/222 935/241 239/223
f 930/237 239/223 935/241
f 938/244 936/245 927/234
f 244/236 927/234 936/245
f 243/242 937/246 934/240
f 938/244 934/240 937/246
f 246/247 940/248 939/249
f 943/250 939/249 940/248
f 249/251 942/252 941/253
f 943/250 941/253 942/252
f 945/254 947/255 247/256
f 944/257 247/256 947/255
f 946/258 947/255 246/247
f 940/248 246/247 947/255
f 951/259 948/260 949/261
f 248/262 949/261 948/260
f 247/256 950/263 945/254
f 951/259 945/254 950/263
f 952/264 249/251 954/265
f 941/253 954/265 249/251
f 953/266 954/265 248/262
f 949/261 248/262 954/265
f 955/267 958/268 244/236
f 928/235 244/236 958/268
f 957/269 958/268 252/270
f 956/271 252/270 958/268
f 251/272 960/273 959/274
f 961/275 959/274 960/273
f 244/236 936/245 955/267
f 961/275 955/267 936/245
f 962/276 964/277 247/256
f 950/263 247/256 964/277
f 963/278 964/277 251/272
f 960/273 251/272 964/277
f 252/270 956/271 965/279
f 966/280 965/279 956/271
f 247/256 944/257 962/276
f 966/280 962/276 944/257
f 221/131 967/281 840/132
f 970/282 840/132 967/281
f 255/283 969/284 968/285
f 970/282 968/285 969/284
f 972/286 973/287 254/288
f 971/289 254/288 973/287
f 848/141 973/287 221/131
f 967/281 221/131 973/287
f 976/290 931/239 974/291
f 242/232 974/291 931/239
f 254/288 975/292 972/286
f 976/290 972/286 975/292
f 968/285 978/293 255/283
f 977/294 255/283 978/293
f 974/291 242/232 978/293
f 925/233 978/293 242/232
f 980/295 982/296 257/297
f 979/298 257/297 982/296
f 886/186 982/296 231/176
f 981/299 231/176 982/296
f 985/300 946/258 983/301
f 246/247 983/301 946/258
f 257/297 984/302 980/295
f 985/300 980/295 984/302
f 258/303 987/304 986/305
f 988/306 986/305 987/304
f 246/247 939/249 983/301
f 988/306 983/301 939/249
f 231/176 981/299 878/177
f 990/307 878/177 981/299
f 990/307 987/304 989/308
f 258/303 989/308 987/304
f 991/309 260/310 994/311
f 992/312 994/311 260/310
f 792/72 994/311 205/63
f 993/313 205/63 994/311
f 916/221 237/212 997/314
f 995/315 997/314 237/212
f 260/310 996/316 992/312
f 997/314 992/312 996/316
f 999/317 1000/318 261/319
f 998/320 261/319 1000/318
f 237/212 909/213 995/315
f 1000/318 995/315 909/213
f 205/63 993/313 784/62
f 1002/321 784/62 993/313
f 1002/321 999/317 1001/322
f 261/319 1001/322 999/317
f 1003/323 1005/324 257/297
f 984/302 257/297 1005/324
f 965/279 1005/324 252/270
f 1004/325 252/270 1005/324
f 233/191 1006/326 894/195
f 1007/327 894/195 1006/326
f 257/297 979/298 1003/323
f 1007/327 1003/323 979/298
f 1008/328 1009/329 255/283
f 969/284 255/283 1009/329
f 889/189 1009/329 233/191
f 1006/326 233/191 1009/329
f 252/270 1004/325 957/269
f 1010/330 957/269 1004/325
f 255/283 977/294 1008/328
f 1010/330 1008/328 977/294
f 223/143 1011/331 856/150
f 1013/332 856/150 1011/331
f 254/288 971/289 1012/333
f 1013/332 1012/333 971/289
f 1014/334 1015/335 261/319
f 1001/322 261/319 1015/335
f 851/145 1015/335 223/143
f 1011/331 223/143 1015/335
f 240/215 1016/336 912/214
f 1017/337 912/214 1016/336
f 261/319 998/320 1014/334
f 1017/337 1014/334 998/320
f 1012/333 1018/338 254/288
f 975/292 254/288 1018/338
f 922/227 1018/338 240/215
f 1016/336 240/215 1018/338
f 1019/339 265/340 1022/341
f 1020/342 1022/341 265/340
f 1022/341 1021/343 991/309
f 260/310 991/309 1021/343
f 1023/344 266/345 1026/346
f 1024/347 1026/346 266/345
f 1025/348 1026/346 265/340
f 1020/342 265/340 1026/346
f 1030/349 1027/350 1028/351
f 267/352 1028/351 1027/350
f 266/345 1029/353 1024/347
f 1030/349 1024/347 1029/353
f 1021/343 1032/354 260/310
f 996/316 260/310 1032/354
f 1028/351 267/352 1032/354
f 1031/355 1032/354 267/352
f 269/356 1034/357 1033/358
f 1036/359 1033/358 1034/357
f 1036/359 1035/360 1023/361
f 266/362 1023/361 1035/360
f 1038/363 1040/364 270/365
f 1037/366 270/365 1040/364
f 1039/367 1040/364 269/356
f 1034/357 269/356 1040/364
f 1044/368 1041/369 1042/370
f 271/371 1042/370 1041/369
f 270/365 1043/372 1038/363
f 1044/368 1038/363 1043/372
f 1035/360 1046/373 266/362
f 1029/374 266/362 1046/373
f 1042/370 271/371 1046/373
f 1045/375 1046/373 271/371
f 1048/376 1050/377 273/378
f 1047/379 273/378 1050/377
f 1033/358 1050/377 269/356
f 1049/380 269/356 1050/377
f 274/381 1052/382 1051/383
f 1054/384 1051/383 1052/382
f 273/378 1053/385 1048/376
f 1054/384 1048/376 1053/385
f 1056/386 1058/387 275/388
f 1055/389 275/388 1058/387
f 1057/390 1058/387 274/381
f 1052/382 274/381 1058/387
f 269/356 1049/380 1039/367
f 1060/391 1039/367 1049/380
f 275/388 1059/392 1056/386
f 1060/391 1056/386 1059/392
f 1061/393 1064/394 275/388
f 1059/392 275/388 1064/394
f 1063/395 1064/394 279/396
f 1062/397 279/396 1064/394
f 277/398 1066/399 1065/400
f 1067/401 1065/400 1066/399
f 275/388 1055/389 1061/393
f 1067/401 1061/393 1055/389
f 278/402 1069/403 1068/404
f 1071/405 1068/404 1069/403
f 1070/406 1071/405 277/398
f 1066/399 277/398 1071/405
f 279/396 1062/397 1072/407
f 1074/408 1072/407 1062/397
f 1073/409 1074/408 278/402
f 1069/403 278/402 1074/408
f 1076/410 1079/411 281/412
f 1075/413 281/412 1079/411
f 1077/414 284/415 1079/411
f 1078/416 1079/411 284/415
f 1081/417 1083/418 282/419
f 1080/420 282/419 1083/418
f 281/412 1082/421 1076/410
f 1083/418 1076/410 1082/421
f 283/422 1085/423 1084/424
f 1087/425 1084/424 1085/423
f 282/419 1086/426 1081/417
f 1087/425 1081/417 1086/426
f 284/415 1077/414 1088/427
f 1090/428 1088/427 1077/414
f 1090/428 1085/423 1089/429
f 283/422 1089/429 1085/423
f 1092/430 1095/431 286/432
f 1091/433 286/432 1095/431
f 1095/431 1093/434 1094/435
f 289/436 1094/435 1093/434
f 1097/437 1099/438 287/439
f 1096/440 287/439 1099/438
f 286/432 1098/441 1092/430
f 1099/438 1092/430 1098/441
f 288/442 1101/443 1100/444
f 1103/445 1100/444 1101/443
f 287/439 1102/446 1097/437
f 1103/445 1097/437 1102/446
f 289/436 1093/434 1104/447
f 1106/448 1104/447 1093/434
f 1101/443 288/442 1106/448
f 1105/449 1106/448 288/442
f 225/450 1107/451 867/452
f 1110/453 867/452 1107/451
f 292/454 1109/455 1108/456
f 1110/453 1108/456 1109/455
f 1112/457 1113/458 291/459
f 1111/460 291/459 1113/458
f 861/461 1113/458 225/450
f 1107/451 225/450 1113/458
f 289/436 1114/462 1094/435
f 1116/463 1094/435 1114/462
f 291/459 1115/464 1112/457
f 1116/463 1112/457 1115/464
f 1108/456 1118/465 292/454
f 1117/466 292/454 1118/465
f 289/436 1104/447 1114/462
f 1118/465 1114/462 1104/447
f 1120/467 1123/468 294/469
f 1119/470 294/469 1123/468
f 1122/471 1123/468 296/472
f 1121/473 296/472 1123/468
f 1127/474 1124/475 1125/476
f 295/477 1125/476 1124/475
f 294/469 1126/478 1120/467
f 1127/474 1120/467 1126/478
f 1128/479 1130/480 287/439
f 1102/446 287/439 1130/480
f 295/477 1129/481 1125/476
f 1130/480 1125/476 1129/481
f 296/472 1121/473 1131/482
f 1132/483 1131/482 1121/473
f 287/439 1096/440 1128/479
f 1132/483 1128/479 1096/440
f 1133/484 1135/485 292/454
f 1109/455 292/454 1135/485
f 755/486 1135/485 195/487
f 1134/488 195/487 1135/485
f 288/442 1136/489 1105/449
f 1137/490 1105/449 1136/489
f 292/454 1117/466 1133/484
f 1137/490 1133/484 1117/466
f 295/477 1138/491 1129/481
f 1139/492 1129/481 1138/491
f 1136/489 288/442 1139/492
f 1100/444 1139/492 288/442
f 195/487 1134/488 761/493
f 1140/494 761/493 1134/488
f 295/477 1124/475 1138/491
f 1140/494 1138/491 1124/475
f 1143/495 1122/471 1141/496
f 296/472 1141/496 1122/471
f 1143/495 1142/497 808/498
f 210/499 808/498 1142/497
f 1144/500 1145/501 286/432
f 1098/441 286/432 1145/501
f 1141/496 296/472 1145/501
f 1131/482 1145/501 296/472
f 291/459 1146/502 1115/464
f 1147/503 1115/464 1146/502
f 286/432 1091/433 1144/500
f 1147/503 1144/500 1091/433
f 1142/497 1148/504 210/499
f 798/505 210/499 1148/504
f 1146/502 291/459 1148/504
f 1111/460 1148/504 291/459
f 300/506 1150/507 1149/508
f 1152/509 1149/508 1150/507
f 214/510 822/511 1151/512
f 1152/509 1151/512 822/511
f 1153/513 1155/514 281/412
f 1082/421 281/412 1155/514
f 1150/507 300/506 1155/514
f 1154/515 1155/514 300/506
f 301/516 1157/517 1156/518
f 1158/519 1156/518 1157/517
f 281/412 1075/413 1153/513
f 1158/519 1153/513 1075/413
f 1151/512 1160/520 214/510
f 813/521 214/510 1160/520
f 1157/517 301/516 1160/520
f 1159/522 1160/520 301/516
f 198/523 1161/524 772/525
f 1164/526 772/525 1161/524
f 1164/526 1162/527 1163/528
f 303/529 1163/528 1162/527
f 1165/530 1166/531 301/516
f 1159/522 301/516 1166/531
f 765/532 1166/531 198/523
f 1161/524 198/523 1166/531
f 284/415 1167/533 1078/416
f 1168/534 1078/416 1167/533
f 301/516 1156/518 1165/530
f 1168/534 1165/530 1156/518
f 1162/527 1170/535 303/529
f 1169/536 303/529 1170/535
f 1167/533 284/415 1170/535
f 1088/427 1170/535 284/415
f 305/537 1172/538 1171/539
f 1174/540 1171/539 1172/538
f 191/541 744/542 1173/543
f 1174/540 1173/543 744/542
f 1175/544 1177/545 282/419
f 1086/426 282/419 1177/545
f 1176/546 1177/545 305/537
f 1172/538 305/537 1177/545
f 300/506 1178/547 1154/515
f 1179/548 1154/515 1178/547
f 282/419 1080/420 1175/544
f 1179/548 1175/544 1080/420
f 1173/543 1180/549 191/541
f 749/550 191/541 1180/549
f 1149/508 1180/549 300/506
f 1178/547 300/506 1180/549
f 1181/551 1184/552 303/529
f 1163/528 303/529 1184/552
f 1183/553 1184/552 307/554
f 1182/555 307/554 1184/552
f 283/422 1185/556 1089/429
f 1186/557 1089/429 1185/556
f 303/529 1169/536 1181/551
f 1186/557 1181/551 1169/536
f 305/537 1187/558 1176/546
f 1188/559 1176/546 1187/558
f 283/422 1084/424 1185/556
f 1188/559 1185/556 1084/424
f 307/554 1182/555 1189/560
f 1190/561 1189/560 1182/555
f 1171/539 1190/561 305/537
f 1187/558 305/537 1190/561
f 1192/562 1194/563 309/564
f 1191/565 309/564 1194/563
f 1072/407 1194/563 279/396
f 1193/566 279/396 1194/563
f 1195/567 310/568 1198/569
f 1196/570 1198/569 310/568
f 1192/562 309/564 1198/569
f 1197/571 1198/569 309/564
f 1202/572 1199/573 1200/574
f 311/575 1200/574 1199/573
f 310/568 1201/576 1196/570
f 1202/572 1196/570 1201/576
f 1203/577 1205/578 270/365
f 1043/372 270/365 1205/578
f 1200/574 311/575 1205/578
f 1204/579 1205/578 311/575
f 279/396 1193/566 1063/395
f 1206/580 1063/395 1193/566
f 270/365 1037/366 1203/577
f 1206/580 1203/577 1037/366
f 1208/581 1211/582 313/583
f 1207/584 313/583 1211/582
f 1210/585 1211/582 316/586
f 1209/587 316/586 1211/582
f 314/588 1213/589 1212/590
f 1215/591 1212/590 1213/589
f 313/583 1214/592 1208/581
f 1215/591 1208/581 1214/592
f 315/593 1217/594 1216/595
f 1219/596 1216/595 1217/594
f 1219/596 1213/589 1218/597
f 314/588 1218/597 1213/589
f 1209/587 1222/598 316/586
f 1220/599 316/586 1222/598
f 1221/600 1222/598 315/593
f 1217/594 315/593 1222/598
f 1223/601 1225/602 310/603
f 1201/604 310/603 1225/602
f 1212/590 1225/602 314/588
f 1224/605 314/588 1225/602
f 318/606 1227/607 1226/608
f 1228/609 1226/608 1227/607
f 1228/609 1223/601 1195/610
f 310/603 1195/610 1223/601
f 1230/611 1232/612 319/613
f 1229/614 319/613 1232/612
f 1231/615 1232/612 318/606
f 1227/607 318/606 1232/612
f 314/588 1224/605 1218/597
f 1234/616 1218/597 1224/605
f 319/613 1233/617 1230/611
f 1234/616 1230/611 1233/617
f 1236/618 1238/619 321/620
f 1235/621 321/620 1238/619
f 1237/622 319/613 1238/619
f 1229/614 1238/619 319/613
f 322/623 1240/624 1239/625
f 1242/626 1239/625 1240/624
f 321/620 1241/627 1236/618
f 1242/626 1236/618 1241/627
f 315/593 1243/628 1221/600
f 1245/629 1221/600 1243/628
f 1240/624 322/623 1245/629
f 1244/630 1245/629 322/623
f 319/613 1237/622 1233/617
f 1246/631 1233/617 1237/622
f 1246/631 1243/628 1216/595
f 315/593 1216/595 1243/628
f 324/632 1248/633 1247/634
f 1251/635 1247/634 1248/633
f 326/636 1250/637 1249/638
f 1251/635 1249/638 1250/637
f 1253/639 1255/640 325/641
f 1252/642 325/641 1255/640
f 1254/643 1255/640 324/632
f 1248/633 324/632 1255/640
f 238/217 1256/644 920/226
f 1258/645 920/226 1256/644
f 325/641 1257/646 1253/639
f 1258/645 1253/639 1257/646
f 1249/638 1260/647 326/636
f 1259/648 326/636 1260/647
f 914/219 1260/647 238/217
f 1256/644 238/217 1260/647
f 1265/649 1261/650 1262/651
f 328/652 1262/651 1261/650
f 330/653 1264/654 1263/655
f 1265/649 1263/655 1264/654
f 1267/656 1269/657 329/658
f 1266/659 329/658 1269/657
f 1262/651 328/652 1269/657
f 1268/660 1269/657 328/652
f 251/272 1270/661 963/278
f 1272/662 963/278 1270/661
f 1272/662 1267/656 1271/663
f 329/658 1271/663 1267/656
f 1263/655 1274/664 330/653
f 1273/665 330/653 1274/664
f 959/274 1274/664 251/272
f 1270/661 251/272 1274/664
f 1278/666 1275/667 1276/668
f 332/669 1276/668 1275/667
f 329/658 1266/659 1277/670
f 1278/666 1277/670 1266/659
f 1280/671 1282/672 333/673
f 1279/674 333/673 1282/672
f 1276/668 332/669 1282/672
f 1281/675 1282/672 332/669
f 1285/676 953/266 1283/677
f 248/262 1283/677 953/266
f 333/673 1284/678 1280/671
f 1285/676 1280/671 1284/678
f 1271/663 329/658 1286/679
f 1277/670 1286/679 329/658
f 948/260 1286/679 248/262
f 1283/677 248/262 1286/679
f 335/680 1288/681 1287/682
f 1291/683 1287/682 1288/681
f 337/684 1290/685 1289/686
f 1291/683 1289/686 1290/685
f 1293/687 1295/688 336/689
f 1292/690 336/689 1295/688
f 1288/681 335/680 1295/688
f 1294/691 1295/688 335/680
f 1298/692 1183/693 1296/694
f 307/695 1296/694 1183/693
f 1298/692 1293/687 1297/696
f 336/689 1297/696 1293/687
f 1289/686 1300/697 337/684
f 1299/698 337/684 1300/697
f 1296/694 307/695 1300/697
f 1189/699 1300/697 307/695
f 1302/700 1305/701 339/702
f 1301/703 339/702 1305/701
f 1304/704 1305/701 341/705
f 1303/706 341/705 1305/701
f 340/707 1307/708 1306/709
f 1309/710 1306/709 1307/708
f 1309/710 1302/700 1308/711
f 339/702 1308/711 1302/700
f 1310/712 1312/713 294/714
f 1126/715 294/714 1312/713
f 1307/708 340/707 1312/713
f 1311/716 1312/713 340/707
f 341/705 1303/706 1313/717
f 1314/718 1313/717 1303/706
f 294/714 1119/719 1310/712
f 1314/718 1310/712 1119/719
f 1318/720 1315/721 1316/722
f 343/723 1316/722 1315/721
f 325/641 1252/642 1317/724
f 1318/720 1317/724 1252/642
f 1319/725 1321/726 330/653
f 1264/654 330/653 1321/726
f 1316/722 343/723 1321/726
f 1320/727 1321/726 343/723
f 243/242 1322/728 937/246
f 1323/729 937/246 1322/728
f 1323/729 1319/725 1273/665
f 330/653 1273/665 1319/725
f 1317/724 1324/730 325/641
f 1257/646 325/641 1324/730
f 933/243 1324/730 243/242
f 1322/728 243/242 1324/730
f 345/731 1326/732 1325/733
f 1329/734 1325/733 1326/732
f 346/735 1328/736 1327/737
f 1329/734 1327/737 1328/736
f 1330/738 1332/739 326/636
f 1250/637 326/636 1332/739
f 1331/740 1332/739 345/731
f 1326/732 345/731 1332/739
f 267/352 1333/741 1031/355
f 1334/742 1031/355 1333/741
f 326/636 1259/648 1330/738
f 1334/742 1330/738 1259/648
f 1335/743 346/735 1336/744
f 1327/737 1336/744 346/735
f 1027/350 1336/744 267/352
f 1333/741 267/352 1336/744
f 1341/745 1337/746 1338/747
f 348/748 1338/747 1337/746
f 349/749 1340/750 1339/751
f 1341/745 1339/751 1340/750
f 1342/752 1344/753 346/754
f 1328/755 346/754 1344/753
f 1338/747 348/748 1344/753
f 1343/756 1344/753 348/748
f 271/757 1345/758 1045/759
f 1346/760 1045/759 1345/758
f 1346/760 1342/752 1335/761
f 346/754 1335/761 1342/752
f 349/749 1339/751 1347/762
f 1348/763 1347/762 1339/751
f 1041/764 1348/763 271/757
f 1345/758 271/757 1348/763
f 1353/765 1349/766 1350/767
f 351/768 1350/767 1349/766
f 354/769 1352/770 1351/771
f 1353/765 1351/771 1352/770
f 1355/772 1357/773 352/774
f 1354/775 352/774 1357/773
f 1350/767 351/768 1357/773
f 1356/776 1357/773 351/768
f 353/777 1359/778 1358/779
f 1361/780 1358/779 1359/778
f 352/774 1360/781 1355/772
f 1361/780 1355/772 1360/781
f 1351/771 1364/782 354/769
f 1362/783 354/769 1364/782
f 1363/784 1364/782 353/777
f 1359/778 353/777 1364/782
f 1365/785 356/786 1369/787
f 1366/788 1369/787 356/786
f 1369/787 1367/789 1368/790
f 357/791 1368/790 1367/789
f 1370/792 1372/793 354/769
f 1352/770 354/769 1372/793
f 356/786 1371/794 1366/788
f 1372/793 1366/788 1371/794
f 1374/795 1073/409 1373/796
f 278/402 1373/796 1073/409
f 354/769 1362/783 1370/792
f 1374/795 1370/792 1362/783
f 1367/789 1376/797 357/791
f 1375/798 357/791 1376/797
f 278/402 1068/404 1373/796
f 1376/797 1373/796 1068/404
f 1381/799 1377/800 1378/801
f 359/802 1378/801 1377/800
f 360/803 1380/804 1379/805
f 1381/799 1379/805 1380/804
f 1384/806 1304/704 1382/807
f 341/705 1382/807 1304/704
f 1378/801 359/802 1384/806
f 1383/808 1384/806 359/802
f 209/87 1385/809 809/94
f 1386/810 809/94 1385/809
f 1382/807 341/705 1386/810
f 1313/717 1386/810 341/705
f 1379/805 1388/811 360/803
f 1387/812 360/803 1388/811
f 804/89 1388/811 209/87
f 1385/809 209/87 1388/811
f 1390/813 1392/814 362/815
f 1389/816 362/815 1392/814
f 1391/817 336/689 1392/814
f 1292/690 1392/814 336/689
f 363/818 1394/819 1393/820
f 1396/821 1393/820 1394/819
f 1396/821 1390/813 1395/822
f 362/815 1395/822 1390/813
f 1397/823 1399/824 199/47
f 776/54 199/47 1399/824
f 1398/825 1399/824 363/818
f 1394/819 363/818 1399/824
f 1400/826 1297/696 1391/817
f 336/689 1391/817 1297/696
f 199/47 770/48 1397/823
f 1400/826 1397/823 770/48
f 1402/827 1404/828 365/829
f 1401/830 365/829 1404/828
f 1403/831 363/818 1404/828
f 1393/820 1404/828 363/818
f 366/832 1406/833 1405/834
f 1408/835 1405/834 1406/833
f 1408/835 1402/827 1407/836
f 365/829 1407/836 1402/827
f 1409/837 1411/838 204/70
f 793/74 204/70 1411/838
f 1410/839 1411/838 366/832
f 1406/833 366/832 1411/838
f 363/818 1403/831 1398/825
f 1412/840 1398/825 1403/831
f 204/70 789/71 1409/837
f 1412/840 1409/837 789/71
f 1414/841 1416/842 368/843
f 1413/844 368/843 1416/842
f 1405/834 1416/842 366/832
f 1415/845 366/832 1416/842
f 1418/846 1420/847 369/848
f 1417/849 369/848 1420/847
f 1419/850 1420/847 368/843
f 1414/841 368/843 1420/847
f 265/340 1421/851 1025/348
f 1423/852 1025/348 1421/851
f 1423/852 1418/846 1422/853
f 369/848 1422/853 1418/846
f 366/832 1415/845 1410/839
f 1424/854 1410/839 1415/845
f 1424/854 1421/851 1019/339
f 265/340 1019/339 1421/851
f 371/855 1426/856 1425/857
f 1428/858 1425/857 1426/856
f 369/859 1417/860 1427/861
f 1428/858 1427/861 1417/860
f 372/862 1430/863 1429/864
f 1432/865 1429/864 1430/863
f 1431/866 1432/865 371/855
f 1426/856 371/855 1432/865
f 1433/867 1435/868 273/378
f 1053/385 273/378 1435/868
f 1434/869 1435/868 372/862
f 1430/863 372/862 1435/868
f 1427/861 1436/870 369/859
f 1422/871 369/859 1436/870
f 273/378 1047/379 1433/867
f 1436/870 1433/867 1047/379
f 1438/872 1440/873 374/874
f 1437/875 374/874 1440/873
f 1429/864 1440/873 372/862
f 1439/876 372/862 1440/873
f 375/877 1442/878 1441/879
f 1444/880 1441/879 1442/878
f 1444/880 1438/872 1443/881
f 374/874 1443/881 1438/872
f 1445/882 1447/883 274/381
f 1057/390 274/381 1447/883
f 1446/884 1447/883 375/877
f 1442/878 375/877 1447/883
f 372/862 1439/876 1434/869
f 1448/885 1434/869 1439/876
f 274/381 1051/383 1445/882
f 1448/885 1445/882 1051/383
f 1452/886 1449/887 1450/888
f 377/889 1450/888 1449/887
f 1451/890 375/877 1452/886
f 1441/879 1452/886 375/877
f 1453/891 1455/892 357/791
f 1368/790 357/791 1455/892
f 1450/888 377/889 1455/892
f 1454/893 1455/892 377/889
f 277/398 1456/894 1070/406
f 1457/895 1070/406 1456/894
f 357/791 1375/798 1453/891
f 1457/895 1453/891 1375/798
f 1446/884 375/877 1458/896
f 1451/890 1458/896 375/877
f 1065/400 1458/896 277/398
f 1456/894 277/398 1458/896
f 1462/897 1340/750 1459/898
f 349/749 1459/898 1340/750
f 1461/899 1462/897 380/900
f 1460/901 380/900 1462/897
f 1464/902 1204/903 1463/904
f 311/905 1463/904 1204/903
f 1459/898 349/749 1464/902
f 1347/762 1464/902 349/749
f 1465/906 1466/907 313/908
f 1214/909 313/908 1466/907
f 1199/910 1466/907 311/905
f 1463/904 311/905 1466/907
f 379/911 1468/912 1467/913
f 1469/914 1467/913 1468/912
f 313/908 1207/915 1465/906
f 1469/914 1465/906 1207/915
f 380/900 1460/901 1470/916
f 1472/917 1470/916 1460/901
f 1472/917 1468/912 1471/918
f 379/911 1471/918 1468/912
f 1363/784 353/777 1475/919
f 1473/920 1475/919 353/777
f 1191/565 1475/919 309/564
f 1474/921 309/564 1475/919
f 1477/922 1478/923 382/924
f 1476/925 382/924 1478/923
f 1358/779 1478/923 353/777
f 1473/920 353/777 1478/923
f 309/564 1474/921 1197/571
f 1480/926 1197/571 1474/921
f 382/924 1479/927 1477/922
f 1480/926 1477/922 1479/927
f 384/928 1482/929 1481/930
f 1485/931 1481/930 1482/929
f 387/932 1484/933 1483/934
f 1485/931 1483/934 1484/933
f 1487/935 1489/936 385/937
f 1486/938 385/937 1489/936
f 1488/939 1489/936 384/928
f 1482/929 384/928 1489/936
f 386/940 1491/941 1490/942
f 1493/943 1490/942 1491/941
f 385/937 1492/944 1487/935
f 1493/943 1487/935 1492/944
f 1483/934 1496/945 387/932
f 1494/946 387/932 1496/945
f 1491/941 386/940 1496/945
f 1495/947 1496/945 386/940
f 1501/948 1497/949 1498/950
f 389/951 1498/950 1497/949
f 392/952 1500/953 1499/954
f 1501/948 1499/954 1500/953
f 1503/955 1505/956 390/957
f 1502/958 390/957 1505/956
f 1498/950 389/951 1505/956
f 1504/959 1505/956 389/951
f 1507/960 1509/961 391/962
f 1506/963 391/962 1509/961
f 1509/961 1503/955 1508/964
f 390/957 1508/964 1503/955
f 1499/954 1512/965 392/952
f 1510/966 392/952 1512/965
f 391/962 1511/967 1507/960
f 1512/965 1507/960 1511/967
f 1513/968 394/969 1517/970
f 1514/971 1517/970 394/969
f 1516/972 1517/970 397/973
f 1515/974 397/973 1517/970
f 1521/975 1518/976 1519/977
f 395/978 1519/977 1518/976
f 1514/971 394/969 1521/975
f 1520/979 1521/975 394/969
f 1523/980 1525/981 396/982
f 1522/983 396/982 1525/981
f 1519/977 395/978 1525/981
f 1524/984 1525/981 395/978
f 397/973 1515/974 1526/985
f 1528/986 1526/985 1515/974
f 1528/986 1523/980 1527/987
f 396/982 1527/987 1523/980
f 399/988 1530/989 1529/990
f 1532/991 1529/990 1530/989
f 1502/958 1532/991 390/957
f 1531/992 390/957 1532/991
f 1534/993 1536/994 400/995
f 1533/996 400/995 1536/994
f 399/988 1535/997 1530/989
f 1536/994 1530/989 1535/997
f 1540/998 1537/999 1538/1000
f 401/1001 1538/1000 1537/999
f 400/995 1539/1002 1534/993
f 1540/998 1534/993 1539/1002
f 1531/992 1542/1003 390/957
f 1508/964 390/957 1542/1003
f 1538/1000 401/1001 1542/1003
f 1541/1004 1542/1003 401/1001
f 403/1005 1544/1006 1543/1007
f 1546/1008 1543/1007 1544/1006
f 1546/1008 1545/1009 1533/996
f 400/995 1533/996 1545/1009
f 395/978 1547/1010 1524/984
f 1549/1011 1524/984 1547/1010
f 1549/1011 1544/1006 1548/1012
f 403/1005 1548/1012 1544/1006
f 1551/1013 1552/1014 404/1015
f 1550/1016 404/1015 1552/1014
f 1518/976 1552/1014 395/978
f 1547/1010 395/978 1552/1014
f 1545/1009 1554/1017 400/995
f 1539/1002 400/995 1554/1017
f 1554/1017 1551/1013 1553/1018
f 404/1015 1553/1018 1551/1013
f 1555/1019 1558/1020 392/952
f 1500/953 392/952 1558/1020
f 407/1021 1557/1022 1556/1023
f 1558/1020 1556/1023 1557/1022
f 397/973 1559/1024 1516/972
f 1560/1025 1516/972 1559/1024
f 392/952 1510/966 1555/1019
f 1560/1025 1555/1019 1510/966
f 406/1026 1562/1027 1561/1028
f 1563/1029 1561/1028 1562/1027
f 1526/985 1563/1029 397/973
f 1559/1024 397/973 1563/1029
f 1556/1023 1566/1030 407/1021
f 1564/1031 407/1021 1566/1030
f 1565/1032 1566/1030 406/1026
f 1562/1027 406/1026 1566/1030
f 1567/1033 1570/1034 407/1035
f 1557/1036 407/1035 1570/1034
f 1568/1037 410/1038 1570/1034
f 1569/1039 1570/1034 410/1038
f 409/1040 1572/1041 1571/1042
f 1573/1043 1571/1042 1572/1041
f 407/1035 1564/1044 1567/1033
f 1573/1043 1567/1033 1564/1044
f 1574/1045 1576/1046 321/620
f 1241/627 321/620 1576/1046
f 1575/1047 1576/1046 409/1040
f 1572/1041 409/1040 1576/1046
f 318/606 1577/1048 1231/615
f 1578/1049 1231/615 1577/1048
f 321/620 1235/621 1574/1045
f 1578/1049 1574/1045 1235/621
f 1568/1037 1580/1050 410/1038
f 1579/1051 410/1038 1580/1050
f 1226/608 1580/1050 318/606
f 1577/1048 318/606 1580/1050
f 1581/1052 412/1053 1584/1054
f 1582/1055 1584/1054 412/1053
f 1561/1056 1584/1054 406/1057
f 1583/1058 406/1057 1584/1054
f 1587/1059 1210/585 1585/1060
f 316/586 1585/1060 1210/585
f 1587/1059 1582/1055 1586/1061
f 412/1053 1586/1061 1582/1055
f 322/623 1588/1062 1244/630
f 1589/1063 1244/630 1588/1062
f 1589/1063 1585/1060 1220/599
f 316/586 1220/599 1585/1060
f 1591/1064 1575/1047 1590/1065
f 409/1040 1590/1065 1575/1047
f 322/623 1239/625 1588/1062
f 1591/1064 1588/1062 1239/625
f 406/1057 1583/1058 1565/1066
f 1592/1067 1565/1066 1583/1058
f 409/1040 1571/1042 1590/1065
f 1592/1067 1590/1065 1571/1042
f 414/1068 1594/1069 1593/1070
f 1596/1071 1593/1070 1594/1069
f 396/1072 1522/1073 1595/1074
f 1596/1071 1595/1074 1522/1073
f 415/1075 1598/1076 1597/1077
f 1600/1078 1597/1077 1598/1076
f 1600/1078 1594/1069 1599/1079
f 414/1068 1599/1079 1594/1069
f 1601/1080 1603/1081 379/911
f 1471/918 379/911 1603/1081
f 1602/1082 1603/1081 415/1075
f 1598/1076 415/1075 1603/1081
f 1605/1083 1586/1084 1604/1085
f 412/1086 1604/1085 1586/1084
f 379/911 1467/913 1601/1080
f 1605/1083 1601/1080 1467/913
f 1527/1087 396/1072 1606/1088
f 1595/1074 1606/1088 396/1072
f 1604/1085 412/1086 1606/1088
f 1581/1089 1606/1088 412/1086
f 1608/1090 1611/1091 417/1092
f 1607/1093 417/1092 1611/1091
f 1609/1094 419/1095 1611/1091
f 1610/1096 1611/1091 419/1095
f 1612/1097 1614/1098 399/1099
f 1535/1100 399/1099 1614/1098
f 1614/1098 1608/1090 1613/1101
f 417/1092 1613/1101 1608/1090
f 418/1102 1616/1103 1615/1104
f 1617/1105 1615/1104 1616/1103
f 1612/1097 399/1099 1617/1105
f 1529/1106 1617/1105 399/1099
f 1618/1107 1620/1108 352/774
f 1360/781 352/774 1620/1108
f 1619/1109 1620/1108 418/1102
f 1616/1103 418/1102 1620/1108
f 419/1095 1609/1094 1621/1110
f 1622/1111 1621/1110 1609/1094
f 352/774 1354/775 1618/1107
f 1622/1111 1618/1107 1354/775
f 414/1068 1623/1112 1599/1079
f 1626/1113 1599/1079 1623/1112
f 1625/1114 1626/1113 421/1115
f 1624/1116 421/1115 1626/1113
f 1548/1117 403/1118 1628/1119
f 1627/1120 1628/1119 403/1118
f 1593/1070 1628/1119 414/1068
f 1623/1112 414/1068 1628/1119
f 1629/1121 1630/1122 417/1123
f 1613/1124 417/1123 1630/1122
f 1627/1120 403/1118 1630/1122
f 1543/1125 1630/1122 403/1118
f 1632/1126 1631/1127 1624/1116
f 421/1115 1624/1116 1631/1127
f 417/1123 1607/1128 1629/1121
f 1632/1126 1629/1121 1607/1128
f 418/1102 1633/1129 1619/1109
f 1635/1130 1619/1109 1633/1129
f 382/924 1476/925 1634/1131
f 1635/1130 1634/1131 1476/925
f 389/1132 1636/1133 1504/1134
f 1637/1135 1504/1134 1636/1133
f 1615/1104 1637/1135 418/1102
f 1633/1129 418/1102 1637/1135
f 1638/1136 1639/1137 410/1138
f 1569/1139 410/1138 1639/1137
f 1497/1140 1639/1137 389/1132
f 1636/1133 389/1132 1639/1137
f 1634/1131 1640/1141 382/924
f 1479/927 382/924 1640/1141
f 1579/1142 1640/1141 410/1138
f 1638/1136 410/1138 1640/1141
f 1644/1143 1641/1144 1642/1145
f 424/1146 1642/1145 1641/1144
f 391/962 1506/963 1643/1147
f 1644/1143 1643/1147 1506/963
f 384/928 1645/1148 1488/939
f 1647/1149 1488/939 1645/1148
f 424/1146 1646/1150 1642/1145
f 1647/1149 1642/1145 1646/1150
f 425/1151 1649/1152 1648/1153
f 1650/1154 1648/1153 1649/1152
f 384/928 1481/930 1645/1148
f 1650/1154 1645/1148 1481/930
f 1643/1147 1652/1155 391/962
f 1511/967 391/962 1652/1155
f 1651/1156 1652/1155 425/1151
f 1649/1152 425/1151 1652/1155
f 1653/1157 427/1158 1656/1159
f 1654/1160 1656/1159 427/1158
f 1537/999 1656/1159 401/1001
f 1655/1161 401/1001 1656/1159
f 385/937 1657/1162 1492/944
f 1659/1163 1492/944 1657/1162
f 427/1158 1658/1164 1654/1160
f 1659/1163 1654/1160 1658/1164
f 424/1146 1660/1165 1646/1150
f 1661/1166 1646/1150 1660/1165
f 385/937 1486/938 1657/1162
f 1661/1166 1657/1162 1486/938
f 401/1001 1655/1161 1541/1004
f 1662/1167 1541/1004 1655/1161
f 1641/1144 1662/1167 424/1146
f 1660/1165 424/1146 1662/1167
f 1666/1168 1663/1169 1664/1170
f 429/1171 1664/1170 1663/1169
f 404/1015 1550/1016 1665/1172
f 1666/1168 1665/1172 1550/1016
f 386/940 1667/1173 1495/947
f 1669/1174 1495/947 1667/1173
f 429/1171 1668/1175 1664/1170
f 1669/1174 1664/1170 1668/1175
f 1670/1176 1671/1177 427/1158
f 1658/1164 427/1158 1671/1177
f 1667/1173 386/940 1671/1177
f 1490/942 1671/1177 386/940
f 1553/1018 404/1015 1672/1178
f 1665/1172 1672/1178 404/1015
f 1672/1178 1670/1176 1653/1157
f 427/1158 1653/1157 1670/1176
f 1651/1156 425/1151 1675/1179
f 1673/1180 1675/1179 425/1151
f 1513/968 1675/1179 394/969
f 1674/1181 394/969 1675/1179
f 387/932 1676/1182 1484/933
f 1677/1183 1484/933 1676/1182
f 425/1151 1648/1153 1673/1180
f 1677/1183 1673/1180 1648/1153
f 429/1171 1678/1184 1668/1175
f 1679/1185 1668/1175 1678/1184
f 387/932 1494/946 1676/1182
f 1679/1185 1676/1182 1494/946
f 394/969 1674/1181 1520/979
f 1680/1186 1520/979 1674/1181
f 1680/1186 1678/1184 1663/1169
f 429/1171 1663/1169 1678/1184
f 1681/1187 1684/1188 196/1189
f 763/1190 196/1189 1684/1188
f 1683/1191 1684/1188 434/1192
f 1682/1193 434/1192 1684/1188
f 1686/1194 1687/1195 432/1196
f 1685/1197 432/1196 1687/1195
f 1687/1195 1681/1187 759/1198
f 196/1189 759/1198 1681/1187
f 1689/1199 1691/1200 433/1201
f 1688/1202 433/1201 1691/1200
f 1691/1200 1686/1194 1690/1203
f 432/1196 1690/1203 1686/1194
f 434/1192 1682/1193 1692/1204
f 1694/1205 1692/1204 1682/1193
f 1694/1205 1689/1199 1693/1206
f 433/1201 1693/1206 1689/1199
f 340/1207 1695/1208 1311/1209
f 1697/1210 1311/1209 1695/1208
f 432/1196 1685/1197 1696/1211
f 1697/1210 1696/1211 1685/1197
f 1699/1212 1700/1213 436/1214
f 1698/1215 436/1214 1700/1213
f 1306/1216 1700/1213 340/1207
f 1695/1208 340/1207 1700/1213
f 437/1217 1702/1218 1701/1219
f 1704/1220 1701/1219 1702/1218
f 436/1214 1703/1221 1699/1212
f 1704/1220 1699/1212 1703/1221
f 1690/1203 432/1196 1706/1222
f 1696/1211 1706/1222 432/1196
f 1705/1223 1706/1222 437/1217
f 1702/1218 437/1217 1706/1222
f 1707/1224 1710/1225 337/1226
f 1290/1227 337/1226 1710/1225
f 1709/1228 1710/1225 441/1229
f 1708/1230 441/1229 1710/1225
f 439/1231 1712/1232 1711/1233
f 1713/1234 1711/1233 1712/1232
f 337/1226 1299/1235 1707/1224
f 1713/1234 1707/1224 1299/1235
f 1715/1236 1717/1237 440/1238
f 1714/1239 440/1238 1717/1237
f 1716/1240 1717/1237 439/1231
f 1712/1232 439/1231 1717/1237
f 441/1229 1708/1230 1718/1241
f 1720/1242 1718/1241 1708/1230
f 440/1238 1719/1243 1715/1236
f 1720/1242 1715/1236 1719/1243
f 1723/1244 746/1245 1721/1246
f 190/1247 1721/1246 746/1245
f 1722/1248 439/1231 1723/1244
f 1711/1233 1723/1244 439/1231
f 1725/1249 1683/1191 1724/1250
f 434/1192 1724/1250 1683/1191
f 1721/1246 190/1247 1725/1249
f 740/1251 1725/1249 190/1247
f 1728/1252 1726/1253 1727/1254
f 443/1255 1727/1254 1726/1253
f 434/1192 1692/1204 1724/1250
f 1728/1252 1724/1250 1692/1204
f 1730/1256 1716/1240 1722/1248
f 439/1231 1722/1248 1716/1240
f 1727/1254 443/1255 1730/1256
f 1729/1257 1730/1256 443/1255
f 445/1258 1732/1259 1731/1260
f 1734/1261 1731/1260 1732/1259
f 1701/1219 1734/1261 437/1217
f 1733/1262 437/1217 1734/1261
f 446/1263 1736/1264 1735/1265
f 1738/1266 1735/1265 1736/1264
f 1737/1267 1738/1266 445/1258
f 1732/1259 445/1258 1738/1266
f 1739/1268 1741/1269 433/1201
f 1693/1206 433/1201 1741/1269
f 1740/1270 1741/1269 446/1263
f 1736/1264 446/1263 1741/1269
f 437/1217 1733/1262 1705/1223
f 1742/1271 1705/1223 1733/1262
f 433/1201 1688/1202 1739/1268
f 1742/1271 1739/1268 1688/1202
f 1746/1272 1743/1273 1744/1274
f 448/1275 1744/1274 1743/1273
f 446/1263 1735/1265 1745/1276
f 1746/1272 1745/1276 1735/1265
f 1747/1277 1749/1278 440/1238
f 1719/1243 440/1238 1749/1278
f 1744/1274 448/1275 1749/1278
f 1748/1279 1749/1278 448/1275
f 443/1255 1750/1280 1729/1257
f 1751/1281 1729/1257 1750/1280
f 440/1238 1714/1239 1747/1277
f 1751/1281 1747/1277 1714/1239
f 1745/1276 1752/1282 446/1263
f 1740/1270 446/1263 1752/1282
f 1726/1253 1752/1282 443/1255
f 1750/1280 443/1255 1752/1282
f 1754/1283 1757/1284 450/1285
f 1753/1286 450/1285 1757/1284
f 1756/1287 1757/1284 452/1288
f 1755/1289 452/1288 1757/1284
f 451/1290 1759/1291 1758/1292
f 1761/1293 1758/1292 1759/1291
f 450/1285 1760/1294 1754/1283
f 1761/1293 1754/1283 1760/1294
f 452/1288 1755/1289 1762/1295
f 1764/1296 1762/1295 1755/1289
f 1763/1297 1764/1296 451/1290
f 1759/1291 451/1290 1764/1296
f 452/1288 1765/1298 1756/1287
f 1768/1299 1756/1287 1765/1298
f 1766/1300 455/1301 1768/1299
f 1767/1302 1768/1299 455/1301
f 1770/1303 1771/1304 454/1305
f 1769/1306 454/1305 1771/1304
f 1762/1295 1771/1304 452/1288
f 1765/1298 452/1288 1771/1304
f 208/82 1772/1307 806/91
f 1774/1308 806/91 1772/1307
f 454/1305 1773/1309 1770/1303
f 1774/1308 1770/1303 1773/1309
f 1775/1310 1776/1311 229/173
f 881/180 229/173 1776/1311
f 800/84 1776/1311 208/82
f 1772/1307 208/82 1776/1311
f 1778/1312 1777/1313 1766/1300
f 455/1301 1766/1300 1777/1313
f 229/173 875/174 1775/1310
f 1778/1312 1775/1310 875/174
f 455/1301 1779/1314 1767/1302
f 1781/1315 1767/1302 1779/1314
f 450/1285 1753/1286 1780/1316
f 1781/1315 1780/1316 1753/1286
f 1782/1317 1783/1318 258/303
f 989/308 258/303 1783/1318
f 1777/1313 1783/1318 455/1301
f 1779/1314 455/1301 1783/1318
f 1784/1319 1785/1320 249/251
f 942/252 249/251 1785/1320
f 258/303 986/305 1782/1317
f 1785/1320 1782/1317 986/305
f 1786/1321 457/1322 1788/1323
f 1787/1324 1788/1323 457/1322
f 1784/1319 249/251 1788/1323
f 952/264 1788/1323 249/251
f 1780/1316 1790/1325 450/1285
f 1760/1294 450/1285 1790/1325
f 1789/1326 1790/1325 457/1322
f 1787/1324 457/1322 1790/1325
f 1792/1327 1795/1328 459/1329
f 1791/1330 459/1329 1795/1328
f 1793/1331 460/1332 1795/1328
f 1794/1333 1795/1328 460/1332
f 457/1322 1796/1334 1789/1326
f 1798/1335 1789/1326 1796/1334
f 459/1329 1797/1336 1792/1327
f 1798/1335 1792/1327 1797/1336
f 1284/678 333/673 1800/1337
f 1799/1338 1800/1337 333/673
f 1786/1321 1800/1337 457/1322
f 1796/1334 457/1322 1800/1337
f 1802/1339 1801/1340 1793/1331
f 460/1332 1793/1331 1801/1340
f 333/673 1279/674 1799/1338
f 1802/1339 1799/1338 1279/674
f 360/803 1803/1341 1380/804
f 1806/1342 1380/804 1803/1341
f 463/1343 1805/1344 1804/1345
f 1806/1342 1804/1345 1805/1344
f 1807/1346 1808/1347 454/1305
f 1773/1309 454/1305 1808/1347
f 1387/812 1808/1347 360/803
f 1803/1341 360/803 1808/1347
f 462/1348 1810/1349 1809/1350
f 1811/1351 1809/1350 1810/1349
f 454/1305 1769/1306 1807/1346
f 1811/1351 1807/1346 1769/1306
f 1804/1345 1814/1352 463/1343
f 1812/1353 463/1343 1814/1352
f 1813/1354 1814/1352 462/1348
f 1810/1349 462/1348 1814/1352
f 451/1290 1815/1355 1763/1297
f 1818/1356 1763/1297 1815/1355
f 467/1357 1817/1358 1816/1359
f 1818/1356 1816/1359 1817/1358
f 1821/1360 1819/1361 1820/1362
f 465/1363 1820/1362 1819/1361
f 1758/1292 1821/1360 451/1290
f 1815/1355 451/1290 1821/1360
f 1823/1364 1825/1365 466/1366
f 1822/1367 466/1366 1825/1365
f 1820/1362 465/1363 1825/1365
f 1824/1368 1825/1365 465/1363
f 1826/1369 467/1357 1828/1370
f 1816/1359 1828/1370 467/1357
f 1823/1364 466/1366 1828/1370
f 1827/1371 1828/1370 466/1366
f 1829/1372 1831/1373 459/1329
f 1797/1336 459/1329 1831/1373
f 1819/1361 1831/1373 465/1363
f 1830/1374 465/1363 1831/1373
f 469/1375 1833/1376 1832/1377
f 1834/1378 1832/1377 1833/1376
f 459/1329 1791/1330 1829/1372
f 1834/1378 1829/1372 1791/1330
f 1836/1379 1838/1380 470/1381
f 1835/1382 470/1381 1838/1380
f 1837/1383 1838/1380 469/1375
f 1833/1376 469/1375 1838/1380
f 465/1363 1830/1374 1824/1368
f 1840/1384 1824/1368 1830/1374
f 470/1381 1839/1385 1836/1379
f 1840/1384 1836/1379 1839/1385
f 1844/1386 1813/1354 1841/1387
f 462/1348 1841/1387 1813/1354
f 473/1388 1843/1389 1842/1390
f 1844/1386 1842/1390 1843/1389
f 1845/1391 1846/1392 467/1357
f 1817/1358 467/1357 1846/1392
f 1841/1387 462/1348 1846/1392
f 1809/1350 1846/1392 462/1348
f 472/1393 1848/1394 1847/1395
f 1849/1396 1847/1395 1848/1394
f 1849/1396 1845/1391 1826/1369
f 467/1357 1826/1369 1845/1391
f 1842/1390 1852/1397 473/1388
f 1850/1398 473/1388 1852/1397
f 1851/1399 1852/1397 472/1393
f 1848/1394 472/1393 1852/1397
f 1853/1400 1855/1401 470/1381
f 1839/1385 470/1381 1855/1401
f 1854/1402 466/1366 1855/1401
f 1822/1367 1855/1401 466/1366
f 1858/1403 1856/1404 1857/1405
f 475/1406 1857/1405 1856/1404
f 470/1381 1835/1382 1853/1400
f 1858/1403 1853/1400 1835/1382
f 472/1393 1859/1407 1851/1399
f 1861/1408 1851/1399 1859/1407
f 475/1406 1860/1409 1857/1405
f 1861/1408 1857/1405 1860/1409
f 1854/1402 1862/1410 466/1366
f 1827/1371 466/1366 1862/1410
f 1859/1407 472/1393 1862/1410
f 1847/1395 1862/1410 472/1393
f 477/1411 1864/1412 1863/1413
f 1867/1414 1863/1413 1864/1412
f 1867/1414 1865/1415 1866/1416
f 480/1417 1866/1416 1865/1415
f 478/1418 1869/1419 1868/1420
f 1871/1421 1868/1420 1869/1419
f 1870/1422 1871/1421 477/1411
f 1864/1412 477/1411 1871/1421
f 1872/1423 479/1424 1875/1425
f 1873/1426 1875/1425 479/1424
f 1874/1427 1875/1425 478/1418
f 1869/1419 478/1418 1875/1425
f 1865/1415 1878/1428 480/1417
f 1876/1429 480/1417 1878/1428
f 479/1424 1877/1430 1873/1426
f 1878/1428 1873/1426 1877/1430
f 1879/1431 1882/1432 480/1417
f 1866/1416 480/1417 1882/1432
f 1880/1433 484/1434 1882/1432
f 1881/1435 1882/1432 484/1434
f 482/1436 1884/1437 1883/1438
f 1885/1439 1883/1438 1884/1437
f 1885/1439 1879/1431 1876/1429
f 480/1417 1876/1429 1879/1431
f 1887/1440 1889/1441 483/1442
f 1886/1443 483/1442 1889/1441
f 1888/1444 1889/1441 482/1436
f 1884/1437 482/1436 1889/1441
f 484/1434 1880/1433 1890/1445
f 1892/1446 1890/1445 1880/1433
f 483/1442 1891/1447 1887/1440
f 1892/1446 1887/1440 1891/1447
f 1894/1448 1897/1449 486/1450
f 1893/1451 486/1450 1897/1449
f 1897/1449 1895/1452 1896/1453
f 489/1454 1896/1453 1895/1452
f 1899/1455 1901/1456 487/1457
f 1898/1458 487/1457 1901/1456
f 486/1450 1900/1459 1894/1448
f 1901/1456 1894/1448 1900/1459
f 488/1460 1903/1461 1902/1462
f 1905/1463 1902/1462 1903/1461
f 487/1457 1904/1464 1899/1455
f 1905/1463 1899/1455 1904/1464
f 1895/1452 1908/1465 489/1454
f 1906/1466 489/1454 1908/1465
f 1907/1467 1908/1465 488/1460
f 1903/1461 488/1460 1908/1465
f 1910/1468 1913/1469 491/1470
f 1909/1471 491/1470 1913/1469
f 1912/1472 1913/1469 493/1473
f 1911/1474 493/1473 1913/1469
f 492/1475 1915/1476 1914/1477
f 1917/1478 1914/1477 1915/1476
f 491/1470 1916/1479 1910/1468
f 1917/1478 1910/1468 1916/1479
f 1918/1480 1920/1481 487/1457
f 1904/1464 487/1457 1920/1481
f 1919/1482 1920/1481 492/1475
f 1915/1476 492/1475 1920/1481
f 493/1473 1911/1474 1921/1483
f 1922/1484 1921/1483 1911/1474
f 487/1457 1898/1458 1918/1480
f 1922/1484 1918/1480 1898/1458
f 495/1485 1924/1486 1923/1487
f 1927/1488 1923/1487 1924/1486
f 1926/1489 1927/1488 498/1490
f 1925/1491 498/1490 1927/1488
f 1929/1492 1931/1493 496/1494
f 1928/1495 496/1494 1931/1493
f 1930/1496 1931/1493 495/1485
f 1924/1486 495/1485 1931/1493
f 1933/1497 1935/1498 497/1499
f 1932/1500 497/1499 1935/1498
f 496/1494 1934/1501 1929/1492
f 1935/1498 1929/1492 1934/1501
f 498/1490 1925/1491 1936/1502
f 1938/1503 1936/1502 1925/1491
f 497/1499 1937/1504 1933/1497
f 1938/1503 1933/1497 1937/1504
f 500/1505 1940/1506 1939/1507
f 1942/1508 1939/1507 1940/1506
f 486/1450 1893/1451 1941/1509
f 1942/1508 1941/1509 1893/1451
f 1944/1510 1946/1511 501/1512
f 1943/1513 501/1512 1946/1511
f 1945/1514 1946/1511 500/1505
f 1940/1506 500/1505 1946/1511
f 502/1515 1948/1516 1947/1517
f 1950/1518 1947/1517 1948/1516
f 501/1512 1949/1519 1944/1510
f 1950/1518 1944/1510 1949/1519
f 1941/1509 1952/1520 486/1450
f 1900/1459 486/1450 1952/1520
f 1951/1521 1952/1520 502/1515
f 1948/1516 502/1515 1952/1520
f 1954/1522 1956/1523 504/1524
f 1953/1525 504/1524 1956/1523
f 1955/1526 477/1411 1956/1523
f 1863/1413 1956/1523 477/1411
f 505/1527 1958/1528 1957/1529
f 1960/1530 1957/1529 1958/1528
f 504/1524 1959/1531 1954/1522
f 1960/1530 1954/1522 1959/1531
f 1961/1532 1963/1533 501/1512
f 1949/1519 501/1512 1963/1533
f 1962/1534 1963/1533 505/1527
f 1958/1528 505/1527 1963/1533
f 1964/1535 1870/1422 1955/1526
f 477/1411 1955/1526 1870/1422
f 501/1512 1943/1513 1961/1532
f 1964/1535 1961/1532 1943/1513
f 1966/1536 1969/1537 507/1538
f 1965/1539 507/1538 1969/1537
f 509/1540 1968/1541 1967/1542
f 1969/1537 1967/1542 1968/1541
f 1971/1543 1973/1544 508/1545
f 1970/1546 508/1545 1973/1544
f 1973/1544 1966/1536 1972/1547
f 507/1538 1972/1547 1966/1536
f 505/1527 1974/1548 1962/1534
f 1976/1549 1962/1534 1974/1548
f 1976/1549 1971/1543 1975/1550
f 508/1545 1975/1550 1971/1543
f 1977/1551 509/1540 1978/1552
f 1967/1542 1978/1552 509/1540
f 1957/1529 1978/1552 505/1527
f 1974/1548 505/1527 1978/1552
f 493/1473 1979/1553 1912/1472
f 1982/1554 1912/1472 1979/1553
f 511/1555 1981/1556 1980/1557
f 1982/1554 1980/1557 1981/1556
f 502/1515 1983/1558 1951/1521
f 1984/1559 1951/1521 1983/1558
f 1921/1483 1984/1559 493/1473
f 1979/1553 493/1473 1984/1559
f 1975/1550 508/1545 1986/1560
f 1985/1561 1986/1560 508/1545
f 1947/1517 1986/1560 502/1515
f 1983/1558 502/1515 1986/1560
f 1980/1557 1988/1562 511/1555
f 1987/1563 511/1555 1988/1562
f 508/1545 1970/1546 1985/1561
f 1988/1562 1985/1561 1970/1546
f 498/1490 1989/1564 1926/1489
f 1992/1565 1926/1489 1989/1564
f 515/1566 1991/1567 1990/1568
f 1992/1565 1990/1568 1991/1567
f 1994/1569 1995/1570 513/1571
f 1993/1572 513/1571 1995/1570
f 1936/1502 1995/1570 498/1490
f 1989/1564 498/1490 1995/1570
f 514/1573 1997/1574 1996/1575
f 1999/1576 1996/1575 1997/1574
f 513/1571 1998/1577 1994/1569
f 1999/1576 1994/1569 1998/1577
f 1990/1568 2002/1578 515/1566
f 2000/1579 515/1566 2002/1578
f 2001/1580 2002/1578 514/1573
f 1997/1574 514/1573 2002/1578
f 2004/1581 2007/1582 517/1583
f 2003/1584 517/1583 2007/1582
f 2006/1585 2007/1582 519/1586
f 2005/1587 519/1586 2007/1582
f 518/1588 2009/1589 2008/1590
f 2011/1591 2008/1590 2009/1589
f 2011/1591 2004/1581 2010/1592
f 517/1583 2010/1592 2004/1581
f 2012/1593 2014/1594 513/1571
f 1998/1577 513/1571 2014/1594
f 2013/1595 2014/1594 518/1588
f 2009/1589 518/1588 2014/1594
f 519/1586 2005/1587 2015/1596
f 2016/1597 2015/1596 2005/1587
f 513/1571 1993/1572 2012/1593
f 2016/1597 2012/1593 1993/1572
f 2020/1598 1968/1541 2017/1599
f 509/1540 2017/1599 1968/1541
f 2020/1598 2018/1600 2019/1601
f 522/1602 2019/1601 2018/1600
f 2021/1603 521/1604 2023/1605
f 2022/1606 2023/1605 521/1604
f 2023/1605 2017/1599 1977/1551
f 509/1540 1977/1551 2017/1599
f 518/1588 2024/1607 2013/1595
f 2026/1608 2013/1595 2024/1607
f 521/1604 2025/1609 2022/1606
f 2026/1608 2022/1606 2025/1609
f 2018/1600 2028/1610 522/1602
f 2027/1611 522/1602 2028/1610
f 2008/1590 2028/1610 518/1588
f 2024/1607 518/1588 2028/1610
f 484/1434 2029/1612 1881/1435
f 2031/1613 1881/1435 2029/1612
f 504/1524 1953/1525 2030/1614
f 2031/1613 2030/1614 1953/1525
f 514/1573 2032/1615 2001/1580
f 2033/1616 2001/1580 2032/1615
f 1890/1445 2033/1616 484/1434
f 2029/1612 484/1434 2033/1616
f 2034/1617 2035/1618 521/1604
f 2025/1609 521/1604 2035/1618
f 1996/1575 2035/1618 514/1573
f 2032/1615 514/1573 2035/1618
f 1959/1531 504/1524 2036/1619
f 2030/1614 2036/1619 504/1524
f 521/1604 2021/1603 2034/1617
f 2036/1619 2034/1617 2021/1603
f 2038/1620 2041/1621 525/1622
f 2037/1623 525/1622 2041/1621
f 2040/1624 2041/1621 528/1625
f 2039/1626 528/1625 2041/1621
f 526/1627 2043/1628 2042/1629
f 2045/1630 2042/1629 2043/1628
f 525/1622 2044/1631 2038/1620
f 2045/1630 2038/1620 2044/1631
f 2047/1632 2049/1633 527/1634
f 2046/1635 527/1634 2049/1633
f 2048/1636 2049/1633 526/1627
f 2043/1628 526/1627 2049/1633
f 2052/1637 2050/1638 2039/1626
f 528/1625 2039/1626 2050/1638
f 527/1634 2051/1639 2047/1632
f 2052/1637 2047/1632 2051/1639
f 2057/1640 2053/1641 2054/1642
f 530/1643 2054/1642 2053/1641
f 2056/1644 2057/1640 532/1645
f 2055/1646 532/1645 2057/1640
f 531/1647 2059/1648 2058/1649
f 2061/1650 2058/1649 2059/1648
f 2061/1650 2054/1642 2060/1651
f 530/1643 2060/1651 2054/1642
f 2062/1652 2064/1653 526/1627
f 2048/1636 526/1627 2064/1653
f 2063/1654 2064/1653 531/1647
f 2059/1648 531/1647 2064/1653
f 532/1645 2055/1646 2065/1655
f 2066/1656 2065/1655 2055/1646
f 526/1627 2042/1629 2062/1652
f 2066/1656 2062/1652 2042/1629
f 534/1657 2068/1658 2067/1659
f 2071/1660 2067/1659 2068/1658
f 537/1661 2070/1662 2069/1663
f 2071/1660 2069/1663 2070/1662
f 2072/1664 535/1665 2075/1666
f 2073/1667 2075/1666 535/1665
f 2074/1668 2075/1666 534/1657
f 2068/1658 534/1657 2075/1666
f 536/1669 2077/1670 2076/1671
f 2079/1672 2076/1671 2077/1670
f 2079/1672 2073/1667 2078/1673
f 535/1665 2078/1673 2073/1667
f 2080/1674 537/1661 2082/1675
f 2069/1663 2082/1675 537/1661
f 2081/1676 2082/1675 536/1669
f 2077/1670 536/1669 2082/1675
f 2084/1677 2086/1678 539/1679
f 2083/1680 539/1679 2086/1678
f 2053/1641 2086/1678 530/1643
f 2085/1681 530/1643 2086/1678
f 536/1669 2087/1682 2081/1676
f 2089/1683 2081/1676 2087/1682
f 539/1679 2088/1684 2084/1677
f 2089/1683 2084/1677 2088/1684
f 2091/1685 2092/1686 540/1687
f 2090/1688 540/1687 2092/1686
f 2076/1671 2092/1686 536/1669
f 2087/1682 536/1669 2092/1686
f 530/1643 2085/1681 2060/1651
f 2094/1689 2060/1651 2085/1681
f 540/1687 2093/1690 2091/1685
f 2094/1689 2091/1685 2093/1690
f 542/1691 2096/1692 2095/1693
f 2098/1694 2095/1693 2096/1692
f 507/1538 1965/1539 2097/1695
f 2098/1694 2097/1695 1965/1539
f 2099/1696 2101/1697 532/1645
f 2056/1644 532/1645 2101/1697
f 2100/1698 2101/1697 542/1691
f 2096/1692 542/1691 2101/1697
f 543/1699 2103/1700 2102/1701
f 2104/1702 2102/1701 2103/1700
f 2104/1702 2099/1696 2065/1655
f 532/1645 2065/1655 2099/1696
f 2097/1695 2106/1703 507/1538
f 1972/1547 507/1538 2106/1703
f 2105/1704 2106/1703 543/1699
f 2103/1700 543/1699 2106/1703
f 2010/1592 517/1583 2110/1705
f 2107/1706 2110/1705 517/1583
f 2109/1707 2110/1705 546/1708
f 2108/1709 546/1708 2110/1705
f 2113/1710 2111/1711 2112/1712
f 545/1713 2112/1712 2111/1711
f 517/1583 2003/1584 2107/1706
f 2113/1710 2107/1706 2003/1584
f 537/1661 2114/1714 2070/1662
f 2116/1715 2070/1662 2114/1714
f 545/1713 2115/1716 2112/1712
f 2116/1715 2112/1712 2115/1716
f 546/1708 2108/1709 2117/1717
f 2118/1718 2117/1717 2108/1709
f 2080/1674 2118/1718 537/1661
f 2114/1714 537/1661 2118/1718
f 2119/1719 2122/1720 491/1470
f 1916/1479 491/1470 2122/1720
f 2121/1721 2122/1720 549/1722
f 2120/1723 549/1722 2122/1720
f 2125/1724 2123/1725 2124/1726
f 548/1727 2124/1726 2123/1725
f 491/1470 1909/1471 2119/1719
f 2125/1724 2119/1719 1909/1471
f 528/1625 2126/1728 2040/1624
f 2128/1729 2040/1624 2126/1728
f 2124/1726 548/1727 2128/1729
f 2127/1730 2128/1729 548/1727
f 549/1722 2120/1723 2129/1731
f 2130/1732 2129/1731 2120/1723
f 2050/1638 2130/1732 528/1625
f 2126/1728 528/1625 2130/1732
f 2131/1733 2133/1734 539/1679
f 2088/1684 539/1679 2133/1734
f 2117/1717 2133/1734 546/1708
f 2132/1735 546/1708 2133/1734
f 542/1691 2134/1736 2100/1698
f 2135/1737 2100/1698 2134/1736
f 539/1679 2083/1680 2131/1733
f 2135/1737 2131/1733 2083/1680
f 2136/1738 2137/1739 522/1602
f 2019/1601 522/1602 2137/1739
f 2095/1693 2137/1739 542/1691
f 2134/1736 542/1691 2137/1739
f 546/1708 2132/1735 2109/1707
f 2138/1740 2109/1707 2132/1735
f 522/1602 2027/1611 2136/1738
f 2138/1740 2136/1738 2027/1611
f 543/1699 2139/1741 2105/1704
f 2141/1742 2105/1704 2139/1741
f 511/1555 1987/1563 2140/1743
f 2141/1742 2140/1743 1987/1563
f 2142/1744 2143/1745 525/1622
f 2044/1631 525/1622 2143/1745
f 2102/1701 2143/1745 543/1699
f 2139/1741 543/1699 2143/1745
f 548/1727 2144/1746 2127/1730
f 2145/1747 2127/1730 2144/1746
f 525/1622 2037/1623 2142/1744
f 2145/1747 2142/1744 2037/1623
f 2140/1743 2146/1748 511/1555
f 1981/1556 511/1555 2146/1748
f 2123/1725 2146/1748 548/1727
f 2144/1746 548/1727 2146/1748
f 2150/1749 2121/1721 2147/1750
f 549/1722 2147/1750 2121/1721
f 2149/1751 2150/1749 555/1752
f 2148/1753 555/1752 2150/1749
f 2152/1754 2153/1755 553/1756
f 2151/1757 553/1756 2153/1755
f 2147/1750 549/1722 2153/1755
f 2129/1731 2153/1755 549/1722
f 554/1758 2155/1759 2154/1760
f 2157/1761 2154/1760 2155/1759
f 2157/1761 2152/1754 2156/1762
f 553/1756 2156/1762 2152/1754
f 2158/1763 555/1752 2160/1764
f 2148/1753 2160/1764 555/1752
f 2159/1765 2160/1764 554/1758
f 2155/1759 554/1758 2160/1764
f 2164/1766 2159/1767 2161/1768
f 554/1769 2161/1768 2159/1767
f 559/1770 2163/1771 2162/1772
f 2164/1766 2162/1772 2163/1771
f 2166/1773 2167/1774 557/1775
f 2165/1776 557/1775 2167/1774
f 2161/1768 554/1769 2167/1774
f 2154/1777 2167/1774 554/1769
f 558/1778 2169/1779 2168/1780
f 2171/1781 2168/1780 2169/1779
f 2171/1781 2166/1773 2170/1782
f 557/1775 2170/1782 2166/1773
f 2162/1772 2174/1783 559/1770
f 2172/1784 559/1770 2174/1783
f 2173/1785 2174/1783 558/1778
f 2169/1779 558/1778 2174/1783
f 2175/1786 2178/1787 559/1770
f 2163/1771 559/1770 2178/1787
f 2177/1788 2178/1787 563/1789
f 2176/1790 563/1789 2178/1787
f 561/1791 2180/1792 2179/1793
f 2181/1794 2179/1793 2180/1792
f 559/1770 2172/1784 2175/1786
f 2181/1794 2175/1786 2172/1784
f 2183/1795 2185/1796 562/1797
f 2182/1798 562/1797 2185/1796
f 2184/1799 2185/1796 561/1791
f 2180/1792 561/1791 2185/1796
f 563/1789 2176/1790 2186/1800
f 2188/1801 2186/1800 2176/1790
f 562/1797 2187/1802 2183/1795
f 2188/1801 2183/1795 2187/1802
f 2190/1803 2192/1804 565/1805
f 2189/1806 565/1805 2192/1804
f 2179/1793 2192/1804 561/1791
f 2191/1807 561/1791 2192/1804
f 2194/1808 2196/1809 566/1810
f 2193/1811 566/1810 2196/1809
f 565/1805 2195/1812 2190/1803
f 2196/1809 2190/1803 2195/1812
f 2198/1813 2200/1814 567/1815
f 2197/1816 567/1815 2200/1814
f 566/1810 2199/1817 2194/1808
f 2200/1814 2194/1808 2199/1817
f 561/1791 2191/1807 2184/1799
f 2202/1818 2184/1799 2191/1807
f 567/1815 2201/1819 2198/1813
f 2202/1818 2198/1813 2201/1819
f 2204/1820 2207/1821 569/1822
f 2203/1823 569/1822 2207/1821
f 2205/1824 572/1825 2207/1821
f 2206/1826 2207/1821 572/1825
f 2209/1827 2211/1828 570/1829
f 2208/1830 570/1829 2211/1828
f 569/1822 2210/1831 2204/1820
f 2211/1828 2204/1820 2210/1831
f 571/1832 2213/1833 2212/1834
f 2215/1835 2212/1834 2213/1833
f 570/1829 2214/1836 2209/1827
f 2215/1835 2209/1827 2214/1836
f 572/1825 2205/1824 2216/1837
f 2218/1838 2216/1837 2205/1824
f 2213/1833 571/1832 2218/1838
f 2217/1839 2218/1838 571/1832
f 2220/1840 2223/1841 574/1842
f 2219/1843 574/1842 2223/1841
f 2221/1844 577/1845 2223/1841
f 2222/1846 2223/1841 577/1845
f 2225/1847 2227/1848 575/1849
f 2224/1850 575/1849 2227/1848
f 574/1842 2226/1851 2220/1840
f 2227/1848 2220/1840 2226/1851
f 576/1852 2229/1853 2228/1854
f 2231/1855 2228/1854 2229/1853
f 575/1849 2230/1856 2225/1847
f 2231/1855 2225/1847 2230/1856
f 577/1845 2221/1844 2232/1857
f 2234/1858 2232/1857 2221/1844
f 2229/1853 576/1852 2234/1858
f 2233/1859 2234/1858 576/1852
f 579/1860 2236/1861 2235/1862
f 2238/1863 2235/1862 2236/1861
f 515/1864 2000/1865 2237/1866
f 2238/1863 2237/1866 2000/1865
f 574/1842 2239/1867 2226/1851
f 2241/1868 2226/1851 2239/1867
f 2236/1861 579/1860 2241/1868
f 2240/1869 2241/1868 579/1860
f 580/1870 2243/1871 2242/1872
f 2244/1873 2242/1872 2243/1871
f 574/1842 2219/1843 2239/1867
f 2244/1873 2239/1867 2219/1843
f 2237/1866 2246/1874 515/1864
f 1991/1875 515/1864 2246/1874
f 2243/1871 580/1870 2246/1874
f 2245/1876 2246/1874 580/1870
f 2248/1877 2251/1878 582/1879
f 2247/1880 582/1879 2251/1878
f 2250/1881 2251/1878 584/1882
f 2249/1883 584/1882 2251/1878
f 576/1852 2252/1884 2233/1859
f 2254/1885 2233/1859 2252/1884
f 582/1879 2253/1886 2248/1877
f 2254/1885 2248/1877 2253/1886
f 583/1887 2256/1888 2255/1889
f 2257/1890 2255/1889 2256/1888
f 2252/1884 576/1852 2257/1890
f 2228/1854 2257/1890 576/1852
f 584/1882 2249/1883 2258/1891
f 2260/1892 2258/1891 2249/1883
f 2260/1892 2256/1888 2259/1893
f 583/1887 2259/1893 2256/1888
f 2261/1894 2263/1895 483/1896
f 1891/1897 483/1896 2263/1895
f 2235/1862 2263/1895 579/1860
f 2262/1898 579/1860 2263/1895
f 583/1887 2264/1899 2259/1893
f 2265/1900 2259/1893 2264/1899
f 483/1896 1886/1901 2261/1894
f 2265/1900 2261/1894 1886/1901
f 2266/1902 2267/1903 575/1849
f 2230/1856 575/1849 2267/1903
f 583/1887 2255/1889 2264/1899
f 2267/1903 2264/1899 2255/1889
f 579/1860 2262/1898 2240/1869
f 2268/1904 2240/1869 2262/1898
f 575/1849 2224/1850 2266/1902
f 2268/1904 2266/1902 2224/1850
f 2271/1905 1930/1906 2269/1907
f 495/1908 2269/1907 1930/1906
f 2271/1905 2270/1909 2247/1880
f 582/1879 2247/1880 2270/1909
f 2272/1910 2273/1911 580/1870
f 2245/1876 580/1870 2273/1911
f 2269/1907 495/1908 2273/1911
f 1923/1912 2273/1911 495/1908
f 577/1845 2274/1913 2222/1846
f 2275/1914 2222/1846 2274/1913
f 580/1870 2242/1872 2272/1910
f 2275/1914 2272/1910 2242/1872
f 2270/1909 2276/1915 582/1879
f 2253/1886 582/1879 2276/1915
f 2276/1915 2274/1913 2232/1857
f 577/1845 2232/1857 2274/1913
f 500/1916 2277/1917 1945/1918
f 2280/1919 1945/1918 2277/1917
f 589/1920 2279/1921 2278/1922
f 2280/1919 2278/1922 2279/1921
f 2282/1923 2283/1924 588/1925
f 2281/1926 588/1925 2283/1924
f 1939/1927 2283/1924 500/1916
f 2277/1917 500/1916 2283/1924
f 572/1825 2284/1928 2206/1826
f 2286/1929 2206/1826 2284/1928
f 588/1925 2285/1930 2282/1923
f 2286/1929 2282/1923 2285/1930
f 2278/1922 2288/1931 589/1920
f 2287/1932 589/1920 2288/1931
f 2284/1928 572/1825 2288/1931
f 2216/1837 2288/1931 572/1825
f 2292/1933 2289/1934 2290/1935
f 591/1936 2290/1935 2289/1934
f 489/1937 1906/1938 2291/1939
f 2292/1933 2291/1939 1906/1938
f 2293/1940 2295/1941 569/1822
f 2210/1831 569/1822 2295/1941
f 2290/1935 591/1936 2295/1941
f 2294/1942 2295/1941 591/1936
f 588/1925 2296/1943 2285/1930
f 2297/1944 2285/1930 2296/1943
f 569/1822 2203/1823 2293/1940
f 2297/1944 2293/1940 2203/1823
f 1896/1945 489/1937 2298/1946
f 2291/1939 2298/1946 489/1937
f 2296/1943 588/1925 2298/1946
f 2281/1926 2298/1946 588/1925
f 478/1947 2299/1948 1874/1949
f 2302/1950 1874/1949 2299/1948
f 593/1951 2301/1952 2300/1953
f 2302/1950 2300/1953 2301/1952
f 2303/1954 2304/1955 589/1920
f 2279/1921 589/1920 2304/1955
f 1868/1956 2304/1955 478/1947
f 2299/1948 478/1947 2304/1955
f 571/1832 2305/1957 2217/1839
f 2306/1958 2217/1839 2305/1957
f 589/1920 2287/1932 2303/1954
f 2306/1958 2303/1954 2287/1932
f 2300/1953 2308/1959 593/1951
f 2307/1960 593/1951 2308/1959
f 2212/1834 2308/1959 571/1832
f 2305/1957 571/1832 2308/1959
f 2310/1961 2312/1962 595/1963
f 2309/1964 595/1963 2312/1962
f 2289/1934 2312/1962 591/1936
f 2311/1965 591/1936 2312/1962
f 2313/1966 2315/1967 593/1951
f 2301/1952 593/1951 2315/1967
f 595/1963 2314/1968 2310/1961
f 2315/1967 2310/1961 2314/1968
f 570/1829 2316/1969 2214/1836
f 2317/1970 2214/1836 2316/1969
f 593/1951 2307/1960 2313/1966
f 2317/1970 2313/1966 2307/1960
f 591/1936 2311/1965 2294/1942
f 2318/1971 2294/1942 2311/1965
f 570/1829 2208/1830 2316/1969
f 2318/1971 2316/1969 2208/1830
f 2319/1972 2322/1973 565/1805
f 2195/1812 565/1805 2322/1973
f 2321/1974 2322/1973 599/1975
f 2320/1976 599/1975 2322/1973
f 558/1778 2323/1977 2173/1785
f 2324/1978 2173/1785 2323/1977
f 565/1805 2189/1806 2319/1972
f 2324/1978 2319/1972 2189/1806
f 2326/1979 2327/1980 597/1981
f 2325/1982 597/1981 2327/1980
f 2323/1977 558/1778 2327/1980
f 2168/1780 2327/1980 558/1778
f 598/1983 2329/1984 2328/1985
f 2331/1986 2328/1985 2329/1984
f 2331/1986 2326/1979 2330/1987
f 597/1981 2330/1987 2326/1979
f 2320/1976 2334/1988 599/1975
f 2332/1989 599/1975 2334/1988
f 2333/1990 2334/1988 598/1983
f 2329/1984 598/1983 2334/1988
f 2335/1991 601/1992 2339/1993
f 2336/1994 2339/1993 601/1992
f 2338/1995 2339/1993 604/1996
f 2337/1997 604/1996 2339/1993
f 2341/1998 2343/1999 602/2000
f 2340/2001 602/2000 2343/1999
f 2336/1994 601/1992 2343/1999
f 2342/2002 2343/1999 601/1992
f 2345/2003 2347/2004 603/2005
f 2344/2006 603/2005 2347/2004
f 602/2000 2346/2007 2341/1998
f 2347/2004 2341/1998 2346/2007
f 604/1996 2337/1997 2348/2008
f 2350/2009 2348/2008 2337/1997
f 603/2005 2349/2010 2345/2003
f 2350/2009 2345/2003 2349/2010
f 2351/2011 2353/2012 603/2005
f 2349/2010 603/2005 2353/2012
f 2352/2013 598/2014 2353/2012
f 2328/2015 2353/2012 598/2014
f 606/2016 2355/2017 2354/2018
f 2356/2019 2354/2018 2355/2017
f 603/2005 2344/2006 2351/2011
f 2356/2019 2351/2011 2344/2006
f 2358/2020 2360/2021 607/2022
f 2357/2023 607/2022 2360/2021
f 2359/2024 2360/2021 606/2016
f 2355/2017 606/2016 2360/2021
f 2362/2025 2333/2026 2352/2013
f 598/2014 2352/2013 2333/2026
f 607/2022 2361/2027 2358/2020
f 2362/2025 2358/2020 2361/2027
f 2363/2028 2366/2029 606/2016
f 2359/2024 606/2016 2366/2029
f 2365/2030 2366/2029 610/2031
f 2364/2032 610/2031 2366/2029
f 2367/2033 2368/2034 602/2000
f 2346/2007 602/2000 2368/2034
f 606/2016 2354/2018 2363/2028
f 2368/2034 2363/2028 2354/2018
f 2370/2035 2371/2036 609/2037
f 2369/2038 609/2037 2371/2036
f 602/2000 2340/2001 2367/2033
f 2371/2036 2367/2033 2340/2001
f 610/2031 2364/2032 2372/2039
f 2374/2040 2372/2039 2364/2032
f 609/2037 2373/2041 2370/2035
f 2374/2040 2370/2035 2373/2041
f 612/2042 2376/2043 2375/2044
f 2378/2045 2375/2044 2376/2043
f 324/2046 1247/2047 2377/2048
f 2378/2045 2377/2048 1247/2047
f 2379/2049 2381/2050 527/1634
f 2051/1639 527/1634 2381/2050
f 2380/2051 2381/2050 612/2042
f 2376/2043 612/2042 2381/2050
f 613/2052 2383/2053 2382/2054
f 2384/2055 2382/2054 2383/2053
f 527/1634 2046/1635 2379/2049
f 2384/2055 2379/2049 2046/1635
f 2377/2048 2386/2056 324/2046
f 1254/2057 324/2046 2386/2056
f 2385/2058 2386/2056 613/2052
f 2383/2053 613/2052 2386/2056
f 615/2059 2388/2060 2387/2061
f 2390/2062 2387/2061 2388/2060
f 2390/2062 2389/2063 1261/2064
f 328/2065 1261/2064 2389/2063
f 2391/2066 2393/2067 540/1687
f 2093/1690 540/1687 2393/2067
f 2392/2068 2393/2067 615/2059
f 2388/2060 615/2059 2393/2067
f 2396/2069 2394/2070 2395/2071
f 616/2072 2395/2071 2394/2070
f 540/1687 2090/1688 2391/2066
f 2396/2069 2391/2066 2090/1688
f 2389/2063 2398/2073 328/2065
f 1268/2074 328/2065 2398/2073
f 2395/2071 616/2072 2398/2073
f 2397/2075 2398/2073 616/2072
f 616/2072 2399/2076 2397/2075
f 2401/2077 2397/2075 2399/2076
f 2401/2077 2400/2078 1275/2079
f 332/2080 1275/2079 2400/2078
f 2078/1673 535/1665 2403/2081
f 2402/2082 2403/2081 535/1665
f 2394/2070 2403/2081 616/2072
f 2399/2076 616/2072 2403/2081
f 618/2083 2405/2084 2404/2085
f 2406/2086 2404/2085 2405/2084
f 2406/2086 2402/2082 2072/1664
f 535/1665 2072/1664 2402/2082
f 2400/2078 2408/2087 332/2080
f 1281/2088 332/2080 2408/2087
f 2405/2084 618/2083 2408/2087
f 2407/2089 2408/2087 618/2083
f 620/2090 2410/2091 2409/2092
f 2412/2093 2409/2092 2410/2091
f 335/2094 1287/2095 2411/2096
f 2412/2093 2411/2096 1287/2095
f 2413/2097 2415/2098 595/2099
f 2314/2100 595/2099 2415/2098
f 2414/2101 2415/2098 620/2090
f 2410/2091 620/2090 2415/2098
f 2418/2102 2416/2103 2417/2104
f 621/2105 2417/2104 2416/2103
f 2418/2102 2413/2097 2309/2106
f 595/2099 2309/2106 2413/2097
f 2411/2096 2420/2107 335/2094
f 1294/2108 335/2094 2420/2107
f 2417/2104 621/2105 2420/2107
f 2419/2109 2420/2107 621/2105
f 2421/2110 623/2111 2424/2112
f 2422/2113 2424/2112 623/2111
f 2423/2114 339/2115 2424/2112
f 1301/2116 2424/2112 339/2115
f 584/2117 2425/2118 2250/2119
f 2427/2120 2250/2119 2425/2118
f 623/2111 2426/2121 2422/2113
f 2427/2120 2422/2113 2426/2121
f 2429/2122 2430/2123 624/2124
f 2428/2125 624/2124 2430/2123
f 2425/2118 584/2117 2430/2123
f 2258/2126 2430/2123 584/2117
f 2432/2127 1308/2128 2423/2114
f 339/2115 2423/2114 1308/2128
f 624/2124 2431/2129 2429/2122
f 2432/2127 2429/2122 2431/2129
f 613/2052 2433/2130 2385/2058
f 2435/2131 2385/2058 2433/2130
f 2435/2131 2434/2132 1315/2133
f 343/2134 1315/2133 2434/2132
f 2063/1654 531/1647 2437/2135
f 2436/2136 2437/2135 531/1647
f 2382/2054 2437/2135 613/2052
f 2433/2130 613/2052 2437/2135
f 2439/2137 2392/2068 2438/2138
f 615/2059 2438/2138 2392/2068
f 531/1647 2058/1649 2436/2136
f 2439/2137 2436/2136 2058/1649
f 2434/2132 2440/2139 343/2134
f 1320/2140 343/2134 2440/2139
f 2438/2138 615/2059 2440/2139
f 2387/2061 2440/2139 615/2059
f 627/2141 2442/2142 2441/2143
f 2444/2144 2441/2143 2442/2142
f 345/2145 1325/2146 2443/2147
f 2444/2144 2443/2147 1325/2146
f 2156/1762 553/1756 2447/2148
f 2445/2149 2447/2148 553/1756
f 2446/2150 2447/2148 627/2141
f 2442/2142 627/2141 2447/2148
f 612/2042 2448/2151 2380/2051
f 2449/2152 2380/2051 2448/2151
f 553/1756 2151/1757 2445/2149
f 2449/2152 2445/2149 2151/1757
f 1331/2153 345/2145 2450/2154
f 2443/2147 2450/2154 345/2145
f 2375/2044 2450/2154 612/2042
f 2448/2151 612/2042 2450/2154
f 629/2155 2452/2156 2451/2157
f 2454/2158 2451/2157 2452/2156
f 2454/2158 2453/2159 1337/746
f 348/748 1337/746 2453/2159
f 2170/2160 557/2161 2457/2162
f 2455/2163 2457/2162 557/2161
f 629/2155 2456/2164 2452/2156
f 2457/2162 2452/2156 2456/2164
f 2459/2165 2446/2166 2458/2167
f 627/2168 2458/2167 2446/2166
f 557/2161 2165/2169 2455/2163
f 2459/2165 2455/2163 2165/2169
f 2453/2159 2460/2170 348/748
f 1343/756 348/748 2460/2170
f 2458/2167 627/2168 2460/2170
f 2441/2171 2460/2170 627/2168
f 631/2172 2462/2173 2461/2174
f 2464/2175 2461/2174 2462/2173
f 2464/2175 2463/2176 1349/766
f 351/768 1349/766 2463/2176
f 2465/2177 632/2178 2468/2179
f 2466/2180 2468/2179 632/2178
f 2467/2181 2468/2179 631/2172
f 2462/2173 631/2172 2468/2179
f 633/2182 2470/2183 2469/2184
f 2472/2185 2469/2184 2470/2183
f 632/2178 2471/2186 2466/2180
f 2472/2185 2466/2180 2471/2186
f 2463/2176 2474/2187 351/768
f 1356/776 351/768 2474/2187
f 2473/2188 2474/2187 633/2182
f 2470/2183 633/2182 2474/2187
f 2478/2189 2475/2190 2476/2191
f 635/2192 2476/2191 2475/2190
f 1365/785 2478/2189 356/786
f 2477/2193 356/786 2478/2189
f 566/1810 2479/2194 2199/1817
f 2481/2195 2199/1817 2479/2194
f 2476/2191 635/2192 2481/2195
f 2480/2196 2481/2195 635/2192
f 631/2172 2482/2197 2467/2181
f 2483/2198 2467/2181 2482/2197
f 2193/1811 2483/2198 566/1810
f 2479/2194 566/1810 2483/2198
f 356/786 2477/2193 1371/794
f 2484/2199 1371/794 2477/2193
f 2482/2197 631/2172 2484/2199
f 2461/2174 2484/2199 631/2172
f 637/2200 2486/2201 2485/2202
f 2488/2203 2485/2202 2486/2201
f 2488/2203 2487/2204 1377/2205
f 359/2206 1377/2205 2487/2204
f 2489/2207 2491/2208 496/1494
f 1934/1501 496/1494 2491/2208
f 2490/2209 2491/2208 637/2200
f 2486/2201 637/2200 2491/2208
f 2492/2210 2493/2211 623/2111
f 2426/2121 623/2111 2493/2211
f 496/1494 1928/1495 2489/2207
f 2493/2211 2489/2207 1928/1495
f 2487/2204 2494/2212 359/2206
f 1383/2213 359/2206 2494/2212
f 2494/2212 2492/2210 2421/2110
f 623/2111 2421/2110 2492/2210
f 2495/2214 2497/2215 621/2105
f 2419/2109 621/2105 2497/2215
f 2496/2216 362/2217 2497/2215
f 1389/2218 2497/2215 362/2217
f 488/1460 2498/2219 1907/1467
f 2499/2220 1907/1467 2498/2219
f 2499/2220 2495/2214 2416/2103
f 621/2105 2416/2103 2495/2214
f 2501/2221 2502/2222 639/2223
f 2500/2224 639/2223 2502/2222
f 1902/1462 2502/2222 488/1460
f 2498/2219 488/1460 2502/2222
f 2504/2225 1395/2226 2496/2216
f 362/2217 2496/2216 1395/2226
f 639/2223 2503/2227 2501/2221
f 2504/2225 2501/2221 2503/2227
f 2505/2228 2507/2229 639/2223
f 2503/2227 639/2223 2507/2229
f 2506/2230 365/2231 2507/2229
f 1401/2232 2507/2229 365/2231
f 492/1475 2508/2233 1919/1482
f 2509/2234 1919/1482 2508/2233
f 639/2223 2500/2224 2505/2228
f 2509/2234 2505/2228 2500/2224
f 2511/2235 2512/2236 641/2237
f 2510/2238 641/2237 2512/2236
f 1914/1477 2512/2236 492/1475
f 2508/2233 492/1475 2512/2236
f 2514/2239 1407/2240 2506/2230
f 365/2231 2506/2230 1407/2240
f 641/2237 2513/2241 2511/2235
f 2514/2239 2511/2235 2513/2241
f 2515/2242 2517/2243 641/2237
f 2513/2241 641/2237 2517/2243
f 2516/2244 368/2245 2517/2243
f 1413/2246 2517/2243 368/2245
f 2519/2247 2149/1751 2518/2248
f 555/1752 2518/2248 2149/1751
f 641/2237 2510/2238 2515/2242
f 2519/2247 2515/2242 2510/2238
f 2522/2249 2520/2250 2521/2251
f 643/2252 2521/2251 2520/2250
f 555/1752 2158/1763 2518/2248
f 2522/2249 2518/2248 2158/1763
f 1419/2253 368/2245 2524/2254
f 2516/2244 2524/2254 368/2245
f 2521/2251 643/2252 2524/2254
f 2523/2255 2524/2254 643/2252
f 643/2256 2525/2257 2523/2258
f 2527/2259 2523/2258 2525/2257
f 371/855 1425/857 2526/2260
f 2527/2259 2526/2260 1425/857
f 563/1789 2528/2261 2177/1788
f 2529/2262 2177/1788 2528/2261
f 2520/2263 2529/2262 643/2256
f 2525/2257 643/2256 2529/2262
f 2531/2264 2532/2265 645/2266
f 2530/2267 645/2266 2532/2265
f 2186/1800 2532/2265 563/1789
f 2528/2261 563/1789 2532/2265
f 1431/866 371/855 2534/2268
f 2526/2260 2534/2268 371/855
f 645/2266 2533/2269 2531/2264
f 2534/2268 2531/2264 2533/2269
f 2535/2270 2537/2271 645/2266
f 2533/2269 645/2266 2537/2271
f 2536/2272 374/874 2537/2271
f 1437/875 2537/2271 374/874
f 562/1797 2538/2273 2187/1802
f 2539/2274 2187/1802 2538/2273
f 645/2266 2530/2267 2535/2270
f 2539/2274 2535/2270 2530/2267
f 2541/2275 2542/2276 647/2277
f 2540/2278 647/2277 2542/2276
f 2182/1798 2542/2276 562/1797
f 2538/2273 562/1797 2542/2276
f 2544/2279 1443/881 2536/2272
f 374/874 2536/2272 1443/881
f 647/2277 2543/2280 2541/2275
f 2544/2279 2541/2275 2543/2280
f 2545/2281 2547/2282 647/2277
f 2543/2280 647/2277 2547/2282
f 2547/2282 2546/2283 1449/887
f 377/889 1449/887 2546/2283
f 2548/2284 2549/2285 567/1815
f 2201/1819 567/1815 2549/2285
f 2540/2278 2549/2285 647/2277
f 2545/2281 647/2277 2549/2285
f 635/2192 2550/2286 2480/2196
f 2551/2287 2480/2196 2550/2286
f 567/1815 2197/1816 2548/2284
f 2551/2287 2548/2284 2197/1816
f 2546/2283 2552/2288 377/889
f 1454/893 377/889 2552/2288
f 2550/2286 635/2192 2552/2288
f 2475/2190 2552/2288 635/2192
f 2555/2289 1461/899 2553/2290
f 380/900 2553/2290 1461/899
f 2555/2289 2554/2291 2451/2157
f 629/2155 2451/2157 2554/2291
f 2557/2292 2558/2293 650/2294
f 2556/2295 650/2294 2558/2293
f 380/900 1470/916 2553/2290
f 2558/2293 2553/2290 1470/916
f 604/2296 2559/2297 2338/2298
f 2561/2299 2338/2298 2559/2297
f 650/2294 2560/2300 2557/2292
f 2561/2299 2557/2292 2560/2300
f 2562/2301 2563/2302 597/2303
f 2330/2304 597/2303 2563/2302
f 2348/2305 2563/2302 604/2296
f 2559/2297 604/2296 2563/2302
f 2554/2291 2564/2306 629/2155
f 2456/2164 629/2155 2564/2306
f 2564/2306 2562/2301 2325/2307
f 597/2303 2325/2307 2562/2301
f 2321/1974 599/1975 2567/2308
f 2565/2309 2567/2308 599/1975
f 2465/2177 2567/2308 632/2178
f 2566/2310 632/2178 2567/2308
f 652/2311 2569/2312 2568/2313
f 2570/2314 2568/2313 2569/2312
f 599/1975 2332/1989 2565/2309
f 2570/2314 2565/2309 2332/1989
f 2471/2186 632/2178 2572/2315
f 2566/2310 2572/2315 632/2178
f 2571/2316 2572/2315 652/2311
f 2569/2312 652/2311 2572/2315
f 654/2317 2574/2318 2573/2319
f 2577/2320 2573/2319 2574/2318
f 657/2321 2576/2322 2575/2323
f 2577/2320 2575/2323 2576/2322
f 2579/2324 2581/2325 655/2326
f 2578/2327 655/2326 2581/2325
f 2580/2328 2581/2325 654/2317
f 2574/2318 654/2317 2581/2325
f 656/2329 2583/2330 2582/2331
f 2585/2332 2582/2331 2583/2330
f 655/2326 2584/2333 2579/2324
f 2585/2332 2579/2324 2584/2333
f 2575/2323 2588/2334 657/2321
f 2586/2335 657/2321 2588/2334
f 2587/2336 2588/2334 656/2329
f 2583/2330 656/2329 2588/2334
f 659/2337 2590/2338 2589/2339
f 2593/2340 2589/2339 2590/2338
f 2593/2340 2591/2341 2592/2342
f 662/2343 2592/2342 2591/2341
f 660/2344 2595/2345 2594/2346
f 2597/2347 2594/2346 2595/2345
f 2590/2338 659/2337 2597/2347
f 2596/2348 2597/2347 659/2337
f 2601/2349 2598/2350 2599/2351
f 661/2352 2599/2351 2598/2350
f 2595/2345 660/2344 2601/2349
f 2600/2353 2601/2349 660/2344
f 2591/2341 2604/2354 662/2343
f 2602/2355 662/2343 2604/2354
f 2599/2351 661/2352 2604/2354
f 2603/2356 2604/2354 661/2352
f 2606/2357 2609/2358 664/2359
f 2605/2360 664/2359 2609/2358
f 2608/2361 2609/2358 667/2362
f 2607/2363 667/2362 2609/2358
f 2613/2364 2610/2365 2611/2366
f 665/2367 2611/2366 2610/2365
f 664/2359 2612/2368 2606/2357
f 2613/2364 2606/2357 2612/2368
f 2615/2369 2617/2370 666/2371
f 2614/2372 666/2371 2617/2370
f 2611/2366 665/2367 2617/2370
f 2616/2373 2617/2370 665/2367
f 2607/2363 2620/2374 667/2362
f 2618/2375 667/2362 2620/2374
f 2620/2374 2615/2369 2619/2376
f 666/2371 2619/2376 2615/2369
f 2603/2356 661/2352 2624/2377
f 2621/2378 2624/2377 661/2352
f 671/2379 2623/2380 2622/2381
f 2624/2377 2622/2381 2623/2380
f 2626/2382 2627/2383 669/2384
f 2625/2385 669/2384 2627/2383
f 2621/2378 661/2352 2627/2383
f 2598/2350 2627/2383 661/2352
f 670/2386 2629/2387 2628/2388
f 2631/2389 2628/2388 2629/2387
f 2631/2389 2626/2382 2630/2390
f 669/2384 2630/2390 2626/2382
f 671/2379 2622/2381 2632/2391
f 2634/2392 2632/2391 2622/2381
f 2629/2387 670/2386 2634/2392
f 2633/2393 2634/2392 670/2386
f 2638/2394 2633/2393 2635/2395
f 670/2386 2635/2395 2633/2393
f 674/2396 2637/2397 2636/2398
f 2638/2394 2636/2398 2637/2397
f 2641/2399 2639/2400 2640/2401
f 673/2402 2640/2401 2639/2400
f 2635/2395 670/2386 2641/2399
f 2628/2388 2641/2399 670/2386
f 2619/2376 666/2371 2644/2403
f 2642/2404 2644/2403 666/2371
f 2644/2403 2640/2401 2643/2405
f 673/2402 2643/2405 2640/2401
f 2646/2406 2645/2407 2636/2398
f 674/2396 2636/2398 2645/2407
f 666/2371 2614/2372 2642/2404
f 2646/2406 2642/2404 2614/2372
f 676/2408 2648/2409 2647/2410
f 2650/2411 2647/2410 2648/2409
f 2589/2339 2650/2411 659/2337
f 2649/2412 659/2337 2650/2411
f 2652/2413 2654/2414 677/2415
f 2651/2416 677/2415 2654/2414
f 2653/2417 2654/2414 676/2408
f 2648/2409 676/2408 2654/2414
f 2612/2368 664/2359 2657/2418
f 2655/2419 2657/2418 664/2359
f 677/2415 2656/2420 2652/2413
f 2657/2418 2652/2413 2656/2420
f 659/2337 2649/2412 2596/2348
f 2658/2421 2596/2348 2649/2412
f 664/2359 2605/2360 2655/2419
f 2658/2421 2655/2419 2605/2360
f 2660/2422 2662/2423 679/2424
f 2659/2425 679/2424 2662/2423
f 2661/2426 676/2427 2662/2423
f 2647/2428 2662/2423 676/2427
f 2663/2429 2665/2430 607/2022
f 2361/2027 607/2022 2665/2430
f 2664/2431 2665/2430 679/2424
f 2660/2422 679/2424 2665/2430
f 610/2031 2666/2432 2365/2030
f 2667/2433 2365/2030 2666/2432
f 607/2022 2357/2023 2663/2429
f 2667/2433 2663/2429 2357/2023
f 2669/2434 2670/2435 680/2436
f 2668/2437 680/2436 2670/2435
f 2372/2039 2670/2435 610/2031
f 2666/2432 610/2031 2670/2435
f 676/2427 2661/2426 2653/2438
f 2672/2439 2653/2438 2661/2426
f 680/2436 2671/2440 2669/2434
f 2672/2439 2669/2434 2671/2440
f 2656/2441 677/2442 2676/2443
f 2673/2444 2676/2443 677/2442
f 2675/2445 2676/2443 682/2446
f 2674/2447 682/2446 2676/2443
f 680/2436 2677/2448 2671/2440
f 2678/2449 2671/2440 2677/2448
f 677/2442 2651/2450 2673/2444
f 2678/2449 2673/2444 2651/2450
f 609/2037 2679/2451 2373/2041
f 2680/2452 2373/2041 2679/2451
f 2680/2452 2677/2448 2668/2437
f 680/2436 2668/2437 2677/2448
f 2682/2453 2342/2002 2681/2454
f 601/1992 2681/2454 2342/2002
f 609/2037 2369/2038 2679/2451
f 2682/2453 2679/2451 2369/2038
f 2684/2455 2683/2456 2674/2447
f 682/2446 2674/2447 2683/2456
f 2684/2455 2681/2454 2335/1991
f 601/1992 2335/1991 2681/2454
f 665/2457 2685/2458 2616/2459
f 2688/2460 2616/2459 2685/2458
f 684/2461 2687/2462 2686/2463
f 2688/2460 2686/2463 2687/2462
f 2689/2464 2690/2465 682/2466
f 2675/2467 682/2466 2690/2465
f 2610/2468 2690/2465 665/2457
f 2685/2458 665/2457 2690/2465
f 650/2294 2691/2469 2560/2300
f 2692/2470 2560/2300 2691/2469
f 2692/2470 2689/2464 2683/2471
f 682/2466 2683/2471 2689/2464
f 2693/2472 2694/2473 415/1075
f 1602/1082 415/1075 2694/2473
f 2556/2295 2694/2473 650/2294
f 2691/2469 650/2294 2694/2473
f 2686/2463 2696/2474 684/2461
f 2695/2475 684/2461 2696/2474
f 415/1075 1597/1077 2693/2472
f 2696/2474 2693/2472 1597/1077
f 2697/2476 2700/2477 419/1095
f 1610/1096 419/1095 2700/2477
f 2699/2478 2700/2477 687/2479
f 2698/2480 687/2479 2700/2477
f 633/2182 2701/2481 2473/2188
f 2702/2482 2473/2188 2701/2481
f 419/1095 1621/1110 2697/2476
f 2702/2482 2697/2476 1621/1110
f 2704/2483 2705/2484 686/2485
f 2703/2486 686/2485 2705/2484
f 2469/2184 2705/2484 633/2182
f 2701/2481 633/2182 2705/2484
f 2706/2487 2708/2488 671/2489
f 2623/2490 671/2489 2708/2488
f 686/2485 2707/2491 2704/2483
f 2708/2488 2704/2483 2707/2491
f 2710/2492 2709/2493 2698/2480
f 687/2479 2698/2480 2709/2493
f 2706/2487 671/2489 2710/2492
f 2632/2494 2710/2492 671/2489
f 1625/1114 421/1115 2713/2495
f 2711/2496 2713/2495 421/1115
f 684/2461 2695/2475 2712/2497
f 2713/2495 2712/2497 2695/2475
f 687/2498 2714/2499 2699/2500
f 2715/2501 2699/2500 2714/2499
f 2715/2501 2711/2496 1631/1127
f 421/1115 1631/1127 2711/2496
f 2716/2502 2717/2503 674/2504
f 2637/2505 674/2504 2717/2503
f 2714/2499 687/2498 2717/2503
f 2709/2506 2717/2503 687/2498
f 2712/2497 2718/2507 684/2461
f 2687/2462 684/2461 2718/2507
f 2645/2508 2718/2507 674/2504
f 2716/2502 674/2504 2718/2507
f 652/2311 2719/2509 2571/2316
f 2721/2510 2571/2316 2719/2509
f 686/2485 2703/2486 2720/2511
f 2721/2510 2720/2511 2703/2486
f 2664/2512 679/2513 2723/2514
f 2722/2515 2723/2514 679/2513
f 2568/2313 2723/2514 652/2311
f 2719/2509 652/2311 2723/2514
f 2724/2516 2725/2517 662/2518
f 2592/2519 662/2518 2725/2517
f 2659/2520 2725/2517 679/2513
f 2722/2515 679/2513 2725/2517
f 2720/2511 2726/2521 686/2485
f 2707/2491 686/2485 2726/2521
f 662/2518 2602/2522 2724/2516
f 2726/2521 2724/2516 2602/2522
f 660/2344 2727/2523 2600/2353
f 2730/2524 2600/2353 2727/2523
f 2730/2524 2728/2525 2729/2526
f 692/2527 2729/2526 2728/2525
f 2731/2528 691/2529 2733/2530
f 2732/2531 2733/2530 691/2529
f 2594/2346 2733/2530 660/2344
f 2727/2523 660/2344 2733/2530
f 657/2321 2734/2532 2576/2322
f 2736/2533 2576/2322 2734/2532
f 691/2529 2735/2534 2732/2531
f 2736/2533 2732/2531 2735/2534
f 692/2527 2728/2525 2737/2535
f 2738/2536 2737/2535 2728/2525
f 657/2321 2586/2335 2734/2532
f 2738/2536 2734/2532 2586/2335
f 2739/2537 2742/2538 669/2384
f 2630/2390 669/2384 2742/2538
f 2741/2539 2742/2538 694/2540
f 2740/2541 694/2540 2742/2538
f 2729/2526 692/2527 2744/2542
f 2743/2543 2744/2542 692/2527
f 669/2384 2625/2385 2739/2537
f 2744/2542 2739/2537 2625/2385
f 656/2329 2745/2544 2587/2336
f 2746/2545 2587/2336 2745/2544
f 692/2527 2737/2535 2743/2543
f 2746/2545 2743/2543 2737/2535
f 694/2540 2740/2541 2747/2546
f 2748/2547 2747/2546 2740/2541
f 656/2329 2582/2331 2745/2544
f 2748/2547 2745/2544 2582/2331
f 673/2402 2749/2548 2643/2405
f 2752/2549 2643/2405 2749/2548
f 2752/2549 2750/2550 2751/2551
f 696/2552 2751/2551 2750/2550
f 2754/2553 2741/2539 2753/2554
f 694/2540 2753/2554 2741/2539
f 2639/2400 2754/2553 673/2402
f 2749/2548 673/2402 2754/2553
f 2755/2555 2756/2556 655/2326
f 2584/2333 655/2326 2756/2556
f 2753/2554 694/2540 2756/2556
f 2747/2546 2756/2556 694/2540
f 696/2552 2750/2550 2757/2557
f 2758/2558 2757/2557 2750/2550
f 655/2326 2578/2327 2755/2555
f 2758/2558 2755/2555 2578/2327
f 2759/2559 2761/2560 667/2362
f 2608/2361 667/2362 2761/2560
f 2731/2528 2761/2560 691/2529
f 2760/2561 691/2529 2761/2560
f 2763/2562 2751/2551 2762/2563
f 696/2552 2762/2563 2751/2551
f 667/2362 2618/2375 2759/2559
f 2763/2562 2759/2559 2618/2375
f 654/2317 2764/2564 2580/2328
f 2765/2565 2580/2328 2764/2564
f 696/2552 2757/2557 2762/2563
f 2765/2565 2762/2563 2757/2557
f 691/2529 2760/2561 2735/2534
f 2766/2566 2735/2534 2760/2561
f 654/2317 2573/2319 2764/2564
f 2766/2566 2764/2564 2573/2319
f 2767/2567 699/2568 2770/2569
f 2768/2570 2770/2569 699/2568
f 2769/2571 482/2572 2770/2569
f 1883/2573 2770/2569 482/2572
f 2774/2574 2771/2575 2772/2576
f 700/2577 2772/2576 2771/2575
f 699/2568 2773/2578 2768/2570
f 2774/2574 2768/2570 2773/2578
f 2778/2579 2775/2580 2776/2581
f 701/2582 2776/2581 2775/2580
f 2772/2576 700/2577 2778/2579
f 2777/2583 2778/2579 700/2577
f 2780/2584 1888/2585 2769/2571
f 482/2572 2769/2571 1888/2585
f 2776/2581 701/2582 2780/2584
f 2779/2586 2780/2584 701/2582
f 701/2582 2781/2587 2779/2586
f 2783/2588 2779/2586 2781/2587
f 624/2589 2428/2590 2782/2591
f 2783/2588 2782/2591 2428/2590
f 2785/2592 2786/2593 703/2594
f 2784/2595 703/2594 2786/2593
f 2775/2580 2786/2593 701/2582
f 2781/2587 701/2582 2786/2593
f 436/1214 2787/2596 1703/1221
f 2789/2597 1703/1221 2787/2596
f 703/2594 2788/2598 2785/2592
f 2789/2597 2785/2592 2788/2598
f 2782/2591 2790/2599 624/2589
f 2431/2600 624/2589 2790/2599
f 1698/1215 2790/2599 436/1214
f 2787/2596 436/1214 2790/2599
f 2791/2601 2793/2602 441/1229
f 1709/1228 441/1229 2793/2602
f 2409/2603 2793/2602 620/2604
f 2792/2605 620/2604 2793/2602
f 705/2606 2795/2607 2794/2608
f 2796/2609 2794/2608 2795/2607
f 441/1229 1718/1241 2791/2601
f 2796/2609 2791/2601 1718/1241
f 2797/2610 706/2611 2800/2612
f 2798/2613 2800/2612 706/2611
f 2799/2614 2800/2612 705/2606
f 2795/2607 705/2606 2800/2612
f 620/2604 2792/2605 2414/2615
f 2802/2616 2414/2615 2792/2605
f 706/2611 2801/2617 2798/2613
f 2802/2616 2798/2613 2801/2617
f 2803/2618 2805/2619 706/2611
f 2801/2617 706/2611 2805/2619
f 2805/2619 2804/2620 1872/2621
f 479/2622 1872/2621 2804/2620
f 2807/2623 2808/2624 708/2625
f 2806/2626 708/2625 2808/2624
f 2808/2624 2803/2618 2797/2610
f 706/2611 2797/2610 2803/2618
f 699/2568 2809/2627 2773/2578
f 2811/2628 2773/2578 2809/2627
f 2811/2628 2807/2623 2810/2629
f 708/2625 2810/2629 2807/2623
f 2804/2620 2812/2630 479/2622
f 1877/2631 479/2622 2812/2630
f 2812/2630 2809/2627 2767/2567
f 699/2568 2767/2567 2809/2627
f 2813/2632 2815/2633 703/2594
f 2788/2598 703/2594 2815/2633
f 445/1258 1731/1260 2814/2634
f 2815/2633 2814/2634 1731/1260
f 700/2577 2816/2635 2777/2583
f 2817/2636 2777/2583 2816/2635
f 703/2594 2784/2595 2813/2632
f 2817/2636 2813/2632 2784/2595
f 2819/2637 2820/2638 710/2639
f 2818/2640 710/2639 2820/2638
f 2771/2575 2820/2638 700/2577
f 2816/2635 700/2577 2820/2638
f 2822/2641 1737/1267 2814/2634
f 445/1258 2814/2634 1737/1267
f 710/2639 2821/2642 2819/2637
f 2822/2641 2819/2637 2821/2642
f 710/2639 2823/2643 2821/2642
f 2825/2644 2821/2642 2823/2643
f 1743/1273 2825/2644 448/1275
f 2824/2645 448/1275 2825/2644
f 2826/2646 2827/2647 708/2625
f 2810/2629 708/2625 2827/2647
f 2818/2640 2827/2647 710/2639
f 2823/2643 710/2639 2827/2647
f 705/2606 2828/2648 2799/2614
f 2829/2649 2799/2614 2828/2648
f 708/2625 2806/2626 2826/2646
f 2829/2649 2826/2646 2806/2626
f 2824/2645 2830/2650 448/1275
f 1748/1279 448/1275 2830/2650
f 2794/2608 2830/2650 705/2606
f 2828/2648 705/2606 2830/2650
f 2832/2651 2835/2652 713/2653
f 2831/2654 713/2653 2835/2652
f 2834/2655 2835/2652 715/2656
f 2833/2657 715/2656 2835/2652
f 2836/2658 714/2659 2839/2660
f 2837/2661 2839/2660 714/2659
f 713/2653 2838/2662 2832/2651
f 2839/2660 2832/2651 2838/2662
f 715/2656 2833/2657 2840/2663
f 2842/2664 2840/2663 2833/2657
f 714/2659 2841/2665 2837/2661
f 2842/2664 2837/2661 2841/2665
f 2844/2666 2846/2667 717/2668
f 2843/2669 717/2668 2846/2667
f 713/2653 2831/2654 2845/2670
f 2846/2667 2845/2670 2831/2654
f 519/1586 2847/2671 2006/1585
f 2849/2672 2006/1585 2847/2671
f 2849/2672 2844/2666 2848/2673
f 717/2668 2848/2673 2844/2666
f 2850/2674 2851/2675 497/1499
f 1937/1504 497/1499 2851/2675
f 2015/1596 2851/2675 519/1586
f 2847/2671 519/1586 2851/2675
f 718/2676 2853/2677 2852/2678
f 2854/2679 2852/2678 2853/2677
f 497/1499 1932/1500 2850/2674
f 2854/2679 2850/2674 1932/1500
f 2845/2670 2856/2680 713/2653
f 2838/2662 713/2653 2856/2680
f 2855/2681 2856/2680 718/2676
f 2853/2677 718/2676 2856/2680
f 715/2656 2857/2682 2834/2655
f 2859/2683 2834/2655 2857/2682
f 717/2668 2843/2669 2858/2684
f 2859/2683 2858/2684 2843/2669
f 2861/2685 2862/2686 720/2687
f 2860/2688 720/2687 2862/2686
f 2840/2663 2862/2686 715/2656
f 2857/2682 715/2656 2862/2686
f 2863/2689 2865/2690 534/1657
f 2074/1668 534/1657 2865/2690
f 2864/2691 2865/2690 720/2687
f 2861/2685 720/2687 2865/2690
f 545/1713 2866/2692 2115/1716
f 2867/2693 2115/1716 2866/2692
f 2863/2689 534/1657 2867/2693
f 2067/1659 2867/2693 534/1657
f 2858/2684 2868/2694 717/2668
f 2848/2673 717/2668 2868/2694
f 2111/1711 2868/2694 545/1713
f 2866/2692 545/1713 2868/2694
f 2869/2695 2872/2696 460/2697
f 1794/2698 460/2697 2872/2696
f 2871/2699 2872/2696 722/2700
f 2870/2701 722/2700 2872/2696
f 618/2083 2873/2702 2407/2089
f 2874/2703 2407/2089 2873/2702
f 2874/2703 2869/2695 1801/2704
f 460/2697 1801/2704 2869/2695
f 2864/2691 720/2687 2876/2705
f 2875/2706 2876/2705 720/2687
f 2404/2085 2876/2705 618/2083
f 2873/2702 618/2083 2876/2705
f 722/2700 2870/2701 2877/2707
f 2878/2708 2877/2707 2870/2701
f 720/2687 2860/2688 2875/2706
f 2878/2708 2875/2706 2860/2688
f 463/2709 2879/2710 1805/2711
f 2881/2712 1805/2711 2879/2710
f 637/2200 2485/2202 2880/2713
f 2881/2712 2880/2713 2485/2202
f 2883/2714 2884/2715 724/2716
f 2882/2717 724/2716 2884/2715
f 1812/2718 2884/2715 463/2709
f 2879/2710 463/2709 2884/2715
f 718/2676 2885/2719 2855/2681
f 2887/2720 2855/2681 2885/2719
f 724/2716 2886/2721 2883/2714
f 2887/2720 2883/2714 2886/2721
f 2880/2713 2888/2722 637/2200
f 2490/2209 637/2200 2888/2722
f 2852/2678 2888/2722 718/2676
f 2885/2719 718/2676 2888/2722
f 726/2723 2890/2724 2889/2725
f 2892/2726 2889/2725 2890/2724
f 714/2659 2836/2658 2891/2727
f 2892/2726 2891/2727 2836/2658
f 2894/2728 2896/2729 727/2730
f 2893/2731 727/2730 2896/2729
f 2895/2732 2896/2729 726/2723
f 2890/2724 726/2723 2896/2729
f 2898/2733 2900/2734 728/2735
f 2897/2736 728/2735 2900/2734
f 2894/2728 727/2730 2900/2734
f 2899/2737 2900/2734 727/2730
f 2841/2665 714/2659 2902/2738
f 2891/2727 2902/2738 714/2659
f 2902/2738 2898/2733 2901/2739
f 728/2735 2901/2739 2898/2733
f 2901/2739 728/2735 2905/2740
f 2903/2741 2905/2740 728/2735
f 2877/2707 2905/2740 722/2700
f 2904/2742 722/2700 2905/2740
f 730/2743 2907/2744 2906/2745
f 2908/2746 2906/2745 2907/2744
f 728/2735 2897/2736 2903/2741
f 2908/2746 2903/2741 2897/2736
f 2909/2747 2911/2748 469/2749
f 1837/2750 469/2749 2911/2748
f 2910/2751 2911/2748 730/2743
f 2907/2744 730/2743 2911/2748
f 722/2700 2904/2742 2871/2699
f 2912/2752 2871/2699 2904/2742
f 469/2749 1832/2753 2909/2747
f 2912/2752 2909/2747 1832/2753
f 473/2754 2913/2755 1843/2756
f 2915/2757 1843/2756 2913/2755
f 2915/2757 2914/2758 2882/2717
f 724/2716 2882/2717 2914/2758
f 2917/2759 2918/2760 732/2761
f 2916/2762 732/2761 2918/2760
f 1850/2763 2918/2760 473/2754
f 2913/2755 473/2754 2918/2760
f 2921/2764 2895/2732 2919/2765
f 726/2723 2919/2765 2895/2732
f 732/2761 2920/2766 2917/2759
f 2921/2764 2917/2759 2920/2766
f 2914/2758 2922/2767 724/2716
f 2886/2721 724/2716 2922/2767
f 2919/2765 726/2723 2922/2767
f 2889/2725 2922/2767 726/2723
f 2923/2768 2925/2769 727/2730
f 2899/2737 727/2730 2925/2769
f 2906/2745 2925/2769 730/2743
f 2924/2770 730/2743 2925/2769
f 2926/2771 2927/2772 732/2761
f 2920/2766 732/2761 2927/2772
f 2923/2768 727/2730 2927/2772
f 2893/2731 2927/2772 727/2730
f 475/2773 2928/2774 1860/2775
f 2929/2776 1860/2775 2928/2774
f 732/2761 2916/2762 2926/2771
f 2929/2776 2926/2771 2916/2762
f 730/2743 2924/2770 2910/2751
f 2930/2777 2910/2751 2924/2770
f 2930/2777 2928/2774 1856/2778
f 475/2773 1856/2778 2928/2774
f 738/6 6/2779 739/1
f 735/2 739/1 6/2779
f 193/2780 737/7 736/3
f 739/1 736/3 737/7
f 743/11 742/12 740/10
f 14/2781 740/10 742/12
f 741/9 193/2780 743/11
f 736/3 743/11 193/2780
f 747/14 746/17 744/16
f 10/2782 744/16 746/17
f 193/2780 741/9 745/13
f 747/14 745/13 741/9
f 16/2783 748/18 749/20
f 750/19 749/20 748/18
f 745/13 750/19 193/2780
f 737/7 193/2780 750/19
f 754/22 735/2 751/24
f 6/2779 751/24 735/2
f 197/2784 753/25 752/21
f 754/22 752/21 753/25
f 18/2785 755/28 757/30
f 758/29 757/30 755/28
f 752/21 758/29 197/2784
f 756/27 197/2784 758/29
f 762/33 761/35 759/31
f 13/2786 759/31 761/35
f 197/2784 756/27 760/34
f 762/33 760/34 756/27
f 763/37 14/2781 764/36
f 742/12 764/36 14/2781
f 760/34 764/36 197/2784
f 753/25 197/2784 764/36
f 1/2787 765/39 768/42
f 769/38 768/42 765/39
f 767/44 769/38 202/2788
f 766/40 202/2788 769/38
f 12/2789 770/48 772/49
f 773/46 772/49 770/48
f 202/2788 766/40 771/45
f 773/46 771/45 766/40
f 774/52 777/53 11/2790
f 776/54 11/2790 777/53
f 771/45 777/53 202/2788
f 775/51 202/2788 777/53
f 24/2791 778/55 779/57
f 780/56 779/57 778/55
f 202/2788 775/51 767/44
f 780/56 767/44 775/51
f 7/2792 781/61 784/62
f 785/59 784/62 781/61
f 206/2793 783/64 782/58
f 785/59 782/58 783/64
f 779/57 788/66 24/2791
f 787/67 24/2791 788/66
f 782/58 788/66 206/2793
f 786/65 206/2793 788/66
f 11/2790 789/71 774/52
f 791/69 774/52 789/71
f 206/2793 786/65 790/68
f 791/69 790/68 786/65
f 792/72 794/73 23/2794
f 793/74 23/2794 794/73
f 790/68 794/73 206/2793
f 783/64 206/2793 794/73
f 2/2795 795/78 798/80
f 799/76 798/80 795/78
f 211/2796 797/81 796/75
f 799/76 796/75 797/81
f 800/84 803/85 27/2797
f 802/86 27/2797 803/85
f 796/75 803/85 211/2796
f 801/83 211/2796 803/85
f 804/89 807/90 19/2798
f 806/91 19/2798 807/90
f 211/2796 801/83 805/88
f 807/90 805/88 801/83
f 20/2799 808/93 809/94
f 810/92 809/94 808/93
f 810/92 797/81 805/88
f 211/2796 805/88 797/81
f 768/42 814/96 1/2787
f 813/98 1/2787 814/96
f 812/99 814/96 215/2800
f 811/95 215/2800 814/96
f 24/2791 815/103 778/55
f 817/101 778/55 815/103
f 215/2800 811/95 816/100
f 817/101 816/100 811/95
f 818/106 821/107 15/2801
f 820/108 15/2801 821/107
f 816/100 821/107 215/2800
f 819/105 215/2800 821/107
f 16/2783 822/110 823/111
f 824/109 823/111 822/110
f 215/2800 819/105 812/99
f 824/109 812/99 819/105
f 828/113 827/114 738/6
f 6/2779 738/6 827/114
f 218/2802 826/116 825/112
f 828/113 825/112 826/116
f 16/2783 823/111 748/18
f 830/118 748/18 823/111
f 825/112 830/118 218/2802
f 829/117 218/2802 830/118
f 15/2801 831/122 818/106
f 833/120 818/106 831/122
f 218/2802 829/117 832/119
f 833/120 832/119 829/117
f 834/123 836/124 32/2803
f 835/125 32/2803 836/124
f 832/119 836/124 218/2802
f 826/116 218/2802 836/124
f 841/129 840/132 837/128
f 5/2804 837/128 840/132
f 838/127 222/2805 841/129
f 839/130 841/129 222/2805
f 32/2803 835/125 843/135
f 844/134 843/135 835/125
f 844/134 842/133 838/127
f 222/2805 838/127 842/133
f 831/122 15/2801 847/136
f 845/137 847/136 15/2801
f 842/133 847/136 222/2805
f 846/138 222/2805 847/136
f 849/142 30/2806 850/140
f 848/141 850/140 30/2806
f 222/2805 846/138 839/130
f 850/140 839/130 846/138
f 851/145 854/146 7/2792
f 781/61 7/2792 854/146
f 853/147 854/146 224/2807
f 852/144 224/2807 854/146
f 857/149 856/150 849/142
f 30/2806 849/142 856/150
f 855/148 224/2807 857/149
f 852/144 857/149 224/2807
f 15/2801 820/108 845/137
f 859/151 845/137 820/108
f 859/151 858/152 855/148
f 224/2807 855/148 858/152
f 24/2791 787/67 815/103
f 860/153 815/103 787/67
f 858/152 860/153 224/2807
f 853/147 224/2807 860/153
f 861/156 864/157 2/2795
f 795/78 2/2795 864/157
f 863/158 864/157 228/2808
f 862/155 228/2808 864/157
f 18/2785 865/162 867/163
f 868/160 867/163 865/162
f 228/2808 862/155 866/159
f 868/160 866/159 862/155
f 869/166 872/167 17/2809
f 871/168 17/2809 872/167
f 866/159 872/167 228/2808
f 870/165 228/2808 872/167
f 27/2797 802/86 873/170
f 874/169 873/170 802/86
f 228/2808 870/165 863/158
f 874/169 863/158 870/165
f 879/172 878/177 875/174
f 8/2810 875/174 878/177
f 232/2811 877/175 876/171
f 879/172 876/171 877/175
f 873/170 882/179 27/2797
f 881/180 27/2797 882/179
f 876/171 882/179 232/2811
f 880/178 232/2811 882/179
f 17/2809 883/184 869/166
f 885/182 869/166 883/184
f 232/2811 880/178 884/181
f 885/182 884/181 880/178
f 887/187 29/2812 888/185
f 886/186 888/185 29/2812
f 884/181 888/185 232/2811
f 877/175 232/2811 888/185
f 837/128 5/2804 892/188
f 889/189 892/188 5/2804
f 891/192 892/188 235/2813
f 890/190 235/2813 892/188
f 29/2812 887/187 894/195
f 895/194 894/195 887/187
f 235/2813 890/190 893/193
f 895/194 893/193 890/190
f 896/198 898/199 17/2809
f 883/184 17/2809 898/199
f 893/193 898/199 235/2813
f 897/197 235/2813 898/199
f 899/201 32/2803 900/200
f 843/135 900/200 32/2803
f 235/2813 897/197 891/192
f 900/200 891/192 897/197
f 751/24 6/2779 903/203
f 827/114 903/203 6/2779
f 236/2814 902/204 901/202
f 903/203 901/202 902/204
f 32/2803 899/201 834/123
f 905/206 834/123 899/201
f 901/202 905/206 236/2814
f 904/205 236/2814 905/206
f 17/2809 871/168 896/198
f 907/208 896/198 871/168
f 236/2814 904/205 906/207
f 907/208 906/207 904/205
f 18/2785 757/30 865/162
f 908/209 865/162 757/30
f 906/207 908/209 236/2814
f 902/204 236/2814 908/209
f 913/211 912/214 909/213
f 3/2815 909/213 912/214
f 241/2816 911/216 910/210
f 913/211 910/210 911/216
f 22/2817 914/219 916/221
f 917/220 916/221 914/219
f 915/218 241/2816 917/220
f 910/210 917/220 241/2816
f 21/2818 918/222 920/226
f 921/224 920/226 918/222
f 921/224 919/225 915/218
f 241/2816 915/218 919/225
f 31/2819 922/227 923/229
f 924/228 923/229 922/227
f 919/225 924/228 241/2816
f 911/216 241/2816 924/228
f 925/233 929/231 9/2820
f 928/235 9/2820 929/231
f 245/2821 927/234 926/230
f 929/231 926/230 927/234
f 923/229 932/238 31/2819
f 931/239 31/2819 932/238
f 926/230 932/238 245/2821
f 930/237 245/2821 932/238
f 21/2818 933/243 918/222
f 935/241 918/222 933/243
f 245/2821 930/237 934/240
f 935/241 934/240 930/237
f 938/244 937/246 936/245
f 33/2822 936/245 937/246
f 934/240 938/244 245/2821
f 927/234 245/2821 938/244
f 939/249 943/250 4/2823
f 942/252 4/2823 943/250
f 941/253 943/250 250/2824
f 940/248 250/2824 943/250
f 28/2825 944/257 946/258
f 947/255 946/258 944/257
f 250/2824 940/248 945/254
f 947/255 945/254 940/248
f 948/260 951/259 25/2826
f 950/263 25/2826 951/259
f 945/254 951/259 250/2824
f 949/261 250/2824 951/259
f 26/2827 952/264 953/266
f 954/265 953/266 952/264
f 954/265 941/253 949/261
f 250/2824 949/261 941/253
f 9/2820 928/235 957/269
f 958/268 957/269 928/235
f 253/2828 956/271 955/267
f 958/268 955/267 956/271
f 959/274 961/275 33/2822
f 936/245 33/2822 961/275
f 955/267 961/275 253/2828
f 960/273 253/2828 961/275
f 25/2826 950/263 963/278
f 964/277 963/278 950/263
f 253/2828 960/273 962/276
f 964/277 962/276 960/273
f 965/279 966/280 28/2825
f 944/257 28/2825 966/280
f 962/276 966/280 253/2828
f 956/271 253/2828 966/280
f 840/132 970/282 5/2804
f 969/284 5/2804 970/282
f 968/285 970/282 256/2829
f 967/281 256/2829 970/282
f 30/2806 971/289 848/141
f 973/287 848/141 971/289
f 256/2829 967/281 972/286
f 973/287 972/286 967/281
f 975/292 31/2819 976/290
f 931/239 976/290 31/2819
f 972/286 976/290 256/2829
f 974/291 256/2829 976/290
f 9/2820 977/294 925/233
f 978/293 925/233 977/294
f 256/2829 974/291 968/285
f 978/293 968/285 974/291
f 29/2812 979/298 886/186
f 982/296 886/186 979/298
f 982/296 980/295 981/299
f 259/2830 981/299 980/295
f 946/258 985/300 28/2825
f 984/302 28/2825 985/300
f 980/295 985/300 259/2830
f 983/301 259/2830 985/300
f 986/305 988/306 4/2823
f 939/249 4/2823 988/306
f 259/2830 983/301 987/304
f 988/306 987/304 983/301
f 878/177 990/307 8/2810
f 989/308 8/2810 990/307
f 981/299 259/2830 990/307
f 987/304 990/307 259/2830
f 23/2794 991/309 792/72
f 994/311 792/72 991/309
f 994/311 992/312 993/313
f 262/2831 993/313 992/312
f 22/2817 916/221 996/316
f 997/314 996/316 916/221
f 992/312 997/314 262/2831
f 995/315 262/2831 997/314
f 998/320 1000/318 3/2815
f 909/213 3/2815 1000/318
f 262/2831 995/315 999/317
f 1000/318 999/317 995/315
f 784/62 1002/321 7/2792
f 1001/322 7/2792 1002/321
f 993/313 262/2831 1002/321
f 999/317 1002/321 262/2831
f 28/2825 984/302 965/279
f 1005/324 965/279 984/302
f 263/2832 1004/325 1003/323
f 1005/324 1003/323 1004/325
f 894/195 1007/327 29/2812
f 979/298 29/2812 1007/327
f 1003/323 1007/327 263/2832
f 1006/326 263/2832 1007/327
f 5/2804 969/284 889/189
f 1009/329 889/189 969/284
f 263/2832 1006/326 1008/328
f 1009/329 1008/328 1006/326
f 957/269 1010/330 9/2820
f 977/294 9/2820 1010/330
f 1008/328 1010/330 263/2832
f 1004/325 263/2832 1010/330
f 856/150 1013/332 30/2806
f 971/289 30/2806 1013/332
f 1012/333 1013/332 264/2833
f 1011/331 264/2833 1013/332
f 7/2792 1001/322 851/145
f 1015/335 851/145 1001/322
f 264/2833 1011/331 1014/334
f 1015/335 1014/334 1011/331
f 912/214 1017/337 3/2815
f 998/320 3/2815 1017/337
f 1014/334 1017/337 264/2833
f 1016/336 264/2833 1017/337
f 31/2819 975/292 922/227
f 1018/338 922/227 975/292
f 264/2833 1016/336 1012/333
f 1018/338 1012/333 1016/336
f 23/2794 1019/339 991/309
f 1022/341 991/309 1019/339
f 1020/342 268/2834 1022/341
f 1021/343 1022/341 268/2834
f 35/2835 1023/344 1025/348
f 1026/346 1025/348 1023/344
f 1026/346 1024/347 1020/342
f 268/2834 1020/342 1024/347
f 1029/353 34/2836 1030/349
f 1027/350 1030/349 34/2836
f 1024/347 1030/349 268/2834
f 1028/351 268/2834 1030/349
f 1032/354 1031/355 996/316
f 22/2817 996/316 1031/355
f 268/2834 1028/351 1021/343
f 1032/354 1021/343 1028/351
f 1033/358 1036/359 35/2837
f 1023/361 35/2837 1036/359
f 1035/360 1036/359 272/2838
f 1034/357 272/2838 1036/359
f 37/2839 1037/366 1039/367
f 1040/364 1039/367 1037/366
f 272/2838 1034/357 1038/363
f 1040/364 1038/363 1034/357
f 1043/372 36/2840 1044/368
f 1041/369 1044/368 36/2840
f 1038/363 1044/368 272/2838
f 1042/370 272/2838 1044/368
f 1046/373 1045/375 1029/374
f 34/2841 1029/374 1045/375
f 272/2838 1042/370 1035/360
f 1046/373 1035/360 1042/370
f 35/2837 1047/379 1033/358
f 1050/377 1033/358 1047/379
f 276/2842 1049/380 1048/376
f 1050/377 1048/376 1049/380
f 1051/383 1054/384 40/2843
f 1053/385 40/2843 1054/384
f 1048/376 1054/384 276/2842
f 1052/382 276/2842 1054/384
f 41/2844 1055/389 1057/390
f 1058/387 1057/390 1055/389
f 276/2842 1052/382 1056/386
f 1058/387 1056/386 1052/382
f 1039/367 1060/391 37/2839
f 1059/392 37/2839 1060/391
f 1056/386 1060/391 276/2842
f 1049/380 276/2842 1060/391
f 37/2839 1059/392 1063/395
f 1064/394 1063/395 1059/392
f 280/2845 1062/397 1061/393
f 1064/394 1061/393 1062/397
f 1065/400 1067/401 41/2844
f 1055/389 41/2844 1067/401
f 1061/393 1067/401 280/2845
f 1066/399 280/2845 1067/401
f 1071/405 1070/406 1068/404
f 42/2846 1068/404 1070/406
f 280/2845 1066/399 1069/403
f 1071/405 1069/403 1066/399
f 38/2847 1072/407 1073/409
f 1074/408 1073/409 1072/407
f 1074/408 1062/397 1069/403
f 280/2845 1069/403 1062/397
f 1079/411 1078/416 1075/413
f 43/2848 1075/413 1078/416
f 285/2849 1077/414 1076/410
f 1079/411 1076/410 1077/414
f 1080/420 1083/418 48/2850
f 1082/421 48/2850 1083/418
f 285/2849 1076/410 1081/417
f 1083/418 1081/417 1076/410
f 1084/424 1087/425 45/2851
f 1086/426 45/2851 1087/425
f 285/2849 1081/417 1085/423
f 1087/425 1085/423 1081/417
f 1088/427 1090/428 46/2852
f 1089/429 46/2852 1090/428
f 285/2849 1085/423 1077/414
f 1090/428 1077/414 1085/423
f 1091/433 1095/431 44/2853
f 1094/435 44/2853 1095/431
f 290/2854 1093/434 1092/430
f 1095/431 1092/430 1093/434
f 1099/438 1098/441 1096/440
f 50/2855 1096/440 1098/441
f 290/2854 1092/430 1097/437
f 1099/438 1097/437 1092/430
f 1100/444 1103/445 47/2856
f 1102/446 47/2856 1103/445
f 1097/437 1103/445 290/2854
f 1101/443 290/2854 1103/445
f 1104/447 1106/448 49/2857
f 1105/449 49/2857 1106/448
f 290/2854 1101/443 1093/434
f 1106/448 1093/434 1101/443
f 18/2858 867/452 1109/455
f 1110/453 1109/455 867/452
f 1107/451 293/2859 1110/453
f 1108/456 1110/453 293/2859
f 1113/458 861/461 1111/460
f 2/2860 1111/460 861/461
f 293/2859 1107/451 1112/457
f 1113/458 1112/457 1107/451
f 1094/435 1116/463 44/2853
f 1115/464 44/2853 1116/463
f 1112/457 1116/463 293/2859
f 1114/462 293/2859 1116/463
f 1117/466 1118/465 49/2857
f 1104/447 49/2857 1118/465
f 293/2859 1114/462 1108/456
f 1118/465 1108/456 1114/462
f 20/2861 1119/470 1122/471
f 1123/468 1122/471 1119/470
f 297/2862 1121/473 1120/467
f 1123/468 1120/467 1121/473
f 13/2863 1124/475 1126/478
f 1127/474 1126/478 1124/475
f 1120/467 1127/474 297/2862
f 1125/476 297/2862 1127/474
f 1102/446 1130/480 47/2856
f 1129/481 47/2856 1130/480
f 297/2862 1125/476 1128/479
f 1130/480 1128/479 1125/476
f 1131/482 1132/483 50/2855
f 1096/440 50/2855 1132/483
f 1128/479 1132/483 297/2862
f 1121/473 297/2862 1132/483
f 18/2858 1109/455 755/486
f 1135/485 755/486 1109/455
f 298/2864 1134/488 1133/484
f 1135/485 1133/484 1134/488
f 1105/449 1137/490 49/2857
f 1117/466 49/2857 1137/490
f 1133/484 1137/490 298/2864
f 1136/489 298/2864 1137/490
f 1129/481 1139/492 47/2856
f 1100/444 47/2856 1139/492
f 298/2864 1136/489 1138/491
f 1139/492 1138/491 1136/489
f 13/2863 761/493 1124/475
f 1140/494 1124/475 761/493
f 1138/491 1140/494 298/2864
f 1134/488 298/2864 1140/494
f 20/2861 1122/471 808/498
f 1143/495 808/498 1122/471
f 1142/497 1143/495 299/2865
f 1141/496 299/2865 1143/495
f 1098/441 1145/501 50/2855
f 1131/482 50/2855 1145/501
f 299/2865 1141/496 1144/500
f 1145/501 1144/500 1141/496
f 1115/464 1147/503 44/2853
f 1091/433 44/2853 1147/503
f 1144/500 1147/503 299/2865
f 1146/502 299/2865 1147/503
f 1148/504 1111/460 798/505
f 2/2860 798/505 1111/460
f 1148/504 1142/497 1146/502
f 299/2865 1146/502 1142/497
f 16/2866 1149/508 822/511
f 1152/509 822/511 1149/508
f 1151/512 1152/509 302/2867
f 1150/507 302/2867 1152/509
f 1082/421 1155/514 48/2850
f 1154/515 48/2850 1155/514
f 302/2867 1150/507 1153/513
f 1155/514 1153/513 1150/507
f 1156/518 1158/519 43/2848
f 1075/413 43/2848 1158/519
f 1153/513 1158/519 302/2867
f 1157/517 302/2867 1158/519
f 1160/520 1159/522 813/521
f 1/2868 813/521 1159/522
f 302/2867 1157/517 1151/512
f 1160/520 1151/512 1157/517
f 772/525 1164/526 12/2869
f 1163/528 12/2869 1164/526
f 1161/524 304/2870 1164/526
f 1162/527 1164/526 304/2870
f 1159/522 1166/531 1/2868
f 765/532 1/2868 1166/531
f 1166/531 1165/530 1161/524
f 304/2870 1161/524 1165/530
f 1078/416 1168/534 43/2848
f 1156/518 43/2848 1168/534
f 1165/530 1168/534 304/2870
f 1167/533 304/2870 1168/534
f 1169/536 1170/535 46/2852
f 1088/427 46/2852 1170/535
f 304/2870 1167/533 1162/527
f 1170/535 1162/527 1167/533
f 1171/539 1174/540 10/2871
f 744/542 10/2871 1174/540
f 1173/543 1174/540 306/2872
f 1172/538 306/2872 1174/540
f 1086/426 1177/545 45/2851
f 1176/546 45/2851 1177/545
f 306/2872 1172/538 1175/544
f 1177/545 1175/544 1172/538
f 1154/515 1179/548 48/2850
f 1080/420 48/2850 1179/548
f 1175/544 1179/548 306/2872
f 1178/547 306/2872 1179/548
f 16/2866 749/550 1149/508
f 1180/549 1149/508 749/550
f 306/2872 1178/547 1173/543
f 1180/549 1173/543 1178/547
f 12/2869 1163/528 1183/553
f 1184/552 1183/553 1163/528
f 308/2873 1182/555 1181/551
f 1184/552 1181/551 1182/555
f 1089/429 1186/557 46/2852
f 1169/536 46/2852 1186/557
f 1181/551 1186/557 308/2873
f 1185/556 308/2873 1186/557
f 1176/546 1188/559 45/2851
f 1084/424 45/2851 1188/559
f 308/2873 1185/556 1187/558
f 1188/559 1187/558 1185/556
f 10/2871 1189/560 1171/539
f 1190/561 1171/539 1189/560
f 1187/558 1190/561 308/2873
f 1182/555 308/2873 1190/561
f 38/2847 1191/565 1072/407
f 1194/563 1072/407 1191/565
f 312/2874 1193/566 1192/562
f 1194/563 1192/562 1193/566
f 51/2875 1195/567 1197/571
f 1198/569 1197/571 1195/567
f 312/2874 1192/562 1196/570
f 1198/569 1196/570 1192/562
f 1201/576 53/2876 1202/572
f 1199/573 1202/572 53/2876
f 312/2874 1196/570 1200/574
f 1202/572 1200/574 1196/570
f 1205/578 1204/579 1043/372
f 36/2840 1043/372 1204/579
f 312/2874 1200/574 1203/577
f 1205/578 1203/577 1200/574
f 1063/395 1206/580 37/2839
f 1037/366 37/2839 1206/580
f 1203/577 1206/580 312/2874
f 1193/566 312/2874 1206/580
f 52/2877 1207/584 1210/585
f 1211/582 1210/585 1207/584
f 1211/582 1208/581 1209/587
f 317/2878 1209/587 1208/581
f 1212/590 1215/591 53/2879
f 1214/592 53/2879 1215/591
f 1208/581 1215/591 317/2878
f 1213/589 317/2878 1215/591
f 1216/595 1219/596 57/2880
f 1218/597 57/2880 1219/596
f 1217/594 317/2878 1219/596
f 1213/589 1219/596 317/2878
f 1222/598 1221/600 1220/599
f 56/2881 1220/599 1221/600
f 317/2878 1217/594 1209/587
f 1222/598 1209/587 1217/594
f 1225/602 1212/590 1201/604
f 53/2879 1201/604 1212/590
f 320/2882 1224/605 1223/601
f 1225/602 1223/601 1224/605
f 51/2883 1226/608 1195/610
f 1228/609 1195/610 1226/608
f 1227/607 320/2882 1228/609
f 1223/601 1228/609 320/2882
f 1232/612 1231/615 1229/614
f 54/2884 1229/614 1231/615
f 320/2882 1227/607 1230/611
f 1232/612 1230/611 1227/607
f 1218/597 1234/616 57/2880
f 1233/617 57/2880 1234/616
f 1230/611 1234/616 320/2882
f 1224/605 320/2882 1234/616
f 1238/619 1229/614 1235/621
f 54/2884 1235/621 1229/614
f 323/2885 1237/622 1236/618
f 1238/619 1236/618 1237/622
f 1239/625 1242/626 55/2886
f 1241/627 55/2886 1242/626
f 1236/618 1242/626 323/2885
f 1240/624 323/2885 1242/626
f 1221/600 1245/629 56/2881
f 1244/630 56/2881 1245/629
f 323/2885 1240/624 1243/628
f 1245/629 1243/628 1240/624
f 1233/617 1246/631 57/2880
f 1216/595 57/2880 1246/631
f 1243/628 1246/631 323/2885
f 1237/622 323/2885 1246/631
f 1247/634 1251/635 69/2887
f 1250/637 69/2887 1251/635
f 1249/638 1251/635 327/2888
f 1248/633 327/2888 1251/635
f 76/2889 1252/642 1254/643
f 1255/640 1254/643 1252/642
f 327/2888 1248/633 1253/639
f 1255/640 1253/639 1248/633
f 920/226 1258/645 21/2818
f 1257/646 21/2818 1258/645
f 1253/639 1258/645 327/2888
f 1256/644 327/2888 1258/645
f 22/2817 1259/648 914/219
f 1260/647 914/219 1259/648
f 327/2888 1256/644 1249/638
f 1260/647 1249/638 1256/644
f 1264/654 77/2890 1265/649
f 1261/650 1265/649 77/2890
f 1263/655 1265/649 331/2891
f 1262/651 331/2891 1265/649
f 1269/657 1268/660 1266/659
f 80/2892 1266/659 1268/660
f 331/2891 1262/651 1267/656
f 1269/657 1267/656 1262/651
f 963/278 1272/662 25/2826
f 1271/663 25/2826 1272/662
f 1270/661 331/2891 1272/662
f 1267/656 1272/662 331/2891
f 33/2822 1273/665 959/274
f 1274/664 959/274 1273/665
f 331/2891 1270/661 1263/655
f 1274/664 1263/655 1270/661
f 1266/659 80/2892 1278/666
f 1275/667 1278/666 80/2892
f 1277/670 1278/666 334/2893
f 1276/668 334/2893 1278/666
f 1282/672 1281/675 1279/674
f 81/2894 1279/674 1281/675
f 334/2893 1276/668 1280/671
f 1282/672 1280/671 1276/668
f 1284/678 26/2827 1285/676
f 953/266 1285/676 26/2827
f 1280/671 1285/676 334/2893
f 1283/677 334/2893 1285/676
f 25/2826 1271/663 948/260
f 1286/679 948/260 1271/663
f 1286/679 1277/670 1283/677
f 334/2893 1283/677 1277/670
f 1287/682 1291/683 67/2895
f 1290/685 67/2895 1291/683
f 1289/686 1291/683 338/2896
f 1288/681 338/2896 1291/683
f 1295/688 1294/691 1292/690
f 68/2897 1292/690 1294/691
f 338/2896 1288/681 1293/687
f 1295/688 1293/687 1288/681
f 1297/696 12/2789 1298/692
f 1183/693 1298/692 12/2789
f 1293/687 1298/692 338/2896
f 1296/694 338/2896 1298/692
f 1300/697 1189/699 1299/698
f 10/2782 1299/698 1189/699
f 338/2896 1296/694 1289/686
f 1300/697 1289/686 1296/694
f 78/2898 1301/703 1304/704
f 1305/701 1304/704 1301/703
f 1305/701 1302/700 1303/706
f 342/2899 1303/706 1302/700
f 1306/709 1309/710 74/2900
f 1308/711 74/2900 1309/710
f 1307/708 342/2899 1309/710
f 1302/700 1309/710 342/2899
f 1312/713 1311/716 1126/715
f 13/2786 1126/715 1311/716
f 342/2899 1307/708 1310/712
f 1312/713 1310/712 1307/708
f 1313/717 1314/718 20/2799
f 1119/719 20/2799 1314/718
f 1303/706 342/2899 1314/718
f 1310/712 1314/718 342/2899
f 1315/721 1318/720 76/2889
f 1252/642 76/2889 1318/720
f 1317/724 1318/720 344/2901
f 1316/722 344/2901 1318/720
f 1321/726 1320/727 1264/654
f 77/2890 1264/654 1320/727
f 344/2901 1316/722 1319/725
f 1321/726 1319/725 1316/722
f 937/246 1323/729 33/2822
f 1273/665 33/2822 1323/729
f 1322/728 344/2901 1323/729
f 1319/725 1323/729 344/2901
f 21/2818 1257/646 933/243
f 1324/730 933/243 1257/646
f 344/2901 1322/728 1317/724
f 1324/730 1317/724 1322/728
f 1328/736 70/2902 1329/734
f 1325/733 1329/734 70/2902
f 1326/732 347/2903 1329/734
f 1327/737 1329/734 347/2903
f 69/2887 1250/637 1331/740
f 1332/739 1331/740 1250/637
f 347/2903 1326/732 1330/738
f 1332/739 1330/738 1326/732
f 1031/355 1334/742 22/2817
f 1259/648 22/2817 1334/742
f 1330/738 1334/742 347/2903
f 1333/741 347/2903 1334/742
f 34/2836 1335/743 1027/350
f 1336/744 1027/350 1335/743
f 347/2903 1333/741 1327/737
f 1336/744 1327/737 1333/741
f 1340/750 71/2904 1341/745
f 1337/746 1341/745 71/2904
f 1339/751 1341/745 350/2905
f 1338/747 350/2905 1341/745
f 1344/753 1343/756 1328/755
f 70/2906 1328/755 1343/756
f 350/2905 1338/747 1342/752
f 1344/753 1342/752 1338/747
f 1045/759 1346/760 34/2907
f 1335/761 34/2907 1346/760
f 1345/758 350/2905 1346/760
f 1342/752 1346/760 350/2905
f 36/2908 1347/762 1041/764
f 1348/763 1041/764 1347/762
f 1348/763 1339/751 1345/758
f 350/2905 1345/758 1339/751
f 59/2909 1349/766 1352/770
f 1353/765 1352/770 1349/766
f 1351/771 1353/765 355/2910
f 1350/767 355/2910 1353/765
f 65/2911 1354/775 1356/776
f 1357/773 1356/776 1354/775
f 355/2910 1350/767 1355/772
f 1357/773 1355/772 1350/767
f 1358/779 1361/780 39/2912
f 1360/781 39/2912 1361/780
f 1355/772 1361/780 355/2910
f 1359/778 355/2910 1361/780
f 38/2847 1362/783 1363/784
f 1364/782 1363/784 1362/783
f 355/2910 1359/778 1351/771
f 1364/782 1351/771 1359/778
f 1368/790 60/2913 1369/787
f 1365/785 1369/787 60/2913
f 358/2914 1367/789 1366/788
f 1369/787 1366/788 1367/789
f 1372/793 1371/794 1352/770
f 59/2909 1352/770 1371/794
f 1370/792 358/2914 1372/793
f 1366/788 1372/793 358/2914
f 38/2847 1073/409 1362/783
f 1374/795 1362/783 1073/409
f 1374/795 1373/796 1370/792
f 358/2914 1370/792 1373/796
f 1375/798 1376/797 42/2846
f 1068/404 42/2846 1376/797
f 1373/796 1376/797 358/2914
f 1367/789 358/2914 1376/797
f 1380/804 79/2915 1381/799
f 1377/800 1381/799 79/2915
f 1379/805 1381/799 361/2916
f 1378/801 361/2916 1381/799
f 1383/808 78/2898 1384/806
f 1304/704 1384/806 78/2898
f 361/2916 1378/801 1382/807
f 1384/806 1382/807 1378/801
f 20/2799 809/94 1313/717
f 1386/810 1313/717 809/94
f 1385/809 361/2916 1386/810
f 1382/807 1386/810 361/2916
f 19/2798 1387/812 804/89
f 1388/811 804/89 1387/812
f 1388/811 1379/805 1385/809
f 361/2916 1385/809 1379/805
f 68/2897 1389/816 1292/690
f 1392/814 1292/690 1389/816
f 364/2917 1391/817 1390/813
f 1392/814 1390/813 1391/817
f 1393/820 1396/821 58/2918
f 1395/822 58/2918 1396/821
f 1394/819 364/2917 1396/821
f 1390/813 1396/821 364/2917
f 11/2790 776/54 1398/825
f 1399/824 1398/825 776/54
f 364/2917 1394/819 1397/823
f 1399/824 1397/823 1394/819
f 770/48 12/2789 1400/826
f 1297/696 1400/826 12/2789
f 1397/823 1400/826 364/2917
f 1391/817 364/2917 1400/826
f 1404/828 1393/820 1401/830
f 58/2918 1401/830 1393/820
f 367/2919 1403/831 1402/827
f 1404/828 1402/827 1403/831
f 1405/834 1408/835 61/2920
f 1407/836 61/2920 1408/835
f 1406/833 367/2919 1408/835
f 1402/827 1408/835 367/2919
f 23/2794 793/74 1410/839
f 1411/838 1410/839 793/74
f 367/2919 1406/833 1409/837
f 1411/838 1409/837 1406/833
f 1398/825 1412/840 11/2790
f 789/71 11/2790 1412/840
f 1409/837 1412/840 367/2919
f 1403/831 367/2919 1412/840
f 1413/844 1416/842 61/2920
f 1405/834 61/2920 1416/842
f 370/2921 1415/845 1414/841
f 1416/842 1414/841 1415/845
f 1420/847 1419/850 1417/849
f 62/2922 1417/849 1419/850
f 370/2921 1414/841 1418/846
f 1420/847 1418/846 1414/841
f 35/2835 1025/348 1422/853
f 1423/852 1422/853 1025/348
f 1421/851 370/2921 1423/852
f 1418/846 1423/852 370/2921
f 1410/839 1424/854 23/2794
f 1019/339 23/2794 1424/854
f 1421/851 1424/854 370/2921
f 1415/845 370/2921 1424/854
f 1425/857 1428/858 62/2923
f 1417/860 62/2923 1428/858
f 1427/861 1428/858 373/2924
f 1426/856 373/2924 1428/858
f 1429/864 1432/865 63/2925
f 1431/866 63/2925 1432/865
f 373/2924 1426/856 1430/863
f 1432/865 1430/863 1426/856
f 1435/868 1434/869 1053/385
f 40/2843 1053/385 1434/869
f 1433/867 373/2924 1435/868
f 1430/863 1435/868 373/2924
f 35/2837 1422/871 1047/379
f 1436/870 1047/379 1422/871
f 1436/870 1427/861 1433/867
f 373/2924 1433/867 1427/861
f 1440/873 1429/864 1437/875
f 63/2925 1437/875 1429/864
f 376/2926 1439/876 1438/872
f 1440/873 1438/872 1439/876
f 1441/879 1444/880 64/2927
f 1443/881 64/2927 1444/880
f 1438/872 1444/880 376/2926
f 1442/878 376/2926 1444/880
f 41/2844 1057/390 1446/884
f 1447/883 1446/884 1057/390
f 376/2926 1442/878 1445/882
f 1447/883 1445/882 1442/878
f 1434/869 1448/885 40/2843
f 1051/383 40/2843 1448/885
f 1445/882 1448/885 376/2926
f 1439/876 376/2926 1448/885
f 1452/886 1441/879 1449/887
f 64/2927 1449/887 1441/879
f 1451/890 1452/886 378/2928
f 1450/888 378/2928 1452/886
f 1455/892 1454/893 1368/790
f 60/2913 1368/790 1454/893
f 378/2928 1450/888 1453/891
f 1455/892 1453/891 1450/888
f 1070/406 1457/895 42/2846
f 1375/798 42/2846 1457/895
f 1453/891 1457/895 378/2928
f 1456/894 378/2928 1457/895
f 41/2844 1446/884 1065/400
f 1458/896 1065/400 1446/884
f 1458/896 1451/890 1456/894
f 378/2928 1456/894 1451/890
f 1462/897 1461/899 1340/750
f 71/2904 1340/750 1461/899
f 381/2929 1460/901 1459/898
f 1462/897 1459/898 1460/901
f 1347/762 36/2908 1464/902
f 1204/903 1464/902 36/2908
f 381/2929 1459/898 1463/904
f 1464/902 1463/904 1459/898
f 53/2930 1214/909 1199/910
f 1466/907 1199/910 1214/909
f 381/2929 1463/904 1465/906
f 1466/907 1465/906 1463/904
f 1467/913 1469/914 52/2931
f 1207/915 52/2931 1469/914
f 381/2929 1465/906 1468/912
f 1469/914 1468/912 1465/906
f 1470/916 1472/917 72/2932
f 1471/918 72/2932 1472/917
f 381/2929 1468/912 1460/901
f 1472/917 1460/901 1468/912
f 38/2847 1363/784 1191/565
f 1475/919 1191/565 1363/784
f 1475/919 1473/920 1474/921
f 383/2933 1474/921 1473/920
f 39/2912 1476/925 1358/779
f 1478/923 1358/779 1476/925
f 1478/923 1477/922 1473/920
f 383/2933 1473/920 1477/922
f 1197/571 1480/926 51/2875
f 1479/927 51/2875 1480/926
f 1477/922 1480/926 383/2933
f 1474/921 383/2933 1480/926
f 1485/931 1484/933 1481/930
f 85/2934 1481/930 1484/933
f 1483/934 1485/931 388/2935
f 1482/929 388/2935 1485/931
f 1489/936 1488/939 1486/938
f 83/2936 1486/938 1488/939
f 388/2935 1482/929 1487/935
f 1489/936 1487/935 1482/929
f 1490/942 1493/943 84/2937
f 1492/944 84/2937 1493/943
f 1487/935 1493/943 388/2935
f 1491/941 388/2935 1493/943
f 1496/945 1495/947 1494/946
f 82/2938 1494/946 1495/947
f 388/2935 1491/941 1483/934
f 1496/945 1483/934 1491/941
f 1497/949 1501/948 92/2939
f 1500/953 92/2939 1501/948
f 1499/954 1501/948 393/2940
f 1498/950 393/2940 1501/948
f 1505/956 1504/959 1502/958
f 89/2941 1502/958 1504/959
f 393/2940 1498/950 1503/955
f 1505/956 1503/955 1498/950
f 1509/961 1508/964 1506/963
f 88/2942 1506/963 1508/964
f 1507/960 393/2940 1509/961
f 1503/955 1509/961 393/2940
f 93/2943 1510/966 1511/967
f 1512/965 1511/967 1510/966
f 1512/965 1499/954 1507/960
f 393/2940 1507/960 1499/954
f 93/2943 1513/968 1516/972
f 1517/970 1516/972 1513/968
f 1517/970 1514/971 1515/974
f 398/2944 1515/974 1514/971
f 1521/975 1520/979 1518/976
f 86/2945 1518/976 1520/979
f 1514/971 1521/975 398/2944
f 1519/977 398/2944 1521/975
f 1525/981 1524/984 1522/983
f 87/2946 1522/983 1524/984
f 398/2944 1519/977 1523/980
f 1525/981 1523/980 1519/977
f 1526/985 1528/986 94/2947
f 1527/987 94/2947 1528/986
f 1515/974 398/2944 1528/986
f 1523/980 1528/986 398/2944
f 89/2941 1529/990 1502/958
f 1532/991 1502/958 1529/990
f 1530/989 402/2948 1532/991
f 1531/992 1532/991 402/2948
f 1535/997 90/2949 1536/994
f 1533/996 1536/994 90/2949
f 1530/989 1536/994 402/2948
f 1534/993 402/2948 1536/994
f 1539/1002 91/2950 1540/998
f 1537/999 1540/998 91/2950
f 1534/993 1540/998 402/2948
f 1538/1000 402/2948 1540/998
f 1542/1003 1541/1004 1508/964
f 88/2942 1508/964 1541/1004
f 402/2948 1538/1000 1531/992
f 1542/1003 1531/992 1538/1000
f 1543/1007 1546/1008 90/2949
f 1533/996 90/2949 1546/1008
f 1544/1006 405/2951 1546/1008
f 1545/1009 1546/1008 405/2951
f 1524/984 1549/1011 87/2946
f 1548/1012 87/2946 1549/1011
f 1547/1010 405/2951 1549/1011
f 1544/1006 1549/1011 405/2951
f 1518/976 86/2945 1552/1014
f 1550/1016 1552/1014 86/2945
f 405/2951 1547/1010 1551/1013
f 1552/1014 1551/1013 1547/1010
f 1554/1017 1553/1018 1539/1002
f 91/2950 1539/1002 1553/1018
f 1545/1009 405/2951 1554/1017
f 1551/1013 1554/1017 405/2951
f 92/2939 1500/953 1557/1022
f 1558/1020 1557/1022 1500/953
f 408/2952 1556/1023 1555/1019
f 1558/1020 1555/1019 1556/1023
f 93/2943 1516/972 1510/966
f 1560/1025 1510/966 1516/972
f 1555/1019 1560/1025 408/2952
f 1559/1024 408/2952 1560/1025
f 1561/1028 1563/1029 94/2947
f 1526/985 94/2947 1563/1029
f 1562/1027 408/2952 1563/1029
f 1559/1024 1563/1029 408/2952
f 95/2953 1564/1031 1565/1032
f 1566/1030 1565/1032 1564/1031
f 408/2952 1562/1027 1556/1023
f 1566/1030 1556/1023 1562/1027
f 1570/1034 1569/1039 1557/1036
f 92/2954 1557/1036 1569/1039
f 411/2955 1568/1037 1567/1033
f 1570/1034 1567/1033 1568/1037
f 1571/1042 1573/1043 95/2956
f 1564/1044 95/2956 1573/1043
f 411/2955 1567/1033 1572/1041
f 1573/1043 1572/1041 1567/1033
f 55/2886 1241/627 1575/1047
f 1576/1046 1575/1047 1241/627
f 411/2955 1572/1041 1574/1045
f 1576/1046 1574/1045 1572/1041
f 1231/615 1578/1049 54/2884
f 1235/621 54/2884 1578/1049
f 1574/1045 1578/1049 411/2955
f 1577/1048 411/2955 1578/1049
f 51/2883 1579/1051 1226/608
f 1580/1050 1226/608 1579/1051
f 411/2955 1577/1048 1568/1037
f 1580/1050 1568/1037 1577/1048
f 94/2957 1581/1052 1561/1056
f 1584/1054 1561/1056 1581/1052
f 1584/1054 1582/1055 1583/1058
f 413/2958 1583/1058 1582/1055
f 1586/1061 52/2877 1587/1059
f 1210/585 1587/1059 52/2877
f 1585/1060 413/2958 1587/1059
f 1582/1055 1587/1059 413/2958
f 1244/630 1589/1063 56/2881
f 1220/599 56/2881 1589/1063
f 413/2958 1585/1060 1588/1062
f 1589/1063 1588/1062 1585/1060
f 1575/1047 1591/1064 55/2886
f 1239/625 55/2886 1591/1064
f 413/2958 1588/1062 1590/1065
f 1591/1064 1590/1065 1588/1062
f 1571/1042 95/2956 1592/1067
f 1565/1066 1592/1067 95/2956
f 1590/1065 1592/1067 413/2958
f 1583/1058 413/2958 1592/1067
f 1593/1070 1596/1071 87/2959
f 1522/1073 87/2959 1596/1071
f 416/2960 1595/1074 1594/1069
f 1596/1071 1594/1069 1595/1074
f 1597/1077 1600/1078 73/2961
f 1599/1079 73/2961 1600/1078
f 416/2960 1594/1069 1598/1076
f 1600/1078 1598/1076 1594/1069
f 72/2932 1471/918 1602/1082
f 1603/1081 1602/1082 1471/918
f 416/2960 1598/1076 1601/1080
f 1603/1081 1601/1080 1598/1076
f 1605/1083 1467/913 1586/1084
f 52/2931 1586/1084 1467/913
f 416/2960 1601/1080 1604/1085
f 1605/1083 1604/1085 1601/1080
f 94/2962 1527/1087 1581/1089
f 1606/1088 1581/1089 1527/1087
f 1606/1088 1595/1074 1604/1085
f 416/2960 1604/1085 1595/1074
f 1611/1091 1610/1096 1607/1093
f 66/2963 1607/1093 1610/1096
f 420/2964 1609/1094 1608/1090
f 1611/1091 1608/1090 1609/1094
f 1614/1098 1613/1101 1535/1100
f 90/2965 1535/1100 1613/1101
f 420/2964 1608/1090 1612/1097
f 1614/1098 1612/1097 1608/1090
f 1615/1104 1617/1105 89/2966
f 1529/1106 89/2966 1617/1105
f 420/2964 1612/1097 1616/1103
f 1617/1105 1616/1103 1612/1097
f 39/2912 1360/781 1619/1109
f 1620/1108 1619/1109 1360/781
f 420/2964 1616/1103 1618/1107
f 1620/1108 1618/1107 1616/1103
f 1621/1110 1622/1111 65/2911
f 1354/775 65/2911 1622/1111
f 1618/1107 1622/1111 420/2964
f 1609/1094 420/2964 1622/1111
f 73/2961 1599/1079 1625/1114
f 1626/1113 1625/1114 1599/1079
f 1626/1113 1623/1112 1624/1116
f 422/2967 1624/1116 1623/1112
f 87/2959 1548/1117 1593/1070
f 1628/1119 1593/1070 1548/1117
f 422/2967 1623/1112 1627/1120
f 1628/1119 1627/1120 1623/1112
f 1630/1122 1543/1125 1613/1124
f 90/2968 1613/1124 1543/1125
f 422/2967 1627/1120 1629/1121
f 1630/1122 1629/1121 1627/1120
f 66/2969 1631/1127 1607/1128
f 1632/1126 1607/1128 1631/1127
f 1624/1116 422/2967 1632/1126
f 1629/1121 1632/1126 422/2967
f 1619/1109 1635/1130 39/2912
f 1476/925 39/2912 1635/1130
f 1634/1131 1635/1130 423/2970
f 1633/1129 423/2970 1635/1130
f 1637/1135 1615/1104 1504/1134
f 89/2966 1504/1134 1615/1104
f 423/2970 1633/1129 1636/1133
f 1637/1135 1636/1133 1633/1129
f 92/2971 1569/1139 1497/1140
f 1639/1137 1497/1140 1569/1139
f 423/2970 1636/1133 1638/1136
f 1639/1137 1638/1136 1636/1133
f 51/2875 1479/927 1579/1142
f 1640/1141 1579/1142 1479/927
f 423/2970 1638/1136 1634/1131
f 1640/1141 1634/1131 1638/1136
f 1506/963 88/2942 1644/1143
f 1641/1144 1644/1143 88/2942
f 1643/1147 1644/1143 426/2972
f 1642/1145 426/2972 1644/1143
f 1488/939 1647/1149 83/2936
f 1646/1150 83/2936 1647/1149
f 1642/1145 1647/1149 426/2972
f 1645/1148 426/2972 1647/1149
f 1648/1153 1650/1154 85/2934
f 1481/930 85/2934 1650/1154
f 1649/1152 426/2972 1650/1154
f 1645/1148 1650/1154 426/2972
f 93/2943 1511/967 1651/1156
f 1652/1155 1651/1156 1511/967
f 426/2972 1649/1152 1643/1147
f 1652/1155 1643/1147 1649/1152
f 91/2950 1653/1157 1537/999
f 1656/1159 1537/999 1653/1157
f 1656/1159 1654/1160 1655/1161
f 428/2973 1655/1161 1654/1160
f 1492/944 1659/1163 84/2937
f 1658/1164 84/2937 1659/1163
f 1654/1160 1659/1163 428/2973
f 1657/1162 428/2973 1659/1163
f 1646/1150 1661/1166 83/2936
f 1486/938 83/2936 1661/1166
f 1657/1162 1661/1166 428/2973
f 1660/1165 428/2973 1661/1166
f 1541/1004 1662/1167 88/2942
f 1641/1144 88/2942 1662/1167
f 1662/1167 1655/1161 1660/1165
f 428/2973 1660/1165 1655/1161
f 86/2945 1663/1169 1550/1016
f 1666/1168 1550/1016 1663/1169
f 1665/1172 1666/1168 430/2974
f 1664/1170 430/2974 1666/1168
f 1668/1175 82/2938 1669/1174
f 1495/947 1669/1174 82/2938
f 1664/1170 1669/1174 430/2974
f 1667/1173 430/2974 1669/1174
f 1658/1164 1671/1177 84/2937
f 1490/942 84/2937 1671/1177
f 1670/1176 430/2974 1671/1177
f 1667/1173 1671/1177 430/2974
f 91/2950 1553/1018 1653/1157
f 1672/1178 1653/1157 1553/1018
f 1672/1178 1665/1172 1670/1176
f 430/2974 1670/1176 1665/1172
f 93/2943 1651/1156 1513/968
f 1675/1179 1513/968 1651/1156
f 431/2975 1674/1181 1673/1180
f 1675/1179 1673/1180 1674/1181
f 1484/933 1677/1183 85/2934
f 1648/1153 85/2934 1677/1183
f 1673/1180 1677/1183 431/2975
f 1676/1182 431/2975 1677/1183
f 1668/1175 1679/1185 82/2938
f 1494/946 82/2938 1679/1185
f 1678/1184 431/2975 1679/1185
f 1676/1182 1679/1185 431/2975
f 1520/979 1680/1186 86/2945
f 1663/1169 86/2945 1680/1186
f 1674/1181 431/2975 1680/1186
f 1678/1184 1680/1186 431/2975
f 14/2976 763/1190 1683/1191
f 1684/1188 1683/1191 763/1190
f 1684/1188 1681/1187 1682/1193
f 435/2977 1682/1193 1681/1187
f 1687/1195 759/1198 1685/1197
f 13/2978 1685/1197 759/1198
f 435/2977 1681/1187 1686/1194
f 1687/1195 1686/1194 1681/1187
f 1688/1202 1691/1200 97/2979
f 1690/1203 97/2979 1691/1200
f 1689/1199 435/2977 1691/1200
f 1686/1194 1691/1200 435/2977
f 1692/1204 1694/1205 98/2980
f 1693/1206 98/2980 1694/1205
f 1682/1193 435/2977 1694/1205
f 1689/1199 1694/1205 435/2977
f 1685/1197 13/2978 1697/1210
f 1311/1209 1697/1210 13/2978
f 1696/1211 1697/1210 438/2981
f 1695/1208 438/2981 1697/1210
f 1700/1213 1306/1216 1698/1215
f 74/2982 1698/1215 1306/1216
f 438/2981 1695/1208 1699/1212
f 1700/1213 1699/1212 1695/1208
f 1701/1219 1704/1220 100/2983
f 1703/1221 100/2983 1704/1220
f 1699/1212 1704/1220 438/2981
f 1702/1218 438/2981 1704/1220
f 97/2979 1690/1203 1705/1223
f 1706/1222 1705/1223 1690/1203
f 438/2981 1702/1218 1696/1211
f 1706/1222 1696/1211 1702/1218
f 67/2984 1290/1227 1709/1228
f 1710/1225 1709/1228 1290/1227
f 442/2985 1708/1230 1707/1224
f 1710/1225 1707/1224 1708/1230
f 1711/1233 1713/1234 10/2986
f 1299/1235 10/2986 1713/1234
f 1707/1224 1713/1234 442/2985
f 1712/1232 442/2985 1713/1234
f 96/2987 1714/1239 1716/1240
f 1717/1237 1716/1240 1714/1239
f 442/2985 1712/1232 1715/1236
f 1717/1237 1715/1236 1712/1232
f 1718/1241 1720/1242 99/2988
f 1719/1243 99/2988 1720/1242
f 1715/1236 1720/1242 442/2985
f 1708/1230 442/2985 1720/1242
f 10/2986 746/1245 1711/1233
f 1723/1244 1711/1233 746/1245
f 1721/1246 444/2989 1723/1244
f 1722/1248 1723/1244 444/2989
f 740/1251 14/2976 1725/1249
f 1683/1191 1725/1249 14/2976
f 1725/1249 1724/1250 1721/1246
f 444/2989 1721/1246 1724/1250
f 1692/1204 98/2980 1728/1252
f 1726/1253 1728/1252 98/2980
f 1724/1250 1728/1252 444/2989
f 1727/1254 444/2989 1728/1252
f 1729/1257 96/2987 1730/1256
f 1716/1240 1730/1256 96/2987
f 444/2989 1727/1254 1722/1248
f 1730/1256 1722/1248 1727/1254
f 1734/1261 1701/1219 1731/1260
f 100/2983 1731/1260 1701/1219
f 447/2990 1733/1262 1732/1259
f 1734/1261 1732/1259 1733/1262
f 75/2991 1735/1265 1737/1267
f 1738/1266 1737/1267 1735/1265
f 1732/1259 1738/1266 447/2990
f 1736/1264 447/2990 1738/1266
f 98/2980 1693/1206 1740/1270
f 1741/1269 1740/1270 1693/1206
f 447/2990 1736/1264 1739/1268
f 1741/1269 1739/1268 1736/1264
f 1688/1202 97/2979 1742/1271
f 1705/1223 1742/1271 97/2979
f 1739/1268 1742/1271 447/2990
f 1733/1262 447/2990 1742/1271
f 75/2991 1743/1273 1735/1265
f 1746/1272 1735/1265 1743/1273
f 1745/1276 1746/1272 449/2992
f 1744/1274 449/2992 1746/1272
f 1749/1278 1748/1279 1719/1243
f 99/2988 1719/1243 1748/1279
f 449/2992 1744/1274 1747/1277
f 1749/1278 1747/1277 1744/1274
f 1729/1257 1751/1281 96/2987
f 1714/1239 96/2987 1751/1281
f 1747/1277 1751/1281 449/2992
f 1750/1280 449/2992 1751/1281
f 98/2980 1740/1270 1726/1253
f 1752/1282 1726/1253 1740/1270
f 449/2992 1750/1280 1745/1276
f 1752/1282 1745/1276 1750/1280
f 1757/1284 1756/1287 1753/1286
f 101/2993 1753/1286 1756/1287
f 1757/1284 1754/1283 1755/1289
f 453/2994 1755/1289 1754/1283
f 1758/1292 1761/1293 102/2995
f 1760/1294 102/2995 1761/1293
f 1754/1283 1761/1293 453/2994
f 1759/1291 453/2994 1761/1293
f 1762/1295 1764/1296 103/2996
f 1763/1297 103/2996 1764/1296
f 1759/1291 1764/1296 453/2994
f 1755/1289 453/2994 1764/1296
f 1768/1299 1767/1302 1756/1287
f 101/2993 1756/1287 1767/1302
f 456/2997 1766/1300 1765/1298
f 1768/1299 1765/1298 1766/1300
f 103/2996 1769/1306 1762/1295
f 1771/1304 1762/1295 1769/1306
f 456/2997 1765/1298 1770/1303
f 1771/1304 1770/1303 1765/1298
f 806/91 1774/1308 19/2798
f 1773/1309 19/2798 1774/1308
f 1770/1303 1774/1308 456/2997
f 1772/1307 456/2997 1774/1308
f 27/2797 881/180 800/84
f 1776/1311 800/84 881/180
f 456/2997 1772/1307 1775/1310
f 1776/1311 1775/1310 1772/1307
f 875/174 8/2810 1778/1312
f 1777/1313 1778/1312 8/2810
f 456/2997 1775/1310 1766/1300
f 1778/1312 1766/1300 1775/1310
f 1767/1302 1781/1315 101/2993
f 1753/1286 101/2993 1781/1315
f 458/2998 1780/1316 1779/1314
f 1781/1315 1779/1314 1780/1316
f 8/2810 989/308 1777/1313
f 1783/1318 1777/1313 989/308
f 458/2998 1779/1314 1782/1317
f 1783/1318 1782/1317 1779/1314
f 1785/1320 986/305 942/252
f 4/2823 942/252 986/305
f 458/2998 1782/1317 1784/1319
f 1785/1320 1784/1319 1782/1317
f 26/2827 1786/1321 952/264
f 1788/1323 952/264 1786/1321
f 458/2998 1784/1319 1787/1324
f 1788/1323 1787/1324 1784/1319
f 102/2995 1760/1294 1789/1326
f 1790/1325 1789/1326 1760/1294
f 458/2998 1787/1324 1780/1316
f 1790/1325 1780/1316 1787/1324
f 1795/1328 1794/1333 1791/1330
f 104/2999 1791/1330 1794/1333
f 461/3000 1793/1331 1792/1327
f 1795/1328 1792/1327 1793/1331
f 1789/1326 1798/1335 102/2995
f 1797/1336 102/2995 1798/1335
f 1792/1327 1798/1335 461/3000
f 1796/1334 461/3000 1798/1335
f 1786/1321 26/2827 1800/1337
f 1284/678 1800/1337 26/2827
f 1800/1337 1799/1338 1796/1334
f 461/3000 1796/1334 1799/1338
f 1279/674 81/2894 1802/1339
f 1801/1340 1802/1339 81/2894
f 1799/1338 1802/1339 461/3000
f 1793/1331 461/3000 1802/1339
f 1805/1344 79/2915 1806/1342
f 1380/804 1806/1342 79/2915
f 1804/1345 1806/1342 464/3001
f 1803/1341 464/3001 1806/1342
f 19/2798 1773/1309 1387/812
f 1808/1347 1387/812 1773/1309
f 464/3001 1803/1341 1807/1346
f 1808/1347 1807/1346 1803/1341
f 1809/1350 1811/1351 103/2996
f 1769/1306 103/2996 1811/1351
f 1807/1346 1811/1351 464/3001
f 1810/1349 464/3001 1811/1351
f 1814/1352 1813/1354 1812/1353
f 105/3002 1812/1353 1813/1354
f 464/3001 1810/1349 1804/1345
f 1814/1352 1804/1345 1810/1349
f 1763/1297 1818/1356 103/2996
f 1817/1358 103/2996 1818/1356
f 1815/1355 468/3003 1818/1356
f 1816/1359 1818/1356 468/3003
f 102/2995 1819/1361 1758/1292
f 1821/1360 1758/1292 1819/1361
f 1821/1360 1820/1362 1815/1355
f 468/3003 1815/1355 1820/1362
f 1825/1365 1824/1368 1822/1367
f 106/3004 1822/1367 1824/1368
f 468/3003 1820/1362 1823/1364
f 1825/1365 1823/1364 1820/1362
f 1828/1370 1827/1371 1826/1369
f 107/3005 1826/1369 1827/1371
f 1828/1370 1816/1359 1823/1364
f 468/3003 1823/1364 1816/1359
f 102/2995 1797/1336 1819/1361
f 1831/1373 1819/1361 1797/1336
f 471/3006 1830/1374 1829/1372
f 1831/1373 1829/1372 1830/1374
f 1832/1377 1834/1378 104/2999
f 1791/1330 104/2999 1834/1378
f 1829/1372 1834/1378 471/3006
f 1833/1376 471/3006 1834/1378
f 108/3007 1835/1382 1837/1383
f 1838/1380 1837/1383 1835/1382
f 471/3006 1833/1376 1836/1379
f 1838/1380 1836/1379 1833/1376
f 1824/1368 1840/1384 106/3004
f 1839/1385 106/3004 1840/1384
f 1836/1379 1840/1384 471/3006
f 1830/1374 471/3006 1840/1384
f 1843/1389 105/3002 1844/1386
f 1813/1354 1844/1386 105/3002
f 1842/1390 1844/1386 474/3008
f 1841/1387 474/3008 1844/1386
f 1846/1392 1809/1350 1817/1358
f 103/2996 1817/1358 1809/1350
f 474/3008 1841/1387 1845/1391
f 1846/1392 1845/1391 1841/1387
f 1847/1395 1849/1396 107/3005
f 1826/1369 107/3005 1849/1396
f 1848/1394 474/3008 1849/1396
f 1845/1391 1849/1396 474/3008
f 109/3009 1850/1398 1851/1399
f 1852/1397 1851/1399 1850/1398
f 1852/1397 1842/1390 1848/1394
f 474/3008 1848/1394 1842/1390
f 1855/1401 1822/1367 1839/1385
f 106/3004 1839/1385 1822/1367
f 476/3010 1854/1402 1853/1400
f 1855/1401 1853/1400 1854/1402
f 1856/1404 1858/1403 108/3007
f 1835/1382 108/3007 1858/1403
f 1853/1400 1858/1403 476/3010
f 1857/1405 476/3010 1858/1403
f 1851/1399 1861/1408 109/3009
f 1860/1409 109/3009 1861/1408
f 1857/1405 1861/1408 476/3010
f 1859/1407 476/3010 1861/1408
f 1862/1410 1847/1395 1827/1371
f 107/3005 1827/1371 1847/1395
f 476/3010 1859/1407 1854/1402
f 1862/1410 1854/1402 1859/1407
f 1863/1413 1867/1414 115/3011
f 1866/1416 115/3011 1867/1414
f 481/3012 1865/1415 1864/1412
f 1867/1414 1864/1412 1865/1415
f 125/3013 1868/1420 1870/1422
f 1871/1421 1870/1422 1868/1420
f 1869/1419 481/3012 1871/1421
f 1864/1412 1871/1421 481/3012
f 1875/1425 1874/1427 1872/1423
f 119/3014 1872/1423 1874/1427
f 481/3012 1869/1419 1873/1426
f 1875/1425 1873/1426 1869/1419
f 1878/1428 1877/1430 1876/1429
f 123/3015 1876/1429 1877/1430
f 1873/1426 1878/1428 481/3012
f 1865/1415 481/3012 1878/1428
f 1882/1432 1881/1435 1866/1416
f 115/3011 1866/1416 1881/1435
f 485/3016 1880/1433 1879/1431
f 1882/1432 1879/1431 1880/1433
f 1883/1438 1885/1439 123/3015
f 1876/1429 123/3015 1885/1439
f 1884/1437 485/3016 1885/1439
f 1879/1431 1885/1439 485/3016
f 1889/1441 1888/1444 1886/1443
f 122/3017 1886/1443 1888/1444
f 485/3016 1884/1437 1887/1440
f 1889/1441 1887/1440 1884/1437
f 127/3018 1890/1445 1891/1447
f 1892/1446 1891/1447 1890/1445
f 1887/1440 1892/1446 485/3016
f 1880/1433 485/3016 1892/1446
f 110/3019 1893/1451 1896/1453
f 1897/1449 1896/1453 1893/1451
f 1895/1452 1897/1449 490/3020
f 1894/1448 490/3020 1897/1449
f 133/3021 1898/1458 1900/1459
f 1901/1456 1900/1459 1898/1458
f 490/3020 1894/1448 1899/1455
f 1901/1456 1899/1455 1894/1448
f 1902/1462 1905/1463 120/3022
f 1904/1464 120/3022 1905/1463
f 1899/1455 1905/1463 490/3020
f 1903/1461 490/3020 1905/1463
f 121/3023 1906/1466 1907/1467
f 1908/1465 1907/1467 1906/1466
f 490/3020 1903/1461 1895/1452
f 1908/1465 1895/1452 1903/1461
f 116/3024 1909/1471 1912/1472
f 1913/1469 1912/1472 1909/1471
f 494/3025 1911/1474 1910/1468
f 1913/1469 1910/1468 1911/1474
f 1914/1477 1917/1478 132/3026
f 1916/1479 132/3026 1917/1478
f 1910/1468 1917/1478 494/3025
f 1915/1476 494/3025 1917/1478
f 120/3022 1904/1464 1919/1482
f 1920/1481 1919/1482 1904/1464
f 494/3025 1915/1476 1918/1480
f 1920/1481 1918/1480 1915/1476
f 1921/1483 1922/1484 133/3021
f 1898/1458 133/3021 1922/1484
f 1918/1480 1922/1484 494/3025
f 1911/1474 494/3025 1922/1484
f 111/3027 1923/1487 1926/1489
f 1927/1488 1926/1489 1923/1487
f 499/3028 1925/1491 1924/1486
f 1927/1488 1924/1486 1925/1491
f 129/3029 1928/1495 1930/1496
f 1931/1493 1930/1496 1928/1495
f 1931/1493 1929/1492 1924/1486
f 499/3028 1924/1486 1929/1492
f 1935/1498 1934/1501 1932/1500
f 128/3030 1932/1500 1934/1501
f 499/3028 1929/1492 1933/1497
f 1935/1498 1933/1497 1929/1492
f 1936/1502 1938/1503 136/3031
f 1937/1504 136/3031 1938/1503
f 1933/1497 1938/1503 499/3028
f 1925/1491 499/3028 1938/1503
f 1939/1507 1942/1508 110/3019
f 1893/1451 110/3019 1942/1508
f 1941/1509 1942/1508 503/3032
f 1940/1506 503/3032 1942/1508
f 125/3013 1943/1513 1945/1514
f 1946/1511 1945/1514 1943/1513
f 503/3032 1940/1506 1944/1510
f 1946/1511 1944/1510 1940/1506
f 1947/1517 1950/1518 124/3033
f 1949/1519 124/3033 1950/1518
f 1944/1510 1950/1518 503/3032
f 1948/1516 503/3032 1950/1518
f 133/3021 1900/1459 1951/1521
f 1952/1520 1951/1521 1900/1459
f 503/3032 1948/1516 1941/1509
f 1952/1520 1941/1509 1948/1516
f 1956/1523 1863/1413 1953/1525
f 115/3011 1953/1525 1863/1413
f 506/3034 1955/1526 1954/1522
f 1956/1523 1954/1522 1955/1526
f 1957/1529 1960/1530 141/3035
f 1959/1531 141/3035 1960/1530
f 1954/1522 1960/1530 506/3034
f 1958/1528 506/3034 1960/1530
f 124/3033 1949/1519 1962/1534
f 1963/1533 1962/1534 1949/1519
f 506/3034 1958/1528 1961/1532
f 1963/1533 1961/1532 1958/1528
f 125/3013 1870/1422 1943/1513
f 1964/1535 1943/1513 1870/1422
f 1961/1532 1964/1535 506/3034
f 1955/1526 506/3034 1964/1535
f 1969/1537 1968/1541 1965/1539
f 114/3036 1965/1539 1968/1541
f 1967/1542 1969/1537 510/3037
f 1966/1536 510/3037 1969/1537
f 1970/1546 1973/1544 139/3038
f 1972/1547 139/3038 1973/1544
f 510/3037 1966/1536 1971/1543
f 1973/1544 1971/1543 1966/1536
f 1962/1534 1976/1549 124/3033
f 1975/1550 124/3033 1976/1549
f 1974/1548 510/3037 1976/1549
f 1971/1543 1976/1549 510/3037
f 141/3035 1977/1551 1957/1529
f 1978/1552 1957/1529 1977/1551
f 1978/1552 1967/1542 1974/1548
f 510/3037 1974/1548 1967/1542
f 1912/1472 1982/1554 116/3024
f 1981/1556 116/3024 1982/1554
f 1979/1553 512/3039 1982/1554
f 1980/1557 1982/1554 512/3039
f 133/3021 1951/1521 1921/1483
f 1984/1559 1921/1483 1951/1521
f 1983/1558 512/3039 1984/1559
f 1979/1553 1984/1559 512/3039
f 124/3033 1975/1550 1947/1517
f 1986/1560 1947/1517 1975/1550
f 1986/1560 1985/1561 1983/1558
f 512/3039 1983/1558 1985/1561
f 1988/1562 1970/1546 1987/1563
f 139/3038 1987/1563 1970/1546
f 1985/1561 1988/1562 512/3039
f 1980/1557 512/3039 1988/1562
f 1926/1489 1992/1565 111/3027
f 1991/1567 111/3027 1992/1565
f 1990/1568 1992/1565 516/3040
f 1989/1564 516/3040 1992/1565
f 136/3031 1993/1572 1936/1502
f 1995/1570 1936/1502 1993/1572
f 516/3040 1989/1564 1994/1569
f 1995/1570 1994/1569 1989/1564
f 1996/1575 1999/1576 126/3041
f 1998/1577 126/3041 1999/1576
f 1994/1569 1999/1576 516/3040
f 1997/1574 516/3040 1999/1576
f 127/3018 2000/1579 2001/1580
f 2002/1578 2001/1580 2000/1579
f 516/3040 1997/1574 1990/1568
f 2002/1578 1990/1568 1997/1574
f 2007/1582 2006/1585 2003/1584
f 117/3042 2003/1584 2006/1585
f 520/3043 2005/1587 2004/1581
f 2007/1582 2004/1581 2005/1587
f 2008/1590 2011/1591 138/3044
f 2010/1592 138/3044 2011/1591
f 2009/1589 520/3043 2011/1591
f 2004/1581 2011/1591 520/3043
f 126/3041 1998/1577 2013/1595
f 2014/1594 2013/1595 1998/1577
f 520/3043 2009/1589 2012/1593
f 2014/1594 2012/1593 2009/1589
f 2015/1596 2016/1597 136/3031
f 1993/1572 136/3031 2016/1597
f 2012/1593 2016/1597 520/3043
f 2005/1587 520/3043 2016/1597
f 1968/1541 2020/1598 114/3036
f 2019/1601 114/3036 2020/1598
f 2017/1599 523/3045 2020/1598
f 2018/1600 2020/1598 523/3045
f 2021/1603 2023/1605 141/3035
f 1977/1551 141/3035 2023/1605
f 523/3045 2017/1599 2022/1606
f 2023/1605 2022/1606 2017/1599
f 2013/1595 2026/1608 126/3041
f 2025/1609 126/3041 2026/1608
f 2022/1606 2026/1608 523/3045
f 2024/1607 523/3045 2026/1608
f 138/3044 2027/1611 2008/1590
f 2028/1610 2008/1590 2027/1611
f 523/3045 2024/1607 2018/1600
f 2028/1610 2018/1600 2024/1607
f 1881/1435 2031/1613 115/3011
f 1953/1525 115/3011 2031/1613
f 524/3046 2030/1614 2029/1612
f 2031/1613 2029/1612 2030/1614
f 127/3018 2001/1580 1890/1445
f 2033/1616 1890/1445 2001/1580
f 2032/1615 524/3046 2033/1616
f 2029/1612 2033/1616 524/3046
f 126/3041 2025/1609 1996/1575
f 2035/1618 1996/1575 2025/1609
f 524/3046 2032/1615 2034/1617
f 2035/1618 2034/1617 2032/1615
f 141/3035 1959/1531 2021/1603
f 2036/1619 2021/1603 1959/1531
f 2034/1617 2036/1619 524/3046
f 2030/1614 524/3046 2036/1619
f 2041/1621 2040/1624 2037/1623
f 112/3047 2037/1623 2040/1624
f 529/3048 2039/1626 2038/1620
f 2041/1621 2038/1620 2039/1626
f 140/3049 2042/1629 2044/1631
f 2045/1630 2044/1631 2042/1629
f 2043/1628 529/3048 2045/1630
f 2038/1620 2045/1630 529/3048
f 130/3050 2046/1635 2048/1636
f 2049/1633 2048/1636 2046/1635
f 2049/1633 2047/1632 2043/1628
f 529/3048 2043/1628 2047/1632
f 131/3051 2050/1638 2051/1639
f 2052/1637 2051/1639 2050/1638
f 2047/1632 2052/1637 529/3048
f 2039/1626 529/3048 2052/1637
f 2056/1644 118/3052 2057/1640
f 2053/1641 2057/1640 118/3052
f 533/3053 2055/1646 2054/1642
f 2057/1640 2054/1642 2055/1646
f 2061/1650 2060/1651 2058/1649
f 142/3054 2058/1649 2060/1651
f 2054/1642 2061/1650 533/3053
f 2059/1648 533/3053 2061/1650
f 130/3050 2048/1636 2063/1654
f 2064/1653 2063/1654 2048/1636
f 533/3053 2059/1648 2062/1652
f 2064/1653 2062/1652 2059/1648
f 2065/1655 2066/1656 140/3049
f 2042/1629 140/3049 2066/1656
f 2062/1652 2066/1656 533/3053
f 2055/1646 533/3053 2066/1656
f 2067/1659 2071/1660 113/3055
f 2070/1662 113/3055 2071/1660
f 2069/1663 2071/1660 538/3056
f 2068/1658 538/3056 2071/1660
f 135/3057 2072/1664 2074/1668
f 2075/1666 2074/1668 2072/1664
f 2075/1666 2073/1667 2068/1658
f 538/3056 2068/1658 2073/1667
f 2076/1671 2079/1672 134/3058
f 2078/1673 134/3058 2079/1672
f 2073/1667 2079/1672 538/3056
f 2077/1670 538/3056 2079/1672
f 137/3059 2080/1674 2081/1676
f 2082/1675 2081/1676 2080/1674
f 538/3056 2077/1670 2069/1663
f 2082/1675 2069/1663 2077/1670
f 118/3052 2083/1680 2053/1641
f 2086/1678 2053/1641 2083/1680
f 541/3060 2085/1681 2084/1677
f 2086/1678 2084/1677 2085/1681
f 2081/1676 2089/1683 137/3059
f 2088/1684 137/3059 2089/1683
f 2084/1677 2089/1683 541/3060
f 2087/1682 541/3060 2089/1683
f 134/3058 2090/1688 2076/1671
f 2092/1686 2076/1671 2090/1688
f 541/3060 2087/1682 2091/1685
f 2092/1686 2091/1685 2087/1682
f 2060/1651 2094/1689 142/3054
f 2093/1690 142/3054 2094/1689
f 2091/1685 2094/1689 541/3060
f 2085/1681 541/3060 2094/1689
f 2095/1693 2098/1694 114/3036
f 1965/1539 114/3036 2098/1694
f 2097/1695 2098/1694 544/3061
f 2096/1692 544/3061 2098/1694
f 118/3052 2056/1644 2100/1698
f 2101/1697 2100/1698 2056/1644
f 544/3061 2096/1692 2099/1696
f 2101/1697 2099/1696 2096/1692
f 2102/1701 2104/1702 140/3049
f 2065/1655 140/3049 2104/1702
f 2099/1696 2104/1702 544/3061
f 2103/1700 544/3061 2104/1702
f 139/3038 1972/1547 2105/1704
f 2106/1703 2105/1704 1972/1547
f 544/3061 2103/1700 2097/1695
f 2106/1703 2097/1695 2103/1700
f 138/3044 2010/1592 2109/1707
f 2110/1705 2109/1707 2010/1592
f 2110/1705 2107/1706 2108/1709
f 547/3062 2108/1709 2107/1706
f 2111/1711 2113/1710 117/3042
f 2003/1584 117/3042 2113/1710
f 2107/1706 2113/1710 547/3062
f 2112/1712 547/3062 2113/1710
f 2070/1662 2116/1715 113/3055
f 2115/1716 113/3055 2116/1715
f 547/3062 2112/1712 2114/1714
f 2116/1715 2114/1714 2112/1712
f 2117/1717 2118/1718 137/3059
f 2080/1674 137/3059 2118/1718
f 2108/1709 547/3062 2118/1718
f 2114/1714 2118/1718 547/3062
f 132/3026 1916/1479 2121/1721
f 2122/1720 2121/1721 1916/1479
f 2122/1720 2119/1719 2120/1723
f 550/3063 2120/1723 2119/1719
f 2123/1725 2125/1724 116/3024
f 1909/1471 116/3024 2125/1724
f 2119/1719 2125/1724 550/3063
f 2124/1726 550/3063 2125/1724
f 2128/1729 2127/1730 2040/1624
f 112/3047 2040/1624 2127/1730
f 550/3063 2124/1726 2126/1728
f 2128/1729 2126/1728 2124/1726
f 131/3051 2129/1731 2050/1638
f 2130/1732 2050/1638 2129/1731
f 2120/1723 550/3063 2130/1732
f 2126/1728 2130/1732 550/3063
f 137/3059 2088/1684 2117/1717
f 2133/1734 2117/1717 2088/1684
f 551/3064 2132/1735 2131/1733
f 2133/1734 2131/1733 2132/1735
f 2100/1698 2135/1737 118/3052
f 2083/1680 118/3052 2135/1737
f 2131/1733 2135/1737 551/3064
f 2134/1736 551/3064 2135/1737
f 114/3036 2019/1601 2095/1693
f 2137/1739 2095/1693 2019/1601
f 551/3064 2134/1736 2136/1738
f 2137/1739 2136/1738 2134/1736
f 2109/1707 2138/1740 138/3044
f 2027/1611 138/3044 2138/1740
f 2136/1738 2138/1740 551/3064
f 2132/1735 551/3064 2138/1740
f 2105/1704 2141/1742 139/3038
f 1987/1563 139/3038 2141/1742
f 2140/1743 2141/1742 552/3065
f 2139/1741 552/3065 2141/1742
f 140/3049 2044/1631 2102/1701
f 2143/1745 2102/1701 2044/1631
f 552/3065 2139/1741 2142/1744
f 2143/1745 2142/1744 2139/1741
f 2127/1730 2145/1747 112/3047
f 2037/1623 112/3047 2145/1747
f 2142/1744 2145/1747 552/3065
f 2144/1746 552/3065 2145/1747
f 116/3024 1981/1556 2123/1725
f 2146/1748 2123/1725 1981/1556
f 552/3065 2144/1746 2140/1743
f 2146/1748 2140/1743 2144/1746
f 132/3026 2121/1721 2149/1751
f 2150/1749 2149/1751 2121/1721
f 2148/1753 2150/1749 556/3066
f 2147/1750 556/3066 2150/1749
f 2153/1755 2129/1731 2151/1757
f 131/3051 2151/1757 2129/1731
f 556/3066 2147/1750 2152/1754
f 2153/1755 2152/1754 2147/1750
f 2154/1760 2157/1761 143/3067
f 2156/1762 143/3067 2157/1761
f 2155/1759 556/3066 2157/1761
f 2152/1754 2157/1761 556/3066
f 144/3068 2158/1763 2159/1765
f 2160/1764 2159/1765 2158/1763
f 2160/1764 2148/1753 2155/1759
f 556/3066 2155/1759 2148/1753
f 2159/1767 2164/1766 144/3069
f 2163/1771 144/3069 2164/1766
f 2162/1772 2164/1766 560/3070
f 2161/1768 560/3070 2164/1766
f 2167/1774 2154/1777 2165/1776
f 143/3071 2165/1776 2154/1777
f 560/3070 2161/1768 2166/1773
f 2167/1774 2166/1773 2161/1768
f 2168/1780 2171/1781 145/3072
f 2170/1782 145/3072 2171/1781
f 2169/1779 560/3070 2171/1781
f 2166/1773 2171/1781 560/3070
f 146/3073 2172/1784 2173/1785
f 2174/1783 2173/1785 2172/1784
f 560/3070 2169/1779 2162/1772
f 2174/1783 2162/1772 2169/1779
f 144/3069 2163/1771 2177/1788
f 2178/1787 2177/1788 2163/1771
f 564/3074 2176/1790 2175/1786
f 2178/1787 2175/1786 2176/1790
f 2179/1793 2181/1794 146/3073
f 2172/1784 146/3073 2181/1794
f 2175/1786 2181/1794 564/3074
f 2180/1792 564/3074 2181/1794
f 150/3075 2182/1798 2184/1799
f 2185/1796 2184/1799 2182/1798
f 564/3074 2180/1792 2183/1795
f 2185/1796 2183/1795 2180/1792
f 2186/1800 2188/1801 149/3076
f 2187/1802 149/3076 2188/1801
f 2183/1795 2188/1801 564/3074
f 2176/1790 564/3074 2188/1801
f 146/3073 2189/1806 2179/1793
f 2192/1804 2179/1793 2189/1806
f 568/3077 2191/1807 2190/1803
f 2192/1804 2190/1803 2191/1807
f 147/3078 2193/1811 2195/1812
f 2196/1809 2195/1812 2193/1811
f 2190/1803 2196/1809 568/3077
f 2194/1808 568/3077 2196/1809
f 2200/1814 2199/1817 2197/1816
f 151/3079 2197/1816 2199/1817
f 568/3077 2194/1808 2198/1813
f 2200/1814 2198/1813 2194/1808
f 2184/1799 2202/1818 150/3075
f 2201/1819 150/3075 2202/1818
f 2198/1813 2202/1818 568/3077
f 2191/1807 568/3077 2202/1818
f 2207/1821 2206/1826 2203/1823
f 152/3080 2203/1823 2206/1826
f 573/3081 2205/1824 2204/1820
f 2207/1821 2204/1820 2205/1824
f 2208/1830 2211/1828 155/3082
f 2210/1831 155/3082 2211/1828
f 573/3081 2204/1820 2209/1827
f 2211/1828 2209/1827 2204/1820
f 2212/1834 2215/1835 154/3083
f 2214/1836 154/3083 2215/1835
f 573/3081 2209/1827 2213/1833
f 2215/1835 2213/1833 2209/1827
f 2216/1837 2218/1838 157/3084
f 2217/1839 157/3084 2218/1838
f 573/3081 2213/1833 2205/1824
f 2218/1838 2205/1824 2213/1833
f 2223/1841 2222/1846 2219/1843
f 153/3085 2219/1843 2222/1846
f 578/3086 2221/1844 2220/1840
f 2223/1841 2220/1840 2221/1844
f 2224/1850 2227/1848 158/3087
f 2226/1851 158/3087 2227/1848
f 578/3086 2220/1840 2225/1847
f 2227/1848 2225/1847 2220/1840
f 2228/1854 2231/1855 156/3088
f 2230/1856 156/3088 2231/1855
f 2225/1847 2231/1855 578/3086
f 2229/1853 578/3086 2231/1855
f 2232/1857 2234/1858 159/3089
f 2233/1859 159/3089 2234/1858
f 578/3086 2229/1853 2221/1844
f 2234/1858 2221/1844 2229/1853
f 127/3090 2235/1862 2000/1865
f 2238/1863 2000/1865 2235/1862
f 2237/1866 2238/1863 581/3091
f 2236/1861 581/3091 2238/1863
f 2226/1851 2241/1868 158/3087
f 2240/1869 158/3087 2241/1868
f 581/3091 2236/1861 2239/1867
f 2241/1868 2239/1867 2236/1861
f 2242/1872 2244/1873 153/3085
f 2219/1843 153/3085 2244/1873
f 2239/1867 2244/1873 581/3091
f 2243/1871 581/3091 2244/1873
f 2246/1874 2245/1876 1991/1875
f 111/3092 1991/1875 2245/1876
f 581/3091 2243/1871 2237/1866
f 2246/1874 2237/1866 2243/1871
f 129/3093 2247/1880 2250/1881
f 2251/1878 2250/1881 2247/1880
f 585/3094 2249/1883 2248/1877
f 2251/1878 2248/1877 2249/1883
f 2233/1859 2254/1885 159/3089
f 2253/1886 159/3089 2254/1885
f 2248/1877 2254/1885 585/3094
f 2252/1884 585/3094 2254/1885
f 2255/1889 2257/1890 156/3088
f 2228/1854 156/3088 2257/1890
f 585/3094 2252/1884 2256/1888
f 2257/1890 2256/1888 2252/1884
f 122/3095 2258/1891 2259/1893
f 2260/1892 2259/1893 2258/1891
f 2256/1888 2260/1892 585/3094
f 2249/1883 585/3094 2260/1892
f 127/3090 1891/1897 2235/1862
f 2263/1895 2235/1862 1891/1897
f 586/3096 2262/1898 2261/1894
f 2263/1895 2261/1894 2262/1898
f 122/3095 2259/1893 1886/1901
f 2265/1900 1886/1901 2259/1893
f 2261/1894 2265/1900 586/3096
f 2264/1899 586/3096 2265/1900
f 2230/1856 2267/1903 156/3088
f 2255/1889 156/3088 2267/1903
f 586/3096 2264/1899 2266/1902
f 2267/1903 2266/1902 2264/1899
f 2240/1869 2268/1904 158/3087
f 2224/1850 158/3087 2268/1904
f 2266/1902 2268/1904 586/3096
f 2262/1898 586/3096 2268/1904
f 129/3093 1930/1906 2247/1880
f 2271/1905 2247/1880 1930/1906
f 2269/1907 587/3097 2271/1905
f 2270/1909 2271/1905 587/3097
f 2273/1911 1923/1912 2245/1876
f 111/3092 2245/1876 1923/1912
f 2273/1911 2272/1910 2269/1907
f 587/3097 2269/1907 2272/1910
f 2222/1846 2275/1914 153/3085
f 2242/1872 153/3085 2275/1914
f 2272/1910 2275/1914 587/3097
f 2274/1913 587/3097 2275/1914
f 2253/1886 2276/1915 159/3089
f 2232/1857 159/3089 2276/1915
f 587/3097 2274/1913 2270/1909
f 2276/1915 2270/1909 2274/1913
f 125/3098 1945/1918 2279/1921
f 2280/1919 2279/1921 1945/1918
f 2278/1922 2280/1919 590/3099
f 2277/1917 590/3099 2280/1919
f 2283/1924 1939/1927 2281/1926
f 110/3100 2281/1926 1939/1927
f 590/3099 2277/1917 2282/1923
f 2283/1924 2282/1923 2277/1917
f 2206/1826 2286/1929 152/3080
f 2285/1930 152/3080 2286/1929
f 2282/1923 2286/1929 590/3099
f 2284/1928 590/3099 2286/1929
f 2287/1932 2288/1931 157/3084
f 2216/1837 157/3084 2288/1931
f 590/3099 2284/1928 2278/1922
f 2288/1931 2278/1922 2284/1928
f 2289/1934 2292/1933 121/3101
f 1906/1938 121/3101 2292/1933
f 2291/1939 2292/1933 592/3102
f 2290/1935 592/3102 2292/1933
f 2210/1831 2295/1941 155/3082
f 2294/1942 155/3082 2295/1941
f 592/3102 2290/1935 2293/1940
f 2295/1941 2293/1940 2290/1935
f 2285/1930 2297/1944 152/3080
f 2203/1823 152/3080 2297/1944
f 2293/1940 2297/1944 592/3102
f 2296/1943 592/3102 2297/1944
f 2281/1926 110/3100 2298/1946
f 1896/1945 2298/1946 110/3100
f 2298/1946 2291/1939 2296/1943
f 592/3102 2296/1943 2291/1939
f 1874/1949 2302/1950 119/3103
f 2301/1952 119/3103 2302/1950
f 2300/1953 2302/1950 594/3104
f 2299/1948 594/3104 2302/1950
f 125/3098 2279/1921 1868/1956
f 2304/1955 1868/1956 2279/1921
f 594/3104 2299/1948 2303/1954
f 2304/1955 2303/1954 2299/1948
f 2217/1839 2306/1958 157/3084
f 2287/1932 157/3084 2306/1958
f 2303/1954 2306/1958 594/3104
f 2305/1957 594/3104 2306/1958
f 2308/1959 2212/1834 2307/1960
f 154/3083 2307/1960 2212/1834
f 594/3104 2305/1957 2300/1953
f 2308/1959 2300/1953 2305/1957
f 121/3101 2309/1964 2289/1934
f 2312/1962 2289/1934 2309/1964
f 596/3105 2311/1965 2310/1961
f 2312/1962 2310/1961 2311/1965
f 119/3103 2301/1952 2314/1968
f 2315/1967 2314/1968 2301/1952
f 2310/1961 2315/1967 596/3105
f 2313/1966 596/3105 2315/1967
f 2214/1836 2317/1970 154/3083
f 2307/1960 154/3083 2317/1970
f 596/3105 2313/1966 2316/1969
f 2317/1970 2316/1969 2313/1966
f 2294/1942 2318/1971 155/3082
f 2208/1830 155/3082 2318/1971
f 2316/1969 2318/1971 596/3105
f 2311/1965 596/3105 2318/1971
f 147/3078 2195/1812 2321/1974
f 2322/1973 2321/1974 2195/1812
f 600/3106 2320/1976 2319/1972
f 2322/1973 2319/1972 2320/1976
f 2173/1785 2324/1978 146/3073
f 2189/1806 146/3073 2324/1978
f 2319/1972 2324/1978 600/3106
f 2323/1977 600/3106 2324/1978
f 2327/1980 2168/1780 2325/1982
f 145/3072 2325/1982 2168/1780
f 600/3106 2323/1977 2326/1979
f 2327/1980 2326/1979 2323/1977
f 2328/1985 2331/1986 162/3107
f 2330/1987 162/3107 2331/1986
f 600/3106 2326/1979 2329/1984
f 2331/1986 2329/1984 2326/1979
f 160/3108 2332/1989 2333/1990
f 2334/1988 2333/1990 2332/1989
f 600/3106 2329/1984 2320/1976
f 2334/1988 2320/1976 2329/1984
f 161/3109 2335/1991 2338/1995
f 2339/1993 2338/1995 2335/1991
f 2339/1993 2336/1994 2337/1997
f 605/3110 2337/1997 2336/1994
f 2343/1999 2342/2002 2340/2001
f 165/3111 2340/2001 2342/2002
f 605/3110 2336/1994 2341/1998
f 2343/1999 2341/1998 2336/1994
f 2344/2006 2347/2004 166/3112
f 2346/2007 166/3112 2347/2004
f 2341/1998 2347/2004 605/3110
f 2345/2003 605/3110 2347/2004
f 2349/2010 162/3113 2350/2009
f 2348/2008 2350/2009 162/3113
f 2337/1997 605/3110 2350/2009
f 2345/2003 2350/2009 605/3110
f 2353/2012 2328/2015 2349/2010
f 162/3113 2349/2010 2328/2015
f 608/3114 2352/2013 2351/2011
f 2353/2012 2351/2011 2352/2013
f 2354/2018 2356/2019 166/3112
f 2344/2006 166/3112 2356/2019
f 2351/2011 2356/2019 608/3114
f 2355/2017 608/3114 2356/2019
f 2360/2021 2359/2024 2357/2023
f 163/3115 2357/2023 2359/2024
f 608/3114 2355/2017 2358/2020
f 2360/2021 2358/2020 2355/2017
f 160/3116 2333/2026 2361/2027
f 2362/2025 2361/2027 2333/2026
f 2358/2020 2362/2025 608/3114
f 2352/2013 608/3114 2362/2025
f 2366/2029 2365/2030 2359/2024
f 163/3115 2359/2024 2365/2030
f 611/3117 2364/2032 2363/2028
f 2366/2029 2363/2028 2364/2032
f 2346/2007 2368/2034 166/3112
f 2354/2018 166/3112 2368/2034
f 2363/2028 2368/2034 611/3117
f 2367/2033 611/3117 2368/2034
f 2369/2038 2371/2036 165/3111
f 2340/2001 165/3111 2371/2036
f 611/3117 2367/2033 2370/2035
f 2371/2036 2370/2035 2367/2033
f 2373/2041 164/3118 2374/2040
f 2372/2039 2374/2040 164/3118
f 2370/2035 2374/2040 611/3117
f 2364/2032 611/3117 2374/2040
f 2375/2044 2378/2045 69/3119
f 1247/2047 69/3119 2378/2045
f 2377/2048 2378/2045 614/3120
f 2376/2043 614/3120 2378/2045
f 131/3051 2051/1639 2380/2051
f 2381/2050 2380/2051 2051/1639
f 614/3120 2376/2043 2379/2049
f 2381/2050 2379/2049 2376/2043
f 2382/2054 2384/2055 130/3050
f 2046/1635 130/3050 2384/2055
f 2379/2049 2384/2055 614/3120
f 2383/2053 614/3120 2384/2055
f 76/3121 1254/2057 2385/2058
f 2386/2056 2385/2058 1254/2057
f 614/3120 2383/2053 2377/2048
f 2386/2056 2377/2048 2383/2053
f 2387/2061 2390/2062 77/3122
f 1261/2064 77/3122 2390/2062
f 2388/2060 617/3123 2390/2062
f 2389/2063 2390/2062 617/3123
f 142/3054 2093/1690 2392/2068
f 2393/2067 2392/2068 2093/1690
f 617/3123 2388/2060 2391/2066
f 2393/2067 2391/2066 2388/2060
f 2394/2070 2396/2069 134/3058
f 2090/1688 134/3058 2396/2069
f 2391/2066 2396/2069 617/3123
f 2395/2071 617/3123 2396/2069
f 2398/2073 2397/2075 1268/2074
f 80/3124 1268/2074 2397/2075
f 617/3123 2395/2071 2389/2063
f 2398/2073 2389/2063 2395/2071
f 2397/2075 2401/2077 80/3124
f 1275/2079 80/3124 2401/2077
f 2399/2076 619/3125 2401/2077
f 2400/2078 2401/2077 619/3125
f 134/3058 2078/1673 2394/2070
f 2403/2081 2394/2070 2078/1673
f 2403/2081 2402/2082 2399/2076
f 619/3125 2399/2076 2402/2082
f 2404/2085 2406/2086 135/3057
f 2072/1664 135/3057 2406/2086
f 2405/2084 619/3125 2406/2086
f 2402/2082 2406/2086 619/3125
f 2408/2087 2407/2089 1281/2088
f 81/3126 1281/2088 2407/2089
f 619/3125 2405/2084 2400/2078
f 2408/2087 2400/2078 2405/2084
f 2409/2092 2412/2093 67/3127
f 1287/2095 67/3127 2412/2093
f 2411/2096 2412/2093 622/3128
f 2410/2091 622/3128 2412/2093
f 2415/2098 2414/2101 2314/2100
f 119/3014 2314/2100 2414/2101
f 622/3128 2410/2091 2413/2097
f 2415/2098 2413/2097 2410/2091
f 2416/2103 2418/2102 121/3023
f 2309/2106 121/3023 2418/2102
f 2417/2104 622/3128 2418/2102
f 2413/2097 2418/2102 622/3128
f 2420/2107 2419/2109 1294/2108
f 68/3129 1294/2108 2419/2109
f 622/3128 2417/2104 2411/2096
f 2420/2107 2411/2096 2417/2104
f 78/3130 2421/2110 1301/2116
f 2424/2112 1301/2116 2421/2110
f 2424/2112 2422/2113 2423/2114
f 625/3131 2423/2114 2422/2113
f 2250/2119 2427/2120 129/3029
f 2426/2121 129/3029 2427/2120
f 2422/2113 2427/2120 625/3131
f 2425/2118 625/3131 2427/2120
f 2430/2123 2258/2126 2428/2125
f 122/3017 2428/2125 2258/2126
f 625/3131 2425/2118 2429/2122
f 2430/2123 2429/2122 2425/2118
f 2431/2129 74/3132 2432/2127
f 1308/2128 2432/2127 74/3132
f 2429/2122 2432/2127 625/3131
f 2423/2114 625/3131 2432/2127
f 2385/2058 2435/2131 76/3121
f 1315/2133 76/3121 2435/2131
f 2434/2132 2435/2131 626/3133
f 2433/2130 626/3133 2435/2131
f 130/3050 2063/1654 2382/2054
f 2437/2135 2382/2054 2063/1654
f 626/3133 2433/2130 2436/2136
f 2437/2135 2436/2136 2433/2130
f 2058/1649 142/3054 2439/2137
f 2392/2068 2439/2137 142/3054
f 2436/2136 2439/2137 626/3133
f 2438/2138 626/3133 2439/2137
f 2440/2139 2387/2061 1320/2140
f 77/3122 1320/2140 2387/2061
f 626/3133 2438/2138 2434/2132
f 2440/2139 2434/2132 2438/2138
f 2441/2143 2444/2144 70/3134
f 1325/2146 70/3134 2444/2144
f 2443/2147 2444/2144 628/3135
f 2442/2142 628/3135 2444/2144
f 143/3067 2156/1762 2446/2150
f 2447/2148 2446/2150 2156/1762
f 628/3135 2442/2142 2445/2149
f 2447/2148 2445/2149 2442/2142
f 2380/2051 2449/2152 131/3051
f 2151/1757 131/3051 2449/2152
f 2445/2149 2449/2152 628/3135
f 2448/2151 628/3135 2449/2152
f 69/3119 1331/2153 2375/2044
f 2450/2154 2375/2044 1331/2153
f 628/3135 2448/2151 2443/2147
f 2450/2154 2443/2147 2448/2151
f 2451/2157 2454/2158 71/2904
f 1337/746 71/2904 2454/2158
f 2452/2156 630/3136 2454/2158
f 2453/2159 2454/2158 630/3136
f 145/3137 2170/2160 2456/2164
f 2457/2162 2456/2164 2170/2160
f 2457/2162 2455/2163 2452/2156
f 630/3136 2452/2156 2455/2163
f 2165/2169 143/3138 2459/2165
f 2446/2166 2459/2165 143/3138
f 2455/2163 2459/2165 630/3136
f 2458/2167 630/3136 2459/2165
f 2460/2170 2441/2171 1343/756
f 70/2906 1343/756 2441/2171
f 630/3136 2458/2167 2453/2159
f 2460/2170 2453/2159 2458/2167
f 59/2909 2461/2174 1349/766
f 2464/2175 1349/766 2461/2174
f 2463/2176 2464/2175 634/3139
f 2462/2173 634/3139 2464/2175
f 147/3078 2465/2177 2467/2181
f 2468/2179 2467/2181 2465/2177
f 634/3139 2462/2173 2466/2180
f 2468/2179 2466/2180 2462/2173
f 2469/2184 2472/2185 148/3140
f 2471/2186 148/3140 2472/2185
f 2466/2180 2472/2185 634/3139
f 2470/2183 634/3139 2472/2185
f 65/2911 1356/776 2473/2188
f 2474/2187 2473/2188 1356/776
f 634/3139 2470/2183 2463/2176
f 2474/2187 2463/2176 2470/2183
f 2475/2190 2478/2189 60/2913
f 1365/785 60/2913 2478/2189
f 636/3141 2477/2193 2476/2191
f 2478/2189 2476/2191 2477/2193
f 2199/1817 2481/2195 151/3079
f 2480/2196 151/3079 2481/2195
f 2479/2194 636/3141 2481/2195
f 2476/2191 2481/2195 636/3141
f 147/3078 2467/2181 2193/1811
f 2483/2198 2193/1811 2467/2181
f 2483/2198 2482/2197 2479/2194
f 636/3141 2479/2194 2482/2197
f 2484/2199 2461/2174 1371/794
f 59/2909 1371/794 2461/2174
f 2482/2197 2484/2199 636/3141
f 2477/2193 636/3141 2484/2199
f 2485/2202 2488/2203 79/3142
f 1377/2205 79/3142 2488/2203
f 2486/2201 638/3143 2488/2203
f 2487/2204 2488/2203 638/3143
f 128/3030 1934/1501 2490/2209
f 2491/2208 2490/2209 1934/1501
f 2491/2208 2489/2207 2486/2201
f 638/3143 2486/2201 2489/2207
f 129/3029 2426/2121 1928/1495
f 2493/2211 1928/1495 2426/2121
f 2489/2207 2493/2211 638/3143
f 2492/2210 638/3143 2493/2211
f 1383/2213 2494/2212 78/3130
f 2421/2110 78/3130 2494/2212
f 638/3143 2492/2210 2487/2204
f 2494/2212 2487/2204 2492/2210
f 68/3129 2419/2109 1389/2218
f 2497/2215 1389/2218 2419/2109
f 640/3144 2496/2216 2495/2214
f 2497/2215 2495/2214 2496/2216
f 1907/1467 2499/2220 121/3023
f 2416/2103 121/3023 2499/2220
f 2495/2214 2499/2220 640/3144
f 2498/2219 640/3144 2499/2220
f 120/3022 2500/2224 1902/1462
f 2502/2222 1902/1462 2500/2224
f 640/3144 2498/2219 2501/2221
f 2502/2222 2501/2221 2498/2219
f 2503/2227 58/3145 2504/2225
f 1395/2226 2504/2225 58/3145
f 2501/2221 2504/2225 640/3144
f 2496/2216 640/3144 2504/2225
f 2507/2229 1401/2232 2503/2227
f 58/3145 2503/2227 1401/2232
f 642/3146 2506/2230 2505/2228
f 2507/2229 2505/2228 2506/2230
f 1919/1482 2509/2234 120/3022
f 2500/2224 120/3022 2509/2234
f 2505/2228 2509/2234 642/3146
f 2508/2233 642/3146 2509/2234
f 132/3026 2510/2238 1914/1477
f 2512/2236 1914/1477 2510/2238
f 642/3146 2508/2233 2511/2235
f 2512/2236 2511/2235 2508/2233
f 2513/2241 61/3147 2514/2239
f 1407/2240 2514/2239 61/3147
f 2511/2235 2514/2239 642/3146
f 2506/2230 642/3146 2514/2239
f 2517/2243 1413/2246 2513/2241
f 61/3147 2513/2241 1413/2246
f 644/3148 2516/2244 2515/2242
f 2517/2243 2515/2242 2516/2244
f 2149/1751 2519/2247 132/3026
f 2510/2238 132/3026 2519/2247
f 2518/2248 644/3148 2519/2247
f 2515/2242 2519/2247 644/3148
f 144/3068 2520/2250 2158/1763
f 2522/2249 2158/1763 2520/2250
f 2518/2248 2522/2249 644/3148
f 2521/2251 644/3148 2522/2249
f 2524/2254 2523/2255 1419/2253
f 62/3149 1419/2253 2523/2255
f 644/3148 2521/2251 2516/2244
f 2524/2254 2516/2244 2521/2251
f 1425/857 62/2923 2527/2259
f 2523/2258 2527/2259 62/2923
f 2526/2260 2527/2259 646/3150
f 2525/2257 646/3150 2527/2259
f 144/3069 2177/1788 2520/2263
f 2529/2262 2520/2263 2177/1788
f 2529/2262 2528/2261 2525/2257
f 646/3150 2525/2257 2528/2261
f 2532/2265 2186/1800 2530/2267
f 149/3076 2530/2267 2186/1800
f 2528/2261 2532/2265 646/3150
f 2531/2264 646/3150 2532/2265
f 2533/2269 63/2925 2534/2268
f 1431/866 2534/2268 63/2925
f 646/3150 2531/2264 2526/2260
f 2534/2268 2526/2260 2531/2264
f 2537/2271 1437/875 2533/2269
f 63/2925 2533/2269 1437/875
f 648/3151 2536/2272 2535/2270
f 2537/2271 2535/2270 2536/2272
f 2187/1802 2539/2274 149/3076
f 2530/2267 149/3076 2539/2274
f 2535/2270 2539/2274 648/3151
f 2538/2273 648/3151 2539/2274
f 150/3075 2540/2278 2182/1798
f 2542/2276 2182/1798 2540/2278
f 648/3151 2538/2273 2541/2275
f 2542/2276 2541/2275 2538/2273
f 2543/2280 64/2927 2544/2279
f 1443/881 2544/2279 64/2927
f 2541/2275 2544/2279 648/3151
f 2536/2272 648/3151 2544/2279
f 2547/2282 1449/887 2543/2280
f 64/2927 2543/2280 1449/887
f 2545/2281 649/3152 2547/2282
f 2546/2283 2547/2282 649/3152
f 150/3075 2201/1819 2540/2278
f 2549/2285 2540/2278 2201/1819
f 2549/2285 2548/2284 2545/2281
f 649/3152 2545/2281 2548/2284
f 2480/2196 2551/2287 151/3079
f 2197/1816 151/3079 2551/2287
f 2548/2284 2551/2287 649/3152
f 2550/2286 649/3152 2551/2287
f 2552/2288 2475/2190 1454/893
f 60/2913 1454/893 2475/2190
f 649/3152 2550/2286 2546/2283
f 2552/2288 2546/2283 2550/2286
f 1461/899 2555/2289 71/2904
f 2451/2157 71/2904 2555/2289
f 651/3153 2554/2291 2553/2290
f 2555/2289 2553/2290 2554/2291
f 2558/2293 1470/916 2556/2295
f 72/2932 2556/2295 1470/916
f 651/3153 2553/2290 2557/2292
f 2558/2293 2557/2292 2553/2290
f 2338/2298 2561/2299 161/3154
f 2560/2300 161/3154 2561/2299
f 651/3153 2557/2292 2559/2297
f 2561/2299 2559/2297 2557/2292
f 162/3155 2330/2304 2348/2305
f 2563/2302 2348/2305 2330/2304
f 651/3153 2559/2297 2562/2301
f 2563/2302 2562/2301 2559/2297
f 2456/2164 2564/2306 145/3137
f 2325/2307 145/3137 2564/2306
f 651/3153 2562/2301 2554/2291
f 2564/2306 2554/2291 2562/2301
f 147/3078 2321/1974 2465/2177
f 2567/2308 2465/2177 2321/1974
f 2567/2308 2565/2309 2566/2310
f 653/3156 2566/2310 2565/2309
f 2568/2313 2570/2314 160/3108
f 2332/1989 160/3108 2570/2314
f 2565/2309 2570/2314 653/3156
f 2569/2312 653/3156 2570/2314
f 148/3140 2471/2186 2571/2316
f 2572/2315 2571/2316 2471/2186
f 2572/2315 2566/2310 2569/2312
f 653/3156 2569/2312 2566/2310
f 2577/2320 2576/2322 2573/2319
f 170/3157 2573/2319 2576/2322
f 2575/2323 2577/2320 658/3158
f 2574/2318 658/3158 2577/2320
f 2581/2325 2580/2328 2578/2327
f 167/3159 2578/2327 2580/2328
f 658/3158 2574/2318 2579/2324
f 2581/2325 2579/2324 2574/2318
f 2582/2331 2585/2332 169/3160
f 2584/2333 169/3160 2585/2332
f 2579/2324 2585/2332 658/3158
f 2583/2330 658/3158 2585/2332
f 2588/2334 2587/2336 2586/2335
f 168/3161 2586/2335 2587/2336
f 658/3158 2583/2330 2575/2323
f 2588/2334 2575/2323 2583/2330
f 2589/2339 2593/2340 177/3162
f 2592/2342 177/3162 2593/2340
f 2590/2338 663/3163 2593/2340
f 2591/2341 2593/2340 663/3163
f 178/3164 2594/2346 2596/2348
f 2597/2347 2596/2348 2594/2346
f 2597/2347 2595/2345 2590/2338
f 663/3163 2590/2338 2595/2345
f 2601/2349 2600/2353 2598/2350
f 173/3165 2598/2350 2600/2353
f 2595/2345 2601/2349 663/3163
f 2599/2351 663/3163 2601/2349
f 2604/2354 2603/2356 2602/2355
f 174/3166 2602/2355 2603/2356
f 663/3163 2599/2351 2591/2341
f 2604/2354 2591/2341 2599/2351
f 178/3164 2605/2360 2608/2361
f 2609/2358 2608/2361 2605/2360
f 2609/2358 2606/2357 2607/2363
f 668/3167 2607/2363 2606/2357
f 2612/2368 179/3168 2613/2364
f 2610/2365 2613/2364 179/3168
f 2606/2357 2613/2364 668/3167
f 2611/2366 668/3167 2613/2364
f 2617/2370 2616/2373 2614/2372
f 172/3169 2614/2372 2616/2373
f 668/3167 2611/2366 2615/2369
f 2617/2370 2615/2369 2611/2366
f 2620/2374 2619/2376 2618/2375
f 171/3170 2618/2375 2619/2376
f 2607/2363 668/3167 2620/2374
f 2615/2369 2620/2374 668/3167
f 174/3166 2603/2356 2623/2380
f 2624/2377 2623/2380 2603/2356
f 2622/2381 2624/2377 672/3171
f 2621/2378 672/3171 2624/2377
f 2627/2383 2598/2350 2625/2385
f 173/3165 2625/2385 2598/2350
f 672/3171 2621/2378 2626/2382
f 2627/2383 2626/2382 2621/2378
f 2628/2388 2631/2389 176/3172
f 2630/2390 176/3172 2631/2389
f 2629/2387 672/3171 2631/2389
f 2626/2382 2631/2389 672/3171
f 2632/2391 2634/2392 175/3173
f 2633/2393 175/3173 2634/2392
f 2622/2381 672/3171 2634/2392
f 2629/2387 2634/2392 672/3171
f 2637/2397 175/3173 2638/2394
f 2633/2393 2638/2394 175/3173
f 2636/2398 2638/2394 675/3174
f 2635/2395 675/3174 2638/2394
f 2641/2399 2628/2388 2639/2400
f 176/3172 2639/2400 2628/2388
f 2635/2395 2641/2399 675/3174
f 2640/2401 675/3174 2641/2399
f 2619/2376 2644/2403 171/3170
f 2643/2405 171/3170 2644/2403
f 675/3174 2640/2401 2642/2404
f 2644/2403 2642/2404 2640/2401
f 2614/2372 172/3169 2646/2406
f 2645/2407 2646/2406 172/3169
f 2642/2404 2646/2406 675/3174
f 2636/2398 675/3174 2646/2406
f 177/3162 2647/2410 2589/2339
f 2650/2411 2589/2339 2647/2410
f 678/3175 2649/2412 2648/2409
f 2650/2411 2648/2409 2649/2412
f 180/3176 2651/2416 2653/2417
f 2654/2414 2653/2417 2651/2416
f 678/3175 2648/2409 2652/2413
f 2654/2414 2652/2413 2648/2409
f 2656/2420 179/3168 2657/2418
f 2612/2368 2657/2418 179/3168
f 2652/2413 2657/2418 678/3175
f 2655/2419 678/3175 2657/2418
f 178/3164 2596/2348 2605/2360
f 2658/2421 2605/2360 2596/2348
f 2655/2419 2658/2421 678/3175
f 2649/2412 678/3175 2658/2421
f 2662/2423 2647/2428 2659/2425
f 177/3177 2659/2425 2647/2428
f 681/3178 2661/2426 2660/2422
f 2662/2423 2660/2422 2661/2426
f 160/3116 2361/2027 2664/2431
f 2665/2430 2664/2431 2361/2027
f 681/3178 2660/2422 2663/2429
f 2665/2430 2663/2429 2660/2422
f 2365/2030 2667/2433 163/3115
f 2357/2023 163/3115 2667/2433
f 2663/2429 2667/2433 681/3178
f 2666/2432 681/3178 2667/2433
f 164/3118 2668/2437 2372/2039
f 2670/2435 2372/2039 2668/2437
f 681/3178 2666/2432 2669/2434
f 2670/2435 2669/2434 2666/2432
f 2671/2440 180/3179 2672/2439
f 2653/2438 2672/2439 180/3179
f 681/3178 2669/2434 2661/2426
f 2672/2439 2661/2426 2669/2434
f 179/3180 2656/2441 2675/2445
f 2676/2443 2675/2445 2656/2441
f 2676/2443 2673/2444 2674/2447
f 683/3181 2674/2447 2673/2444
f 2671/2440 2678/2449 180/3179
f 2651/2450 180/3179 2678/2449
f 2677/2448 683/3181 2678/2449
f 2673/2444 2678/2449 683/3181
f 2373/2041 2680/2452 164/3118
f 2668/2437 164/3118 2680/2452
f 683/3181 2677/2448 2679/2451
f 2680/2452 2679/2451 2677/2448
f 2342/2002 2682/2453 165/3111
f 2369/2038 165/3111 2682/2453
f 683/3181 2679/2451 2681/2454
f 2682/2453 2681/2454 2679/2451
f 2683/2456 2684/2455 161/3109
f 2335/1991 161/3109 2684/2455
f 2681/2454 2684/2455 683/3181
f 2674/2447 683/3181 2684/2455
f 2616/2459 2688/2460 172/3182
f 2687/2462 172/3182 2688/2460
f 685/3183 2686/2463 2685/2458
f 2688/2460 2685/2458 2686/2463
f 179/3184 2675/2467 2610/2468
f 2690/2465 2610/2468 2675/2467
f 2690/2465 2689/2464 2685/2458
f 685/3183 2685/2458 2689/2464
f 2692/2470 2683/2471 2560/2300
f 161/3154 2560/2300 2683/2471
f 685/3183 2689/2464 2691/2469
f 2692/2470 2691/2469 2689/2464
f 72/2932 1602/1082 2556/2295
f 2694/2473 2556/2295 1602/1082
f 685/3183 2691/2469 2693/2472
f 2694/2473 2693/2472 2691/2469
f 2696/2474 1597/1077 2695/2475
f 73/2961 2695/2475 1597/1077
f 685/3183 2693/2472 2686/2463
f 2696/2474 2686/2463 2693/2472
f 1610/1096 2700/2477 66/2963
f 2699/2478 66/2963 2700/2477
f 688/3185 2698/2480 2697/2476
f 2700/2477 2697/2476 2698/2480
f 2473/2188 2702/2482 65/2911
f 1621/1110 65/2911 2702/2482
f 2697/2476 2702/2482 688/3185
f 2701/2481 688/3185 2702/2482
f 148/3140 2703/2486 2469/2184
f 2705/2484 2469/2184 2703/2486
f 688/3185 2701/2481 2704/2483
f 2705/2484 2704/2483 2701/2481
f 2707/2491 174/3186 2708/2488
f 2623/2490 2708/2488 174/3186
f 688/3185 2704/2483 2706/2487
f 2708/2488 2706/2487 2704/2483
f 2710/2492 2632/2494 2709/2493
f 175/3187 2709/2493 2632/2494
f 688/3185 2706/2487 2698/2480
f 2710/2492 2698/2480 2706/2487
f 73/2961 1625/1114 2695/2475
f 2713/2495 2695/2475 1625/1114
f 2713/2495 2711/2496 2712/2497
f 689/3188 2712/2497 2711/2496
f 66/2969 2699/2500 1631/1127
f 2715/2501 1631/1127 2699/2500
f 2711/2496 2715/2501 689/3188
f 2714/2499 689/3188 2715/2501
f 2717/2503 2709/2506 2637/2505
f 175/3189 2637/2505 2709/2506
f 689/3188 2714/2499 2716/2502
f 2717/2503 2716/2502 2714/2499
f 172/3182 2687/2462 2645/2508
f 2718/2507 2645/2508 2687/2462
f 689/3188 2716/2502 2712/2497
f 2718/2507 2712/2497 2716/2502
f 2571/2316 2721/2510 148/3140
f 2703/2486 148/3140 2721/2510
f 2720/2511 2721/2510 690/3190
f 2719/2509 690/3190 2721/2510
f 160/3108 2664/2512 2568/2313
f 2723/2514 2568/2313 2664/2512
f 690/3190 2719/2509 2722/2515
f 2723/2514 2722/2515 2719/2509
f 177/3191 2592/2519 2659/2520
f 2725/2517 2659/2520 2592/2519
f 690/3190 2722/2515 2724/2516
f 2725/2517 2724/2516 2722/2515
f 2726/2521 2602/2522 2707/2491
f 174/3186 2707/2491 2602/2522
f 690/3190 2724/2516 2720/2511
f 2726/2521 2720/2511 2724/2516
f 2600/2353 2730/2524 173/3165
f 2729/2526 173/3165 2730/2524
f 2727/2523 693/3192 2730/2524
f 2728/2525 2730/2524 693/3192
f 178/3164 2731/2528 2594/2346
f 2733/2530 2594/2346 2731/2528
f 693/3192 2727/2523 2732/2531
f 2733/2530 2732/2531 2727/2523
f 2576/2322 2736/2533 170/3157
f 2735/2534 170/3157 2736/2533
f 2732/2531 2736/2533 693/3192
f 2734/2532 693/3192 2736/2533
f 2737/2535 2738/2536 168/3161
f 2586/2335 168/3161 2738/2536
f 2728/2525 693/3192 2738/2536
f 2734/2532 2738/2536 693/3192
f 176/3172 2630/2390 2741/2539
f 2742/2538 2741/2539 2630/2390
f 2742/2538 2739/2537 2740/2541
f 695/3193 2740/2541 2739/2537
f 2625/2385 173/3165 2744/2542
f 2729/2526 2744/2542 173/3165
f 2744/2542 2743/2543 2739/2537
f 695/3193 2739/2537 2743/2543
f 2587/2336 2746/2545 168/3161
f 2737/2535 168/3161 2746/2545
f 2743/2543 2746/2545 695/3193
f 2745/2544 695/3193 2746/2545
f 2747/2546 2748/2547 169/3160
f 2582/2331 169/3160 2748/2547
f 2740/2541 695/3193 2748/2547
f 2745/2544 2748/2547 695/3193
f 171/3170 2643/2405 2751/2551
f 2752/2549 2751/2551 2643/2405
f 2749/2548 697/3194 2752/2549
f 2750/2550 2752/2549 697/3194
f 176/3172 2741/2539 2639/2400
f 2754/2553 2639/2400 2741/2539
f 2754/2553 2753/2554 2749/2548
f 697/3194 2749/2548 2753/2554
f 2584/2333 2756/2556 169/3160
f 2747/2546 169/3160 2756/2556
f 2753/2554 2756/2556 697/3194
f 2755/2555 697/3194 2756/2556
f 2757/2557 2758/2558 167/3159
f 2578/2327 167/3159 2758/2558
f 2750/2550 697/3194 2758/2558
f 2755/2555 2758/2558 697/3194
f 178/3164 2608/2361 2731/2528
f 2761/2560 2731/2528 2608/2361
f 698/3195 2760/2561 2759/2559
f 2761/2560 2759/2559 2760/2561
f 2751/2551 2763/2562 171/3170
f 2618/2375 171/3170 2763/2562
f 2759/2559 2763/2562 698/3195
f 2762/2563 698/3195 2763/2562
f 2580/2328 2765/2565 167/3159
f 2757/2557 167/3159 2765/2565
f 2762/2563 2765/2565 698/3195
f 2764/2564 698/3195 2765/2565
f 2735/2534 2766/2566 170/3157
f 2573/2319 170/3157 2766/2566
f 2764/2564 2766/2566 698/3195
f 2760/2561 698/3195 2766/2566
f 123/3196 2767/2567 1883/2573
f 2770/2569 1883/2573 2767/2567
f 2770/2569 2768/2570 2769/2571
f 702/3197 2769/2571 2768/2570
f 2773/2578 183/3198 2774/2574
f 2771/2575 2774/2574 183/3198
f 2768/2570 2774/2574 702/3197
f 2772/2576 702/3197 2774/2574
f 2777/2583 182/3199 2778/2579
f 2775/2580 2778/2579 182/3199
f 2772/2576 2778/2579 702/3197
f 2776/2581 702/3197 2778/2579
f 2780/2584 2779/2586 1888/2585
f 122/3200 1888/2585 2779/2586
f 702/3197 2776/2581 2769/2571
f 2780/2584 2769/2571 2776/2581
f 2779/2586 2783/2588 122/3200
f 2428/2590 122/3200 2783/2588
f 2782/2591 2783/2588 704/3201
f 2781/2587 704/3201 2783/2588
f 182/3199 2784/2595 2775/2580
f 2786/2593 2775/2580 2784/2595
f 704/3201 2781/2587 2785/2592
f 2786/2593 2785/2592 2781/2587
f 1703/1221 2789/2597 100/2983
f 2788/2598 100/2983 2789/2597
f 2785/2592 2789/2597 704/3201
f 2787/2596 704/3201 2789/2597
f 2790/2599 1698/1215 2431/2600
f 74/2982 2431/2600 1698/1215
f 704/3201 2787/2596 2782/2591
f 2790/2599 2782/2591 2787/2596
f 67/2984 1709/1228 2409/2603
f 2793/2602 2409/2603 1709/1228
f 707/3202 2792/2605 2791/2601
f 2793/2602 2791/2601 2792/2605
f 2794/2608 2796/2609 99/2988
f 1718/1241 99/2988 2796/2609
f 2791/2601 2796/2609 707/3202
f 2795/2607 707/3202 2796/2609
f 181/3203 2797/2610 2799/2614
f 2800/2612 2799/2614 2797/2610
f 707/3202 2795/2607 2798/2613
f 2800/2612 2798/2613 2795/2607
f 2801/2617 119/3204 2802/2616
f 2414/2615 2802/2616 119/3204
f 2798/2613 2802/2616 707/3202
f 2792/2605 707/3202 2802/2616
f 119/3204 2801/2617 1872/2621
f 2805/2619 1872/2621 2801/2617
f 2804/2620 2805/2619 709/3205
f 2803/2618 709/3205 2805/2619
f 2806/2626 2808/2624 181/3203
f 2797/2610 181/3203 2808/2624
f 709/3205 2803/2618 2807/2623
f 2808/2624 2807/2623 2803/2618
f 2773/2578 2811/2628 183/3198
f 2810/2629 183/3198 2811/2628
f 2809/2627 709/3205 2811/2628
f 2807/2623 2811/2628 709/3205
f 1877/2631 2812/2630 123/3196
f 2767/2567 123/3196 2812/2630
f 2812/2630 2804/2620 2809/2627
f 709/3205 2809/2627 2804/2620
f 2815/2633 1731/1260 2788/2598
f 100/2983 2788/2598 1731/1260
f 711/3206 2814/2634 2813/2632
f 2815/2633 2813/2632 2814/2634
f 2777/2583 2817/2636 182/3199
f 2784/2595 182/3199 2817/2636
f 2813/2632 2817/2636 711/3206
f 2816/2635 711/3206 2817/2636
f 183/3198 2818/2640 2771/2575
f 2820/2638 2771/2575 2818/2640
f 711/3206 2816/2635 2819/2637
f 2820/2638 2819/2637 2816/2635
f 75/2991 1737/1267 2821/2642
f 2822/2641 2821/2642 1737/1267
f 2819/2637 2822/2641 711/3206
f 2814/2634 711/3206 2822/2641
f 75/2991 2821/2642 1743/1273
f 2825/2644 1743/1273 2821/2642
f 2824/2645 2825/2644 712/3207
f 2823/2643 712/3207 2825/2644
f 183/3198 2810/2629 2818/2640
f 2827/2647 2818/2640 2810/2629
f 712/3207 2823/2643 2826/2646
f 2827/2647 2826/2646 2823/2643
f 2806/2626 181/3203 2829/2649
f 2799/2614 2829/2649 181/3203
f 2826/2646 2829/2649 712/3207
f 2828/2648 712/3207 2829/2649
f 2830/2650 2794/2608 1748/1279
f 99/2988 1748/1279 2794/2608
f 712/3207 2828/2648 2824/2645
f 2830/2650 2824/2645 2828/2648
f 2835/2652 2834/2655 2831/2654
f 184/3208 2831/2654 2834/2655
f 2835/2652 2832/2651 2833/2657
f 716/3209 2833/2657 2832/2651
f 2838/2662 186/3210 2839/2660
f 2836/2658 2839/2660 186/3210
f 2832/2651 2839/2660 716/3209
f 2837/2661 716/3209 2839/2660
f 2840/2663 2842/2664 185/3211
f 2841/2665 185/3211 2842/2664
f 2837/2661 2842/2664 716/3209
f 2833/2657 716/3209 2842/2664
f 2843/2669 2846/2667 184/3208
f 2831/2654 184/3208 2846/2667
f 719/3212 2845/2670 2844/2666
f 2846/2667 2844/2666 2845/2670
f 2006/1585 2849/2672 117/3042
f 2848/2673 117/3042 2849/2672
f 719/3212 2844/2666 2847/2671
f 2849/2672 2847/2671 2844/2666
f 136/3031 1937/1504 2015/1596
f 2851/2675 2015/1596 1937/1504
f 719/3212 2847/2671 2850/2674
f 2851/2675 2850/2674 2847/2671
f 2852/2678 2854/2679 128/3030
f 1932/1500 128/3030 2854/2679
f 2850/2674 2854/2679 719/3212
f 2853/2677 719/3212 2854/2679
f 186/3210 2838/2662 2855/2681
f 2856/2680 2855/2681 2838/2662
f 719/3212 2853/2677 2845/2670
f 2856/2680 2845/2670 2853/2677
f 2834/2655 2859/2683 184/3208
f 2843/2669 184/3208 2859/2683
f 721/3213 2858/2684 2857/2682
f 2859/2683 2857/2682 2858/2684
f 185/3211 2860/2688 2840/2663
f 2862/2686 2840/2663 2860/2688
f 721/3213 2857/2682 2861/2685
f 2862/2686 2861/2685 2857/2682
f 135/3057 2074/1668 2864/2691
f 2865/2690 2864/2691 2074/1668
f 721/3213 2861/2685 2863/2689
f 2865/2690 2863/2689 2861/2685
f 2115/1716 2867/2693 113/3055
f 2067/1659 113/3055 2867/2693
f 721/3213 2863/2689 2866/2692
f 2867/2693 2866/2692 2863/2689
f 117/3042 2848/2673 2111/1711
f 2868/2694 2111/1711 2848/2673
f 721/3213 2866/2692 2858/2684
f 2868/2694 2858/2684 2866/2692
f 2872/2696 2871/2699 1794/2698
f 104/3214 1794/2698 2871/2699
f 723/3215 2870/2701 2869/2695
f 2872/2696 2869/2695 2870/2701
f 2407/2089 2874/2703 81/3126
f 1801/2704 81/3126 2874/2703
f 2873/2702 723/3215 2874/2703
f 2869/2695 2874/2703 723/3215
f 2864/2691 2876/2705 135/3057
f 2404/2085 135/3057 2876/2705
f 2876/2705 2875/2706 2873/2702
f 723/3215 2873/2702 2875/2706
f 2877/2707 2878/2708 185/3211
f 2860/2688 185/3211 2878/2708
f 2875/2706 2878/2708 723/3215
f 2870/2701 723/3215 2878/2708
f 1805/2711 2881/2712 79/3142
f 2485/2202 79/3142 2881/2712
f 2880/2713 2881/2712 725/3216
f 2879/2710 725/3216 2881/2712
f 2884/2715 1812/2718 2882/2717
f 105/3217 2882/2717 1812/2718
f 725/3216 2879/2710 2883/2714
f 2884/2715 2883/2714 2879/2710
f 2855/2681 2887/2720 186/3210
f 2886/2721 186/3210 2887/2720
f 2883/2714 2887/2720 725/3216
f 2885/2719 725/3216 2887/2720
f 128/3030 2490/2209 2852/2678
f 2888/2722 2852/2678 2490/2209
f 725/3216 2885/2719 2880/2713
f 2888/2722 2880/2713 2885/2719
f 2836/2658 186/3210 2892/2726
f 2889/2725 2892/2726 186/3210
f 2891/2727 2892/2726 729/3218
f 2890/2724 729/3218 2892/2726
f 2896/2729 2895/2732 2893/2731
f 188/3219 2893/2731 2895/2732
f 2896/2729 2894/2728 2890/2724
f 729/3218 2890/2724 2894/2728
f 2900/2734 2899/2737 2897/2736
f 187/3220 2897/2736 2899/2737
f 729/3218 2894/2728 2898/2733
f 2900/2734 2898/2733 2894/2728
f 185/3211 2841/2665 2901/2739
f 2902/2738 2901/2739 2841/2665
f 2902/2738 2891/2727 2898/2733
f 729/3218 2898/2733 2891/2727
f 185/3211 2901/2739 2877/2707
f 2905/2740 2877/2707 2901/2739
f 731/3221 2904/2742 2903/2741
f 2905/2740 2903/2741 2904/2742
f 2906/2745 2908/2746 187/3220
f 2897/2736 187/3220 2908/2746
f 2903/2741 2908/2746 731/3221
f 2907/2744 731/3221 2908/2746
f 108/3222 1837/2750 2910/2751
f 2911/2748 2910/2751 1837/2750
f 731/3221 2907/2744 2909/2747
f 2911/2748 2909/2747 2907/2744
f 2871/2699 2912/2752 104/3214
f 1832/2753 104/3214 2912/2752
f 2909/2747 2912/2752 731/3221
f 2904/2742 731/3221 2912/2752
f 1843/2756 2915/2757 105/3217
f 2882/2717 105/3217 2915/2757
f 2913/2755 733/3223 2915/2757
f 2914/2758 2915/2757 733/3223
f 109/3224 2916/2762 1850/2763
f 2918/2760 1850/2763 2916/2762
f 2918/2760 2917/2759 2913/2755
f 733/3223 2913/2755 2917/2759
f 2920/2766 188/3219 2921/2764
f 2895/2732 2921/2764 188/3219
f 2917/2759 2921/2764 733/3223
f 2919/2765 733/3223 2921/2764
f 2922/2767 2889/2725 2886/2721
f 186/3210 2886/2721 2889/2725
f 733/3223 2919/2765 2914/2758
f 2922/2767 2914/2758 2919/2765
f 2925/2769 2906/2745 2899/2737
f 187/3220 2899/2737 2906/2745
f 734/3225 2924/2770 2923/2768
f 2925/2769 2923/2768 2924/2770
f 2927/2772 2893/2731 2920/2766
f 188/3219 2920/2766 2893/2731
f 734/3225 2923/2768 2926/2771
f 2927/2772 2926/2771 2923/2768
f 1860/2775 2929/2776 109/3224
f 2916/2762 109/3224 2929/2776
f 2926/2771 2929/2776 734/3225
f 2928/2774 734/3225 2929/2776
f 2910/2751 2930/2777 108/3222
f 1856/2778 108/3222 2930/2777
f 2928/2774 2930/2777 734/3225
f 2924/2770 734/3225 2930/2777
