mtllib bob.mtl
v -0.06897 -0.27182 -0.06659
v -0.04304 -0.2718 -0.12874
v -0.00198 -0.27178 -0.18223
v 0.05152 -0.27164 -0.22327
v 0.11371 -0.27165 -0.2491
v 0.18045 -0.27167 -0.2579
v 0.2472 -0.27167 -0.24911
v 0.3094 -0.27167 -0.22334
v 0.36281 -0.27167 -0.18236
v 0.4038 -0.27167 -0.12895
v 0.42956 -0.27167 -0.06675
v -0.09546 -0.15203 -0.08116
v -0.06932 -0.15374 -0.1502
v -0.02466 -0.154 -0.20691
v 0.03559 -0.15237 -0.25095
v 0.10554 -0.15198 -0.2796
v 0.18046 -0.15202 -0.28951
v 0.25539 -0.15203 -0.27965
v 0.32521 -0.15203 -0.25073
v 0.38517 -0.15203 -0.20472
v 0.43118 -0.15203 -0.14476
v 0.4601 -0.15203 -0.07493
v -0.1516 -0.05961 -0.12311
v -0.13526 -0.06876 -0.21281
v -0.0847 -0.07115 -0.27611
v -0.00781 -0.06626 -0.32735
v 0.08312 -0.06431 -0.36325
v 0.18046 -0.06423 -0.37606
v 0.27779 -0.06427 -0.36327
v 0.3685 -0.06427 -0.3257
v 0.44639 -0.06427 -0.26593
v 0.50619 -0.06383 -0.18799
v 0.54325 -0.06168 -0.09711
v -0.21326 0.00208 -0.16093
v -0.21889 -0.03111 -0.28722
v -0.1629 -0.03799 -0.36484
v -0.06605 -0.03399 -0.43014
v 0.05253 -0.03207 -0.47763
v 0.18046 -0.03201 -0.49455
v 0.30846 -0.03205 -0.47773
v 0.42774 -0.03205 -0.42832
v 0.53017 -0.03205 -0.34972
v 0.60897 -0.02969 -0.24786
v 0.66963 -0.00622 -0.1244
v -0.39189 -0.0073 -0.24587
v -0.33283 -0.05133 -0.36393
v -0.24511 -0.06532 -0.44971
v -0.12423 -0.06528 -0.53163
v 0.02197 -0.06419 -0.59202
v 0.18046 -0.0641 -0.61314
v 0.33915 -0.06413 -0.59226
v 0.48703 -0.06413 -0.531
v 0.61402 -0.06413 -0.43356
v 0.71236 -0.06137 -0.30996
v 0.78512 -0.02899 -0.18819
v -0.56742 -0.08025 -0.2235
v -0.43927 -0.13069 -0.41154
v -0.31814 -0.14824 -0.51328
v -0.16949 -0.15192 -0.60678
v -0.00047 -0.15194 -0.6757
v 0.18047 -0.15185 -0.6999
v 0.36161 -0.15185 -0.67609
v 0.53042 -0.15185 -0.60616
v 0.67538 -0.15185 -0.49493
v 0.79082 -0.14979 -0.35052
v 0.89208 -0.11709 -0.1753
v -0.57804 -0.25493 -0.22632
v -0.4707 -0.26369 -0.41515
v -0.34878 -0.27059 -0.5375
v -0.1883 -0.2718 -0.63704
v -0.00895 -0.27169 -0.70671
v 0.18049 -0.27167 -0.7316
v 0.36983 -0.27167 -0.70676
v 0.5463 -0.27167 -0.63366
v 0.69784 -0.27167 -0.51738
v 0.81812 -0.2713 -0.36579
v 0.90933 -0.27018 -0.18913
v -0.50618 -0.39136 -0.18867
v -0.42878 -0.39228 -0.3614
v -0.31748 -0.39222 -0.49955
v -0.16998 -0.39159 -0.60659
v -0.00061 -0.39146 -0.67593
v 0.18047 -0.39148 -0.69991
v 0.36161 -0.39148 -0.67609
v 0.53042 -0.39148 -0.60616
v 0.67538 -0.39148 -0.49493
v 0.78735 -0.39148 -0.34997
v 0.86049 -0.39148 -0.18116
v -0.4118 -0.47905 -0.15845
v -0.35043 -0.47926 -0.30656
v -0.25314 -0.47919 -0.43349
v -0.12603 -0.47916 -0.53086
v 0.02179 -0.47919 -0.59222
v 0.18045 -0.4792 -0.61315
v 0.33915 -0.4792 -0.59226
v 0.48703 -0.4792 -0.531
v 0.61402 -0.4792 -0.43356
v 0.71146 -0.4792 -0.30657
v 0.77271 -0.4792 -0.1587
v -0.29719 -0.51114 -0.12791
v -0.24786 -0.51118 -0.24712
v -0.16925 -0.51122 -0.34966
v -0.06683 -0.51127 -0.42831
v 0.05245 -0.51128 -0.47773
v 0.18045 -0.51128 -0.49458
v 0.30846 -0.51128 -0.47773
v 0.42774 -0.51128 -0.42832
v 0.53017 -0.51128 -0.34972
v 0.60877 -0.51128 -0.24729
v 0.65818 -0.51128 -0.12801
v -0.18282 -0.47906 -0.09733
v -0.14524 -0.47906 -0.18804
v -0.08548 -0.47907 -0.26593
v -0.00759 -0.47907 -0.3257
v 0.08312 -0.47907 -0.36327
v 0.18045 -0.47907 -0.37608
v 0.27779 -0.47907 -0.36327
v 0.3685 -0.47907 -0.3257
v 0.44639 -0.47907 -0.26593
v 0.50615 -0.47907 -0.18804
v 0.54372 -0.47907 -0.09734
v -0.09931 -0.39132 -0.07478
v -0.07031 -0.3913 -0.14461
v -0.02426 -0.3913 -0.20465
v 0.0357 -0.3913 -0.25071
v 0.10552 -0.39131 -0.27965
v 0.18045 -0.39131 -0.28951
v 0.25539 -0.39131 -0.27965
v 0.32521 -0.39131 -0.25073
v 0.38517 -0.39131 -0.20472
v 0.43118 -0.39131 -0.14476
v 0.4601 -0.39131 -0.07493
v -0.24494 0.09422 -0.13742
v -0.4306 0.07652 -0.21108
v -0.61 0.02691 -0.16818
v -0.2408 0.21065 -0.15016
v -0.45886 0.19585 -0.2386
v -0.68989 0.10744 -0.17718
v -0.29521 0.36526 -0.12424
v -0.48585 0.37894 -0.16207
v -0.68556 0.27003 -0.10635
v -0.84303 0.10627 -0.13854
v -0.85403 0.20036 -0.11413
v 0.77291 0.06867 -0.0624
v 0.84025 0.07979 -0.09679
v 0.90763 0.07439 -0.08212
v 0.80239 0.15193 -0.02668
v 0.83751 0.17602 -0.03237
v 0.87444 0.1704 -0.03471
v -0.06897 -0.27182 0.06659
v -0.04304 -0.2718 0.12874
v -0.00198 -0.27178 0.18223
v 0.05152 -0.27164 0.22327
v 0.11371 -0.27165 0.2491
v 0.18045 -0.27167 0.2579
v 0.2472 -0.27167 0.24911
v 0.3094 -0.27167 0.22334
v 0.36281 -0.27167 0.18236
v 0.4038 -0.27167 0.12895
v 0.42956 -0.27167 0.06675
v -0.09546 -0.15203 0.08116
v -0.06932 -0.15374 0.1502
v -0.02466 -0.154 0.20691
v 0.03559 -0.15237 0.25095
v 0.10554 -0.15198 0.2796
v 0.18046 -0.15202 0.28951
v 0.25539 -0.15203 0.27965
v 0.32521 -0.15203 0.25073
v 0.38517 -0.15203 0.20472
v 0.43118 -0.15203 0.14476
v 0.4601 -0.15203 0.07493
v -0.1516 -0.05961 0.12311
v -0.13526 -0.06876 0.21281
v -0.0847 -0.07115 0.27611
v -0.00781 -0.06626 0.32735
v 0.08312 -0.06431 0.36325
v 0.18046 -0.06423 0.37606
v 0.27779 -0.06427 0.36327
v 0.3685 -0.06427 0.3257
v 0.44639 -0.06427 0.26593
v 0.50619 -0.06383 0.18799
v 0.54325 -0.06168 0.09711
v -0.21326 0.00208 0.16093
v -0.21889 -0.03111 0.28722
v -0.1629 -0.03799 0.36484
v -0.06605 -0.03399 0.43014
v 0.05253 -0.03207 0.47763
v 0.18046 -0.03201 0.49455
v 0.30846 -0.03205 0.47773
v 0.42774 -0.03205 0.42832
v 0.53017 -0.03205 0.34972
v 0.60897 -0.02969 0.24786
v 0.66963 -0.00622 0.1244
v -0.39189 -0.0073 0.24587
v -0.33283 -0.05133 0.36393
v -0.24511 -0.06532 0.44971
v -0.12423 -0.06528 0.53163
v 0.02197 -0.06419 0.59202
v 0.18046 -0.0641 0.61314
v 0.33915 -0.06413 0.59226
v 0.48703 -0.06413 0.531
v 0.61402 -0.06413 0.43356
v 0.71236 -0.06137 0.30996
v 0.78512 -0.02899 0.18819
v -0.56742 -0.08025 0.2235
v -0.43927 -0.13069 0.41154
v -0.31814 -0.14824 0.51328
v -0.16949 -0.15192 0.60678
v -0.00047 -0.15194 0.6757
v 0.18047 -0.15185 0.6999
v 0.36161 -0.15185 0.67609
v 0.53042 -0.15185 0.60616
v 0.67538 -0.15185 0.49493
v 0.79082 -0.14979 0.35052
v 0.89208 -0.11709 0.1753
v -0.57804 -0.25493 0.22632
v -0.4707 -0.26369 0.41515
v -0.34878 -0.27059 0.5375
v -0.1883 -0.2718 0.63704
v -0.00895 -0.27169 0.70671
v 0.18049 -0.27167 0.7316
v 0.36983 -0.27167 0.70676
v 0.5463 -0.27167 0.63366
v 0.69784 -0.27167 0.51738
v 0.81812 -0.2713 0.36579
v 0.90933 -0.27018 0.18913
v -0.50618 -0.39136 0.18867
v -0.42878 -0.39228 0.3614
v -0.31748 -0.39222 0.49955
v -0.16998 -0.39159 0.60659
v -0.00061 -0.39146 0.67593
v 0.18047 -0.39148 0.69991
v 0.36161 -0.39148 0.67609
v 0.53042 -0.39148 0.60616
v 0.67538 -0.39148 0.49493
v 0.78735 -0.39148 0.34997
v 0.86049 -0.39148 0.18116
v -0.4118 -0.47905 0.15845
v -0.35043 -0.47926 0.30656
v -0.25314 -0.47919 0.43349
v -0.12603 -0.47916 0.53086
v 0.02179 -0.47919 0.59222
v 0.18045 -0.4792 0.61315
v 0.33915 -0.4792 0.59226
v 0.48703 -0.4792 0.531
v 0.61402 -0.4792 0.43356
v 0.71146 -0.4792 0.30657
v 0.77271 -0.4792 0.1587
v -0.29719 -0.51114 0.12791
v -0.24786 -0.51118 0.24712
v -0.16925 -0.51122 0.34966
v -0.06683 -0.51127 0.42831
v 0.05245 -0.51128 0.47773
v 0.18045 -0.51128 0.49458
v 0.30846 -0.51128 0.47773
v 0.42774 -0.51128 0.42832
v 0.53017 -0.51128 0.34972
v 0.60877 -0.51128 0.24729
v 0.65818 -0.51128 0.12801
v -0.18282 -0.47906 0.09733
v -0.14524 -0.47906 0.18804
v -0.08548 -0.47907 0.26593
v -0.00759 -0.47907 0.3257
v 0.08312 -0.47907 0.36327
v 0.18045 -0.47907 0.37608
v 0.27779 -0.47907 0.36327
v 0.3685 -0.47907 0.3257
v 0.44639 -0.47907 0.26593
v 0.50615 -0.47907 0.18804
v 0.54372 -0.47907 0.09734
v -0.09931 -0.39132 0.07478
v -0.07031 -0.3913 0.14461
v -0.02426 -0.3913 0.20465
v 0.0357 -0.3913 0.25071
v 0.10552 -0.39131 0.27965
v 0.18045 -0.39131 0.28951
v 0.25539 -0.39131 0.27965
v 0.32521 -0.39131 0.25073
v 0.38517 -0.39131 0.20472
v 0.43118 -0.39131 0.14476
v 0.4601 -0.39131 0.07493
v -0.24494 0.09422 0.13742
v -0.4306 0.07652 0.21108
v -0.61 0.02691 0.16818
v -0.2408 0.21065 0.15016
v -0.45886 0.19585 0.2386
v -0.68989 0.10744 0.17718
v -0.29521 0.36526 0.12424
v -0.48585 0.37894 0.16207
v -0.68556 0.27003 0.10635
v -0.84303 0.10627 0.13854
v -0.85403 0.20036 0.11413
v 0.77291 0.06867 0.0624
v 0.84025 0.07979 0.09679
v 0.90763 0.07439 0.08212
v 0.80239 0.15193 0.02668
v 0.83751 0.17602 0.03237
v 0.87444 0.1704 0.03471
v -0.49867 0.45685 0
v -0.6981 0.33715 0
v -0.27499 0.39789 0
v -0.677 0.00403 0
v -0.87143 0.06561 0
v -0.89629 0.2087 0
v -0.16691 0.00996 0
v -0.18608 0.09756 0
v -0.18489 0.21394 0
v 0.65785 0.00187 0
v 0.83343 0.19634 0
v 0.75422 0.06512 0
v 0.93182 0.07306 0
v 0.79759 0.16068 0
v 0.87545 0.18144 0
v -0.65461 -0.08966 0
v -0.7238 0.02534 0
v -0.10288 -0.15076 0
v -0.14908 -0.05535 0
v 0.46997 -0.15203 0
v 0.55378 -0.06043 0
v 0.93927 -0.12779 0
v -0.62491 -0.25419 0
v -0.53353 -0.39134 0
v -0.0778 -0.27178 0
v -0.43261 -0.47899 0
v -0.314 -0.51113 0
v -0.19563 -0.47906 0
v -0.10923 -0.39134 0
v 0.43835 -0.27167 0
v 0.46997 -0.39131 0
v 0.93988 -0.27152 0
v 0.88508 -0.39148 0
v 0.7936 -0.4792 0
v 0.67503 -0.51128 0
v 0.55654 -0.47907 0
v -0.05804 -0.27182 -0.09849
v -0.04992 -0.21037 -0.13402
v -0.08481 -0.15297 -0.11735
v -0.0761 -0.21006 -0.07006
v -0.06514 -0.21025 -0.10305
v -0.02425 -0.2718 -0.15682
v -0.00788 -0.21035 -0.18846
v -0.04917 -0.15415 -0.18006
v -0.03075 -0.21043 -0.16262
v 0.02344 -0.27171 -0.2045
v 0.04743 -0.20977 -0.2303
v 0.00387 -0.15321 -0.23065
v 0.01837 -0.21006 -0.21113
v 0.08178 -0.27163 -0.23822
v 0.11162 -0.20973 -0.2569
v 0.06967 -0.15201 -0.26743
v 0.07869 -0.20969 -0.24566
v 0.14679 -0.27166 -0.25568
v 0.18046 -0.20977 -0.266
v 0.14268 -0.15199 -0.287
v 0.14574 -0.20976 -0.26371
v 0.21412 -0.27167 -0.25569
v 0.2493 -0.20977 -0.25694
v 0.21824 -0.15203 -0.28703
v 0.21517 -0.20977 -0.26372
v 0.27914 -0.27167 -0.23826
v 0.31345 -0.20977 -0.23036
v 0.29124 -0.15203 -0.26747
v 0.28225 -0.20977 -0.24575
v 0.33745 -0.27167 -0.2046
v 0.36855 -0.20977 -0.18809
v 0.3567 -0.15203 -0.22968
v 0.34238 -0.20977 -0.21103
v 0.38505 -0.27167 -0.15699
v 0.41082 -0.20977 -0.133
v 0.41014 -0.15203 -0.17624
v 0.39148 -0.20977 -0.16193
v 0.41872 -0.27167 -0.09869
v 0.43739 -0.20977 -0.06885
v 0.44793 -0.15203 -0.11079
v 0.4262 -0.20977 -0.10179
v -0.09919 -0.10601 -0.17813
v -0.14726 -0.06431 -0.17229
v -0.12319 -0.10117 -0.10103
v -0.11415 -0.10372 -0.14256
v -0.05115 -0.10706 -0.23727
v -0.11406 -0.07115 -0.24664
v -0.07803 -0.10723 -0.2094
v 0.01665 -0.10364 -0.28423
v -0.04873 -0.06894 -0.30317
v -0.0192 -0.10547 -0.26234
v 0.09579 -0.10244 -0.31595
v 0.03645 -0.06481 -0.34775
v 0.05521 -0.10272 -0.30235
v 0.18046 -0.10243 -0.32711
v 0.13139 -0.0642 -0.3728
v 0.13777 -0.1024 -0.32428
v 0.26512 -0.10245 -0.31598
v 0.22954 -0.06426 -0.37285
v 0.22315 -0.10244 -0.32432
v 0.34402 -0.10245 -0.2833
v 0.32437 -0.06427 -0.34745
v 0.30564 -0.10245 -0.30222
v 0.41177 -0.10245 -0.23131
v 0.4094 -0.06427 -0.29836
v 0.37959 -0.10245 -0.25952
v 0.46376 -0.1024 -0.16356
v 0.47882 -0.06422 -0.22894
v 0.43998 -0.10244 -0.19914
v 0.49639 -0.10219 -0.08464
v 0.52796 -0.06285 -0.14376
v 0.48268 -0.10231 -0.12517
v -0.17403 -0.04323 -0.24914
v -0.22367 -0.02016 -0.23125
v -0.17561 -0.02802 -0.14129
v -0.18013 -0.03611 -0.20052
v -0.12257 -0.04751 -0.31964
v -0.19767 -0.03659 -0.32975
v -0.1541 -0.04701 -0.28746
v -0.03602 -0.0425 -0.37716
v -0.11821 -0.03643 -0.39866
v -0.08245 -0.04533 -0.34973
v 0.06835 -0.04038 -0.41843
v -0.00862 -0.03259 -0.45707
v 0.01466 -0.04094 -0.40055
v 0.18047 -0.0403 -0.43321
v 0.11594 -0.03196 -0.49026
v 0.12394 -0.04025 -0.42945
v 0.29259 -0.04034 -0.41848
v 0.24501 -0.03205 -0.49033
v 0.237 -0.04033 -0.42952
v 0.39708 -0.04034 -0.3752
v 0.36972 -0.03206 -0.45692
v 0.34625 -0.04034 -0.40026
v 0.4868 -0.04034 -0.30635
v 0.48153 -0.03205 -0.39237
v 0.44419 -0.04034 -0.34371
v 0.55578 -0.03895 -0.21654
v 0.57284 -0.03182 -0.30113
v 0.52417 -0.0402 -0.26373
v 0.59844 -0.03099 -0.11118
v 0.63887 -0.02332 -0.19071
v 0.58107 -0.03565 -0.16547
v -0.27319 -0.03387 -0.32716
v -0.36544 -0.03418 -0.30247
v -0.30042 0.00483 -0.21601
v -0.2894 -0.01972 -0.26955
v -0.20407 -0.04414 -0.40895
v -0.29301 -0.06105 -0.41054
v -0.24447 -0.04142 -0.3717
v -0.09598 -0.04188 -0.48275
v -0.18853 -0.06609 -0.49117
v -0.15398 -0.04361 -0.4467
v 0.03671 -0.0403 -0.53684
v -0.0535 -0.06458 -0.56605
v -0.03183 -0.04077 -0.5135
v 0.18046 -0.04023 -0.55592
v 0.10046 -0.06408 -0.60783
v 0.10793 -0.04019 -0.5511
v 0.32434 -0.04027 -0.53699
v 0.26049 -0.06413 -0.6079
v 0.25302 -0.04026 -0.55117
v 0.45842 -0.04027 -0.48145
v 0.41509 -0.06413 -0.56647
v 0.3932 -0.04027 -0.51361
v 0.57356 -0.04027 -0.39311
v 0.55371 -0.06413 -0.48644
v 0.51888 -0.04027 -0.44105
v 0.66217 -0.0375 -0.28026
v 0.66698 -0.06386 -0.37359
v 0.62152 -0.03999 -0.33865
v 0.72986 -0.01038 -0.16541
v 0.75057 -0.05326 -0.24658
v 0.69595 -0.02991 -0.22093
v -0.39174 -0.08323 -0.39236
v -0.49909 -0.11187 -0.32889
v -0.48106 -0.03396 -0.25251
v -0.43984 -0.06368 -0.32132
v -0.28462 -0.10045 -0.48502
v -0.38067 -0.14209 -0.4684
v -0.34079 -0.09474 -0.4435
v -0.14928 -0.10281 -0.57367
v -0.24728 -0.15104 -0.56056
v -0.22052 -0.10257 -0.52967
v 0.00932 -0.10236 -0.63928
v -0.08694 -0.15206 -0.64606
v -0.07224 -0.1026 -0.61109
v 0.18046 -0.10226 -0.66219
v 0.08917 -0.15187 -0.69378
v 0.09408 -0.10226 -0.65643
v 0.35185 -0.10227 -0.63965
v 0.27181 -0.15185 -0.69394
v 0.26689 -0.10227 -0.65654
v 0.51156 -0.10227 -0.57349
v 0.4483 -0.15185 -0.64664
v 0.43387 -0.10227 -0.61179
v 0.6487 -0.10227 -0.46825
v 0.60654 -0.15185 -0.55529
v 0.58357 -0.10227 -0.52535
v 0.75651 -0.0997 -0.33338
v 0.73616 -0.15165 -0.42614
v 0.70607 -0.10201 -0.40335
v 0.83881 -0.06201 -0.19436
v 0.84164 -0.14321 -0.26912
v 0.801 -0.09149 -0.26169
v -0.46565 -0.19368 -0.42065
v -0.52806 -0.25873 -0.32836
v -0.58401 -0.171 -0.22943
v -0.52687 -0.1819 -0.33402
v -0.34083 -0.20677 -0.53244
v -0.41278 -0.26785 -0.48218
v -0.40549 -0.20192 -0.48283
v -0.18318 -0.20967 -0.6289
v -0.27272 -0.27167 -0.58962
v -0.26582 -0.209 -0.58197
v -0.00672 -0.20973 -0.69867
v -0.10013 -0.27175 -0.67674
v -0.09659 -0.2098 -0.66863
v 0.18048 -0.20967 -0.72347
v 0.08502 -0.27167 -0.72522
v 0.08609 -0.20969 -0.71715
v 0.36772 -0.20967 -0.69889
v 0.27596 -0.27167 -0.72539
v 0.2749 -0.20967 -0.71733
v 0.54223 -0.20967 -0.62661
v 0.46046 -0.27167 -0.67598
v 0.45734 -0.20967 -0.66846
v 0.69208 -0.20967 -0.51162
v 0.62587 -0.27167 -0.58048
v 0.62091 -0.20967 -0.57402
v 0.81177 -0.20848 -0.36168
v 0.76133 -0.27163 -0.44541
v 0.75494 -0.20955 -0.44045
v 0.90736 -0.20267 -0.18614
v 0.86931 -0.27054 -0.27983
v 0.86425 -0.20571 -0.27649
v -0.45648 -0.33155 -0.39204
v -0.47257 -0.39181 -0.27846
v -0.54868 -0.3289 -0.20976
v -0.50716 -0.32998 -0.3064
v -0.3394 -0.3339 -0.52457
v -0.37747 -0.3924 -0.43474
v -0.40177 -0.33299 -0.46338
v -0.1833 -0.33383 -0.62882
v -0.24757 -0.39189 -0.55716
v -0.26549 -0.33405 -0.58007
v -0.0068 -0.33366 -0.69881
v -0.08729 -0.39147 -0.64653
v -0.09677 -0.3337 -0.66891
v 0.18048 -0.33366 -0.72348
v 0.08914 -0.39147 -0.69384
v 0.08607 -0.33366 -0.71719
v 0.36772 -0.33367 -0.69889
v 0.27181 -0.39148 -0.69393
v 0.2749 -0.33367 -0.71732
v 0.54223 -0.33367 -0.62661
v 0.4483 -0.39148 -0.64664
v 0.45734 -0.33367 -0.66846
v 0.69208 -0.33367 -0.51162
v 0.60654 -0.39148 -0.55529
v 0.62091 -0.33367 -0.57402
v 0.80941 -0.33363 -0.36177
v 0.73581 -0.39148 -0.42608
v 0.7547 -0.33366 -0.44046
v 0.89208 -0.33352 -0.18724
v 0.82944 -0.39148 -0.26785
v 0.85643 -0.33355 -0.27687
v -0.39317 -0.44202 -0.33348
v -0.38595 -0.47916 -0.2345
v -0.46097 -0.44165 -0.1723
v -0.4322 -0.44187 -0.25526
v -0.28835 -0.44153 -0.46901
v -0.30594 -0.47925 -0.37324
v -0.34516 -0.44185 -0.4049
v -0.15054 -0.44109 -0.57327
v -0.19278 -0.47916 -0.48631
v -0.22296 -0.44126 -0.52543
v 0.00915 -0.44105 -0.63953
v -0.0541 -0.47917 -0.56637
v -0.07277 -0.44103 -0.61156
v 0.18046 -0.44106 -0.6622
v 0.10043 -0.4792 -0.60789
v 0.09404 -0.44106 -0.65649
v 0.35185 -0.44106 -0.63964
v 0.26049 -0.4792 -0.60789
v 0.26689 -0.44106 -0.65653
v 0.51156 -0.44106 -0.57349
v 0.41509 -0.4792 -0.56647
v 0.43387 -0.44106 -0.61179
v 0.6487 -0.44106 -0.46825
v 0.55371 -0.4792 -0.48644
v 0.58357 -0.44106 -0.52535
v 0.75401 -0.44106 -0.3311
v 0.66689 -0.4792 -0.37326
v 0.70581 -0.44106 -0.40312
v 0.82049 -0.44106 -0.17139
v 0.74692 -0.4792 -0.23464
v 0.79248 -0.44106 -0.25341
v -0.30095 -0.50284 -0.27756
v -0.27643 -0.51116 -0.18911
v -0.35631 -0.50273 -0.14361
v -0.33303 -0.50278 -0.21236
v -0.2126 -0.50293 -0.39294
v -0.21191 -0.5112 -0.30095
v -0.26056 -0.50289 -0.33812
v -0.09748 -0.50302 -0.48141
v -0.1206 -0.51125 -0.39234
v -0.15792 -0.50298 -0.44096
v 0.03657 -0.50306 -0.53699
v -0.00881 -0.51128 -0.45692
v -0.03227 -0.50305 -0.51359
v 0.18045 -0.50307 -0.55594
v 0.1159 -0.51128 -0.49034
v 0.10789 -0.50307 -0.55117
v 0.32434 -0.50307 -0.53699
v 0.24501 -0.51128 -0.49034
v 0.25302 -0.50307 -0.55117
v 0.45842 -0.50307 -0.48145
v 0.36972 -0.51128 -0.45692
v 0.3932 -0.50307 -0.51361
v 0.57356 -0.50307 -0.39311
v 0.48153 -0.51128 -0.39237
v 0.51888 -0.50307 -0.44105
v 0.66191 -0.50307 -0.27797
v 0.57282 -0.51128 -0.30107
v 0.6215 -0.50307 -0.33843
v 0.71745 -0.50307 -0.14389
v 0.63738 -0.51128 -0.18926
v 0.69406 -0.50307 -0.21274
v -0.19475 -0.50297 -0.21659
v -0.167 -0.47906 -0.14391
v -0.23801 -0.50297 -0.11212
v -0.2198 -0.50297 -0.16577
v -0.12589 -0.50298 -0.30634
v -0.11791 -0.47906 -0.22894
v -0.16325 -0.50297 -0.26371
v -0.03617 -0.50299 -0.3752
v -0.04849 -0.47907 -0.29836
v -0.08328 -0.50299 -0.34371
v 0.06832 -0.50299 -0.41848
v 0.03654 -0.47907 -0.34745
v 0.01466 -0.50299 -0.40026
v 0.18045 -0.50299 -0.43324
v 0.13137 -0.47907 -0.37286
v 0.12391 -0.50299 -0.42953
v 0.29258 -0.50299 -0.41848
v 0.22954 -0.47907 -0.37286
v 0.237 -0.50299 -0.42953
v 0.39708 -0.50299 -0.3752
v 0.32437 -0.47907 -0.34745
v 0.34625 -0.50299 -0.40026
v 0.4868 -0.50299 -0.30635
v 0.4094 -0.47907 -0.29836
v 0.44419 -0.50299 -0.34371
v 0.55565 -0.50299 -0.21662
v 0.47882 -0.47907 -0.22894
v 0.52416 -0.50299 -0.26374
v 0.59893 -0.50299 -0.11213
v 0.5279 -0.47907 -0.14392
v 0.58071 -0.50299 -0.16579
v -0.10285 -0.44089 -0.16354
v -0.08709 -0.39131 -0.11062
v -0.13554 -0.44089 -0.08463
v -0.12178 -0.44089 -0.12515
v -0.05086 -0.44089 -0.2313
v -0.04924 -0.3913 -0.17614
v -0.07907 -0.44089 -0.19912
v 0.01689 -0.44089 -0.2833
v 0.00422 -0.3913 -0.22965
v -0.01868 -0.44089 -0.25952
v 0.09579 -0.44089 -0.31598
v 0.06967 -0.39131 -0.26747
v 0.05527 -0.44089 -0.30222
v 0.18045 -0.44089 -0.32713
v 0.14267 -0.39131 -0.28703
v 0.13776 -0.44089 -0.32432
v 0.26512 -0.44089 -0.31598
v 0.21824 -0.39131 -0.28703
v 0.22315 -0.44089 -0.32432
v 0.34402 -0.44089 -0.2833
v 0.29124 -0.39131 -0.26747
v 0.30564 -0.44089 -0.30222
v 0.41177 -0.44089 -0.23131
v 0.3567 -0.39131 -0.22968
v 0.37959 -0.44089 -0.25952
v 0.46375 -0.44089 -0.16356
v 0.41014 -0.39131 -0.17624
v 0.43998 -0.44089 -0.19914
v 0.49644 -0.44089 -0.08467
v 0.44793 -0.39131 -0.11079
v 0.48268 -0.44089 -0.12518
v -0.05002 -0.33356 -0.13265
v -0.07678 -0.33362 -0.0685
v -0.06549 -0.33358 -0.1014
v -0.00764 -0.33355 -0.18792
v -0.03062 -0.33355 -0.16167
v 0.04747 -0.33355 -0.23032
v 0.01854 -0.33355 -0.21093
v 0.11161 -0.33356 -0.25694
v 0.07867 -0.33355 -0.24573
v 0.18045 -0.33356 -0.266
v 0.14573 -0.33356 -0.26372
v 0.2493 -0.33356 -0.25694
v 0.21517 -0.33356 -0.26372
v 0.31345 -0.33356 -0.23036
v 0.28225 -0.33356 -0.24575
v 0.36855 -0.33356 -0.18809
v 0.34238 -0.33356 -0.21103
v 0.41082 -0.33356 -0.133
v 0.39148 -0.33356 -0.16193
v 0.43739 -0.33356 -0.06885
v 0.4262 -0.33356 -0.10179
v -0.41324 0.03079 -0.21501
v -0.32846 0.08919 -0.18581
v -0.23557 0.04728 -0.14061
v -0.31621 0.04299 -0.1889
v -0.58849 -0.01732 -0.17958
v -0.52944 0.05257 -0.20678
v -0.5076 0.00736 -0.21508
v -0.44519 0.12772 -0.22824
v -0.3376 0.20896 -0.20982
v -0.24139 0.1445 -0.14511
v -0.33232 0.14065 -0.20009
v -0.63892 0.06436 -0.17282
v -0.57574 0.16054 -0.22214
v -0.55383 0.09968 -0.21839
v -0.47301 0.28874 -0.21553
v -0.37258 0.38706 -0.15119
v -0.25964 0.29903 -0.14062
v -0.35374 0.30151 -0.19384
v -0.68701 0.1963 -0.15798
v -0.58737 0.3296 -0.135
v -0.58354 0.2458 -0.19128
v -0.78542 0.10136 -0.1555
v -0.8602 0.153 -0.13987
v -0.78914 0.23022 -0.11016
v -0.78543 0.16867 -0.1521
v 0.81812 0.01968 -0.13873
v 0.87736 0.07819 -0.09773
v 0.90562 -0.01548 -0.11921
v 0.8655 0.0033 -0.1407
v 0.73208 0.02778 -0.08963
v 0.80267 0.07507 -0.08428
v 0.77049 0.0266 -0.12091
v 0.84333 0.13561 -0.06066
v 0.85774 0.17799 -0.03401
v 0.89185 0.13914 -0.05269
v 0.8704 0.13897 -0.06168
v 0.79355 0.11797 -0.03999
v 0.81682 0.16723 -0.02897
v 0.81547 0.12715 -0.05304
v -0.0761 -0.21006 0.07006
v -0.08481 -0.15297 0.11735
v -0.04992 -0.21037 0.13402
v -0.05804 -0.27182 0.09849
v -0.06514 -0.21025 0.10305
v -0.04917 -0.15415 0.18006
v -0.00788 -0.21035 0.18846
v -0.02425 -0.2718 0.15682
v -0.03075 -0.21043 0.16262
v 0.00387 -0.15321 0.23065
v 0.04743 -0.20977 0.2303
v 0.02344 -0.27171 0.2045
v 0.01837 -0.21006 0.21113
v 0.06967 -0.15201 0.26743
v 0.11162 -0.20973 0.2569
v 0.08178 -0.27163 0.23822
v 0.07869 -0.20969 0.24566
v 0.14268 -0.15199 0.287
v 0.18046 -0.20977 0.266
v 0.14679 -0.27166 0.25568
v 0.14574 -0.20976 0.26371
v 0.21824 -0.15203 0.28703
v 0.2493 -0.20977 0.25694
v 0.21412 -0.27167 0.25569
v 0.21517 -0.20977 0.26372
v 0.29124 -0.15203 0.26747
v 0.31345 -0.20977 0.23036
v 0.27914 -0.27167 0.23826
v 0.28225 -0.20977 0.24575
v 0.3567 -0.15203 0.22968
v 0.36855 -0.20977 0.18809
v 0.33745 -0.27167 0.2046
v 0.34238 -0.20977 0.21103
v 0.41014 -0.15203 0.17624
v 0.41082 -0.20977 0.133
v 0.38505 -0.27167 0.15699
v 0.39148 -0.20977 0.16193
v 0.44793 -0.15203 0.11079
v 0.43739 -0.20977 0.06885
v 0.41872 -0.27167 0.09869
v 0.4262 -0.20977 0.10179
v -0.12319 -0.10117 0.10103
v -0.14726 -0.06431 0.17229
v -0.09919 -0.10601 0.17813
v -0.11415 -0.10372 0.14256
v -0.11406 -0.07115 0.24664
v -0.05115 -0.10706 0.23727
v -0.07803 -0.10723 0.2094
v -0.04873 -0.06894 0.30317
v 0.01665 -0.10364 0.28423
v -0.0192 -0.10547 0.26234
v 0.03645 -0.06481 0.34775
v 0.09579 -0.10244 0.31595
v 0.05521 -0.10272 0.30235
v 0.13139 -0.0642 0.3728
v 0.18046 -0.10243 0.32711
v 0.13777 -0.1024 0.32428
v 0.22954 -0.06426 0.37285
v 0.26512 -0.10245 0.31598
v 0.22315 -0.10244 0.32432
v 0.32437 -0.06427 0.34745
v 0.34402 -0.10245 0.2833
v 0.30564 -0.10245 0.30222
v 0.4094 -0.06427 0.29836
v 0.41177 -0.10245 0.23131
v 0.37959 -0.10245 0.25952
v 0.47882 -0.06422 0.22894
v 0.46376 -0.1024 0.16356
v 0.43998 -0.10244 0.19914
v 0.52796 -0.06285 0.14376
v 0.49639 -0.10219 0.08464
v 0.48268 -0.10231 0.12517
v -0.17561 -0.02802 0.14129
v -0.22367 -0.02016 0.23125
v -0.17403 -0.04323 0.24914
v -0.18013 -0.03611 0.20052
v -0.19767 -0.03659 0.32975
v -0.12257 -0.04751 0.31964
v -0.1541 -0.04701 0.28746
v -0.11821 -0.03643 0.39866
v -0.03602 -0.0425 0.37716
v -0.08245 -0.04533 0.34973
v -0.00862 -0.03259 0.45707
v 0.06835 -0.04038 0.41843
v 0.01466 -0.04094 0.40055
v 0.11594 -0.03196 0.49026
v 0.18047 -0.0403 0.43321
v 0.12394 -0.04025 0.42945
v 0.24501 -0.03205 0.49033
v 0.29259 -0.04034 0.41848
v 0.237 -0.04033 0.42952
v 0.36972 -0.03206 0.45692
v 0.39708 -0.04034 0.3752
v 0.34625 -0.04034 0.40026
v 0.48153 -0.03205 0.39237
v 0.4868 -0.04034 0.30635
v 0.44419 -0.04034 0.34371
v 0.57284 -0.03182 0.30113
v 0.55578 -0.03895 0.21654
v 0.52417 -0.0402 0.26373
v 0.63887 -0.02332 0.19071
v 0.59844 -0.03099 0.11118
v 0.58107 -0.03565 0.16547
v -0.30042 0.00483 0.21601
v -0.36544 -0.03418 0.30247
v -0.27319 -0.03387 0.32716
v -0.2894 -0.01972 0.26955
v -0.29301 -0.06105 0.41054
v -0.20407 -0.04414 0.40895
v -0.24447 -0.04142 0.3717
v -0.18853 -0.06609 0.49117
v -0.09598 -0.04188 0.48275
v -0.15398 -0.04361 0.4467
v -0.0535 -0.06458 0.56605
v 0.03671 -0.0403 0.53684
v -0.03183 -0.04077 0.5135
v 0.10046 -0.06408 0.60783
v 0.18046 -0.04023 0.55592
v 0.10793 -0.04019 0.5511
v 0.26049 -0.06413 0.6079
v 0.32434 -0.04027 0.53699
v 0.25302 -0.04026 0.55117
v 0.41509 -0.06413 0.56647
v 0.45842 -0.04027 0.48145
v 0.3932 -0.04027 0.51361
v 0.55371 -0.06413 0.48644
v 0.57356 -0.04027 0.39311
v 0.51888 -0.04027 0.44105
v 0.66698 -0.06386 0.37359
v 0.66217 -0.0375 0.28026
v 0.62152 -0.03999 0.33865
v 0.75057 -0.05326 0.24658
v 0.72986 -0.01038 0.16541
v 0.69595 -0.02991 0.22093
v -0.48106 -0.03396 0.25251
v -0.49909 -0.11187 0.32889
v -0.39174 -0.08323 0.39236
v -0.43984 -0.06368 0.32132
v -0.38067 -0.14209 0.4684
v -0.28462 -0.10045 0.48502
v -0.34079 -0.09474 0.4435
v -0.24728 -0.15104 0.56056
v -0.14928 -0.10281 0.57367
v -0.22052 -0.10257 0.52967
v -0.08694 -0.15206 0.64606
v 0.00932 -0.10236 0.63928
v -0.07224 -0.1026 0.61109
v 0.08917 -0.15187 0.69378
v 0.18046 -0.10226 0.66219
v 0.09408 -0.10226 0.65643
v 0.27181 -0.15185 0.69394
v 0.35185 -0.10227 0.63965
v 0.26689 -0.10227 0.65654
v 0.4483 -0.15185 0.64664
v 0.51156 -0.10227 0.57349
v 0.43387 -0.10227 0.61179
v 0.60654 -0.15185 0.55529
v 0.6487 -0.10227 0.46825
v 0.58357 -0.10227 0.52535
v 0.73616 -0.15165 0.42614
v 0.75651 -0.0997 0.33338
v 0.70607 -0.10201 0.40335
v 0.84164 -0.14321 0.26912
v 0.83881 -0.06201 0.19436
v 0.801 -0.09149 0.26169
v -0.58401 -0.171 0.22943
v -0.52806 -0.25873 0.32836
v -0.46565 -0.19368 0.42065
v -0.52687 -0.1819 0.33402
v -0.41278 -0.26785 0.48218
v -0.34083 -0.20677 0.53244
v -0.40549 -0.20192 0.48283
v -0.27272 -0.27167 0.58962
v -0.18318 -0.20967 0.6289
v -0.26582 -0.209 0.58197
v -0.10013 -0.27175 0.67674
v -0.00672 -0.20973 0.69867
v -0.09659 -0.2098 0.66863
v 0.08502 -0.27167 0.72522
v 0.18048 -0.20967 0.72347
v 0.08609 -0.20969 0.71715
v 0.27596 -0.27167 0.72539
v 0.36772 -0.20967 0.69889
v 0.2749 -0.20967 0.71733
v 0.46046 -0.27167 0.67598
v 0.54223 -0.20967 0.62661
v 0.45734 -0.20967 0.66846
v 0.62587 -0.27167 0.58048
v 0.69208 -0.20967 0.51162
v 0.62091 -0.20967 0.57402
v 0.76133 -0.27163 0.44541
v 0.81177 -0.20848 0.36168
v 0.75494 -0.20955 0.44045
v 0.86931 -0.27054 0.27983
v 0.90736 -0.20267 0.18614
v 0.86425 -0.20571 0.27649
v -0.54868 -0.3289 0.20976
v -0.47257 -0.39181 0.27846
v -0.45648 -0.33155 0.39204
v -0.50716 -0.32998 0.3064
v -0.37747 -0.3924 0.43474
v -0.3394 -0.3339 0.52457
v -0.40177 -0.33299 0.46338
v -0.24757 -0.39189 0.55716
v -0.1833 -0.33383 0.62882
v -0.26549 -0.33405 0.58007
v -0.08729 -0.39147 0.64653
v -0.0068 -0.33366 0.69881
v -0.09677 -0.3337 0.66891
v 0.08914 -0.39147 0.69384
v 0.18048 -0.33366 0.72348
v 0.08607 -0.33366 0.71719
v 0.27181 -0.39148 0.69393
v 0.36772 -0.33367 0.69889
v 0.2749 -0.33367 0.71732
v 0.4483 -0.39148 0.64664
v 0.54223 -0.33367 0.62661
v 0.45734 -0.33367 0.66846
v 0.60654 -0.39148 0.55529
v 0.69208 -0.33367 0.51162
v 0.62091 -0.33367 0.57402
v 0.73581 -0.39148 0.42608
v 0.80941 -0.33363 0.36177
v 0.7547 -0.33366 0.44046
v 0.82944 -0.39148 0.26785
v 0.89208 -0.33352 0.18724
v 0.85643 -0.33355 0.27687
v -0.46097 -0.44165 0.1723
v -0.38595 -0.47916 0.2345
v -0.39317 -0.44202 0.33348
v -0.4322 -0.44187 0.25526
v -0.30594 -0.47925 0.37324
v -0.28835 -0.44153 0.46901
v -0.34516 -0.44185 0.4049
v -0.19278 -0.47916 0.48631
v -0.15054 -0.44109 0.57327
v -0.22296 -0.44126 0.52543
v -0.0541 -0.47917 0.56637
v 0.00915 -0.44105 0.63953
v -0.07277 -0.44103 0.61156
v 0.10043 -0.4792 0.60789
v 0.18046 -0.44106 0.6622
v 0.09404 -0.44106 0.65649
v 0.26049 -0.4792 0.60789
v 0.35185 -0.44106 0.63964
v 0.26689 -0.44106 0.65653
v 0.41509 -0.4792 0.56647
v 0.51156 -0.44106 0.57349
v 0.43387 -0.44106 0.61179
v 0.55371 -0.4792 0.48644
v 0.6487 -0.44106 0.46825
v 0.58357 -0.44106 0.52535
v 0.66689 -0.4792 0.37326
v 0.75401 -0.44106 0.3311
v 0.70581 -0.44106 0.40312
v 0.74692 -0.4792 0.23464
v 0.82049 -0.44106 0.17139
v 0.79248 -0.44106 0.25341
v -0.35631 -0.50273 0.14361
v -0.27643 -0.51116 0.18911
v -0.30095 -0.50284 0.27756
v -0.33303 -0.50278 0.21236
v -0.21191 -0.5112 0.30095
v -0.2126 -0.50293 0.39294
v -0.26056 -0.50289 0.33812
v -0.1206 -0.51125 0.39234
v -0.09748 -0.50302 0.48141
v -0.15792 -0.50298 0.44096
v -0.00881 -0.51128 0.45692
v 0.03657 -0.50306 0.53699
v -0.03227 -0.50305 0.51359
v 0.1159 -0.51128 0.49034
v 0.18045 -0.50307 0.55594
v 0.10789 -0.50307 0.55117
v 0.24501 -0.51128 0.49034
v 0.32434 -0.50307 0.53699
v 0.25302 -0.50307 0.55117
v 0.36972 -0.51128 0.45692
v 0.45842 -0.50307 0.48145
v 0.3932 -0.50307 0.51361
v 0.48153 -0.51128 0.39237
v 0.57356 -0.50307 0.39311
v 0.51888 -0.50307 0.44105
v 0.57282 -0.51128 0.30107
v 0.66191 -0.50307 0.27797
v 0.6215 -0.50307 0.33843
v 0.63738 -0.51128 0.18926
v 0.71745 -0.50307 0.14389
v 0.69406 -0.50307 0.21274
v -0.23801 -0.50297 0.11212
v -0.167 -0.47906 0.14391
v -0.19475 -0.50297 0.21659
v -0.2198 -0.50297 0.16577
v -0.11791 -0.47906 0.22894
v -0.12589 -0.50298 0.30634
v -0.16325 -0.50297 0.26371
v -0.04849 -0.47907 0.29836
v -0.03617 -0.50299 0.3752
v -0.08328 -0.50299 0.34371
v 0.03654 -0.47907 0.34745
v 0.06832 -0.50299 0.41848
v 0.01466 -0.50299 0.40026
v 0.13137 -0.47907 0.37286
v 0.18045 -0.50299 0.43324
v 0.12391 -0.50299 0.42953
v 0.22954 -0.47907 0.37286
v 0.29258 -0.50299 0.41848
v 0.237 -0.50299 0.42953
v 0.32437 -0.47907 0.34745
v 0.39708 -0.50299 0.3752
v 0.34625 -0.50299 0.40026
v 0.4094 -0.47907 0.29836
v 0.4868 -0.50299 0.30635
v 0.44419 -0.50299 0.34371
v 0.47882 -0.47907 0.22894
v 0.55565 -0.50299 0.21662
v 0.52416 -0.50299 0.26374
v 0.5279 -0.47907 0.14392
v 0.59893 -0.50299 0.11213
v 0.58071 -0.50299 0.16579
v -0.13554 -0.44089 0.08463
v -0.08709 -0.39131 0.11062
v -0.10285 -0.44089 0.16354
v -0.12178 -0.44089 0.12515
v -0.04924 -0.3913 0.17614
v -0.05086 -0.44089 0.2313
v -0.07907 -0.44089 0.19912
v 0.00422 -0.3913 0.22965
v 0.01689 -0.44089 0.2833
v -0.01868 -0.44089 0.25952
v 0.06967 -0.39131 0.26747
v 0.09579 -0.44089 0.31598
v 0.05527 -0.44089 0.30222
v 0.14267 -0.39131 0.28703
v 0.18045 -0.44089 0.32713
v 0.13776 -0.44089 0.32432
v 0.21824 -0.39131 0.28703
v 0.26512 -0.44089 0.31598
v 0.22315 -0.44089 0.32432
v 0.29124 -0.39131 0.26747
v 0.34402 -0.44089 0.2833
v 0.30564 -0.44089 0.30222
v 0.3567 -0.39131 0.22968
v 0.41177 -0.44089 0.23131
v 0.37959 -0.44089 0.25952
v 0.41014 -0.39131 0.17624
v 0.46375 -0.44089 0.16356
v 0.43998 -0.44089 0.19914
v 0.44793 -0.39131 0.11079
v 0.49644 -0.44089 0.08467
v 0.48268 -0.44089 0.12518
v -0.07678 -0.33362 0.0685
v -0.05002 -0.33356 0.13265
v -0.06549 -0.33358 0.1014
v -0.00764 -0.33355 0.18792
v -0.03062 -0.33355 0.16167
v 0.04747 -0.33355 0.23032
v 0.01854 -0.33355 0.21093
v 0.11161 -0.33356 0.25694
v 0.07867 -0.33355 0.24573
v 0.18045 -0.33356 0.266
v 0.14573 -0.33356 0.26372
v 0.2493 -0.33356 0.25694
v 0.21517 -0.33356 0.26372
v 0.31345 -0.33356 0.23036
v 0.28225 -0.33356 0.24575
v 0.36855 -0.33356 0.18809
v 0.34238 -0.33356 0.21103
v 0.41082 -0.33356 0.133
v 0.39148 -0.33356 0.16193
v 0.43739 -0.33356 0.06885
v 0.4262 -0.33356 0.10179
v -0.23557 0.04728 0.14061
v -0.32846 0.08919 0.18581
v -0.41324 0.03079 0.21501
v -0.31621 0.04299 0.1889
v -0.52944 0.05257 0.20678
v -0.58849 -0.01732 0.17958
v -0.5076 0.00736 0.21508
v -0.24139 0.1445 0.14511
v -0.3376 0.20896 0.20982
v -0.44519 0.12772 0.22824
v -0.33232 0.14065 0.20009
v -0.57574 0.16054 0.22214
v -0.63892 0.06436 0.17282
v -0.55383 0.09968 0.21839
v -0.25964 0.29903 0.14062
v -0.37258 0.38706 0.15119
v -0.47301 0.28874 0.21553
v -0.35374 0.30151 0.19384
v -0.58737 0.3296 0.135
v -0.68701 0.1963 0.15798
v -0.58354 0.2458 0.19128
v -0.78914 0.23022 0.11016
v -0.8602 0.153 0.13987
v -0.78542 0.10136 0.1555
v -0.78543 0.16867 0.1521
v 0.90562 -0.01548 0.11921
v 0.87736 0.07819 0.09773
v 0.81812 0.01968 0.13873
v 0.8655 0.0033 0.1407
v 0.80267 0.07507 0.08428
v 0.73208 0.02778 0.08963
v 0.77049 0.0266 0.12091
v 0.89185 0.13914 0.05269
v 0.85774 0.17799 0.03401
v 0.84333 0.13561 0.06066
v 0.8704 0.13897 0.06168
v 0.81682 0.16723 0.02897
v 0.79355 0.11797 0.03999
v 0.81547 0.12715 0.05304
v -0.07558 -0.2718 -0.03357
v -0.1012 -0.15116 -0.04152
v -0.08464 -0.20965 0
v -0.08255 -0.2098 -0.03545
v 0.43614 -0.27167 -0.03366
v 0.44645 -0.20977 0
v 0.46749 -0.15203 -0.03779
v 0.44417 -0.20977 -0.03472
v -0.15066 -0.05646 -0.06421
v -0.12756 -0.09843 0
v -0.12693 -0.09921 -0.05245
v 0.50731 -0.10206 0
v 0.55144 -0.06079 -0.04893
v 0.50459 -0.1021 -0.04268
v -0.17742 0.00867 -0.07676
v -0.15965 -0.02241 0
v -0.16511 -0.02364 -0.07261
v 0.60463 -0.02675 0
v 0.66013 0.00024 -0.05714
v 0.60397 -0.02786 -0.05547
v -0.63305 -0.08813 -0.11106
v -0.61222 -0.25397 -0.11532
v -0.64494 -0.16914 0
v -0.62773 -0.1688 -0.11645
v 0.92919 -0.12481 -0.08538
v 0.94286 -0.20686 0
v 0.93259 -0.2709 -0.09534
v 0.93413 -0.20491 -0.09345
v -0.52667 -0.39128 -0.0952
v -0.58432 -0.32893 0
v -0.57512 -0.32876 -0.10649
v 0.91924 -0.33365 0
v 0.879 -0.39148 -0.09136
v 0.91274 -0.33359 -0.09442
v -0.4274 -0.479 -0.07986
v -0.48397 -0.44157 0
v -0.47825 -0.44157 -0.08676
v 0.84313 -0.44106 0
v 0.78835 -0.4792 -0.08003
v 0.83744 -0.44106 -0.08643
v -0.30977 -0.51113 -0.06451
v -0.37515 -0.5027 0
v -0.37041 -0.5027 -0.07242
v 0.73639 -0.50307 0
v 0.67079 -0.51128 -0.06455
v 0.73162 -0.50307 -0.07256
v -0.19241 -0.47906 -0.04909
v -0.25277 -0.50297 0
v -0.24906 -0.50297 -0.05654
v 0.6137 -0.50299 0
v 0.55331 -0.47907 -0.04909
v 0.60998 -0.50299 -0.05655
v -0.10673 -0.39133 -0.0377
v -0.14671 -0.44089 0
v -0.1439 -0.44089 -0.04268
v 0.50758 -0.44089 0
v 0.46749 -0.39131 -0.03779
v 0.50478 -0.44089 -0.0427
v -0.08598 -0.33366 0
v -0.08366 -0.33365 -0.03451
v 0.44645 -0.33356 0
v 0.44417 -0.33356 -0.03472
v -0.19912 0.09674 -0.07281
v -0.17846 0.05098 0
v -0.19139 0.05005 -0.07416
v -0.66554 -0.03151 0
v -0.66006 0.00994 -0.09379
v -0.64463 -0.02891 -0.10013
v -0.68955 0.01944 0
v -0.72 0.04573 -0.0977
v -0.67977 0.03277 -0.09494
v -0.19481 0.21258 -0.07781
v -0.1828 0.14728 0
v -0.19469 0.14649 -0.0759
v -0.27811 0.389 -0.07202
v -0.21144 0.30745 0
v -0.2187 0.30393 -0.07369
v -0.49509 0.43698 -0.08663
v -0.38097 0.45207 0
v -0.37931 0.43674 -0.08263
v -0.69258 0.31927 -0.05266
v -0.59891 0.40822 0
v -0.5945 0.38711 -0.06938
v -0.79553 0.03463 0
v -0.86325 0.07821 -0.09032
v -0.7924 0.05292 -0.09535
v -0.88478 0.2087 -0.07253
v -0.81092 0.27381 0
v -0.80297 0.26416 -0.05816
v -0.91265 0.1314 0
v -0.90073 0.13867 -0.08488
v 0.92588 0.07302 -0.04656
v 0.93922 -0.02587 0
v 0.93085 -0.02385 -0.0666
v 0.7108 0.02953 0
v 0.75792 0.06565 -0.03312
v 0.71473 0.02892 -0.04688
v 0.87472 0.17957 -0.019
v 0.9065 0.142 0
v 0.90312 0.14112 -0.02992
v 0.7804 0.11452 0
v 0.7987 0.15949 -0.01396
v 0.78292 0.11504 -0.02129
v 0.81516 0.18638 0
v 0.83414 0.19339 -0.01356
v 0.81571 0.18386 -0.01246
v 0.852 0.19684 0
v 0.8526 0.19419 -0.01485
v -0.1012 -0.15116 0.04152
v -0.07558 -0.2718 0.03357
v -0.08255 -0.2098 0.03545
v 0.46749 -0.15203 0.03779
v 0.43614 -0.27167 0.03366
v 0.44417 -0.20977 0.03472
v -0.15066 -0.05646 0.06421
v -0.12693 -0.09921 0.05245
v 0.55144 -0.06079 0.04893
v 0.50459 -0.1021 0.04268
v -0.17742 0.00867 0.07676
v -0.16511 -0.02364 0.07261
v 0.66013 0.00024 0.05714
v 0.60397 -0.02786 0.05547
v -0.61222 -0.25397 0.11532
v -0.63305 -0.08813 0.11106
v -0.62773 -0.1688 0.11645
v 0.93259 -0.2709 0.09534
v 0.92919 -0.12481 0.08538
v 0.93413 -0.20491 0.09345
v -0.52667 -0.39128 0.0952
v -0.57512 -0.32876 0.10649
v 0.879 -0.39148 0.09136
v 0.91274 -0.33359 0.09442
v -0.4274 -0.479 0.07986
v -0.47825 -0.44157 0.08676
v 0.78835 -0.4792 0.08003
v 0.83744 -0.44106 0.08643
v -0.30977 -0.51113 0.06451
v -0.37041 -0.5027 0.07242
v 0.67079 -0.51128 0.06455
v 0.73162 -0.50307 0.07256
v -0.19241 -0.47906 0.04909
v -0.24906 -0.50297 0.05654
v 0.55331 -0.47907 0.04909
v 0.60998 -0.50299 0.05655
v -0.10673 -0.39133 0.0377
v -0.1439 -0.44089 0.04268
v 0.46749 -0.39131 0.03779
v 0.50478 -0.44089 0.0427
v -0.08366 -0.33365 0.03451
v 0.44417 -0.33356 0.03472
v -0.19912 0.09674 0.07281
v -0.19139 0.05005 0.07416
v -0.66006 0.00994 0.09379
v -0.64463 -0.02891 0.10013
v -0.72 0.04573 0.0977
v -0.67977 0.03277 0.09494
v -0.19481 0.21258 0.07781
v -0.19469 0.14649 0.0759
v -0.27811 0.389 0.07202
v -0.2187 0.30393 0.07369
v -0.49509 0.43698 0.08663
v -0.37931 0.43674 0.08263
v -0.69258 0.31927 0.05266
v -0.5945 0.38711 0.06938
v -0.86325 0.07821 0.09032
v -0.7924 0.05292 0.09535
v -0.88478 0.2087 0.07253
v -0.80297 0.26416 0.05816
v -0.90073 0.13867 0.08488
v 0.92588 0.07302 0.04656
v 0.93085 -0.02385 0.0666
v 0.75792 0.06565 0.03312
v 0.71473 0.02892 0.04688
v 0.87472 0.17957 0.019
v 0.90312 0.14112 0.02992
v 0.7987 0.15949 0.01396
v 0.78292 0.11504 0.02129
v 0.83414 0.19339 0.01356
v 0.81571 0.18386 0.01246
v 0.8526 0.19419 0.01485
v -0.06403 -0.27182 -0.08271
v -0.05987 -0.24075 -0.0997
v -0.07117 -0.21016 -0.08679
v -0.07081 -0.2407 -0.06752
v -0.06587 -0.24073 -0.0838
v -0.05103 -0.27181 -0.11385
v -0.04482 -0.24077 -0.13013
v -0.05805 -0.21032 -0.11881
v -0.05284 -0.24076 -0.11517
v -0.05816 -0.18117 -0.14063
v -0.07766 -0.15338 -0.13416
v -0.07356 -0.18082 -0.10883
v -0.0664 -0.18101 -0.12505
v -0.09075 -0.15251 -0.09969
v -0.08445 -0.18035 -0.07451
v -0.07958 -0.1806 -0.09198
v -0.0341 -0.2718 -0.14309
v -0.02593 -0.24078 -0.15833
v -0.04081 -0.21041 -0.14864
v -0.03584 -0.24078 -0.14454
v -0.01353 -0.2718 -0.16989
v -0.00351 -0.24073 -0.18383
v -0.01976 -0.21042 -0.17592
v -0.01515 -0.24077 -0.17145
v -0.01497 -0.18124 -0.19615
v -0.03744 -0.15415 -0.19387
v -0.03854 -0.18136 -0.16983
v -0.02724 -0.18135 -0.18336
v -0.05981 -0.154 -0.1655
v -0.04886 -0.18129 -0.15557
v 0.01036 -0.27175 -0.19378
v 0.02213 -0.24057 -0.20618
v 0.00486 -0.21022 -0.20022
v 0.00893 -0.24066 -0.19542
v 0.03717 -0.27167 -0.21434
v 0.05048 -0.24042 -0.22504
v 0.03259 -0.2099 -0.22117
v 0.036 -0.24049 -0.21607
v 0.04245 -0.18023 -0.23897
v 0.01939 -0.15276 -0.24125
v 0.01226 -0.18074 -0.2193
v 0.02703 -0.18046 -0.22959
v -0.01085 -0.15366 -0.21919
v -0.00177 -0.18102 -0.20814
v 0.06641 -0.27163 -0.23123
v 0.081 -0.2404 -0.2401
v 0.06282 -0.20971 -0.23848
v 0.0655 -0.2404 -0.23306
v 0.09757 -0.27164 -0.24418
v 0.11318 -0.24043 -0.25107
v 0.09497 -0.2097 -0.25182
v 0.09691 -0.24041 -0.24611
v 0.10906 -0.18007 -0.26645
v 0.08741 -0.15197 -0.27408
v 0.07489 -0.18005 -0.25481
v 0.09179 -0.18005 -0.26118
v 0.05237 -0.15213 -0.25969
v 0.05843 -0.1801 -0.24739
v 0.13014 -0.27166 -0.25293
v 0.14653 -0.24045 -0.25772
v 0.12857 -0.20975 -0.26086
v 0.12974 -0.24044 -0.25494
v 0.16359 -0.27167 -0.25734
v 0.18046 -0.24046 -0.25996
v 0.16306 -0.20977 -0.26542
v 0.16345 -0.24046 -0.25939
v 0.18046 -0.18012 -0.27589
v 0.16153 -0.15201 -0.28887
v 0.14445 -0.1801 -0.27351
v 0.16241 -0.18011 -0.27529
v 0.12399 -0.15198 -0.28391
v 0.12664 -0.18008 -0.27056
v 0.19732 -0.27167 -0.25734
v 0.21438 -0.24046 -0.25773
v 0.19785 -0.20977 -0.26543
v 0.19746 -0.24046 -0.2594
v 0.23077 -0.27167 -0.25294
v 0.24774 -0.24046 -0.2511
v 0.23235 -0.20977 -0.26089
v 0.23117 -0.24046 -0.25496
v 0.25186 -0.18012 -0.2665
v 0.23694 -0.15203 -0.28395
v 0.21646 -0.18012 -0.27353
v 0.23428 -0.18012 -0.27059
v 0.19939 -0.15202 -0.28889
v 0.1985 -0.18012 -0.2753
v 0.26335 -0.27167 -0.24421
v 0.27993 -0.24046 -0.24016
v 0.26596 -0.20977 -0.25188
v 0.26401 -0.24046 -0.24616
v 0.29452 -0.27167 -0.2313
v 0.31043 -0.24046 -0.22513
v 0.2981 -0.20977 -0.23857
v 0.29543 -0.24046 -0.23314
v 0.3184 -0.18012 -0.23893
v 0.3085 -0.15203 -0.25965
v 0.28603 -0.18012 -0.25489
v 0.30248 -0.18012 -0.24744
v 0.27351 -0.15203 -0.27415
v 0.26914 -0.18012 -0.26125
v 0.32373 -0.27167 -0.21443
v 0.3387 -0.24046 -0.20623
v 0.32823 -0.20977 -0.22117
v 0.32488 -0.24046 -0.21614
v 0.3505 -0.27167 -0.1939
v 0.36427 -0.24046 -0.18382
v 0.35584 -0.20977 -0.19999
v 0.35185 -0.24046 -0.19544
v 0.37554 -0.18012 -0.19509
v 0.37134 -0.15203 -0.21766
v 0.34841 -0.18012 -0.21888
v 0.36236 -0.18012 -0.20743
v 0.3413 -0.15203 -0.24072
v 0.33373 -0.18012 -0.2294
v 0.37435 -0.27167 -0.17004
v 0.38669 -0.24046 -0.15825
v 0.38044 -0.20977 -0.17539
v 0.3759 -0.24046 -0.1714
v 0.39488 -0.27167 -0.14328
v 0.40558 -0.24046 -0.12998
v 0.40162 -0.20977 -0.14778
v 0.3966 -0.24046 -0.14442
v 0.41939 -0.18012 -0.13795
v 0.42117 -0.15203 -0.16084
v 0.39933 -0.18012 -0.16795
v 0.40985 -0.18012 -0.15328
v 0.39812 -0.15203 -0.19089
v 0.38788 -0.18012 -0.18191
v 0.41175 -0.27167 -0.11406
v 0.42062 -0.24046 -0.09948
v 0.41902 -0.20977 -0.11765
v 0.4136 -0.24046 -0.11497
v 0.42466 -0.27167 -0.0829
v 0.43155 -0.24046 -0.06728
v 0.43234 -0.20977 -0.0855
v 0.42661 -0.24046 -0.08356
v 0.44695 -0.18012 -0.07141
v 0.4546 -0.15203 -0.09306
v 0.43535 -0.18012 -0.10558
v 0.44171 -0.18012 -0.08868
v 0.44011 -0.15203 -0.12805
v 0.4279 -0.18012 -0.12202
v -0.09861 -0.1272 -0.12891
v -0.11939 -0.10242 -0.12265
v -0.10872 -0.12556 -0.09033
v -0.10433 -0.12638 -0.11025
v -0.08319 -0.12863 -0.16294
v -0.10744 -0.10495 -0.16097
v -0.09156 -0.12798 -0.14642
v -0.11674 -0.086 -0.195
v -0.14234 -0.06669 -0.19351
v -0.13064 -0.08269 -0.15734
v -0.12459 -0.08447 -0.17696
v -0.15026 -0.06187 -0.14891
v -0.13783 -0.07911 -0.11228
v -0.13501 -0.08084 -0.13587
v -0.06249 -0.1294 -0.19344
v -0.08936 -0.10678 -0.19423
v -0.07348 -0.12912 -0.17861
v -0.03684 -0.12923 -0.22078
v -0.06527 -0.10733 -0.22371
v -0.05026 -0.12944 -0.20749
v -0.06723 -0.08766 -0.25587
v -0.10031 -0.07146 -0.26178
v -0.09537 -0.08777 -0.22733
v -0.08209 -0.08796 -0.24198
v -0.12577 -0.07025 -0.23042
v -0.10696 -0.08711 -0.21173
v -0.00671 -0.12805 -0.24514
v -0.03574 -0.10639 -0.25017
v -0.02228 -0.12872 -0.23335
v 0.02692 -0.12674 -0.26616
v -0.00168 -0.1045 -0.27371
v 0.00973 -0.12735 -0.25609
v 0.005 -0.08338 -0.30475
v -0.02878 -0.06753 -0.31567
v -0.0333 -0.0857 -0.28182
v -0.0146 -0.08448 -0.2937
v -0.06744 -0.07023 -0.28994
v -0.0509 -0.08683 -0.26918
v 0.06306 -0.12612 -0.2834
v 0.03564 -0.10307 -0.2938
v 0.04472 -0.12634 -0.27529
v 0.10108 -0.12598 -0.29622
v 0.07529 -0.10253 -0.30977
v 0.08187 -0.12601 -0.2904
v 0.08977 -0.08176 -0.33841
v 0.05954 -0.06448 -0.35619
v 0.04629 -0.08216 -0.32393
v 0.0678 -0.0819 -0.33182
v 0.01397 -0.06538 -0.33809
v 0.02533 -0.08263 -0.31486
v 0.14043 -0.12597 -0.30405
v 0.11665 -0.10241 -0.32079
v 0.12063 -0.12596 -0.30077
v 0.18046 -0.12599 -0.3067
v 0.15907 -0.10241 -0.32639
v 0.1604 -0.12598 -0.30603
v 0.18046 -0.08171 -0.35035
v 0.15588 -0.06421 -0.37523
v 0.13474 -0.08168 -0.34732
v 0.15756 -0.08169 -0.34958
v 0.10711 -0.06422 -0.3688
v 0.11212 -0.0817 -0.34359
v 0.22049 -0.126 -0.30408
v 0.20185 -0.10244 -0.32642
v 0.20052 -0.126 -0.30605
v 0.25984 -0.12601 -0.29626
v 0.24427 -0.10245 -0.32084
v 0.24029 -0.12601 -0.30082
v 0.27114 -0.08174 -0.33844
v 0.25383 -0.06426 -0.36885
v 0.22619 -0.08173 -0.34737
v 0.24881 -0.08174 -0.34364
v 0.20505 -0.06425 -0.37526
v 0.20337 -0.08172 -0.34961
v 0.29783 -0.12601 -0.28336
v 0.2856 -0.10245 -0.30976
v 0.27904 -0.12601 -0.29043
v 0.33381 -0.12601 -0.26562
v 0.32514 -0.10245 -0.29339
v 0.31611 -0.12601 -0.27508
v 0.35564 -0.08174 -0.30343
v 0.34679 -0.06427 -0.3373
v 0.31454 -0.08174 -0.3237
v 0.33542 -0.08174 -0.31424
v 0.30134 -0.06427 -0.35612
v 0.29308 -0.08174 -0.33178
v 0.36717 -0.12601 -0.24333
v 0.36219 -0.10245 -0.27199
v 0.35085 -0.12601 -0.25502
v 0.39733 -0.12601 -0.21688
v 0.39614 -0.10245 -0.24594
v 0.38268 -0.12601 -0.2306
v 0.42821 -0.08174 -0.24775
v 0.42842 -0.06427 -0.28275
v 0.39375 -0.08174 -0.27797
v 0.41147 -0.08174 -0.26342
v 0.38939 -0.06427 -0.3127
v 0.37511 -0.08174 -0.29132
v 0.42378 -0.12601 -0.18671
v 0.4264 -0.10245 -0.21569
v 0.41105 -0.12601 -0.20223
v 0.44608 -0.12601 -0.15336
v 0.45245 -0.10243 -0.18174
v 0.43548 -0.12601 -0.1704
v 0.4839 -0.08156 -0.17517
v 0.49317 -0.06409 -0.20892
v 0.45842 -0.08172 -0.21329
v 0.47178 -0.08167 -0.19465
v 0.46321 -0.06427 -0.24797
v 0.44388 -0.08174 -0.23102
v 0.46382 -0.12601 -0.11737
v 0.47385 -0.10236 -0.14467
v 0.45554 -0.12601 -0.13565
v 0.47672 -0.12601 -0.07938
v 0.49021 -0.10225 -0.10513
v 0.47089 -0.12601 -0.09859
v 0.5187 -0.0807 -0.09059
v 0.53648 -0.06226 -0.12068
v 0.50418 -0.08117 -0.13402
v 0.51219 -0.08093 -0.11254
v 0.51783 -0.0634 -0.16623
v 0.49472 -0.08139 -0.15492
v -0.16322 -0.04877 -0.18647
v -0.17898 -0.03187 -0.17221
v -0.16346 -0.04292 -0.13253
v -0.16423 -0.0457 -0.16075
v -0.15417 -0.05443 -0.23081
v -0.17866 -0.03999 -0.22617
v -0.16 -0.0518 -0.20979
v -0.19541 -0.03538 -0.2679
v -0.22323 -0.02654 -0.26085
v -0.19961 -0.02639 -0.21508
v -0.19937 -0.0315 -0.24306
v -0.22064 -0.01141 -0.1989
v -0.19027 -0.01389 -0.15015
v -0.19658 -0.0199 -0.18407
v -0.13364 -0.05748 -0.26676
v -0.16571 -0.04555 -0.26936
v -0.14528 -0.05632 -0.24966
v -0.10322 -0.05769 -0.29748
v -0.13959 -0.04765 -0.30401
v -0.11952 -0.05794 -0.28255
v -0.14253 -0.04087 -0.34221
v -0.18174 -0.03774 -0.34777
v -0.17545 -0.03997 -0.30852
v -0.16038 -0.04084 -0.32585
v -0.21021 -0.03442 -0.30988
v -0.18728 -0.03818 -0.28946
v -0.0652 -0.05541 -0.32594
v -0.10343 -0.04665 -0.33493
v -0.08504 -0.05676 -0.31199
v -0.02157 -0.05257 -0.35163
v -0.05989 -0.04386 -0.36386
v -0.04396 -0.05392 -0.3392
v -0.05094 -0.03625 -0.40348
v -0.09292 -0.03517 -0.41484
v -0.10021 -0.03893 -0.37411
v -0.0763 -0.03754 -0.38922
v -0.14163 -0.03746 -0.3819
v -0.12238 -0.04014 -0.35837
v 0.02584 -0.05102 -0.37345
v -0.01113 -0.04156 -0.38945
v 0.00174 -0.05163 -0.36311
v 0.07594 -0.05047 -0.39009
v 0.0412 -0.04057 -0.41028
v 0.05061 -0.05065 -0.3825
v 0.0605 -0.0342 -0.44778
v 0.02158 -0.03225 -0.46825
v 0.00311 -0.03474 -0.42858
v 0.03147 -0.03439 -0.43902
v -0.03789 -0.03315 -0.44429
v -0.02441 -0.03534 -0.41667
v 0.12777 -0.05034 -0.40035
v 0.09597 -0.04028 -0.42483
v 0.10169 -0.05037 -0.39605
v 0.18046 -0.05038 -0.40385
v 0.15214 -0.04027 -0.43225
v 0.15406 -0.05035 -0.40296
v 0.18047 -0.03413 -0.46362
v 0.14813 -0.03198 -0.49346
v 0.11997 -0.03408 -0.45959
v 0.15015 -0.0341 -0.46259
v 0.08402 -0.03198 -0.48497
v 0.09005 -0.0341 -0.45464
v 0.23317 -0.05041 -0.40041
v 0.20879 -0.04032 -0.43229
v 0.20687 -0.0504 -0.40299
v 0.28499 -0.05042 -0.39012
v 0.26498 -0.04034 -0.42491
v 0.25925 -0.05042 -0.39611
v 0.30046 -0.03417 -0.44785
v 0.27694 -0.03205 -0.48507
v 0.24097 -0.03416 -0.45967
v 0.27091 -0.03417 -0.45473
v 0.2128 -0.03203 -0.4935
v 0.21078 -0.03415 -0.46263
v 0.33501 -0.05042 -0.37313
v 0.31971 -0.04034 -0.41025
v 0.31028 -0.05042 -0.38244
v 0.38239 -0.05042 -0.34977
v 0.37207 -0.04034 -0.38856
v 0.35908 -0.05042 -0.36223
v 0.41228 -0.03417 -0.40153
v 0.3992 -0.03206 -0.44357
v 0.35788 -0.03417 -0.42835
v 0.38552 -0.03417 -0.41583
v 0.33943 -0.03205 -0.46833
v 0.32949 -0.03417 -0.43904
v 0.42632 -0.05042 -0.32041
v 0.42115 -0.04034 -0.36022
v 0.40484 -0.05042 -0.33581
v 0.46604 -0.05042 -0.28559
v 0.46611 -0.04034 -0.32572
v 0.44675 -0.05042 -0.30365
v 0.5083 -0.03417 -0.32785
v 0.50655 -0.03205 -0.37184
v 0.4627 -0.03417 -0.36783
v 0.48616 -0.03417 -0.34858
v 0.45522 -0.03205 -0.41122
v 0.43804 -0.03417 -0.3855
v 0.50088 -0.05033 -0.24585
v 0.50618 -0.04034 -0.28565
v 0.4841 -0.05042 -0.26629
v 0.5303 -0.04955 -0.20184
v 0.54073 -0.03978 -0.24066
v 0.5163 -0.05007 -0.22434
v 0.58215 -0.03225 -0.23194
v 0.59176 -0.03111 -0.275
v 0.5483 -0.03398 -0.28226
v 0.56603 -0.0334 -0.25763
v 0.55229 -0.03205 -0.3261
v 0.52904 -0.03417 -0.3057
v 0.5537 -0.04759 -0.15424
v 0.56926 -0.03755 -0.19146
v 0.54284 -0.04868 -0.17843
v 0.56963 -0.04524 -0.10408
v 0.59107 -0.03331 -0.13862
v 0.5627 -0.0464 -0.12941
v 0.63029 -0.01853 -0.11808
v 0.65313 -0.01695 -0.15998
v 0.60973 -0.02733 -0.17746
v 0.62182 -0.02294 -0.14821
v 0.62441 -0.02733 -0.21988
v 0.59662 -0.03033 -0.20529
v -0.2543 -0.018 -0.25013
v -0.29478 -0.00903 -0.24066
v -0.25653 0.00566 -0.19289
v -0.25472 -0.00803 -0.21929
v -0.24504 -0.03062 -0.30722
v -0.28253 -0.02783 -0.29921
v -0.25132 -0.02533 -0.27992
v -0.30267 -0.0408 -0.3463
v -0.34997 -0.04383 -0.33411
v -0.32691 -0.02512 -0.28739
v -0.31578 -0.03401 -0.31763
v -0.37937 -0.0221 -0.27205
v -0.34595 0.00052 -0.23368
v -0.33675 -0.01374 -0.25845
v -0.22075 -0.0371 -0.35093
v -0.26042 -0.03834 -0.35092
v -0.23472 -0.0345 -0.33053
v -0.18345 -0.03912 -0.38718
v -0.22561 -0.04329 -0.39065
v -0.20352 -0.03859 -0.36946
v -0.22467 -0.05292 -0.42989
v -0.27013 -0.06374 -0.43031
v -0.26864 -0.04943 -0.39169
v -0.24785 -0.05171 -0.41102
v -0.31388 -0.05699 -0.38891
v -0.28693 -0.04587 -0.37055
v -0.13618 -0.03803 -0.42297
v -0.18013 -0.04416 -0.4278
v -0.16091 -0.03884 -0.40514
v -0.08113 -0.03592 -0.4567
v -0.12586 -0.04276 -0.46518
v -0.1095 -0.03697 -0.44028
v -0.11041 -0.05172 -0.50786
v -0.15727 -0.06576 -0.51187
v -0.17148 -0.05301 -0.46954
v -0.14184 -0.05241 -0.48916
v -0.21787 -0.06602 -0.47023
v -0.19915 -0.05326 -0.44959
v -0.02033 -0.03465 -0.48553
v -0.06457 -0.04122 -0.49894
v -0.05134 -0.03516 -0.47186
v 0.04455 -0.03415 -0.50748
v 0.002 -0.04047 -0.52621
v 0.01171 -0.03433 -0.49748
v 0.02914 -0.05036 -0.56519
v -0.01625 -0.06435 -0.58021
v -0.04295 -0.05079 -0.5405
v -0.00737 -0.05053 -0.55396
v -0.08957 -0.06489 -0.54977
v -0.07737 -0.05118 -0.52505
v 0.1119 -0.03404 -0.52093
v 0.07207 -0.04021 -0.54514
v 0.078 -0.03407 -0.51531
v 0.18046 -0.03409 -0.52549
v 0.14411 -0.0402 -0.5547
v 0.1461 -0.03406 -0.52434
v 0.18046 -0.05028 -0.58531
v 0.14037 -0.06409 -0.6118
v 0.10409 -0.05025 -0.58024
v 0.14219 -0.05026 -0.58403
v 0.06093 -0.06411 -0.60123
v 0.06635 -0.05027 -0.57395
v 0.24905 -0.03413 -0.52101
v 0.21682 -0.04025 -0.55473
v 0.21483 -0.03411 -0.52437
v 0.31647 -0.03413 -0.50761
v 0.28891 -0.04026 -0.54525
v 0.28298 -0.03413 -0.51541
v 0.33195 -0.05031 -0.56538
v 0.30007 -0.06413 -0.60137
v 0.25685 -0.05031 -0.5803
v 0.29464 -0.05031 -0.57407
v 0.22056 -0.06412 -0.61183
v 0.21874 -0.0503 -0.58406
v 0.38156 -0.03413 -0.4855
v 0.35915 -0.04027 -0.52643
v 0.34937 -0.03413 -0.49762
v 0.44321 -0.03413 -0.45511
v 0.42634 -0.04027 -0.4986
v 0.41288 -0.03413 -0.47131
v 0.47311 -0.05031 -0.5069
v 0.45164 -0.06413 -0.54991
v 0.40444 -0.05031 -0.54075
v 0.43933 -0.05031 -0.52495
v 0.37754 -0.06413 -0.5806
v 0.3686 -0.05031 -0.55425
v 0.50036 -0.03413 -0.41691
v 0.48931 -0.04027 -0.46224
v 0.47241 -0.03413 -0.43694
v 0.55205 -0.03413 -0.3716
v 0.547 -0.04027 -0.41797
v 0.52695 -0.03413 -0.3951
v 0.59434 -0.05031 -0.41388
v 0.58473 -0.06413 -0.46098
v 0.53677 -0.05031 -0.46436
v 0.56638 -0.05031 -0.44006
v 0.5211 -0.06413 -0.50981
v 0.50564 -0.05031 -0.48667
v 0.59739 -0.03387 -0.32005
v 0.59842 -0.04027 -0.36655
v 0.57555 -0.03413 -0.34649
v 0.63576 -0.0315 -0.26414
v 0.6428 -0.03916 -0.30977
v 0.61748 -0.03308 -0.29251
v 0.68782 -0.04751 -0.29571
v 0.69063 -0.06303 -0.342
v 0.64486 -0.05003 -0.35662
v 0.66731 -0.04919 -0.3264
v 0.64144 -0.06413 -0.40427
v 0.62052 -0.05031 -0.38592
v 0.66765 -0.02433 -0.20571
v 0.67957 -0.03473 -0.25047
v 0.65216 -0.02887 -0.23519
v 0.70143 -0.0062 -0.14815
v 0.71227 -0.0221 -0.19216
v 0.68321 -0.01703 -0.17575
v 0.75772 -0.01796 -0.17877
v 0.76805 -0.04388 -0.21646
v 0.72364 -0.03963 -0.23482
v 0.74051 -0.0311 -0.20588
v 0.73218 -0.0586 -0.27795
v 0.70634 -0.04471 -0.26497
v -0.40361 -0.04688 -0.31366
v -0.46194 -0.05028 -0.28455
v -0.43703 -0.01872 -0.25255
v -0.4214 -0.03411 -0.28088
v -0.36299 -0.06542 -0.37929
v -0.41627 -0.07459 -0.35834
v -0.38402 -0.05724 -0.34757
v -0.41764 -0.10493 -0.40312
v -0.46879 -0.1224 -0.37319
v -0.47255 -0.08507 -0.32585
v -0.44508 -0.09619 -0.36677
v -0.53063 -0.09869 -0.28005
v -0.52364 -0.0533 -0.24455
v -0.50009 -0.07113 -0.2827
v -0.3174 -0.07616 -0.4279
v -0.36671 -0.08985 -0.4201
v -0.34087 -0.07164 -0.40549
v -0.26531 -0.08122 -0.46815
v -0.31356 -0.09817 -0.46449
v -0.2923 -0.07927 -0.44821
v -0.30244 -0.12285 -0.50013
v -0.35023 -0.1457 -0.49125
v -0.36221 -0.11673 -0.45709
v -0.33314 -0.12036 -0.47892
v -0.41012 -0.13717 -0.44255
v -0.3902 -0.11168 -0.43252
v -0.205 -0.0827 -0.51128
v -0.25355 -0.10185 -0.50702
v -0.23616 -0.08229 -0.48943
v -0.13726 -0.08243 -0.55365
v -0.18571 -0.10282 -0.55215
v -0.17198 -0.08267 -0.53294
v -0.16009 -0.12608 -0.59146
v -0.2091 -0.15164 -0.5842
v -0.23473 -0.12544 -0.54615
v -0.19817 -0.12592 -0.56931
v -0.28372 -0.14997 -0.53665
v -0.26956 -0.12448 -0.52282
v -0.06331 -0.08197 -0.58968
v -0.1114 -0.10272 -0.5934
v -0.10097 -0.08219 -0.57265
v 0.01533 -0.08165 -0.61684
v -0.03194 -0.10247 -0.62647
v -0.02448 -0.08179 -0.60449
v 0.00402 -0.12591 -0.65902
v -0.04416 -0.15201 -0.66222
v -0.08016 -0.12609 -0.62998
v -0.03854 -0.126 -0.64582
v -0.12875 -0.15204 -0.62749
v -0.12071 -0.12613 -0.61177
v 0.09711 -0.08155 -0.63335
v 0.05139 -0.10229 -0.64927
v 0.05593 -0.08158 -0.62646
v 0.18046 -0.08156 -0.63889
v 0.13717 -0.10225 -0.66074
v 0.13869 -0.08155 -0.6375
v 0.18047 -0.12582 -0.68265
v 0.13471 -0.15186 -0.69835
v 0.09141 -0.12583 -0.6767
v 0.13584 -0.12582 -0.68115
v 0.04404 -0.1519 -0.68622
v 0.04741 -0.12586 -0.66932
v 0.26385 -0.08157 -0.63343
v 0.22377 -0.10226 -0.66078
v 0.22224 -0.08157 -0.63753
v 0.34581 -0.08158 -0.61714
v 0.30964 -0.10227 -0.64948
v 0.3051 -0.08158 -0.62663
v 0.35714 -0.12582 -0.65942
v 0.317 -0.15185 -0.68648
v 0.26956 -0.12582 -0.67683
v 0.31364 -0.12582 -0.66956
v 0.22624 -0.15185 -0.69842
v 0.22511 -0.12582 -0.6812
v 0.42495 -0.08158 -0.59026
v 0.39331 -0.10227 -0.62706
v 0.38582 -0.08158 -0.60499
v 0.49991 -0.08158 -0.55331
v 0.47334 -0.10227 -0.59391
v 0.46303 -0.08158 -0.57301
v 0.52179 -0.12582 -0.59122
v 0.49002 -0.15185 -0.62774
v 0.4417 -0.12582 -0.6307
v 0.48239 -0.12582 -0.61227
v 0.40544 -0.15185 -0.66278
v 0.39989 -0.12582 -0.64644
v 0.56939 -0.08158 -0.50687
v 0.54835 -0.10227 -0.5506
v 0.53541 -0.08158 -0.53122
v 0.63223 -0.08158 -0.45177
v 0.61707 -0.10227 -0.49787
v 0.60171 -0.08158 -0.48035
v 0.66318 -0.12582 -0.48273
v 0.64195 -0.15185 -0.52623
v 0.59603 -0.12582 -0.54159
v 0.63057 -0.12582 -0.51326
v 0.56931 -0.15185 -0.58197
v 0.55972 -0.12582 -0.56762
v 0.68749 -0.08131 -0.38924
v 0.67832 -0.10227 -0.43662
v 0.6608 -0.08158 -0.42125
v 0.73542 -0.07889 -0.32249
v 0.73208 -0.10125 -0.36881
v 0.71234 -0.0805 -0.35617
v 0.77514 -0.12346 -0.3427
v 0.7641 -0.15103 -0.38908
v 0.72239 -0.12559 -0.41572
v 0.74946 -0.12488 -0.37982
v 0.70669 -0.15185 -0.46149
v 0.69371 -0.12582 -0.45011
v 0.77659 -0.07061 -0.25541
v 0.7795 -0.09714 -0.29745
v 0.75678 -0.07619 -0.28866
v 0.8122 -0.04349 -0.19365
v 0.821 -0.08072 -0.22681
v 0.79501 -0.06031 -0.22349
v 0.86481 -0.08509 -0.1895
v 0.86611 -0.13464 -0.22547
v 0.82312 -0.11577 -0.26581
v 0.84565 -0.10545 -0.22625
v 0.8166 -0.14772 -0.31067
v 0.79966 -0.1211 -0.30467
v -0.5168 -0.14494 -0.33212
v -0.55648 -0.17574 -0.28333
v -0.57892 -0.12733 -0.22722
v -0.54829 -0.13499 -0.28134
v -0.45522 -0.16069 -0.4176
v -0.49632 -0.18805 -0.38018
v -0.48575 -0.15352 -0.37792
v -0.47075 -0.22842 -0.42005
v -0.49975 -0.2612 -0.37408
v -0.53051 -0.22036 -0.33308
v -0.50087 -0.22445 -0.37917
v -0.55453 -0.25655 -0.27884
v -0.58392 -0.21385 -0.22941
v -0.55856 -0.21666 -0.28281
v -0.39516 -0.17079 -0.47719
v -0.43568 -0.19827 -0.45425
v -0.42529 -0.16638 -0.45
v -0.33109 -0.17647 -0.52428
v -0.37418 -0.20472 -0.50827
v -0.36403 -0.17409 -0.50126
v -0.34689 -0.23839 -0.53708
v -0.38201 -0.26943 -0.51067
v -0.41144 -0.23458 -0.4847
v -0.3803 -0.23677 -0.51163
v -0.44203 -0.26593 -0.45076
v -0.44127 -0.2318 -0.4547
v -0.25778 -0.17911 -0.57269
v -0.30454 -0.20815 -0.55722
v -0.29554 -0.17809 -0.54833
v -0.17728 -0.17997 -0.61939
v -0.22519 -0.20946 -0.60607
v -0.21823 -0.17969 -0.59662
v -0.18694 -0.24047 -0.63492
v -0.23123 -0.2718 -0.61412
v -0.27094 -0.24006 -0.58781
v -0.22964 -0.24036 -0.61207
v -0.31213 -0.2713 -0.56395
v -0.31023 -0.23945 -0.56264
v -0.09247 -0.18014 -0.65902
v -0.14031 -0.20978 -0.64984
v -0.13534 -0.1801 -0.64028
v -0.00407 -0.18005 -0.68897
v -0.05206 -0.20977 -0.68499
v -0.04869 -0.18011 -0.67534
v -0.00837 -0.24045 -0.70464
v -0.05491 -0.27172 -0.69306
v -0.09919 -0.24051 -0.67461
v -0.05416 -0.24049 -0.69096
v -0.1446 -0.27178 -0.65799
v -0.14346 -0.24052 -0.65585
v 0.08739 -0.18 -0.70731
v 0.03939 -0.2097 -0.70941
v 0.04135 -0.18002 -0.69964
v 0.18048 -0.17998 -0.71355
v 0.13318 -0.20968 -0.72186
v 0.13383 -0.17999 -0.71196
v 0.18048 -0.24041 -0.72953
v 0.13266 -0.27167 -0.72996
v 0.0853 -0.24041 -0.72317
v 0.13279 -0.24041 -0.7279
v 0.03776 -0.27168 -0.71745
v 0.03818 -0.24043 -0.71539
v 0.2736 -0.17997 -0.70748
v 0.22779 -0.20967 -0.72195
v 0.22713 -0.17998 -0.71205
v 0.36515 -0.17998 -0.68929
v 0.32161 -0.20967 -0.70963
v 0.31967 -0.17997 -0.69988
v 0.36929 -0.24041 -0.70476
v 0.3232 -0.27167 -0.71761
v 0.27569 -0.24041 -0.72334
v 0.3228 -0.24041 -0.71558
v 0.22832 -0.27167 -0.73006
v 0.22819 -0.24041 -0.728
v 0.45353 -0.17998 -0.65927
v 0.41303 -0.20967 -0.68514
v 0.40983 -0.17998 -0.67573
v 0.53726 -0.17998 -0.618
v 0.50047 -0.20967 -0.64892
v 0.49607 -0.17998 -0.64
v 0.54526 -0.24041 -0.63187
v 0.50407 -0.27167 -0.65623
v 0.45966 -0.24041 -0.67407
v 0.50315 -0.24041 -0.65437
v 0.41565 -0.27167 -0.69285
v 0.41498 -0.24041 -0.69089
v 0.61486 -0.17998 -0.56613
v 0.58243 -0.20967 -0.6016
v 0.57691 -0.17998 -0.59333
v 0.68505 -0.17998 -0.50459
v 0.65752 -0.20967 -0.54398
v 0.65096 -0.17998 -0.53651
v 0.69637 -0.24041 -0.51592
v 0.66289 -0.27167 -0.55011
v 0.62461 -0.24041 -0.57884
v 0.66152 -0.24041 -0.54855
v 0.58696 -0.27167 -0.60837
v 0.5858 -0.24041 -0.60665
v 0.74704 -0.17981 -0.43442
v 0.72444 -0.20967 -0.47706
v 0.71696 -0.17998 -0.47051
v 0.80306 -0.17833 -0.3569
v 0.78394 -0.20919 -0.40194
v 0.77563 -0.17932 -0.39649
v 0.81682 -0.23967 -0.3647
v 0.79043 -0.27152 -0.40648
v 0.75974 -0.24033 -0.44415
v 0.7889 -0.24011 -0.40531
v 0.73056 -0.27167 -0.48243
v 0.72901 -0.24041 -0.48107
v 0.85524 -0.17363 -0.27296
v 0.83878 -0.2073 -0.31983
v 0.82968 -0.17667 -0.31581
v 0.9011 -0.16447 -0.18225
v 0.88745 -0.20381 -0.23179
v 0.87951 -0.16846 -0.22812
v 0.91046 -0.23743 -0.18835
v 0.89113 -0.27025 -0.23497
v 0.86901 -0.23815 -0.27886
v 0.89152 -0.23757 -0.23408
v 0.84469 -0.27093 -0.3235
v 0.84382 -0.23893 -0.32248
v -0.5199 -0.29537 -0.31894
v -0.52947 -0.32934 -0.25917
v -0.56578 -0.29331 -0.2193
v -0.54438 -0.29417 -0.27044
v -0.46568 -0.29825 -0.4053
v -0.48255 -0.33075 -0.35088
v -0.49333 -0.29678 -0.36412
v -0.44392 -0.36307 -0.3769
v -0.45174 -0.39207 -0.321
v -0.491 -0.36223 -0.29237
v -0.46837 -0.36266 -0.33598
v -0.49086 -0.39155 -0.23421
v -0.5283 -0.36161 -0.19908
v -0.51118 -0.36186 -0.24658
v -0.40931 -0.30085 -0.47465
v -0.42977 -0.33231 -0.42932
v -0.43795 -0.29962 -0.44183
v -0.34603 -0.3026 -0.53302
v -0.37186 -0.33353 -0.49491
v -0.37894 -0.30186 -0.50472
v -0.32963 -0.36395 -0.5131
v -0.34868 -0.39234 -0.46811
v -0.39091 -0.3637 -0.44966
v -0.36151 -0.36388 -0.48233
v -0.40409 -0.39239 -0.39924
v -0.41823 -0.36342 -0.41465
v -0.27072 -0.30317 -0.58683
v -0.30376 -0.33405 -0.55304
v -0.30974 -0.30301 -0.56049
v -0.18699 -0.30309 -0.63488
v -0.22515 -0.33395 -0.60542
v -0.22959 -0.30317 -0.61173
v -0.17753 -0.36351 -0.61926
v -0.20956 -0.39173 -0.58298
v -0.25759 -0.36379 -0.56997
v -0.21833 -0.36365 -0.59566
v -0.28366 -0.39207 -0.52929
v -0.29484 -0.36391 -0.54238
v -0.09928 -0.30299 -0.67477
v -0.14049 -0.33375 -0.65005
v -0.14354 -0.30303 -0.65596
v -0.0084 -0.30294 -0.70471
v -0.05218 -0.33367 -0.68523
v -0.05423 -0.30296 -0.69109
v -0.00418 -0.36334 -0.68917
v -0.0444 -0.39146 -0.66262
v -0.09273 -0.36337 -0.65943
v -0.04888 -0.36335 -0.67568
v -0.12919 -0.39151 -0.62782
v -0.13564 -0.36342 -0.64057
v 0.08529 -0.30292 -0.72319
v 0.03935 -0.33366 -0.70948
v 0.03816 -0.30293 -0.71543
v 0.18048 -0.30293 -0.72954
v 0.13318 -0.33366 -0.72187
v 0.13279 -0.30292 -0.72791
v 0.18047 -0.36335 -0.71356
v 0.1347 -0.39147 -0.69837
v 0.08736 -0.36335 -0.70736
v 0.13382 -0.36335 -0.71198
v 0.04397 -0.39146 -0.68635
v 0.0413 -0.36334 -0.69974
v 0.27569 -0.30293 -0.72334
v 0.22779 -0.33366 -0.72195
v 0.22819 -0.30293 -0.728
v 0.36929 -0.30293 -0.70476
v 0.32161 -0.33367 -0.70963
v 0.3228 -0.30293 -0.71558
v 0.36515 -0.36336 -0.68929
v 0.317 -0.39148 -0.68648
v 0.2736 -0.36336 -0.70748
v 0.31967 -0.36336 -0.69988
v 0.22623 -0.39148 -0.69842
v 0.22713 -0.36336 -0.71205
v 0.45966 -0.30293 -0.67407
v 0.41303 -0.33367 -0.68514
v 0.41498 -0.30293 -0.69089
v 0.54526 -0.30293 -0.63187
v 0.50047 -0.33367 -0.64892
v 0.50315 -0.30293 -0.65437
v 0.53726 -0.36336 -0.618
v 0.49002 -0.39148 -0.62774
v 0.45353 -0.36336 -0.65927
v 0.49607 -0.36336 -0.64
v 0.40544 -0.39148 -0.66278
v 0.40983 -0.36336 -0.67573
v 0.62461 -0.30293 -0.57884
v 0.58243 -0.33367 -0.6016
v 0.5858 -0.30293 -0.60665
v 0.69637 -0.30293 -0.51592
v 0.65752 -0.33367 -0.54398
v 0.66152 -0.30293 -0.54855
v 0.68505 -0.36336 -0.50459
v 0.64195 -0.39148 -0.52623
v 0.61486 -0.36336 -0.56613
v 0.65096 -0.36336 -0.53651
v 0.56931 -0.39148 -0.58197
v 0.57691 -0.36336 -0.59333
v 0.75962 -0.30291 -0.44415
v 0.72444 -0.33367 -0.47706
v 0.72901 -0.30293 -0.48107
v 0.81557 -0.30278 -0.36479
v 0.78299 -0.33365 -0.40197
v 0.7884 -0.30287 -0.40534
v 0.79992 -0.36336 -0.3568
v 0.76272 -0.39148 -0.38886
v 0.74673 -0.36336 -0.43441
v 0.77437 -0.36336 -0.39645
v 0.70669 -0.39148 -0.46149
v 0.71696 -0.36336 -0.47051
v 0.86492 -0.30248 -0.27914
v 0.83407 -0.33359 -0.32
v 0.84131 -0.30263 -0.32266
v 0.90292 -0.30233 -0.18874
v 0.87595 -0.33352 -0.23255
v 0.88569 -0.30236 -0.23444
v 0.87765 -0.36336 -0.18469
v 0.84646 -0.39148 -0.22498
v 0.84441 -0.36336 -0.27308
v 0.86262 -0.36336 -0.22938
v 0.80966 -0.39148 -0.30957
v 0.82339 -0.36336 -0.31562
v -0.45303 -0.41839 -0.26628
v -0.44796 -0.44175 -0.21423
v -0.48387 -0.41807 -0.17991
v -0.46988 -0.41821 -0.22361
v -0.41186 -0.41864 -0.34708
v -0.41388 -0.44197 -0.29511
v -0.4336 -0.41855 -0.30755
v -0.3727 -0.46227 -0.32012
v -0.36936 -0.47922 -0.27112
v -0.4099 -0.46216 -0.24486
v -0.39249 -0.46224 -0.28314
v -0.40013 -0.4791 -0.19688
v -0.43708 -0.462 -0.16532
v -0.4248 -0.46208 -0.20551
v -0.36221 -0.41852 -0.41991
v -0.37027 -0.44197 -0.37009
v -0.3881 -0.41862 -0.38451
v -0.3037 -0.41818 -0.48488
v -0.31786 -0.4417 -0.43789
v -0.3341 -0.41837 -0.45335
v -0.27148 -0.46197 -0.4519
v -0.28054 -0.47922 -0.40423
v -0.32639 -0.46216 -0.38943
v -0.29998 -0.46207 -0.42157
v -0.32927 -0.47926 -0.34064
v -0.35065 -0.46224 -0.35559
v -0.236 -0.41783 -0.54228
v -0.25664 -0.44139 -0.49823
v -0.27091 -0.418 -0.51457
v -0.16095 -0.41758 -0.59118
v -0.18752 -0.44116 -0.55049
v -0.19926 -0.41769 -0.56786
v -0.13886 -0.46174 -0.55309
v -0.16013 -0.47916 -0.50967
v -0.20853 -0.46182 -0.50674
v -0.17444 -0.46177 -0.53103
v -0.22384 -0.47917 -0.46088
v -0.24093 -0.46189 -0.48032
v -0.08061 -0.41749 -0.63048
v -0.11224 -0.44105 -0.59366
v -0.12136 -0.41752 -0.61209
v 0.00386 -0.41749 -0.65927
v -0.03226 -0.44104 -0.62688
v -0.03882 -0.41748 -0.64624
v 0.01515 -0.46174 -0.61706
v -0.01658 -0.47919 -0.58054
v -0.0639 -0.46172 -0.59009
v -0.02481 -0.46173 -0.60487
v -0.09064 -0.47916 -0.54979
v -0.10197 -0.46172 -0.57281
v 0.09138 -0.4175 -0.67676
v 0.05131 -0.44105 -0.6494
v 0.04733 -0.41749 -0.66945
v 0.18046 -0.41751 -0.68266
v 0.13715 -0.44106 -0.66076
v 0.13582 -0.4175 -0.68117
v 0.18046 -0.46176 -0.6389
v 0.14035 -0.4792 -0.61183
v 0.09707 -0.46175 -0.63341
v 0.13867 -0.46175 -0.63752
v 0.06085 -0.4792 -0.60134
v 0.05584 -0.46175 -0.62658
v 0.26956 -0.41751 -0.67683
v 0.22376 -0.44106 -0.66078
v 0.2251 -0.41751 -0.6812
v 0.35714 -0.41751 -0.65942
v 0.30964 -0.44106 -0.64948
v 0.31364 -0.41751 -0.66955
v 0.34581 -0.46176 -0.61714
v 0.30007 -0.4792 -0.60136
v 0.26385 -0.46176 -0.63343
v 0.3051 -0.46176 -0.62662
v 0.22056 -0.4792 -0.61183
v 0.22224 -0.46176 -0.63753
v 0.4417 -0.41751 -0.6307
v 0.39331 -0.44106 -0.62706
v 0.39989 -0.41751 -0.64644
v 0.52179 -0.41751 -0.59122
v 0.47334 -0.44106 -0.59391
v 0.48239 -0.41751 -0.61227
v 0.49991 -0.46176 -0.55331
v 0.45164 -0.4792 -0.54991
v 0.42495 -0.46176 -0.59026
v 0.46303 -0.46176 -0.57301
v 0.37754 -0.4792 -0.5806
v 0.38582 -0.46176 -0.60499
v 0.59603 -0.41751 -0.54159
v 0.54835 -0.44106 -0.5506
v 0.55972 -0.41751 -0.56762
v 0.66318 -0.41751 -0.48273
v 0.61707 -0.44106 -0.49787
v 0.63057 -0.41751 -0.51326
v 0.63223 -0.46176 -0.45177
v 0.58473 -0.4792 -0.46098
v 0.56939 -0.46176 -0.50687
v 0.60171 -0.46176 -0.48035
v 0.5211 -0.4792 -0.50981
v 0.53541 -0.46176 -0.53122
v 0.72208 -0.41751 -0.41558
v 0.67832 -0.44106 -0.43662
v 0.69371 -0.41751 -0.45011
v 0.77196 -0.41751 -0.34134
v 0.73108 -0.44106 -0.3679
v 0.74819 -0.41751 -0.37927
v 0.73376 -0.46176 -0.31945
v 0.69026 -0.4792 -0.34064
v 0.68732 -0.46176 -0.38893
v 0.71168 -0.46176 -0.35495
v 0.64144 -0.4792 -0.40427
v 0.6608 -0.46176 -0.42125
v 0.81209 -0.41751 -0.26124
v 0.77451 -0.44106 -0.29288
v 0.79331 -0.41751 -0.30194
v 0.84145 -0.41751 -0.17669
v 0.80783 -0.44106 -0.21286
v 0.82818 -0.41751 -0.21944
v 0.79759 -0.46176 -0.16536
v 0.76106 -0.4792 -0.19709
v 0.77071 -0.46176 -0.24449
v 0.78545 -0.46176 -0.20537
v 0.73037 -0.4792 -0.27119
v 0.75346 -0.46176 -0.28258
v -0.36018 -0.49277 -0.22363
v -0.3458 -0.50275 -0.17836
v -0.38473 -0.49269 -0.15119
v -0.37364 -0.49273 -0.1878
v -0.32637 -0.49285 -0.29232
v -0.31806 -0.50281 -0.24547
v -0.3444 -0.49282 -0.25852
v -0.27463 -0.50902 -0.26244
v -0.2631 -0.51117 -0.21857
v -0.30496 -0.50898 -0.20082
v -0.29081 -0.509 -0.23211
v -0.28781 -0.51115 -0.15885
v -0.32699 -0.50895 -0.13582
v -0.31704 -0.50896 -0.16868
v -0.28386 -0.49289 -0.35606
v -0.28175 -0.50286 -0.30849
v -0.30616 -0.49287 -0.32488
v -0.2334 -0.49291 -0.41373
v -0.23747 -0.50291 -0.36632
v -0.25958 -0.4929 -0.38572
v -0.1911 -0.50909 -0.37148
v -0.19137 -0.51121 -0.326
v -0.23644 -0.50906 -0.31967
v -0.21461 -0.50908 -0.34632
v -0.23077 -0.51119 -0.27461
v -0.25648 -0.50904 -0.29167
v -0.17581 -0.49294 -0.46425
v -0.18605 -0.50296 -0.41785
v -0.20544 -0.49292 -0.43993
v -0.11215 -0.49297 -0.50682
v -0.12836 -0.503 -0.46218
v -0.14467 -0.49295 -0.48657
v -0.08228 -0.50917 -0.45509
v -0.0943 -0.51126 -0.41121
v -0.13942 -0.50914 -0.41686
v -0.11147 -0.50916 -0.43691
v -0.14562 -0.51123 -0.3718
v -0.166 -0.50912 -0.39502
v -0.04349 -0.493 -0.54071
v -0.0654 -0.50304 -0.49856
v -0.07837 -0.49298 -0.52488
v 0.02897 -0.49302 -0.56536
v 0.00177 -0.50306 -0.52642
v -0.00766 -0.49301 -0.55422
v 0.04444 -0.5092 -0.50761
v 0.02148 -0.51128 -0.46833
v -0.02064 -0.50919 -0.4855
v 0.01154 -0.5092 -0.49762
v -0.03828 -0.51127 -0.44356
v -0.05196 -0.50918 -0.4713
v 0.10406 -0.49302 -0.5803
v 0.072 -0.50307 -0.54525
v 0.06627 -0.49302 -0.57406
v 0.18045 -0.49302 -0.58532
v 0.14409 -0.50307 -0.55474
v 0.14217 -0.49302 -0.58406
v 0.18045 -0.5092 -0.52552
v 0.14811 -0.51128 -0.49352
v 0.11186 -0.5092 -0.52101
v 0.14608 -0.5092 -0.52439
v 0.08397 -0.51128 -0.48507
v 0.07793 -0.5092 -0.51541
v 0.25685 -0.49302 -0.5803
v 0.21681 -0.50307 -0.55474
v 0.21874 -0.49302 -0.58406
v 0.33195 -0.49302 -0.56538
v 0.28891 -0.50307 -0.54525
v 0.29464 -0.49302 -0.57407
v 0.31647 -0.5092 -0.50761
v 0.27694 -0.51128 -0.48507
v 0.24905 -0.5092 -0.52101
v 0.28298 -0.5092 -0.51541
v 0.2128 -0.51128 -0.49351
v 0.21482 -0.5092 -0.52438
v 0.40444 -0.49302 -0.54075
v 0.35915 -0.50307 -0.52643
v 0.3686 -0.49302 -0.55425
v 0.47311 -0.49302 -0.5069
v 0.42634 -0.50307 -0.4986
v 0.43933 -0.49302 -0.52495
v 0.44321 -0.5092 -0.45511
v 0.3992 -0.51128 -0.44357
v 0.38156 -0.5092 -0.4855
v 0.41288 -0.5092 -0.47131
v 0.33943 -0.51128 -0.46833
v 0.34937 -0.5092 -0.49762
v 0.53677 -0.49302 -0.46436
v 0.48931 -0.50307 -0.46224
v 0.50564 -0.49302 -0.48667
v 0.59434 -0.49302 -0.41388
v 0.547 -0.50307 -0.41797
v 0.56638 -0.49302 -0.44006
v 0.55205 -0.5092 -0.3716
v 0.50655 -0.51128 -0.37184
v 0.50036 -0.5092 -0.41691
v 0.52695 -0.5092 -0.3951
v 0.45522 -0.51128 -0.41122
v 0.47241 -0.5092 -0.43694
v 0.64481 -0.49302 -0.35631
v 0.59842 -0.50307 -0.36655
v 0.62052 -0.49302 -0.38592
v 0.68736 -0.49302 -0.29266
v 0.64269 -0.50307 -0.30886
v 0.66712 -0.49302 -0.32518
v 0.63556 -0.5092 -0.26276
v 0.59168 -0.51128 -0.27477
v 0.59737 -0.5092 -0.31991
v 0.6174 -0.5092 -0.29196
v 0.55229 -0.51128 -0.3261
v 0.57555 -0.5092 -0.34649
v 0.72121 -0.49302 -0.22399
v 0.67905 -0.50307 -0.24588
v 0.7054 -0.49302 -0.25888
v 0.74583 -0.49302 -0.15149
v 0.70688 -0.50307 -0.1787
v 0.73471 -0.49302 -0.18814
v 0.68806 -0.5092 -0.13601
v 0.64878 -0.51128 -0.15898
v 0.66596 -0.5092 -0.2011
v 0.67807 -0.5092 -0.16892
v 0.62402 -0.51128 -0.21874
v 0.65177 -0.5092 -0.23243
v -0.24788 -0.5091 -0.17736
v -0.22978 -0.50297 -0.13924
v -0.26736 -0.5091 -0.11996
v -0.25856 -0.5091 -0.14898
v -0.22108 -0.50911 -0.23174
v -0.20811 -0.50297 -0.19159
v -0.23537 -0.50911 -0.20498
v -0.16932 -0.4929 -0.20193
v -0.15684 -0.47906 -0.16633
v -0.19268 -0.4929 -0.15455
v -0.18177 -0.4929 -0.17862
v -0.17567 -0.47906 -0.12088
v -0.20966 -0.49291 -0.10453
v -0.20199 -0.4929 -0.12982
v -0.18738 -0.50912 -0.28219
v -0.17977 -0.50297 -0.24066
v -0.20505 -0.50911 -0.25751
v -0.14739 -0.50913 -0.32782
v -0.14527 -0.50298 -0.28564
v -0.16812 -0.50913 -0.30566
v -0.10513 -0.49291 -0.28558
v -0.10229 -0.47907 -0.24796
v -0.13996 -0.49291 -0.24585
v -0.12319 -0.49291 -0.26629
v -0.13224 -0.47906 -0.20893
v -0.15536 -0.49291 -0.22437
v -0.10178 -0.50915 -0.36782
v -0.10519 -0.50299 -0.32572
v -0.12524 -0.50914 -0.34857
v -0.05137 -0.50916 -0.40153
v -0.06024 -0.50299 -0.36022
v -0.07713 -0.50915 -0.3855
v -0.02149 -0.49291 -0.34977
v -0.02848 -0.47907 -0.3127
v -0.06541 -0.49291 -0.32042
v -0.04393 -0.49291 -0.33581
v -0.06751 -0.47907 -0.28275
v -0.08584 -0.49291 -0.30365
v 0.00303 -0.50916 -0.42835
v -0.01116 -0.50299 -0.38856
v -0.02461 -0.50916 -0.41583
v 0.06045 -0.50916 -0.44785
v 0.0412 -0.50299 -0.41025
v 0.03142 -0.50916 -0.43904
v 0.07592 -0.49291 -0.39012
v 0.05957 -0.47907 -0.35612
v 0.0259 -0.49291 -0.37313
v 0.05063 -0.49291 -0.38244
v 0.01412 -0.47907 -0.3373
v 0.00182 -0.49291 -0.36223
v 0.11994 -0.50916 -0.45967
v 0.09593 -0.50299 -0.42491
v 0.09 -0.50916 -0.45473
v 0.18045 -0.50916 -0.46365
v 0.15212 -0.50299 -0.43231
v 0.15013 -0.50916 -0.46265
v 0.18045 -0.49291 -0.40388
v 0.15586 -0.47907 -0.37528
v 0.12774 -0.49291 -0.40042
v 0.15404 -0.49291 -0.40301
v 0.10708 -0.47907 -0.36885
v 0.10166 -0.49291 -0.39611
v 0.24097 -0.50916 -0.45967
v 0.20879 -0.50299 -0.43231
v 0.21078 -0.50916 -0.46265
v 0.30046 -0.50916 -0.44785
v 0.26498 -0.50299 -0.42491
v 0.27091 -0.50916 -0.45473
v 0.28499 -0.49291 -0.39012
v 0.25382 -0.47907 -0.36885
v 0.23317 -0.49291 -0.40042
v 0.25925 -0.49291 -0.39611
v 0.20505 -0.47907 -0.37528
v 0.20687 -0.49291 -0.40301
v 0.35788 -0.50916 -0.42835
v 0.31971 -0.50299 -0.41025
v 0.32949 -0.50916 -0.43904
v 0.41228 -0.50916 -0.40153
v 0.37207 -0.50299 -0.38856
v 0.38552 -0.50916 -0.41583
v 0.38239 -0.49291 -0.34977
v 0.34679 -0.47907 -0.3373
v 0.33501 -0.49291 -0.37313
v 0.35908 -0.49291 -0.36223
v 0.30134 -0.47907 -0.35612
v 0.31028 -0.49291 -0.38244
v 0.4627 -0.50916 -0.36783
v 0.42115 -0.50299 -0.36022
v 0.43804 -0.50916 -0.3855
v 0.5083 -0.50916 -0.32785
v 0.46611 -0.50299 -0.32572
v 0.48616 -0.50916 -0.34858
v 0.46604 -0.49291 -0.28559
v 0.42842 -0.47907 -0.28275
v 0.42632 -0.49291 -0.32041
v 0.44675 -0.49291 -0.30365
v 0.38939 -0.47907 -0.3127
v 0.40484 -0.49291 -0.33581
v 0.54828 -0.50916 -0.28225
v 0.50618 -0.50299 -0.28565
v 0.52904 -0.50916 -0.3057
v 0.58198 -0.50916 -0.23182
v 0.54068 -0.50299 -0.24069
v 0.56596 -0.50916 -0.25759
v 0.53022 -0.49291 -0.20194
v 0.49315 -0.47907 -0.20894
v 0.50087 -0.49291 -0.24586
v 0.51626 -0.49291 -0.22438
v 0.46321 -0.47907 -0.24797
v 0.4841 -0.49291 -0.26629
v 0.6088 -0.50916 -0.17743
v 0.56901 -0.50299 -0.19162
v 0.59628 -0.50916 -0.20506
v 0.6283 -0.50916 -0.12
v 0.5907 -0.50299 -0.13926
v 0.61949 -0.50916 -0.14903
v 0.57057 -0.49291 -0.10453
v 0.53658 -0.47907 -0.12089
v 0.55358 -0.49291 -0.15455
v 0.5629 -0.49291 -0.12982
v 0.51775 -0.47907 -0.16634
v 0.54268 -0.49291 -0.17863
v -0.14325 -0.4616 -0.13407
v -0.12932 -0.44089 -0.10511
v -0.15799 -0.46159 -0.09067
v -0.15132 -0.4616 -0.11261
v -0.12298 -0.4616 -0.17518
v -0.11294 -0.44089 -0.14465
v -0.13378 -0.4616 -0.15495
v -0.08518 -0.41733 -0.15329
v -0.07925 -0.39131 -0.12789
v -0.10294 -0.41733 -0.11729
v -0.09465 -0.41733 -0.13558
v -0.09378 -0.39132 -0.09289
v -0.11586 -0.41733 -0.07931
v -0.11002 -0.41733 -0.0985
v -0.09751 -0.4616 -0.21328
v -0.09154 -0.44089 -0.18171
v -0.11087 -0.4616 -0.19465
v -0.0673 -0.4616 -0.24775
v -0.06549 -0.44089 -0.21567
v -0.08297 -0.4616 -0.23101
v -0.03642 -0.41733 -0.21685
v -0.03721 -0.3913 -0.1908
v -0.06288 -0.41733 -0.18666
v -0.05014 -0.41733 -0.20219
v -0.06029 -0.3913 -0.16072
v -0.07458 -0.41733 -0.17034
v -0.03284 -0.4616 -0.27797
v -0.03523 -0.44089 -0.24594
v -0.05056 -0.4616 -0.26342
v 0.00527 -0.46159 -0.30344
v -0.00128 -0.44089 -0.27199
v -0.0142 -0.4616 -0.29132
v 0.0271 -0.41733 -0.26562
v 0.01962 -0.3913 -0.2407
v -0.00625 -0.41733 -0.24331
v 0.01006 -0.41733 -0.25501
v -0.01042 -0.3913 -0.21762
v -0.02177 -0.41733 -0.23058
v 0.04637 -0.46159 -0.3237
v 0.03577 -0.44089 -0.29339
v 0.02549 -0.46159 -0.31424
v 0.08977 -0.46159 -0.33844
v 0.0753 -0.44089 -0.30976
v 0.06783 -0.46159 -0.33178
v 0.10107 -0.41733 -0.29626
v 0.0874 -0.39131 -0.27415
v 0.06308 -0.41733 -0.28336
v 0.08187 -0.41733 -0.29043
v 0.05241 -0.39131 -0.25965
v 0.0448 -0.41733 -0.27508
v 0.13472 -0.46159 -0.34737
v 0.11664 -0.44089 -0.32084
v 0.1121 -0.46159 -0.34364
v 0.18045 -0.46159 -0.35037
v 0.15906 -0.44089 -0.32642
v 0.15754 -0.46159 -0.34962
v 0.18045 -0.41733 -0.30672
v 0.16152 -0.39131 -0.28889
v 0.14042 -0.41733 -0.30409
v 0.1604 -0.41733 -0.30606
v 0.12397 -0.39131 -0.28395
v 0.12062 -0.41733 -0.30082
v 0.22619 -0.46159 -0.34737
v 0.20185 -0.44089 -0.32642
v 0.20337 -0.46159 -0.34962
v 0.27114 -0.46159 -0.33844
v 0.24427 -0.44089 -0.32084
v 0.24881 -0.46159 -0.34364
v 0.25984 -0.41733 -0.29626
v 0.23694 -0.39131 -0.28395
v 0.22049 -0.41733 -0.30408
v 0.24029 -0.41733 -0.30082
v 0.19939 -0.39131 -0.28889
v 0.20051 -0.41733 -0.30606
v 0.31454 -0.46159 -0.3237
v 0.2856 -0.44089 -0.30976
v 0.29308 -0.46159 -0.33178
v 0.35564 -0.46159 -0.30343
v 0.32514 -0.44089 -0.29339
v 0.33542 -0.46159 -0.31424
v 0.33381 -0.41733 -0.26562
v 0.3085 -0.39131 -0.25965
v 0.29783 -0.41733 -0.28336
v 0.31611 -0.41733 -0.27508
v 0.27351 -0.39131 -0.27415
v 0.27904 -0.41733 -0.29043
v 0.39375 -0.46159 -0.27797
v 0.36219 -0.44089 -0.27199
v 0.37511 -0.46159 -0.29132
v 0.42821 -0.46159 -0.24775
v 0.39614 -0.44089 -0.24594
v 0.41147 -0.46159 -0.26342
v 0.39733 -0.41733 -0.21688
v 0.37134 -0.39131 -0.21766
v 0.36717 -0.41733 -0.24333
v 0.38268 -0.41733 -0.2306
v 0.3413 -0.39131 -0.24072
v 0.35085 -0.41733 -0.25502
v 0.45842 -0.46159 -0.21329
v 0.4264 -0.44089 -0.21569
v 0.44388 -0.46159 -0.23102
v 0.48389 -0.46159 -0.17519
v 0.45245 -0.44089 -0.18174
v 0.47178 -0.46159 -0.19465
v 0.44608 -0.41733 -0.15336
v 0.42117 -0.39131 -0.16084
v 0.42378 -0.41733 -0.18671
v 0.43548 -0.41733 -0.1704
v 0.39812 -0.39131 -0.19089
v 0.41105 -0.41733 -0.20223
v 0.50415 -0.46159 -0.13408
v 0.47384 -0.44089 -0.14468
v 0.49469 -0.46159 -0.15497
v 0.51889 -0.46159 -0.09068
v 0.49022 -0.44089 -0.10515
v 0.51223 -0.46159 -0.11262
v 0.47672 -0.41733 -0.07938
v 0.4546 -0.39131 -0.09306
v 0.46382 -0.41733 -0.11737
v 0.47089 -0.41733 -0.09859
v 0.44011 -0.39131 -0.12805
v 0.45554 -0.41733 -0.13565
v -0.07457 -0.36322 -0.10529
v -0.07167 -0.3336 -0.08512
v -0.08625 -0.36324 -0.07114
v -0.08097 -0.36323 -0.08839
v -0.05855 -0.3632 -0.13769
v -0.05826 -0.33357 -0.11727
v -0.06709 -0.36321 -0.12175
v -0.04481 -0.30291 -0.12963
v -0.05995 -0.30294 -0.0991
v -0.05288 -0.30292 -0.1146
v -0.07099 -0.30297 -0.06694
v -0.066 -0.30295 -0.08319
v -0.03845 -0.36319 -0.16776
v -0.04079 -0.33355 -0.14747
v -0.04899 -0.3632 -0.15305
v -0.01463 -0.3632 -0.19497
v -0.01955 -0.33355 -0.17517
v -0.02698 -0.36319 -0.18175
v -0.00339 -0.3029 -0.18364
v -0.02585 -0.3029 -0.15798
v -0.01503 -0.3029 -0.17118
v -0.03579 -0.30291 -0.14411
v 0.01252 -0.3632 -0.21882
v 0.00508 -0.33355 -0.19986
v -0.00144 -0.3632 -0.20734
v 0.04251 -0.36321 -0.23891
v 0.03269 -0.33355 -0.2211
v 0.02719 -0.3632 -0.22936
v 0.05049 -0.30285 -0.22507
v 0.02221 -0.30287 -0.20612
v 0.03604 -0.30286 -0.21606
v 0.00905 -0.30289 -0.1953
v 0.07488 -0.36321 -0.25488
v 0.06282 -0.33355 -0.23854
v 0.05844 -0.36321 -0.24743
v 0.10905 -0.36321 -0.2665
v 0.09496 -0.33356 -0.25187
v 0.09177 -0.36321 -0.26125
v 0.11318 -0.30287 -0.25109
v 0.08099 -0.30286 -0.24014
v 0.0969 -0.30286 -0.24614
v 0.06549 -0.30285 -0.2331
v 0.14444 -0.36321 -0.27353
v 0.12856 -0.33356 -0.26089
v 0.12663 -0.36321 -0.27059
v 0.18045 -0.36321 -0.2759
v 0.16306 -0.33356 -0.26543
v 0.16241 -0.36321 -0.27531
v 0.18045 -0.30287 -0.25996
v 0.14652 -0.30287 -0.25773
v 0.16345 -0.30287 -0.2594
v 0.12974 -0.30287 -0.25496
v 0.21646 -0.36321 -0.27353
v 0.19785 -0.33356 -0.26543
v 0.1985 -0.36321 -0.2753
v 0.25186 -0.36321 -0.2665
v 0.23235 -0.33356 -0.26089
v 0.23428 -0.36321 -0.27059
v 0.24774 -0.30287 -0.2511
v 0.21438 -0.30287 -0.25773
v 0.23117 -0.30287 -0.25496
v 0.19746 -0.30287 -0.2594
v 0.28603 -0.36321 -0.25489
v 0.26596 -0.33356 -0.25188
v 0.26914 -0.36321 -0.26125
v 0.3184 -0.36321 -0.23893
v 0.2981 -0.33356 -0.23857
v 0.30248 -0.36321 -0.24744
v 0.31043 -0.30287 -0.22513
v 0.27993 -0.30287 -0.24016
v 0.29543 -0.30287 -0.23314
v 0.26401 -0.30287 -0.24616
v 0.34841 -0.36321 -0.21888
v 0.32823 -0.33356 -0.22117
v 0.33373 -0.36321 -0.2294
v 0.37554 -0.36321 -0.19509
v 0.35584 -0.33356 -0.19999
v 0.36236 -0.36321 -0.20743
v 0.36427 -0.30287 -0.18382
v 0.3387 -0.30287 -0.20623
v 0.35185 -0.30287 -0.19544
v 0.32488 -0.30287 -0.21614
v 0.39933 -0.36321 -0.16795
v 0.38044 -0.33356 -0.17539
v 0.38788 -0.36321 -0.18191
v 0.41939 -0.36321 -0.13795
v 0.40162 -0.33356 -0.14778
v 0.40985 -0.36321 -0.15328
v 0.40558 -0.30287 -0.12998
v 0.38669 -0.30287 -0.15825
v 0.3966 -0.30287 -0.14442
v 0.3759 -0.30287 -0.1714
v 0.43535 -0.36321 -0.10558
v 0.41902 -0.33356 -0.11765
v 0.4279 -0.36321 -0.12202
v 0.44695 -0.36321 -0.07141
v 0.43234 -0.33356 -0.0855
v 0.44171 -0.36321 -0.08868
v 0.43155 -0.30287 -0.06728
v 0.42062 -0.30287 -0.09948
v 0.42661 -0.30287 -0.08356
v 0.4136 -0.30287 -0.11497
v -0.30808 0.02248 -0.19906
v -0.27236 0.04567 -0.16735
v -0.22636 0.02489 -0.14784
v -0.26364 0.02414 -0.17637
v -0.40313 0.01051 -0.22694
v -0.36399 0.03823 -0.20492
v -0.35517 0.01805 -0.21594
v -0.42235 0.05298 -0.20981
v -0.37864 0.08417 -0.20175
v -0.32327 0.06542 -0.18463
v -0.37196 0.06048 -0.20029
v -0.28293 0.09229 -0.16408
v -0.24195 0.07047 -0.13727
v -0.27902 0.06852 -0.16342
v -0.4957 -0.01432 -0.22969
v -0.46148 0.02004 -0.21881
v -0.45017 -0.00047 -0.23199
v -0.57859 -0.04454 -0.19504
v -0.55042 -0.00587 -0.20261
v -0.53913 -0.03046 -0.21863
v -0.59874 0.00617 -0.17109
v -0.57286 0.03922 -0.19205
v -0.5185 0.02979 -0.20769
v -0.56134 0.01725 -0.19417
v -0.48144 0.0655 -0.21294
v -0.47168 0.04223 -0.21259
v -0.33097 0.11368 -0.19198
v -0.28239 0.14319 -0.17511
v -0.24397 0.11829 -0.14065
v -0.28338 0.11659 -0.1688
v -0.43813 0.10086 -0.21853
v -0.38773 0.13584 -0.21836
v -0.38359 0.10872 -0.20897
v -0.45202 0.15881 -0.23624
v -0.39725 0.20469 -0.22931
v -0.33403 0.17183 -0.20706
v -0.39198 0.16726 -0.22634
v -0.28407 0.21038 -0.1826
v -0.23955 0.17468 -0.1489
v -0.28195 0.17386 -0.18054
v -0.54143 0.07531 -0.21162
v -0.50125 0.11525 -0.22803
v -0.49145 0.08927 -0.21945
v -0.6229 0.04585 -0.16946
v -0.6009 0.08229 -0.19995
v -0.58596 0.06038 -0.19499
v -0.65952 0.08382 -0.17616
v -0.63155 0.13666 -0.20259
v -0.56598 0.12737 -0.22327
v -0.61797 0.10652 -0.20391
v -0.51826 0.1807 -0.23517
v -0.51034 0.14515 -0.23464
v -0.34457 0.25379 -0.20528
v -0.30126 0.30049 -0.16992
v -0.24747 0.25423 -0.14702
v -0.29075 0.25451 -0.17882
v -0.46595 0.24055 -0.23136
v -0.41269 0.29842 -0.21003
v -0.40447 0.24988 -0.2237
v -0.47974 0.33626 -0.1921
v -0.42835 0.3881 -0.16072
v -0.36392 0.34732 -0.17589
v -0.42096 0.34596 -0.18885
v -0.32551 0.3775 -0.13716
v -0.27736 0.33865 -0.13214
v -0.31489 0.34254 -0.1566
v -0.58097 0.2014 -0.21086
v -0.52962 0.27 -0.2074
v -0.52453 0.2236 -0.22557
v -0.68902 0.1542 -0.1746
v -0.63578 0.21974 -0.17277
v -0.63601 0.17629 -0.19173
v -0.68547 0.23549 -0.1339
v -0.63578 0.29876 -0.11801
v -0.58532 0.28963 -0.16523
v -0.63528 0.26134 -0.14712
v -0.53812 0.35788 -0.1516
v -0.534 0.31605 -0.18222
v -0.73788 0.17999 -0.153
v -0.78632 0.20181 -0.13389
v -0.73892 0.24809 -0.10573
v -0.73746 0.21641 -0.13159
v -0.7426 0.10387 -0.16299
v -0.78474 0.13407 -0.16073
v -0.73935 0.14108 -0.16583
v -0.82062 0.10253 -0.14752
v -0.85301 0.12571 -0.14268
v -0.82668 0.1602 -0.14956
v -0.82295 0.13036 -0.15458
v -0.85975 0.18046 -0.12804
v -0.82952 0.21374 -0.11365
v -0.82712 0.18938 -0.13453
v 0.85376 -0.03256 -0.16587
v 0.88699 -0.00671 -0.13361
v 0.89988 -0.06456 -0.14276
v 0.87817 -0.04965 -0.15908
v 0.80228 -0.00711 -0.16238
v 0.84228 0.01241 -0.14209
v 0.82832 -0.01833 -0.16664
v 0.83125 0.04934 -0.11696
v 0.85928 0.07961 -0.09899
v 0.87368 0.04125 -0.11818
v 0.85297 0.04597 -0.11966
v 0.89372 0.07621 -0.09233
v 0.90865 0.03161 -0.09937
v 0.89253 0.03614 -0.11169
v 0.7501 0.00619 -0.14188
v 0.79382 0.0242 -0.1316
v 0.77604 0.00095 -0.15411
v 0.70463 0.01061 -0.10534
v 0.74923 0.02749 -0.10689
v 0.7249 0.00897 -0.12575
v 0.755 0.04695 -0.0754
v 0.78627 0.0717 -0.07441
v 0.78856 0.04982 -0.10183
v 0.77003 0.04843 -0.0899
v 0.82102 0.07802 -0.09181
v 0.80937 0.05037 -0.11094
v 0.87559 0.111 -0.07879
v 0.88218 0.13909 -0.05877
v 0.90122 0.11052 -0.06635
v 0.88951 0.11081 -0.07452
v 0.84373 0.10898 -0.07791
v 0.85728 0.1379 -0.06217
v 0.86012 0.11056 -0.07972
v 0.84071 0.15839 -0.04537
v 0.84782 0.17809 -0.03338
v 0.86379 0.1614 -0.04673
v 0.85258 0.16072 -0.04662
v 0.86717 0.17494 -0.03447
v 0.88195 0.15934 -0.04181
v 0.87399 0.16017 -0.04559
v 0.81117 0.10158 -0.06791
v 0.8291 0.13184 -0.05757
v 0.8271 0.10573 -0.07392
v 0.78531 0.09349 -0.05039
v 0.80334 0.12213 -0.04723
v 0.79692 0.09725 -0.06001
v 0.799 0.13866 -0.03182
v 0.80817 0.15962 -0.02753
v 0.81695 0.14964 -0.04004
v 0.80687 0.14342 -0.03656
v 0.82689 0.17255 -0.03074
v 0.82853 0.15466 -0.04307
v -0.07081 -0.2407 0.06752
v -0.07117 -0.21016 0.08679
v -0.05987 -0.24075 0.0997
v -0.06403 -0.27182 0.08271
v -0.06587 -0.24073 0.0838
v -0.08445 -0.18035 0.07451
v -0.09075 -0.15251 0.09969
v -0.07356 -0.18082 0.10883
v -0.07958 -0.1806 0.09198
v -0.07766 -0.15338 0.13416
v -0.05816 -0.18117 0.14063
v -0.05805 -0.21032 0.11881
v -0.0664 -0.18101 0.12505
v -0.04482 -0.24077 0.13013
v -0.05103 -0.27181 0.11385
v -0.05284 -0.24076 0.11517
v -0.04081 -0.21041 0.14864
v -0.02593 -0.24078 0.15833
v -0.0341 -0.2718 0.14309
v -0.03584 -0.24078 0.14454
v -0.05981 -0.154 0.1655
v -0.03854 -0.18136 0.16983
v -0.04886 -0.18129 0.15557
v -0.03744 -0.15415 0.19387
v -0.01497 -0.18124 0.19615
v -0.01976 -0.21042 0.17592
v -0.02724 -0.18135 0.18336
v -0.00351 -0.24073 0.18383
v -0.01353 -0.2718 0.16989
v -0.01515 -0.24077 0.17145
v 0.00486 -0.21022 0.20022
v 0.02213 -0.24057 0.20618
v 0.01036 -0.27175 0.19378
v 0.00893 -0.24066 0.19542
v -0.01085 -0.15366 0.21919
v 0.01226 -0.18074 0.2193
v -0.00177 -0.18102 0.20814
v 0.01939 -0.15276 0.24125
v 0.04245 -0.18023 0.23897
v 0.03259 -0.2099 0.22117
v 0.02703 -0.18046 0.22959
v 0.05048 -0.24042 0.22504
v 0.03717 -0.27167 0.21434
v 0.036 -0.24049 0.21607
v 0.06282 -0.20971 0.23848
v 0.081 -0.2404 0.2401
v 0.06641 -0.27163 0.23123
v 0.0655 -0.2404 0.23306
v 0.05237 -0.15213 0.25969
v 0.07489 -0.18005 0.25481
v 0.05843 -0.1801 0.24739
v 0.08741 -0.15197 0.27408
v 0.10906 -0.18007 0.26645
v 0.09497 -0.2097 0.25182
v 0.09179 -0.18005 0.26118
v 0.11318 -0.24043 0.25107
v 0.09757 -0.27164 0.24418
v 0.09691 -0.24041 0.24611
v 0.12857 -0.20975 0.26086
v 0.14653 -0.24045 0.25772
v 0.13014 -0.27166 0.25293
v 0.12974 -0.24044 0.25494
v 0.12399 -0.15198 0.28391
v 0.14445 -0.1801 0.27351
v 0.12664 -0.18008 0.27056
v 0.16153 -0.15201 0.28887
v 0.18046 -0.18012 0.27589
v 0.16306 -0.20977 0.26542
v 0.16241 -0.18011 0.27529
v 0.18046 -0.24046 0.25996
v 0.16359 -0.27167 0.25734
v 0.16345 -0.24046 0.25939
v 0.19785 -0.20977 0.26543
v 0.21438 -0.24046 0.25773
v 0.19732 -0.27167 0.25734
v 0.19746 -0.24046 0.2594
v 0.19939 -0.15202 0.28889
v 0.21646 -0.18012 0.27353
v 0.1985 -0.18012 0.2753
v 0.23694 -0.15203 0.28395
v 0.25186 -0.18012 0.2665
v 0.23235 -0.20977 0.26089
v 0.23428 -0.18012 0.27059
v 0.24774 -0.24046 0.2511
v 0.23077 -0.27167 0.25294
v 0.23117 -0.24046 0.25496
v 0.26596 -0.20977 0.25188
v 0.27993 -0.24046 0.24016
v 0.26335 -0.27167 0.24421
v 0.26401 -0.24046 0.24616
v 0.27351 -0.15203 0.27415
v 0.28603 -0.18012 0.25489
v 0.26914 -0.18012 0.26125
v 0.3085 -0.15203 0.25965
v 0.3184 -0.18012 0.23893
v 0.2981 -0.20977 0.23857
v 0.30248 -0.18012 0.24744
v 0.31043 -0.24046 0.22513
v 0.29452 -0.27167 0.2313
v 0.29543 -0.24046 0.23314
v 0.32823 -0.20977 0.22117
v 0.3387 -0.24046 0.20623
v 0.32373 -0.27167 0.21443
v 0.32488 -0.24046 0.21614
v 0.3413 -0.15203 0.24072
v 0.34841 -0.18012 0.21888
v 0.33373 -0.18012 0.2294
v 0.37134 -0.15203 0.21766
v 0.37554 -0.18012 0.19509
v 0.35584 -0.20977 0.19999
v 0.36236 -0.18012 0.20743
v 0.36427 -0.24046 0.18382
v 0.3505 -0.27167 0.1939
v 0.35185 -0.24046 0.19544
v 0.38044 -0.20977 0.17539
v 0.38669 -0.24046 0.15825
v 0.37435 -0.27167 0.17004
v 0.3759 -0.24046 0.1714
v 0.39812 -0.15203 0.19089
v 0.39933 -0.18012 0.16795
v 0.38788 -0.18012 0.18191
v 0.42117 -0.15203 0.16084
v 0.41939 -0.18012 0.13795
v 0.40162 -0.20977 0.14778
v 0.40985 -0.18012 0.15328
v 0.40558 -0.24046 0.12998
v 0.39488 -0.27167 0.14328
v 0.3966 -0.24046 0.14442
v 0.41902 -0.20977 0.11765
v 0.42062 -0.24046 0.09948
v 0.41175 -0.27167 0.11406
v 0.4136 -0.24046 0.11497
v 0.44011 -0.15203 0.12805
v 0.43535 -0.18012 0.10558
v 0.4279 -0.18012 0.12202
v 0.4546 -0.15203 0.09306
v 0.44695 -0.18012 0.07141
v 0.43234 -0.20977 0.0855
v 0.44171 -0.18012 0.08868
v 0.43155 -0.24046 0.06728
v 0.42466 -0.27167 0.0829
v 0.42661 -0.24046 0.08356
v -0.10872 -0.12556 0.09033
v -0.11939 -0.10242 0.12265
v -0.09861 -0.1272 0.12891
v -0.10433 -0.12638 0.11025
v -0.13783 -0.07911 0.11228
v -0.15026 -0.06187 0.14891
v -0.13064 -0.08269 0.15734
v -0.13501 -0.08084 0.13587
v -0.14234 -0.06669 0.19351
v -0.11674 -0.086 0.195
v -0.10744 -0.10495 0.16097
v -0.12459 -0.08447 0.17696
v -0.08319 -0.12863 0.16294
v -0.09156 -0.12798 0.14642
v -0.08936 -0.10678 0.19423
v -0.06249 -0.1294 0.19344
v -0.07348 -0.12912 0.17861
v -0.12577 -0.07025 0.23042
v -0.09537 -0.08777 0.22733
v -0.10696 -0.08711 0.21173
v -0.10031 -0.07146 0.26178
v -0.06723 -0.08766 0.25587
v -0.06527 -0.10733 0.22371
v -0.08209 -0.08796 0.24198
v -0.03684 -0.12923 0.22078
v -0.05026 -0.12944 0.20749
v -0.03574 -0.10639 0.25017
v -0.00671 -0.12805 0.24514
v -0.02228 -0.12872 0.23335
v -0.06744 -0.07023 0.28994
v -0.0333 -0.0857 0.28182
v -0.0509 -0.08683 0.26918
v -0.02878 -0.06753 0.31567
v 0.005 -0.08338 0.30475
v -0.00168 -0.1045 0.27371
v -0.0146 -0.08448 0.2937
v 0.02692 -0.12674 0.26616
v 0.00973 -0.12735 0.25609
v 0.03564 -0.10307 0.2938
v 0.06306 -0.12612 0.2834
v 0.04472 -0.12634 0.27529
v 0.01397 -0.06538 0.33809
v 0.04629 -0.08216 0.32393
v 0.02533 -0.08263 0.31486
v 0.05954 -0.06448 0.35619
v 0.08977 -0.08176 0.33841
v 0.07529 -0.10253 0.30977
v 0.0678 -0.0819 0.33182
v 0.10108 -0.12598 0.29622
v 0.08187 -0.12601 0.2904
v 0.11665 -0.10241 0.32079
v 0.14043 -0.12597 0.30405
v 0.12063 -0.12596 0.30077
v 0.10711 -0.06422 0.3688
v 0.13474 -0.08168 0.34732
v 0.11212 -0.0817 0.34359
v 0.15588 -0.06421 0.37523
v 0.18046 -0.08171 0.35035
v 0.15907 -0.10241 0.32639
v 0.15756 -0.08169 0.34958
v 0.18046 -0.12599 0.3067
v 0.1604 -0.12598 0.30603
v 0.20185 -0.10244 0.32642
v 0.22049 -0.126 0.30408
v 0.20052 -0.126 0.30605
v 0.20505 -0.06425 0.37526
v 0.22619 -0.08173 0.34737
v 0.20337 -0.08172 0.34961
v 0.25383 -0.06426 0.36885
v 0.27114 -0.08174 0.33844
v 0.24427 -0.10245 0.32084
v 0.24881 -0.08174 0.34364
v 0.25984 -0.12601 0.29626
v 0.24029 -0.12601 0.30082
v 0.2856 -0.10245 0.30976
v 0.29783 -0.12601 0.28336
v 0.27904 -0.12601 0.29043
v 0.30134 -0.06427 0.35612
v 0.31454 -0.08174 0.3237
v 0.29308 -0.08174 0.33178
v 0.34679 -0.06427 0.3373
v 0.35564 -0.08174 0.30343
v 0.32514 -0.10245 0.29339
v 0.33542 -0.08174 0.31424
v 0.33381 -0.12601 0.26562
v 0.31611 -0.12601 0.27508
v 0.36219 -0.10245 0.27199
v 0.36717 -0.12601 0.24333
v 0.35085 -0.12601 0.25502
v 0.38939 -0.06427 0.3127
v 0.39375 -0.08174 0.27797
v 0.37511 -0.08174 0.29132
v 0.42842 -0.06427 0.28275
v 0.42821 -0.08174 0.24775
v 0.39614 -0.10245 0.24594
v 0.41147 -0.08174 0.26342
v 0.39733 -0.12601 0.21688
v 0.38268 -0.12601 0.2306
v 0.4264 -0.10245 0.21569
v 0.42378 -0.12601 0.18671
v 0.41105 -0.12601 0.20223
v 0.46321 -0.06427 0.24797
v 0.45842 -0.08172 0.21329
v 0.44388 -0.08174 0.23102
v 0.49317 -0.06409 0.20892
v 0.4839 -0.08156 0.17517
v 0.45245 -0.10243 0.18174
v 0.47178 -0.08167 0.19465
v 0.44608 -0.12601 0.15336
v 0.43548 -0.12601 0.1704
v 0.47385 -0.10236 0.14467
v 0.46382 -0.12601 0.11737
v 0.45554 -0.12601 0.13565
v 0.51783 -0.0634 0.16623
v 0.50418 -0.08117 0.13402
v 0.49472 -0.08139 0.15492
v 0.53648 -0.06226 0.12068
v 0.5187 -0.0807 0.09059
v 0.49021 -0.10225 0.10513
v 0.51219 -0.08093 0.11254
v 0.47672 -0.12601 0.07938
v 0.47089 -0.12601 0.09859
v -0.16346 -0.04292 0.13253
v -0.17898 -0.03187 0.17221
v -0.16322 -0.04877 0.18647
v -0.16423 -0.0457 0.16075
v -0.19027 -0.01389 0.15015
v -0.22064 -0.01141 0.1989
v -0.19961 -0.02639 0.21508
v -0.19658 -0.0199 0.18407
v -0.22323 -0.02654 0.26085
v -0.19541 -0.03538 0.2679
v -0.17866 -0.03999 0.22617
v -0.19937 -0.0315 0.24306
v -0.15417 -0.05443 0.23081
v -0.16 -0.0518 0.20979
v -0.16571 -0.04555 0.26936
v -0.13364 -0.05748 0.26676
v -0.14528 -0.05632 0.24966
v -0.21021 -0.03442 0.30988
v -0.17545 -0.03997 0.30852
v -0.18728 -0.03818 0.28946
v -0.18174 -0.03774 0.34777
v -0.14253 -0.04087 0.34221
v -0.13959 -0.04765 0.30401
v -0.16038 -0.04084 0.32585
v -0.10322 -0.05769 0.29748
v -0.11952 -0.05794 0.28255
v -0.10343 -0.04665 0.33493
v -0.0652 -0.05541 0.32594
v -0.08504 -0.05676 0.31199
v -0.14163 -0.03746 0.3819
v -0.10021 -0.03893 0.37411
v -0.12238 -0.04014 0.35837
v -0.09292 -0.03517 0.41484
v -0.05094 -0.03625 0.40348
v -0.05989 -0.04386 0.36386
v -0.0763 -0.03754 0.38922
v -0.02157 -0.05257 0.35163
v -0.04396 -0.05392 0.3392
v -0.01113 -0.04156 0.38945
v 0.02584 -0.05102 0.37345
v 0.00174 -0.05163 0.36311
v -0.03789 -0.03315 0.44429
v 0.00311 -0.03474 0.42858
v -0.02441 -0.03534 0.41667
v 0.02158 -0.03225 0.46825
v 0.0605 -0.0342 0.44778
v 0.0412 -0.04057 0.41028
v 0.03147 -0.03439 0.43902
v 0.07594 -0.05047 0.39009
v 0.05061 -0.05065 0.3825
v 0.09597 -0.04028 0.42483
v 0.12777 -0.05034 0.40035
v 0.10169 -0.05037 0.39605
v 0.08402 -0.03198 0.48497
v 0.11997 -0.03408 0.45959
v 0.09005 -0.0341 0.45464
v 0.14813 -0.03198 0.49346
v 0.18047 -0.03413 0.46362
v 0.15214 -0.04027 0.43225
v 0.15015 -0.0341 0.46259
v 0.18046 -0.05038 0.40385
v 0.15406 -0.05035 0.40296
v 0.20879 -0.04032 0.43229
v 0.23317 -0.05041 0.40041
v 0.20687 -0.0504 0.40299
v 0.2128 -0.03203 0.4935
v 0.24097 -0.03416 0.45967
v 0.21078 -0.03415 0.46263
v 0.27694 -0.03205 0.48507
v 0.30046 -0.03417 0.44785
v 0.26498 -0.04034 0.42491
v 0.27091 -0.03417 0.45473
v 0.28499 -0.05042 0.39012
v 0.25925 -0.05042 0.39611
v 0.31971 -0.04034 0.41025
v 0.33501 -0.05042 0.37313
v 0.31028 -0.05042 0.38244
v 0.33943 -0.03205 0.46833
v 0.35788 -0.03417 0.42835
v 0.32949 -0.03417 0.43904
v 0.3992 -0.03205 0.44357
v 0.41228 -0.03417 0.40153
v 0.37207 -0.04034 0.38856
v 0.38552 -0.03417 0.41583
v 0.38239 -0.05042 0.34977
v 0.35908 -0.05042 0.36223
v 0.42115 -0.04034 0.36022
v 0.42632 -0.05042 0.32041
v 0.40484 -0.05042 0.33581
v 0.45522 -0.03205 0.41122
v 0.4627 -0.03417 0.36783
v 0.43804 -0.03417 0.3855
v 0.50655 -0.03205 0.37184
v 0.5083 -0.03417 0.32785
v 0.46611 -0.04034 0.32572
v 0.48616 -0.03417 0.34858
v 0.46604 -0.05042 0.28559
v 0.44675 -0.05042 0.30365
v 0.50618 -0.04034 0.28565
v 0.50088 -0.05033 0.24585
v 0.4841 -0.05042 0.26629
v 0.55229 -0.03205 0.3261
v 0.5483 -0.03398 0.28226
v 0.52904 -0.03417 0.3057
v 0.59176 -0.03111 0.275
v 0.58215 -0.03225 0.23194
v 0.54073 -0.03978 0.24066
v 0.56603 -0.0334 0.25763
v 0.5303 -0.04955 0.20184
v 0.5163 -0.05007 0.22434
v 0.56926 -0.03755 0.19146
v 0.5537 -0.04759 0.15424
v 0.54284 -0.04868 0.17843
v 0.62441 -0.02733 0.21988
v 0.60973 -0.02733 0.17746
v 0.59662 -0.03033 0.20529
v 0.65313 -0.01695 0.15998
v 0.63029 -0.01853 0.11808
v 0.59107 -0.03331 0.13862
v 0.62182 -0.02294 0.14821
v 0.56963 -0.04524 0.10408
v 0.5627 -0.0464 0.12941
v -0.25653 0.00566 0.19289
v -0.29478 -0.00903 0.24066
v -0.2543 -0.018 0.25013
v -0.25472 -0.00803 0.21929
v -0.34595 0.00052 0.23368
v -0.37937 -0.0221 0.27205
v -0.32691 -0.02512 0.28739
v -0.33675 -0.01374 0.25845
v -0.34997 -0.04383 0.33411
v -0.30267 -0.0408 0.3463
v -0.28253 -0.02783 0.29921
v -0.31578 -0.03401 0.31763
v -0.24504 -0.03062 0.30722
v -0.25132 -0.02533 0.27992
v -0.26042 -0.03834 0.35092
v -0.22075 -0.0371 0.35093
v -0.23472 -0.0345 0.33053
v -0.31388 -0.05699 0.38891
v -0.26864 -0.04943 0.39169
v -0.28693 -0.04587 0.37055
v -0.27013 -0.06374 0.43031
v -0.22467 -0.05292 0.42989
v -0.22561 -0.04329 0.39065
v -0.24785 -0.05171 0.41102
v -0.18345 -0.03912 0.38718
v -0.20352 -0.03859 0.36946
v -0.18013 -0.04416 0.4278
v -0.13618 -0.03803 0.42297
v -0.16091 -0.03884 0.40514
v -0.21787 -0.06602 0.47023
v -0.17148 -0.05301 0.46954
v -0.19915 -0.05326 0.44959
v -0.15727 -0.06576 0.51187
v -0.11041 -0.05172 0.50786
v -0.12586 -0.04276 0.46518
v -0.14184 -0.05241 0.48916
v -0.08113 -0.03592 0.4567
v -0.1095 -0.03697 0.44028
v -0.06457 -0.04122 0.49894
v -0.02033 -0.03465 0.48553
v -0.05134 -0.03516 0.47186
v -0.08957 -0.06489 0.54977
v -0.04295 -0.05079 0.5405
v -0.07737 -0.05118 0.52505
v -0.01625 -0.06435 0.58021
v 0.02914 -0.05036 0.56519
v 0.002 -0.04047 0.52621
v -0.00737 -0.05053 0.55396
v 0.04455 -0.03415 0.50748
v 0.01171 -0.03433 0.49748
v 0.07207 -0.04021 0.54514
v 0.1119 -0.03404 0.52093
v 0.078 -0.03407 0.51531
v 0.06093 -0.06411 0.60123
v 0.10409 -0.05025 0.58024
v 0.06635 -0.05027 0.57395
v 0.14037 -0.06409 0.6118
v 0.18046 -0.05028 0.58531
v 0.14411 -0.0402 0.5547
v 0.14219 -0.05026 0.58403
v 0.18046 -0.03409 0.52549
v 0.1461 -0.03406 0.52434
v 0.21682 -0.04025 0.55473
v 0.24905 -0.03413 0.52101
v 0.21483 -0.03411 0.52437
v 0.22056 -0.06412 0.61183
v 0.25685 -0.05031 0.5803
v 0.21874 -0.0503 0.58406
v 0.30007 -0.06413 0.60137
v 0.33195 -0.05031 0.56538
v 0.28891 -0.04026 0.54525
v 0.29464 -0.05031 0.57407
v 0.31647 -0.03413 0.50761
v 0.28298 -0.03413 0.51541
v 0.35915 -0.04027 0.52643
v 0.38156 -0.03413 0.4855
v 0.34937 -0.03413 0.49762
v 0.37754 -0.06413 0.5806
v 0.40444 -0.05031 0.54075
v 0.3686 -0.05031 0.55425
v 0.45164 -0.06413 0.54991
v 0.47311 -0.05031 0.5069
v 0.42634 -0.04027 0.4986
v 0.43933 -0.05031 0.52495
v 0.44321 -0.03413 0.45511
v 0.41288 -0.03413 0.47131
v 0.48931 -0.04027 0.46224
v 0.50036 -0.03413 0.41691
v 0.47241 -0.03413 0.43694
v 0.5211 -0.06413 0.50981
v 0.53677 -0.05031 0.46436
v 0.50564 -0.05031 0.48667
v 0.58473 -0.06413 0.46098
v 0.59434 -0.05031 0.41388
v 0.547 -0.04027 0.41797
v 0.56638 -0.05031 0.44006
v 0.55205 -0.03413 0.3716
v 0.52695 -0.03413 0.3951
v 0.59842 -0.04027 0.36655
v 0.59739 -0.03387 0.32005
v 0.57555 -0.03413 0.34649
v 0.64144 -0.06413 0.40427
v 0.64486 -0.05003 0.35662
v 0.62052 -0.05031 0.38592
v 0.69063 -0.06303 0.342
v 0.68782 -0.04751 0.29571
v 0.6428 -0.03916 0.30977
v 0.66731 -0.04919 0.3264
v 0.63576 -0.0315 0.26414
v 0.61748 -0.03308 0.29251
v 0.67957 -0.03473 0.25047
v 0.66765 -0.02433 0.20571
v 0.65216 -0.02887 0.23519
v 0.73218 -0.0586 0.27795
v 0.72364 -0.03963 0.23482
v 0.70634 -0.04471 0.26497
v 0.76805 -0.04388 0.21646
v 0.75772 -0.01796 0.17877
v 0.71227 -0.0221 0.19216
v 0.74051 -0.0311 0.20588
v 0.70143 -0.0062 0.14815
v 0.68321 -0.01703 0.17575
v -0.43703 -0.01872 0.25255
v -0.46194 -0.05028 0.28455
v -0.40361 -0.04688 0.31366
v -0.4214 -0.03411 0.28088
v -0.52364 -0.0533 0.24455
v -0.53063 -0.09869 0.28005
v -0.47255 -0.08507 0.32585
v -0.50009 -0.07113 0.2827
v -0.46879 -0.1224 0.37319
v -0.41764 -0.10493 0.40312
v -0.41627 -0.07459 0.35834
v -0.44508 -0.09619 0.36677
v -0.36299 -0.06542 0.37929
v -0.38402 -0.05724 0.34757
v -0.36671 -0.08985 0.4201
v -0.3174 -0.07616 0.4279
v -0.34087 -0.07164 0.40549
v -0.41012 -0.13717 0.44255
v -0.36221 -0.11673 0.45709
v -0.3902 -0.11168 0.43252
v -0.35023 -0.1457 0.49125
v -0.30244 -0.12285 0.50013
v -0.31356 -0.09817 0.46449
v -0.33314 -0.12036 0.47892
v -0.26531 -0.08122 0.46815
v -0.2923 -0.07927 0.44821
v -0.25355 -0.10185 0.50702
v -0.205 -0.0827 0.51128
v -0.23616 -0.08229 0.48943
v -0.28372 -0.14997 0.53665
v -0.23473 -0.12544 0.54615
v -0.26956 -0.12448 0.52282
v -0.2091 -0.15164 0.5842
v -0.16009 -0.12608 0.59146
v -0.18571 -0.10282 0.55215
v -0.19817 -0.12592 0.56931
v -0.13726 -0.08243 0.55365
v -0.17198 -0.08267 0.53294
v -0.1114 -0.10272 0.5934
v -0.06331 -0.08197 0.58968
v -0.10097 -0.08219 0.57265
v -0.12875 -0.15204 0.62749
v -0.08016 -0.12609 0.62998
v -0.12071 -0.12613 0.61177
v -0.04416 -0.15201 0.66222
v 0.00402 -0.12591 0.65902
v -0.03194 -0.10247 0.62647
v -0.03854 -0.126 0.64582
v 0.01533 -0.08165 0.61684
v -0.02448 -0.08179 0.60449
v 0.05139 -0.10229 0.64927
v 0.09711 -0.08155 0.63335
v 0.05593 -0.08158 0.62646
v 0.04404 -0.1519 0.68622
v 0.09141 -0.12583 0.6767
v 0.04741 -0.12586 0.66932
v 0.13471 -0.15186 0.69835
v 0.18047 -0.12582 0.68265
v 0.13717 -0.10225 0.66074
v 0.13584 -0.12582 0.68115
v 0.18046 -0.08156 0.63889
v 0.13869 -0.08155 0.6375
v 0.22377 -0.10226 0.66078
v 0.26385 -0.08157 0.63343
v 0.22224 -0.08157 0.63753
v 0.22624 -0.15185 0.69842
v 0.26956 -0.12582 0.67683
v 0.22511 -0.12582 0.6812
v 0.317 -0.15185 0.68648
v 0.35714 -0.12582 0.65942
v 0.30964 -0.10227 0.64948
v 0.31364 -0.12582 0.66956
v 0.34581 -0.08158 0.61714
v 0.3051 -0.08158 0.62663
v 0.39331 -0.10227 0.62706
v 0.42495 -0.08158 0.59026
v 0.38582 -0.08158 0.60499
v 0.40544 -0.15185 0.66278
v 0.4417 -0.12582 0.6307
v 0.39989 -0.12582 0.64644
v 0.49002 -0.15185 0.62774
v 0.52179 -0.12582 0.59122
v 0.47334 -0.10227 0.59391
v 0.48239 -0.12582 0.61227
v 0.49991 -0.08158 0.55331
v 0.46303 -0.08158 0.57301
v 0.54835 -0.10227 0.5506
v 0.56939 -0.08158 0.50687
v 0.53541 -0.08158 0.53122
v 0.56931 -0.15185 0.58197
v 0.59603 -0.12582 0.54159
v 0.55972 -0.12582 0.56762
v 0.64195 -0.15185 0.52623
v 0.66318 -0.12582 0.48273
v 0.61707 -0.10227 0.49787
v 0.63057 -0.12582 0.51326
v 0.63223 -0.08158 0.45177
v 0.60171 -0.08158 0.48035
v 0.67832 -0.10227 0.43662
v 0.68749 -0.08131 0.38924
v 0.6608 -0.08158 0.42125
v 0.70669 -0.15185 0.46149
v 0.72239 -0.12559 0.41572
v 0.69371 -0.12582 0.45011
v 0.7641 -0.15103 0.38908
v 0.77514 -0.12346 0.3427
v 0.73208 -0.10125 0.36881
v 0.74946 -0.12488 0.37982
v 0.73542 -0.07889 0.32249
v 0.71234 -0.0805 0.35617
v 0.7795 -0.09714 0.29745
v 0.77659 -0.07061 0.25541
v 0.75678 -0.07619 0.28866
v 0.8166 -0.14772 0.31067
v 0.82312 -0.11577 0.26581
v 0.79966 -0.1211 0.30467
v 0.86611 -0.13464 0.22547
v 0.86481 -0.08509 0.1895
v 0.821 -0.08072 0.22681
v 0.84565 -0.10545 0.22625
v 0.8122 -0.04349 0.19365
v 0.79501 -0.06031 0.22349
v -0.57892 -0.12733 0.22722
v -0.55648 -0.17574 0.28333
v -0.5168 -0.14494 0.33212
v -0.54829 -0.13499 0.28134
v -0.58392 -0.21385 0.22941
v -0.55453 -0.25655 0.27884
v -0.53051 -0.22036 0.33308
v -0.55856 -0.21666 0.28281
v -0.49975 -0.2612 0.37408
v -0.47075 -0.22842 0.42005
v -0.49632 -0.18805 0.38018
v -0.50087 -0.22445 0.37917
v -0.45522 -0.16069 0.4176
v -0.48575 -0.15352 0.37792
v -0.43568 -0.19827 0.45425
v -0.39516 -0.17079 0.47719
v -0.42529 -0.16638 0.45
v -0.44203 -0.26593 0.45076
v -0.41144 -0.23458 0.4847
v -0.44127 -0.2318 0.4547
v -0.38201 -0.26943 0.51067
v -0.34689 -0.23839 0.53708
v -0.37418 -0.20472 0.50827
v -0.3803 -0.23677 0.51163
v -0.33109 -0.17647 0.52428
v -0.36403 -0.17409 0.50126
v -0.30454 -0.20815 0.55722
v -0.25778 -0.17911 0.57269
v -0.29554 -0.17809 0.54833
v -0.31213 -0.2713 0.56395
v -0.27094 -0.24006 0.58781
v -0.31023 -0.23945 0.56264
v -0.23123 -0.2718 0.61412
v -0.18694 -0.24047 0.63492
v -0.22519 -0.20946 0.60607
v -0.22964 -0.24036 0.61207
v -0.17728 -0.17997 0.61939
v -0.21823 -0.17969 0.59662
v -0.14031 -0.20978 0.64984
v -0.09247 -0.18014 0.65902
v -0.13534 -0.1801 0.64028
v -0.1446 -0.27178 0.65799
v -0.09919 -0.24051 0.67461
v -0.14346 -0.24052 0.65585
v -0.05491 -0.27172 0.69306
v -0.00837 -0.24045 0.70464
v -0.05206 -0.20977 0.68499
v -0.05416 -0.24049 0.69096
v -0.00407 -0.18005 0.68897
v -0.04869 -0.18011 0.67534
v 0.03939 -0.2097 0.70941
v 0.08739 -0.18 0.70731
v 0.04135 -0.18002 0.69964
v 0.03776 -0.27168 0.71745
v 0.0853 -0.24041 0.72317
v 0.03818 -0.24043 0.71539
v 0.13266 -0.27167 0.72996
v 0.18048 -0.24041 0.72953
v 0.13318 -0.20968 0.72186
v 0.13279 -0.24041 0.7279
v 0.18048 -0.17998 0.71355
v 0.13383 -0.17999 0.71196
v 0.22779 -0.20967 0.72195
v 0.2736 -0.17997 0.70748
v 0.22713 -0.17998 0.71205
v 0.22832 -0.27167 0.73006
v 0.27569 -0.24041 0.72334
v 0.22819 -0.24041 0.728
v 0.3232 -0.27167 0.71761
v 0.36929 -0.24041 0.70476
v 0.32161 -0.20967 0.70963
v 0.3228 -0.24041 0.71558
v 0.36515 -0.17998 0.68929
v 0.31967 -0.17997 0.69988
v 0.41303 -0.20967 0.68514
v 0.45353 -0.17998 0.65927
v 0.40983 -0.17998 0.67573
v 0.41565 -0.27167 0.69285
v 0.45966 -0.24041 0.67407
v 0.41498 -0.24041 0.69089
v 0.50407 -0.27167 0.65623
v 0.54526 -0.24041 0.63187
v 0.50047 -0.20967 0.64892
v 0.50315 -0.24041 0.65437
v 0.53726 -0.17998 0.618
v 0.49607 -0.17998 0.64
v 0.58243 -0.20967 0.6016
v 0.61486 -0.17998 0.56613
v 0.57691 -0.17998 0.59333
v 0.58696 -0.27167 0.60837
v 0.62461 -0.24041 0.57884
v 0.5858 -0.24041 0.60665
v 0.66289 -0.27167 0.55011
v 0.69637 -0.24041 0.51592
v 0.65752 -0.20967 0.54398
v 0.66152 -0.24041 0.54855
v 0.68505 -0.17998 0.50459
v 0.65096 -0.17998 0.53651
v 0.72444 -0.20967 0.47706
v 0.74704 -0.17981 0.43442
v 0.71696 -0.17998 0.47051
v 0.73056 -0.27167 0.48243
v 0.75974 -0.24033 0.44415
v 0.72901 -0.24041 0.48107
v 0.79043 -0.27152 0.40648
v 0.81682 -0.23967 0.3647
v 0.78394 -0.20919 0.40194
v 0.7889 -0.24011 0.40531
v 0.80306 -0.17833 0.3569
v 0.77563 -0.17932 0.39649
v 0.83878 -0.2073 0.31983
v 0.85524 -0.17363 0.27296
v 0.82968 -0.17667 0.31581
v 0.84469 -0.27093 0.3235
v 0.86901 -0.23815 0.27886
v 0.84382 -0.23893 0.32248
v 0.89113 -0.27025 0.23497
v 0.91046 -0.23743 0.18835
v 0.88745 -0.20381 0.23179
v 0.89152 -0.23757 0.23408
v 0.9011 -0.16447 0.18225
v 0.87951 -0.16846 0.22812
v -0.56578 -0.29331 0.2193
v -0.52947 -0.32934 0.25917
v -0.5199 -0.29537 0.31894
v -0.54438 -0.29417 0.27044
v -0.5283 -0.36161 0.19908
v -0.49086 -0.39155 0.23421
v -0.491 -0.36223 0.29237
v -0.51118 -0.36186 0.24658
v -0.45174 -0.39207 0.321
v -0.44392 -0.36307 0.3769
v -0.48255 -0.33075 0.35088
v -0.46837 -0.36266 0.33598
v -0.46568 -0.29825 0.4053
v -0.49333 -0.29678 0.36412
v -0.42977 -0.33231 0.42932
v -0.40931 -0.30085 0.47465
v -0.43795 -0.29962 0.44183
v -0.40409 -0.39239 0.39924
v -0.39091 -0.3637 0.44966
v -0.41823 -0.36342 0.41465
v -0.34868 -0.39234 0.46811
v -0.32963 -0.36395 0.5131
v -0.37186 -0.33353 0.49491
v -0.36151 -0.36388 0.48233
v -0.34603 -0.3026 0.53302
v -0.37894 -0.30186 0.50472
v -0.30376 -0.33405 0.55304
v -0.27072 -0.30317 0.58683
v -0.30974 -0.30301 0.56049
v -0.28366 -0.39207 0.52929
v -0.25759 -0.36379 0.56997
v -0.29484 -0.36391 0.54238
v -0.20956 -0.39173 0.58298
v -0.17753 -0.36351 0.61926
v -0.22515 -0.33395 0.60542
v -0.21833 -0.36365 0.59566
v -0.18699 -0.30309 0.63488
v -0.22959 -0.30317 0.61173
v -0.14049 -0.33375 0.65005
v -0.09928 -0.30299 0.67477
v -0.14354 -0.30303 0.65596
v -0.12919 -0.39151 0.62782
v -0.09273 -0.36337 0.65943
v -0.13564 -0.36342 0.64057
v -0.0444 -0.39146 0.66262
v -0.00418 -0.36334 0.68917
v -0.05218 -0.33367 0.68523
v -0.04888 -0.36335 0.67568
v -0.0084 -0.30294 0.70471
v -0.05423 -0.30296 0.69109
v 0.03935 -0.33366 0.70948
v 0.08529 -0.30292 0.72319
v 0.03816 -0.30293 0.71543
v 0.04397 -0.39146 0.68635
v 0.08736 -0.36335 0.70736
v 0.0413 -0.36334 0.69974
v 0.1347 -0.39147 0.69837
v 0.18047 -0.36335 0.71356
v 0.13318 -0.33366 0.72187
v 0.13382 -0.36335 0.71198
v 0.18048 -0.30293 0.72954
v 0.13279 -0.30292 0.72791
v 0.22779 -0.33366 0.72195
v 0.27569 -0.30293 0.72334
v 0.22819 -0.30293 0.728
v 0.22623 -0.39148 0.69842
v 0.2736 -0.36336 0.70748
v 0.22713 -0.36336 0.71205
v 0.317 -0.39148 0.68648
v 0.36515 -0.36336 0.68929
v 0.32161 -0.33367 0.70963
v 0.31967 -0.36336 0.69988
v 0.36929 -0.30293 0.70476
v 0.3228 -0.30293 0.71558
v 0.41303 -0.33367 0.68514
v 0.45966 -0.30293 0.67407
v 0.41498 -0.30293 0.69089
v 0.40544 -0.39148 0.66278
v 0.45353 -0.36336 0.65927
v 0.40983 -0.36336 0.67573
v 0.49002 -0.39148 0.62774
v 0.53726 -0.36336 0.618
v 0.50047 -0.33367 0.64892
v 0.49607 -0.36336 0.64
v 0.54526 -0.30293 0.63187
v 0.50315 -0.30293 0.65437
v 0.58243 -0.33367 0.6016
v 0.62461 -0.30293 0.57884
v 0.5858 -0.30293 0.60665
v 0.56931 -0.39148 0.58197
v 0.61486 -0.36336 0.56613
v 0.57691 -0.36336 0.59333
v 0.64195 -0.39148 0.52623
v 0.68505 -0.36336 0.50459
v 0.65752 -0.33367 0.54398
v 0.65096 -0.36336 0.53651
v 0.69637 -0.30293 0.51592
v 0.66152 -0.30293 0.54855
v 0.72444 -0.33367 0.47706
v 0.75962 -0.30291 0.44415
v 0.72901 -0.30293 0.48107
v 0.70669 -0.39148 0.46149
v 0.74673 -0.36336 0.43441
v 0.71696 -0.36336 0.47051
v 0.76272 -0.39148 0.38886
v 0.79992 -0.36336 0.3568
v 0.78299 -0.33365 0.40197
v 0.77437 -0.36336 0.39645
v 0.81557 -0.30278 0.36479
v 0.7884 -0.30287 0.40534
v 0.83407 -0.33359 0.32
v 0.86492 -0.30248 0.27914
v 0.84131 -0.30263 0.32266
v 0.80966 -0.39148 0.30957
v 0.84441 -0.36336 0.27308
v 0.82339 -0.36336 0.31562
v 0.84646 -0.39148 0.22498
v 0.87765 -0.36336 0.18469
v 0.87595 -0.33352 0.23255
v 0.86262 -0.36336 0.22938
v 0.90292 -0.30233 0.18874
v 0.88569 -0.30236 0.23444
v -0.48387 -0.41807 0.17991
v -0.44796 -0.44175 0.21423
v -0.45303 -0.41839 0.26628
v -0.46988 -0.41821 0.22361
v -0.43708 -0.462 0.16532
v -0.40013 -0.4791 0.19688
v -0.4099 -0.46216 0.24486
v -0.4248 -0.46208 0.20551
v -0.36936 -0.47922 0.27112
v -0.3727 -0.46227 0.32012
v -0.41388 -0.44197 0.29511
v -0.39249 -0.46224 0.28314
v -0.41186 -0.41864 0.34708
v -0.4336 -0.41855 0.30755
v -0.37027 -0.44197 0.37009
v -0.36221 -0.41852 0.41991
v -0.3881 -0.41862 0.38451
v -0.32927 -0.47926 0.34064
v -0.32639 -0.46216 0.38943
v -0.35065 -0.46224 0.35559
v -0.28054 -0.47922 0.40423
v -0.27148 -0.46197 0.4519
v -0.31786 -0.4417 0.43789
v -0.29998 -0.46207 0.42157
v -0.3037 -0.41818 0.48488
v -0.3341 -0.41837 0.45335
v -0.25664 -0.44139 0.49823
v -0.236 -0.41783 0.54228
v -0.27091 -0.418 0.51457
v -0.22384 -0.47917 0.46088
v -0.20853 -0.46182 0.50674
v -0.24093 -0.46189 0.48032
v -0.16013 -0.47916 0.50967
v -0.13886 -0.46174 0.55309
v -0.18752 -0.44116 0.55049
v -0.17444 -0.46177 0.53103
v -0.16095 -0.41758 0.59118
v -0.19926 -0.41769 0.56786
v -0.11224 -0.44105 0.59366
v -0.08061 -0.41749 0.63048
v -0.12136 -0.41752 0.61209
v -0.09064 -0.47916 0.54979
v -0.0639 -0.46172 0.59009
v -0.10197 -0.46172 0.57281
v -0.01658 -0.47919 0.58054
v 0.01515 -0.46174 0.61706
v -0.03226 -0.44104 0.62688
v -0.02481 -0.46173 0.60487
v 0.00386 -0.41749 0.65927
v -0.03882 -0.41748 0.64624
v 0.05131 -0.44105 0.6494
v 0.09138 -0.4175 0.67676
v 0.04733 -0.41749 0.66945
v 0.06085 -0.4792 0.60134
v 0.09707 -0.46175 0.63341
v 0.05584 -0.46175 0.62658
v 0.14035 -0.4792 0.61183
v 0.18046 -0.46176 0.6389
v 0.13715 -0.44106 0.66076
v 0.13867 -0.46175 0.63752
v 0.18046 -0.41751 0.68266
v 0.13582 -0.4175 0.68117
v 0.22376 -0.44106 0.66078
v 0.26956 -0.41751 0.67683
v 0.2251 -0.41751 0.6812
v 0.22056 -0.4792 0.61183
v 0.26385 -0.46176 0.63343
v 0.22224 -0.46176 0.63753
v 0.30007 -0.4792 0.60136
v 0.34581 -0.46176 0.61714
v 0.30964 -0.44106 0.64948
v 0.3051 -0.46176 0.62662
v 0.35714 -0.41751 0.65942
v 0.31364 -0.41751 0.66955
v 0.39331 -0.44106 0.62706
v 0.4417 -0.41751 0.6307
v 0.39989 -0.41751 0.64644
v 0.37754 -0.4792 0.5806
v 0.42495 -0.46176 0.59026
v 0.38582 -0.46176 0.60499
v 0.45164 -0.4792 0.54991
v 0.49991 -0.46176 0.55331
v 0.47334 -0.44106 0.59391
v 0.46303 -0.46176 0.57301
v 0.52179 -0.41751 0.59122
v 0.48239 -0.41751 0.61227
v 0.54835 -0.44106 0.5506
v 0.59603 -0.41751 0.54159
v 0.55972 -0.41751 0.56762
v 0.5211 -0.4792 0.50981
v 0.56939 -0.46176 0.50687
v 0.53541 -0.46176 0.53122
v 0.58473 -0.4792 0.46098
v 0.63223 -0.46176 0.45177
v 0.61707 -0.44106 0.49787
v 0.60171 -0.46176 0.48035
v 0.66318 -0.41751 0.48273
v 0.63057 -0.41751 0.51326
v 0.67832 -0.44106 0.43662
v 0.72208 -0.41751 0.41558
v 0.69371 -0.41751 0.45011
v 0.64144 -0.4792 0.40427
v 0.68732 -0.46176 0.38893
v 0.6608 -0.46176 0.42125
v 0.69026 -0.4792 0.34064
v 0.73376 -0.46176 0.31945
v 0.73108 -0.44106 0.3679
v 0.71168 -0.46176 0.35495
v 0.77196 -0.41751 0.34134
v 0.74819 -0.41751 0.37927
v 0.77451 -0.44106 0.29288
v 0.81209 -0.41751 0.26124
v 0.79331 -0.41751 0.30194
v 0.73037 -0.4792 0.27119
v 0.77071 -0.46176 0.24449
v 0.75346 -0.46176 0.28258
v 0.76106 -0.4792 0.19709
v 0.79759 -0.46176 0.16536
v 0.80783 -0.44106 0.21286
v 0.78545 -0.46176 0.20537
v 0.84145 -0.41751 0.17669
v 0.82818 -0.41751 0.21944
v -0.38473 -0.49269 0.15119
v -0.3458 -0.50275 0.17836
v -0.36018 -0.49277 0.22363
v -0.37364 -0.49273 0.1878
v -0.32699 -0.50895 0.13582
v -0.28781 -0.51115 0.15885
v -0.30496 -0.50898 0.20082
v -0.31704 -0.50896 0.16868
v -0.2631 -0.51117 0.21857
v -0.27463 -0.50902 0.26244
v -0.31806 -0.50281 0.24547
v -0.29081 -0.509 0.23211
v -0.32637 -0.49285 0.29232
v -0.3444 -0.49282 0.25852
v -0.28175 -0.50286 0.30849
v -0.28386 -0.49289 0.35606
v -0.30616 -0.49287 0.32488
v -0.23077 -0.51119 0.27461
v -0.23644 -0.50906 0.31967
v -0.25648 -0.50904 0.29167
v -0.19137 -0.51121 0.326
v -0.1911 -0.50909 0.37148
v -0.23747 -0.50291 0.36632
v -0.21461 -0.50908 0.34632
v -0.2334 -0.49291 0.41373
v -0.25958 -0.4929 0.38572
v -0.18605 -0.50296 0.41785
v -0.17581 -0.49294 0.46425
v -0.20544 -0.49292 0.43993
v -0.14562 -0.51123 0.3718
v -0.13942 -0.50914 0.41686
v -0.166 -0.50912 0.39502
v -0.0943 -0.51126 0.41121
v -0.08228 -0.50917 0.45509
v -0.12836 -0.503 0.46218
v -0.11147 -0.50916 0.43691
v -0.11215 -0.49297 0.50682
v -0.14467 -0.49295 0.48657
v -0.0654 -0.50304 0.49856
v -0.04349 -0.493 0.54071
v -0.07837 -0.49298 0.52488
v -0.03828 -0.51127 0.44356
v -0.02064 -0.50919 0.4855
v -0.05196 -0.50918 0.4713
v 0.02148 -0.51128 0.46833
v 0.04444 -0.5092 0.50761
v 0.00177 -0.50306 0.52642
v 0.01154 -0.5092 0.49762
v 0.02897 -0.49302 0.56536
v -0.00766 -0.49301 0.55422
v 0.072 -0.50307 0.54525
v 0.10406 -0.49302 0.5803
v 0.06627 -0.49302 0.57406
v 0.08397 -0.51128 0.48507
v 0.11186 -0.5092 0.52101
v 0.07793 -0.5092 0.51541
v 0.14811 -0.51128 0.49352
v 0.18045 -0.5092 0.52552
v 0.14409 -0.50307 0.55474
v 0.14608 -0.5092 0.52439
v 0.18045 -0.49302 0.58532
v 0.14217 -0.49302 0.58406
v 0.21681 -0.50307 0.55474
v 0.25685 -0.49302 0.5803
v 0.21874 -0.49302 0.58406
v 0.2128 -0.51128 0.49351
v 0.24905 -0.5092 0.52101
v 0.21482 -0.5092 0.52438
v 0.27694 -0.51128 0.48507
v 0.31647 -0.5092 0.50761
v 0.28891 -0.50307 0.54525
v 0.28298 -0.5092 0.51541
v 0.33195 -0.49302 0.56538
v 0.29464 -0.49302 0.57407
v 0.35915 -0.50307 0.52643
v 0.40444 -0.49302 0.54075
v 0.3686 -0.49302 0.55425
v 0.33943 -0.51128 0.46833
v 0.38156 -0.5092 0.4855
v 0.34937 -0.5092 0.49762
v 0.3992 -0.51128 0.44357
v 0.44321 -0.5092 0.45511
v 0.42634 -0.50307 0.4986
v 0.41288 -0.5092 0.47131
v 0.47311 -0.49302 0.5069
v 0.43933 -0.49302 0.52495
v 0.48931 -0.50307 0.46224
v 0.53677 -0.49302 0.46436
v 0.50564 -0.49302 0.48667
v 0.45522 -0.51128 0.41122
v 0.50036 -0.5092 0.41691
v 0.47241 -0.5092 0.43694
v 0.50655 -0.51128 0.37184
v 0.55205 -0.5092 0.3716
v 0.547 -0.50307 0.41797
v 0.52695 -0.5092 0.3951
v 0.59434 -0.49302 0.41388
v 0.56638 -0.49302 0.44006
v 0.59842 -0.50307 0.36655
v 0.64481 -0.49302 0.35631
v 0.62052 -0.49302 0.38592
v 0.55229 -0.51128 0.3261
v 0.59737 -0.5092 0.31991
v 0.57555 -0.5092 0.34649
v 0.59168 -0.51128 0.27477
v 0.63556 -0.5092 0.26276
v 0.64269 -0.50307 0.30886
v 0.6174 -0.5092 0.29196
v 0.68736 -0.49302 0.29266
v 0.66712 -0.49302 0.32518
v 0.67905 -0.50307 0.24588
v 0.72121 -0.49302 0.22399
v 0.7054 -0.49302 0.25888
v 0.62402 -0.51128 0.21874
v 0.66596 -0.5092 0.2011
v 0.65177 -0.5092 0.23243
v 0.64878 -0.51128 0.15898
v 0.68806 -0.5092 0.13601
v 0.70688 -0.50307 0.1787
v 0.67807 -0.5092 0.16892
v 0.74583 -0.49302 0.15149
v 0.73471 -0.49302 0.18814
v -0.26736 -0.5091 0.11996
v -0.22978 -0.50297 0.13924
v -0.24788 -0.5091 0.17736
v -0.25856 -0.5091 0.14898
v -0.20966 -0.49291 0.10453
v -0.17567 -0.47906 0.12088
v -0.19268 -0.4929 0.15455
v -0.20199 -0.4929 0.12982
v -0.15684 -0.47906 0.16633
v -0.16932 -0.4929 0.20193
v -0.20811 -0.50297 0.19159
v -0.18177 -0.4929 0.17862
v -0.22108 -0.50911 0.23174
v -0.23537 -0.50911 0.20498
v -0.17977 -0.50297 0.24066
v -0.18738 -0.50912 0.28219
v -0.20505 -0.50911 0.25751
v -0.13224 -0.47906 0.20893
v -0.13996 -0.49291 0.24585
v -0.15536 -0.49291 0.22437
v -0.10229 -0.47907 0.24796
v -0.10513 -0.49291 0.28558
v -0.14527 -0.50298 0.28564
v -0.12319 -0.49291 0.26629
v -0.14739 -0.50913 0.32782
v -0.16812 -0.50913 0.30566
v -0.10519 -0.50299 0.32572
v -0.10178 -0.50915 0.36782
v -0.12524 -0.50914 0.34857
v -0.06751 -0.47907 0.28275
v -0.06541 -0.49291 0.32042
v -0.08584 -0.49291 0.30365
v -0.02848 -0.47907 0.3127
v -0.02149 -0.49291 0.34977
v -0.06024 -0.50299 0.36022
v -0.04393 -0.49291 0.33581
v -0.05137 -0.50916 0.40153
v -0.07713 -0.50915 0.3855
v -0.01116 -0.50299 0.38856
v 0.00303 -0.50916 0.42835
v -0.02461 -0.50916 0.41583
v 0.01412 -0.47907 0.3373
v 0.0259 -0.49291 0.37313
v 0.00182 -0.49291 0.36223
v 0.05957 -0.47907 0.35612
v 0.07592 -0.49291 0.39012
v 0.0412 -0.50299 0.41025
v 0.05063 -0.49291 0.38244
v 0.06045 -0.50916 0.44785
v 0.03142 -0.50916 0.43904
v 0.09593 -0.50299 0.42491
v 0.11994 -0.50916 0.45967
v 0.09 -0.50916 0.45473
v 0.10708 -0.47907 0.36885
v 0.12774 -0.49291 0.40042
v 0.10166 -0.49291 0.39611
v 0.15586 -0.47907 0.37528
v 0.18045 -0.49291 0.40388
v 0.15212 -0.50299 0.43231
v 0.15404 -0.49291 0.40301
v 0.18045 -0.50916 0.46365
v 0.15013 -0.50916 0.46265
v 0.20879 -0.50299 0.43231
v 0.24097 -0.50916 0.45967
v 0.21078 -0.50916 0.46265
v 0.20505 -0.47907 0.37528
v 0.23317 -0.49291 0.40042
v 0.20687 -0.49291 0.40301
v 0.25382 -0.47907 0.36885
v 0.28499 -0.49291 0.39012
v 0.26498 -0.50299 0.42491
v 0.25925 -0.49291 0.39611
v 0.30046 -0.50916 0.44785
v 0.27091 -0.50916 0.45473
v 0.31971 -0.50299 0.41025
v 0.35788 -0.50916 0.42835
v 0.32949 -0.50916 0.43904
v 0.30134 -0.47907 0.35612
v 0.33501 -0.49291 0.37313
v 0.31028 -0.49291 0.38244
v 0.34679 -0.47907 0.3373
v 0.38239 -0.49291 0.34977
v 0.37207 -0.50299 0.38856
v 0.35908 -0.49291 0.36223
v 0.41228 -0.50916 0.40153
v 0.38552 -0.50916 0.41583
v 0.42115 -0.50299 0.36022
v 0.4627 -0.50916 0.36783
v 0.43804 -0.50916 0.3855
v 0.38939 -0.47907 0.3127
v 0.42632 -0.49291 0.32041
v 0.40484 -0.49291 0.33581
v 0.42842 -0.47907 0.28275
v 0.46604 -0.49291 0.28559
v 0.46611 -0.50299 0.32572
v 0.44675 -0.49291 0.30365
v 0.5083 -0.50916 0.32785
v 0.48616 -0.50916 0.34858
v 0.50618 -0.50299 0.28565
v 0.54828 -0.50916 0.28225
v 0.52904 -0.50916 0.3057
v 0.46321 -0.47907 0.24797
v 0.50087 -0.49291 0.24586
v 0.4841 -0.49291 0.26629
v 0.49315 -0.47907 0.20894
v 0.53022 -0.49291 0.20194
v 0.54068 -0.50299 0.24069
v 0.51626 -0.49291 0.22438
v 0.58198 -0.50916 0.23182
v 0.56596 -0.50916 0.25759
v 0.56901 -0.50299 0.19162
v 0.6088 -0.50916 0.17743
v 0.59628 -0.50916 0.20506
v 0.51775 -0.47907 0.16634
v 0.55358 -0.49291 0.15455
v 0.54268 -0.49291 0.17863
v 0.53658 -0.47907 0.12089
v 0.57057 -0.49291 0.10453
v 0.5907 -0.50299 0.13926
v 0.5629 -0.49291 0.12982
v 0.6283 -0.50916 0.12
v 0.61949 -0.50916 0.14903
v -0.15799 -0.46159 0.09067
v -0.12932 -0.44089 0.10511
v -0.14325 -0.4616 0.13407
v -0.15132 -0.4616 0.11261
v -0.11586 -0.41733 0.07931
v -0.09378 -0.39132 0.09289
v -0.10294 -0.41733 0.11729
v -0.11002 -0.41733 0.0985
v -0.07925 -0.39131 0.12789
v -0.08518 -0.41733 0.15329
v -0.11294 -0.44089 0.14465
v -0.09465 -0.41733 0.13558
v -0.12298 -0.4616 0.17518
v -0.13378 -0.4616 0.15495
v -0.09154 -0.44089 0.18171
v -0.09751 -0.4616 0.21328
v -0.11087 -0.4616 0.19465
v -0.06029 -0.3913 0.16072
v -0.06288 -0.41733 0.18666
v -0.07458 -0.41733 0.17034
v -0.03721 -0.3913 0.1908
v -0.03642 -0.41733 0.21685
v -0.06549 -0.44089 0.21567
v -0.05014 -0.41733 0.20219
v -0.0673 -0.4616 0.24775
v -0.08297 -0.4616 0.23101
v -0.03523 -0.44089 0.24594
v -0.03284 -0.4616 0.27797
v -0.05056 -0.4616 0.26342
v -0.01042 -0.3913 0.21762
v -0.00625 -0.41733 0.24331
v -0.02177 -0.41733 0.23058
v 0.01962 -0.3913 0.2407
v 0.0271 -0.41733 0.26562
v -0.00128 -0.44089 0.27199
v 0.01006 -0.41733 0.25501
v 0.00527 -0.46159 0.30344
v -0.0142 -0.4616 0.29132
v 0.03577 -0.44089 0.29339
v 0.04637 -0.46159 0.3237
v 0.02549 -0.46159 0.31424
v 0.05241 -0.39131 0.25965
v 0.06308 -0.41733 0.28336
v 0.0448 -0.41733 0.27508
v 0.0874 -0.39131 0.27415
v 0.10107 -0.41733 0.29626
v 0.0753 -0.44089 0.30976
v 0.08187 -0.41733 0.29043
v 0.08977 -0.46159 0.33844
v 0.06783 -0.46159 0.33178
v 0.11664 -0.44089 0.32084
v 0.13472 -0.46159 0.34737
v 0.1121 -0.46159 0.34364
v 0.12397 -0.39131 0.28395
v 0.14042 -0.41733 0.30409
v 0.12062 -0.41733 0.30082
v 0.16152 -0.39131 0.28889
v 0.18045 -0.41733 0.30672
v 0.15906 -0.44089 0.32642
v 0.1604 -0.41733 0.30606
v 0.18045 -0.46159 0.35037
v 0.15754 -0.46159 0.34962
v 0.20185 -0.44089 0.32642
v 0.22619 -0.46159 0.34737
v 0.20337 -0.46159 0.34962
v 0.19939 -0.39131 0.28889
v 0.22049 -0.41733 0.30408
v 0.20051 -0.41733 0.30606
v 0.23694 -0.39131 0.28395
v 0.25984 -0.41733 0.29626
v 0.24427 -0.44089 0.32084
v 0.24029 -0.41733 0.30082
v 0.27114 -0.46159 0.33844
v 0.24881 -0.46159 0.34364
v 0.2856 -0.44089 0.30976
v 0.31454 -0.46159 0.3237
v 0.29308 -0.46159 0.33178
v 0.27351 -0.39131 0.27415
v 0.29783 -0.41733 0.28336
v 0.27904 -0.41733 0.29043
v 0.3085 -0.39131 0.25965
v 0.33381 -0.41733 0.26562
v 0.32514 -0.44089 0.29339
v 0.31611 -0.41733 0.27508
v 0.35564 -0.46159 0.30343
v 0.33542 -0.46159 0.31424
v 0.36219 -0.44089 0.27199
v 0.39375 -0.46159 0.27797
v 0.37511 -0.46159 0.29132
v 0.3413 -0.39131 0.24072
v 0.36717 -0.41733 0.24333
v 0.35085 -0.41733 0.25502
v 0.37134 -0.39131 0.21766
v 0.39733 -0.41733 0.21688
v 0.39614 -0.44089 0.24594
v 0.38268 -0.41733 0.2306
v 0.42821 -0.46159 0.24775
v 0.41147 -0.46159 0.26342
v 0.4264 -0.44089 0.21569
v 0.45842 -0.46159 0.21329
v 0.44388 -0.46159 0.23102
v 0.39812 -0.39131 0.19089
v 0.42378 -0.41733 0.18671
v 0.41105 -0.41733 0.20223
v 0.42117 -0.39131 0.16084
v 0.44608 -0.41733 0.15336
v 0.45245 -0.44089 0.18174
v 0.43548 -0.41733 0.1704
v 0.48389 -0.46159 0.17519
v 0.47178 -0.46159 0.19465
v 0.47384 -0.44089 0.14468
v 0.50415 -0.46159 0.13408
v 0.49469 -0.46159 0.15497
v 0.44011 -0.39131 0.12805
v 0.46382 -0.41733 0.11737
v 0.45554 -0.41733 0.13565
v 0.4546 -0.39131 0.09306
v 0.47672 -0.41733 0.07938
v 0.49022 -0.44089 0.10515
v 0.47089 -0.41733 0.09859
v 0.51889 -0.46159 0.09068
v 0.51223 -0.46159 0.11262
v -0.08625 -0.36324 0.07114
v -0.07167 -0.3336 0.08512
v -0.07457 -0.36322 0.10529
v -0.08097 -0.36323 0.08839
v -0.07099 -0.30297 0.06694
v -0.05995 -0.30294 0.0991
v -0.066 -0.30295 0.08319
v -0.04481 -0.30291 0.12963
v -0.05826 -0.33357 0.11727
v -0.05288 -0.30292 0.1146
v -0.05855 -0.3632 0.13769
v -0.06709 -0.36321 0.12175
v -0.04079 -0.33355 0.14747
v -0.03845 -0.36319 0.16776
v -0.04899 -0.3632 0.15305
v -0.02585 -0.3029 0.15798
v -0.03579 -0.30291 0.14411
v -0.00339 -0.3029 0.18364
v -0.01955 -0.33355 0.17517
v -0.01503 -0.3029 0.17118
v -0.01463 -0.3632 0.19497
v -0.02698 -0.36319 0.18175
v 0.00508 -0.33355 0.19986
v 0.01252 -0.3632 0.21882
v -0.00144 -0.3632 0.20734
v 0.02221 -0.30287 0.20612
v 0.00905 -0.30289 0.1953
v 0.05049 -0.30285 0.22507
v 0.03269 -0.33355 0.2211
v 0.03604 -0.30286 0.21606
v 0.04251 -0.36321 0.23891
v 0.02719 -0.3632 0.22936
v 0.06282 -0.33355 0.23854
v 0.07488 -0.36321 0.25488
v 0.05844 -0.36321 0.24743
v 0.08099 -0.30286 0.24014
v 0.06549 -0.30285 0.2331
v 0.11318 -0.30287 0.25109
v 0.09496 -0.33356 0.25187
v 0.0969 -0.30286 0.24614
v 0.10905 -0.36321 0.2665
v 0.09177 -0.36321 0.26125
v 0.12856 -0.33356 0.26089
v 0.14444 -0.36321 0.27353
v 0.12663 -0.36321 0.27059
v 0.14652 -0.30287 0.25773
v 0.12974 -0.30287 0.25496
v 0.18045 -0.30287 0.25996
v 0.16306 -0.33356 0.26543
v 0.16345 -0.30287 0.2594
v 0.18045 -0.36321 0.2759
v 0.16241 -0.36321 0.27531
v 0.19785 -0.33356 0.26543
v 0.21646 -0.36321 0.27353
v 0.1985 -0.36321 0.2753
v 0.21438 -0.30287 0.25773
v 0.19746 -0.30287 0.2594
v 0.24774 -0.30287 0.2511
v 0.23235 -0.33356 0.26089
v 0.23117 -0.30287 0.25496
v 0.25186 -0.36321 0.2665
v 0.23428 -0.36321 0.27059
v 0.26596 -0.33356 0.25188
v 0.28603 -0.36321 0.25489
v 0.26914 -0.36321 0.26125
v 0.27993 -0.30287 0.24016
v 0.26401 -0.30287 0.24616
v 0.31043 -0.30287 0.22513
v 0.2981 -0.33356 0.23857
v 0.29543 -0.30287 0.23314
v 0.3184 -0.36321 0.23893
v 0.30248 -0.36321 0.24744
v 0.32823 -0.33356 0.22117
v 0.34841 -0.36321 0.21888
v 0.33373 -0.36321 0.2294
v 0.3387 -0.30287 0.20623
v 0.32488 -0.30287 0.21614
v 0.36427 -0.30287 0.18382
v 0.35584 -0.33356 0.19999
v 0.35185 -0.30287 0.19544
v 0.37554 -0.36321 0.19509
v 0.36236 -0.36321 0.20743
v 0.38044 -0.33356 0.17539
v 0.39933 -0.36321 0.16795
v 0.38788 -0.36321 0.18191
v 0.38669 -0.30287 0.15825
v 0.3759 -0.30287 0.1714
v 0.40558 -0.30287 0.12998
v 0.40162 -0.33356 0.14778
v 0.3966 -0.30287 0.14442
v 0.41939 -0.36321 0.13795
v 0.40985 -0.36321 0.15328
v 0.41902 -0.33356 0.11765
v 0.43535 -0.36321 0.10558
v 0.4279 -0.36321 0.12202
v 0.42062 -0.30287 0.09948
v 0.4136 -0.30287 0.11497
v 0.43155 -0.30287 0.06728
v 0.43234 -0.33356 0.0855
v 0.42661 -0.30287 0.08356
v 0.44695 -0.36321 0.07141
v 0.44171 -0.36321 0.08868
v -0.22636 0.02489 0.14784
v -0.27236 0.04567 0.16735
v -0.30808 0.02248 0.19906
v -0.26364 0.02414 0.17637
v -0.24195 0.07047 0.13727
v -0.28293 0.09229 0.16408
v -0.32327 0.06542 0.18463
v -0.27902 0.06852 0.16342
v -0.37864 0.08417 0.20175
v -0.42235 0.05298 0.20981
v -0.36399 0.03823 0.20492
v -0.37196 0.06048 0.20029
v -0.40313 0.01051 0.22694
v -0.35517 0.01805 0.21594
v -0.46148 0.02004 0.21881
v -0.4957 -0.01432 0.22969
v -0.45017 -0.00047 0.23199
v -0.48144 0.0655 0.21294
v -0.5185 0.02979 0.20769
v -0.47168 0.04223 0.21259
v -0.57286 0.03922 0.19205
v -0.59874 0.00617 0.17109
v -0.55042 -0.00587 0.20261
v -0.56134 0.01725 0.19417
v -0.57859 -0.04454 0.19504
v -0.53913 -0.03046 0.21863
v -0.24397 0.11829 0.14065
v -0.28239 0.14319 0.17511
v -0.33097 0.11368 0.19198
v -0.28338 0.11659 0.1688
v -0.23955 0.17468 0.1489
v -0.28407 0.21038 0.1826
v -0.33403 0.17183 0.20706
v -0.28195 0.17386 0.18054
v -0.39725 0.20469 0.22931
v -0.45202 0.15881 0.23624
v -0.38773 0.13584 0.21836
v -0.39198 0.16726 0.22634
v -0.43813 0.10086 0.21853
v -0.38359 0.10872 0.20897
v -0.50125 0.11525 0.22803
v -0.54143 0.07531 0.21162
v -0.49145 0.08927 0.21945
v -0.51826 0.1807 0.23517
v -0.56598 0.12737 0.22327
v -0.51034 0.14515 0.23464
v -0.63155 0.13666 0.20259
v -0.65952 0.08382 0.17616
v -0.6009 0.08229 0.19995
v -0.61797 0.10652 0.20391
v -0.6229 0.04585 0.16946
v -0.58596 0.06038 0.19499
v -0.24747 0.25423 0.14702
v -0.30126 0.30049 0.16992
v -0.34457 0.25379 0.20528
v -0.29075 0.25451 0.17882
v -0.27736 0.33865 0.13214
v -0.32551 0.3775 0.13716
v -0.36392 0.34732 0.17589
v -0.31489 0.34254 0.1566
v -0.42835 0.3881 0.16072
v -0.47974 0.33626 0.1921
v -0.41269 0.29842 0.21003
v -0.42096 0.34596 0.18885
v -0.46595 0.24055 0.23136
v -0.40447 0.24988 0.2237
v -0.52962 0.27 0.2074
v -0.58097 0.2014 0.21086
v -0.52453 0.2236 0.22557
v -0.53812 0.35788 0.1516
v -0.58532 0.28963 0.16523
v -0.534 0.31605 0.18222
v -0.63578 0.29876 0.11801
v -0.68547 0.23549 0.1339
v -0.63578 0.21974 0.17277
v -0.63528 0.26134 0.14712
v -0.68902 0.1542 0.1746
v -0.63601 0.17629 0.19173
v -0.73892 0.24809 0.10573
v -0.78632 0.20181 0.13389
v -0.73788 0.17999 0.153
v -0.73746 0.21641 0.13159
v -0.82952 0.21374 0.11365
v -0.85975 0.18046 0.12804
v -0.82668 0.1602 0.14956
v -0.82712 0.18938 0.13453
v -0.85301 0.12571 0.14268
v -0.82062 0.10253 0.14752
v -0.78474 0.13407 0.16073
v -0.82295 0.13036 0.15458
v -0.7426 0.10387 0.16299
v -0.73935 0.14108 0.16583
v 0.89988 -0.06456 0.14276
v 0.88699 -0.00671 0.13361
v 0.85376 -0.03256 0.16587
v 0.87817 -0.04965 0.15908
v 0.90865 0.03161 0.09937
v 0.89372 0.07621 0.09233
v 0.87368 0.04125 0.11818
v 0.89253 0.03614 0.11169
v 0.85928 0.07961 0.09899
v 0.83125 0.04934 0.11696
v 0.84228 0.01241 0.14209
v 0.85297 0.04597 0.11966
v 0.80228 -0.00711 0.16238
v 0.82832 -0.01833 0.16664
v 0.79382 0.0242 0.1316
v 0.7501 0.00619 0.14188
v 0.77604 0.00095 0.15411
v 0.82102 0.07802 0.09181
v 0.78856 0.04982 0.10183
v 0.80937 0.05037 0.11094
v 0.78627 0.0717 0.07441
v 0.755 0.04695 0.0754
v 0.74923 0.02749 0.10689
v 0.77003 0.04843 0.0899
v 0.70463 0.01061 0.10534
v 0.7249 0.00897 0.12575
v 0.90122 0.11052 0.06635
v 0.88218 0.13909 0.05877
v 0.87559 0.111 0.07879
v 0.88951 0.11081 0.07452
v 0.88195 0.15934 0.04181
v 0.86717 0.17494 0.03447
v 0.86379 0.1614 0.04673
v 0.87399 0.16017 0.04559
v 0.84782 0.17809 0.03338
v 0.84071 0.15839 0.04537
v 0.85728 0.1379 0.06217
v 0.85258 0.16072 0.04662
v 0.84373 0.10898 0.07791
v 0.86012 0.11056 0.07972
v 0.8291 0.13184 0.05757
v 0.81117 0.10158 0.06791
v 0.8271 0.10573 0.07392
v 0.82689 0.17255 0.03074
v 0.81695 0.14964 0.04004
v 0.82853 0.15466 0.04307
v 0.80817 0.15962 0.02753
v 0.799 0.13866 0.03182
v 0.80334 0.12213 0.04723
v 0.80687 0.14342 0.03656
v 0.78531 0.09349 0.05039
v 0.79692 0.09725 0.06001
v -0.07725 -0.27179 -0.01682
v -0.07736 -0.24059 -0.03408
v -0.08412 -0.20969 -0.01778
v -0.07953 -0.24052 0
v -0.07899 -0.24055 -0.01708
v -0.07282 -0.27181 -0.05018
v -0.07988 -0.20993 -0.05292
v -0.07463 -0.24065 -0.05092
v -0.0989 -0.15156 -0.06169
v -0.09066 -0.17984 -0.03787
v -0.08812 -0.18008 -0.05642
v -0.10249 -0.15087 -0.02087
v -0.09259 -0.17959 0
v -0.09213 -0.17966 -0.01901
v 0.43339 -0.27167 -0.05031
v 0.43818 -0.24046 -0.03393
v 0.44134 -0.20977 -0.05189
v 0.43541 -0.24046 -0.05071
v 0.4378 -0.27167 -0.01687
v 0.44041 -0.24046 0
v 0.44588 -0.20977 -0.0174
v 0.43985 -0.24046 -0.017
v 0.45635 -0.18012 0
v 0.46935 -0.15203 -0.01893
v 0.45399 -0.18012 -0.03601
v 0.45576 -0.18012 -0.01804
v 0.4644 -0.15203 -0.05648
v 0.45105 -0.18012 -0.05382
v -0.1137 -0.12418 -0.04658
v -0.12748 -0.09864 -0.02647
v -0.11496 -0.1236 0
v -0.1147 -0.12376 -0.02347
v -0.1256 -0.10008 -0.07747
v -0.11177 -0.1248 -0.06898
v -0.15152 -0.0578 -0.09465
v -0.13965 -0.07654 -0.05853
v -0.13923 -0.07765 -0.0863
v -0.14963 -0.05564 -0.03244
v -0.13936 -0.07557 0
v -0.13955 -0.07583 -0.02956
v 0.48454 -0.12601 -0.04003
v 0.50118 -0.10214 -0.0638
v 0.48127 -0.12601 -0.05984
v 0.48717 -0.12601 0
v 0.50663 -0.10207 -0.02139
v 0.48651 -0.12601 -0.02006
v 0.52972 -0.08021 0
v 0.55324 -0.06053 -0.02451
v 0.52707 -0.08035 -0.04567
v 0.52908 -0.08024 -0.02288
v 0.54817 -0.06118 -0.07316
v 0.52364 -0.0805 -0.06827
v -0.15871 -0.03929 -0.06888
v -0.16123 -0.02269 -0.03652
v -0.15541 -0.0381 0
v -0.15645 -0.03839 -0.03477
v -0.17045 -0.02535 -0.10781
v -0.16134 -0.04079 -0.10168
v -0.19106 0.00651 -0.11613
v -0.17114 -0.00815 -0.07545
v -0.18065 -0.01019 -0.11345
v -0.16947 0.00972 -0.03818
v -0.16305 -0.00686 0
v -0.16516 -0.00712 -0.03767
v 0.57712 -0.04346 -0.05241
v 0.60233 -0.02918 -0.08338
v 0.5743 -0.04424 -0.07838
v 0.57881 -0.04275 0
v 0.60458 -0.02704 -0.0277
v 0.57849 -0.04294 -0.02625
v 0.63104 -0.01201 0
v 0.65835 0.00149 -0.02818
v 0.63185 -0.01352 -0.05749
v 0.63128 -0.01237 -0.02847
v 0.66348 -0.00198 -0.08768
v 0.63258 -0.01548 -0.0876
v -0.64908 -0.08938 -0.05569
v -0.63048 -0.12668 -0.11459
v -0.64033 -0.16896 -0.05843
v -0.65021 -0.12757 0
v -0.64506 -0.12734 -0.05739
v -0.60712 -0.0855 -0.16576
v -0.60837 -0.16908 -0.17363
v -0.60737 -0.12562 -0.17142
v -0.59749 -0.25416 -0.17163
v -0.62223 -0.21191 -0.11681
v -0.60549 -0.2124 -0.1739
v -0.62157 -0.25407 -0.05793
v -0.63707 -0.21211 0
v -0.6331 -0.21195 -0.05867
v 0.91552 -0.12162 -0.12837
v 0.9314 -0.16739 -0.0906
v 0.92296 -0.20338 -0.13997
v 0.91863 -0.16496 -0.13635
v 0.9369 -0.12697 -0.04263
v 0.94103 -0.17001 0
v 0.94071 -0.20624 -0.04677
v 0.93873 -0.16923 -0.04521
v 0.94304 -0.2401 0
v 0.93812 -0.27131 -0.04776
v 0.9351 -0.23887 -0.0949
v 0.94109 -0.2397 -0.04754
v 0.92307 -0.27046 -0.14252
v 0.92494 -0.23799 -0.1419
v -0.59594 -0.29291 -0.11162
v -0.58197 -0.32887 -0.05345
v -0.60675 -0.29312 0
v -0.60396 -0.29303 -0.05605
v -0.56396 -0.32874 -0.15873
v -0.58309 -0.29295 -0.1662
v -0.51812 -0.39128 -0.14226
v -0.55146 -0.36155 -0.10075
v -0.54175 -0.36152 -0.15037
v -0.53181 -0.39132 -0.04771
v -0.55934 -0.36166 0
v -0.55735 -0.36162 -0.05053
v 0.92484 -0.30262 -0.09517
v 0.90428 -0.33354 -0.14113
v 0.91589 -0.30245 -0.14225
v 0.93167 -0.30287 0
v 0.91766 -0.33363 -0.04731
v 0.93002 -0.30279 -0.04768
v 0.90343 -0.36336 0
v 0.88357 -0.39148 -0.04578
v 0.89717 -0.36336 -0.09314
v 0.9019 -0.36336 -0.04667
v 0.87133 -0.39148 -0.13655
v 0.88913 -0.36336 -0.13922
v -0.50247 -0.41799 -0.09064
v -0.48254 -0.44157 -0.04346
v -0.50864 -0.41801 0
v -0.5071 -0.418 -0.04541
v -0.47106 -0.44159 -0.12976
v -0.49473 -0.418 -0.13553
v -0.4209 -0.47901 -0.11939
v -0.45342 -0.46194 -0.08327
v -0.44662 -0.46196 -0.12452
v -0.43131 -0.47899 -0.04001
v -0.45885 -0.46193 0
v -0.4575 -0.46193 -0.04171
v 0.85912 -0.41751 -0.08911
v 0.83037 -0.44106 -0.12919
v 0.85176 -0.41751 -0.13318
v 0.86501 -0.41751 0
v 0.8417 -0.44106 -0.04331
v 0.86354 -0.41751 -0.04465
v 0.81936 -0.46176 0
v 0.79228 -0.4792 -0.0401
v 0.81388 -0.46176 -0.08339
v 0.81798 -0.46176 -0.04179
v 0.78182 -0.4792 -0.11962
v 0.80707 -0.46176 -0.12464
v -0.39959 -0.49266 -0.07623
v -0.37396 -0.5027 -0.03629
v -0.40456 -0.49265 0
v -0.40331 -0.49265 -0.03819
v -0.36453 -0.50272 -0.10825
v -0.39339 -0.49267 -0.11394
v -0.30451 -0.51114 -0.09642
v -0.34033 -0.50893 -0.0685
v -0.33476 -0.50894 -0.10238
v -0.31294 -0.51113 -0.03232
v -0.34482 -0.50893 0
v -0.34369 -0.50893 -0.03432
v 0.76076 -0.49302 -0.0764
v 0.7257 -0.50307 -0.10846
v 0.75452 -0.49302 -0.11419
v 0.76577 -0.49302 0
v 0.73519 -0.50307 -0.03636
v 0.76451 -0.49302 -0.03828
v 0.70597 -0.5092 0
v 0.67397 -0.51128 -0.03235
v 0.70146 -0.5092 -0.06859
v 0.70484 -0.5092 -0.03437
v 0.66553 -0.51128 -0.09649
v 0.69587 -0.5092 -0.10252
v -0.27917 -0.50909 -0.0605
v -0.25184 -0.50297 -0.02833
v -0.28314 -0.50909 0
v -0.28214 -0.50909 -0.03031
v -0.24444 -0.50297 -0.08451
v -0.27423 -0.50909 -0.09042
v -0.1884 -0.47906 -0.07337
v -0.21996 -0.49291 -0.05272
v -0.21566 -0.49291 -0.07879
v -0.19482 -0.47906 -0.0246
v -0.22342 -0.49291 0
v -0.22255 -0.49291 -0.02641
v 0.64013 -0.50916 -0.06052
v 0.60537 -0.50299 -0.08452
v 0.63519 -0.50916 -0.09045
v 0.6441 -0.50916 0
v 0.61276 -0.50299 -0.02833
v 0.6431 -0.50916 -0.03032
v 0.58433 -0.49291 0
v 0.55573 -0.47907 -0.0246
v 0.58087 -0.49291 -0.05272
v 0.58347 -0.49291 -0.02641
v 0.54931 -0.47907 -0.07337
v 0.57657 -0.49291 -0.07879
v -0.16692 -0.46159 -0.04572
v -0.146 -0.44089 -0.02138
v -0.16993 -0.46159 0
v -0.16918 -0.46159 -0.02291
v -0.14041 -0.44089 -0.06379
v -0.16319 -0.46159 -0.06834
v -0.10363 -0.39133 -0.05635
v -0.1237 -0.41734 -0.03999
v -0.12043 -0.41734 -0.05977
v -0.1086 -0.39134 -0.01889
v -0.12635 -0.41734 0
v -0.12568 -0.41734 -0.02004
v 0.52782 -0.46159 -0.04573
v 0.50129 -0.44089 -0.06382
v 0.52409 -0.46159 -0.06835
v 0.53083 -0.46159 0
v 0.50688 -0.44089 -0.02139
v 0.53007 -0.46159 -0.02292
v 0.48717 -0.41733 0
v 0.46935 -0.39131 -0.01893
v 0.48454 -0.41733 -0.04003
v 0.48651 -0.41733 -0.02006
v 0.4644 -0.39131 -0.05648
v 0.48127 -0.41733 -0.05984
v -0.09336 -0.36327 -0.03586
v -0.0854 -0.33366 -0.01729
v -0.09576 -0.36328 0
v -0.09515 -0.36327 -0.01796
v -0.08078 -0.33363 -0.05161
v -0.09038 -0.36325 -0.05361
v -0.07771 -0.30299 -0.03373
v -0.0749 -0.30298 -0.05044
v -0.07998 -0.303 0
v -0.07941 -0.30299 -0.0169
v 0.45399 -0.36321 -0.03601
v 0.44134 -0.33356 -0.05189
v 0.45105 -0.36321 -0.05382
v 0.45635 -0.36321 0
v 0.44588 -0.33356 -0.0174
v 0.45576 -0.36321 -0.01804
v 0.44041 -0.30287 0
v 0.43818 -0.30287 -0.03393
v 0.43985 -0.30287 -0.017
v 0.43541 -0.30287 -0.05071
v -0.18458 0.02833 -0.07587
v -0.18148 0.05076 -0.03752
v -0.17249 0.02945 0
v -0.17536 0.02922 -0.03802
v -0.209 0.04882 -0.10903
v -0.2008 0.02659 -0.11341
v -0.21738 0.0957 -0.10665
v -0.19664 0.07305 -0.07299
v -0.21481 0.07198 -0.10676
v -0.18906 0.09736 -0.03692
v -0.18344 0.0739 0
v -0.1865 0.07368 -0.03704
v -0.63804 -0.05572 -0.10569
v -0.62034 -0.02467 -0.14416
v -0.6122 -0.0522 -0.15512
v -0.65984 -0.05769 0
v -0.66005 -0.031 -0.05128
v -0.65419 -0.05734 -0.05353
v -0.67138 -0.01098 0
v -0.67274 0.00554 -0.04811
v -0.65204 -0.00718 -0.09605
v -0.66635 -0.01011 -0.04934
v -0.63911 0.0171 -0.13462
v -0.62924 -0.00186 -0.13751
v -0.66853 0.02294 -0.09371
v -0.66439 0.04719 -0.13709
v -0.65015 0.03309 -0.13495
v -0.68206 0.01367 0
v -0.68756 0.02309 -0.04854
v -0.67889 0.01619 -0.04798
v -0.70247 0.02283 0
v -0.72345 0.03062 -0.05007
v -0.69611 0.04039 -0.09662
v -0.70149 0.02748 -0.04937
v -0.71102 0.06995 -0.14045
v -0.68384 0.06047 -0.13964
v -0.19762 0.12057 -0.07407
v -0.18531 0.14707 -0.03837
v -0.18502 0.12133 0
v -0.18782 0.12114 -0.0375
v -0.21277 0.14562 -0.11176
v -0.21586 0.11961 -0.10876
v -0.21194 0.2115 -0.11501
v -0.1929 0.17651 -0.07743
v -0.21063 0.17562 -0.11429
v -0.18669 0.21351 -0.03924
v -0.18191 0.17746 0
v -0.18409 0.17718 -0.03909
v -0.20299 0.25668 -0.07615
v -0.21247 0.30638 -0.03729
v -0.19426 0.25879 0
v -0.19568 0.2581 -0.0384
v -0.23327 0.30083 -0.10834
v -0.21924 0.25517 -0.11257
v -0.28554 0.37754 -0.10279
v -0.24324 0.34945 -0.07167
v -0.25483 0.34268 -0.10367
v -0.27526 0.39572 -0.03706
v -0.23787 0.35533 0
v -0.23852 0.35378 -0.0366
v -0.32478 0.41837 -0.07669
v -0.38057 0.44838 -0.0422
v -0.32422 0.43054 0
v -0.32414 0.42763 -0.03937
v -0.37718 0.41658 -0.11953
v -0.32703 0.40222 -0.10991
v -0.49105 0.4126 -0.12645
v -0.43774 0.4433 -0.08678
v -0.43391 0.42047 -0.12616
v -0.49771 0.45182 -0.04402
v -0.44066 0.46125 0
v -0.43995 0.45682 -0.04419
v -0.54639 0.41666 -0.07968
v -0.59756 0.4027 -0.03493
v -0.55042 0.43764 0
v -0.54926 0.43222 -0.04032
v -0.59077 0.36242 -0.1029
v -0.54247 0.39165 -0.11709
v -0.68846 0.29821 -0.07931
v -0.64228 0.35306 -0.05922
v -0.63856 0.32968 -0.0887
v -0.69632 0.3325 -0.02627
v -0.64714 0.3732 0
v -0.64559 0.36791 -0.02964
v -0.75388 0.04874 -0.09711
v -0.78864 0.07393 -0.13214
v -0.7484 0.07261 -0.13739
v -0.75655 0.02848 0
v -0.79473 0.03947 -0.04986
v -0.75619 0.03375 -0.05021
v -0.83555 0.04621 0
v -0.86931 0.069 -0.04789
v -0.83021 0.06175 -0.09292
v -0.83409 0.05035 -0.04906
v -0.85351 0.0923 -0.12183
v -0.82438 0.0794 -0.12635
v -0.74826 0.29049 -0.05317
v -0.80857 0.2716 -0.02953
v -0.75479 0.3047 0
v -0.75273 0.30113 -0.02662
v -0.79559 0.25069 -0.08498
v -0.74309 0.27279 -0.07957
v -0.86989 0.20533 -0.09874
v -0.85034 0.23776 -0.06503
v -0.83912 0.22915 -0.09106
v -0.89348 0.20918 -0.03828
v -0.86019 0.24248 0
v -0.85757 0.24169 -0.03381
v -0.8875 0.10522 -0.08807
v -0.88453 0.14549 -0.1175
v -0.87395 0.1159 -0.12034
v -0.89797 0.09523 0
v -0.90985 0.13354 -0.0444
v -0.89542 0.09799 -0.04639
v -0.91293 0.17045 0
v -0.9007 0.17441 -0.07942
v -0.91006 0.17187 -0.04175
v -0.8841 0.17637 -0.10892
v 0.92976 -0.07569 -0.07683
v 0.93714 -0.02543 -0.0341
v 0.93926 -0.07843 0
v 0.93698 -0.07774 -0.03878
v 0.92029 -0.02086 -0.09592
v 0.91724 -0.07227 -0.11341
v 0.91832 0.07341 -0.0664
v 0.93016 0.0269 -0.05636
v 0.92119 0.02863 -0.08037
v 0.93035 0.07299 -0.02397
v 0.93734 0.02594 0
v 0.93554 0.0261 -0.02901
v 0.6882 0.01407 -0.0531
v 0.72107 0.02832 -0.06925
v 0.69348 0.01245 -0.08026
v 0.68487 0.01532 0
v 0.71158 0.02935 -0.02365
v 0.68555 0.01501 -0.02642
v 0.73435 0.04573 0
v 0.75498 0.06519 -0.0168
v 0.73834 0.04576 -0.04002
v 0.73515 0.04569 -0.0203
v 0.76368 0.06673 -0.04848
v 0.7447 0.04612 -0.05858
v 0.91619 0.11099 -0.03766
v 0.90569 0.14178 -0.01539
v 0.92088 0.11154 0
v 0.91974 0.11135 -0.01939
v 0.89867 0.14003 -0.04272
v 0.91006 0.11065 -0.05368
v 0.87445 0.17552 -0.02794
v 0.88871 0.16374 -0.02362
v 0.88642 0.16121 -0.03401
v 0.87518 0.18122 -0.00961
v 0.89069 0.16509 0
v 0.89017 0.16487 -0.0121
v 0.7723 0.08965 -0.02678
v 0.78694 0.11588 -0.03118
v 0.77729 0.09105 -0.03918
v 0.76911 0.08892 0
v 0.78091 0.11462 -0.0108
v 0.76977 0.08904 -0.01359
v 0.78944 0.13931 0
v 0.79782 0.16064 -0.00697
v 0.79121 0.13907 -0.01693
v 0.7898 0.13936 -0.00855
v 0.8004 0.15623 -0.021
v 0.79403 0.13802 -0.02498
v 0.80692 0.17406 -0.01264
v 0.81631 0.1781 -0.01995
v 0.80785 0.16924 -0.01965
v 0.80621 0.17602 0
v 0.81531 0.18612 -0.00597
v 0.80638 0.17587 -0.00618
v 0.82428 0.1928 0
v 0.83355 0.19595 -0.00645
v 0.82488 0.18996 -0.01289
v 0.82442 0.19246 -0.00614
v 0.83539 0.18722 -0.02198
v 0.82569 0.18382 -0.02089
v 0.8432 0.19517 -0.01408
v 0.85426 0.18846 -0.0236
v 0.84483 0.18911 -0.02276
v 0.84244 0.19804 0
v 0.85202 0.19652 -0.00716
v 0.84253 0.19767 -0.00672
v 0.86278 0.19166 0
v 0.86289 0.18936 -0.01628
v 0.86268 0.1914 -0.00805
v 0.86393 0.18427 -0.02489
v -0.08412 -0.20969 0.01778
v -0.07736 -0.24059 0.03408
v -0.07725 -0.27179 0.01682
v -0.07899 -0.24055 0.01708
v -0.10249 -0.15087 0.02087
v -0.09066 -0.17984 0.03787
v -0.09213 -0.17966 0.01901
v -0.0989 -0.15156 0.06169
v -0.07988 -0.20993 0.05292
v -0.08812 -0.18008 0.05642
v -0.07282 -0.27181 0.05018
v -0.07463 -0.24065 0.05092
v 0.44134 -0.20977 0.05189
v 0.43818 -0.24046 0.03393
v 0.43339 -0.27167 0.05031
v 0.43541 -0.24046 0.05071
v 0.4644 -0.15203 0.05648
v 0.45399 -0.18012 0.03601
v 0.45105 -0.18012 0.05382
v 0.46935 -0.15203 0.01893
v 0.44588 -0.20977 0.0174
v 0.45576 -0.18012 0.01804
v 0.4378 -0.27167 0.01687
v 0.43985 -0.24046 0.017
v -0.12748 -0.09864 0.02647
v -0.1137 -0.12418 0.04658
v -0.1147 -0.12376 0.02347
v -0.14963 -0.05564 0.03244
v -0.13965 -0.07654 0.05853
v -0.13955 -0.07583 0.02956
v -0.15152 -0.0578 0.09465
v -0.1256 -0.10008 0.07747
v -0.13923 -0.07765 0.0863
v -0.11177 -0.1248 0.06898
v 0.50118 -0.10214 0.0638
v 0.48454 -0.12601 0.04003
v 0.48127 -0.12601 0.05984
v 0.54817 -0.06118 0.07316
v 0.52707 -0.08035 0.04567
v 0.52364 -0.0805 0.06827
v 0.55324 -0.06053 0.02451
v 0.50663 -0.10207 0.02139
v 0.52908 -0.08024 0.02288
v 0.48651 -0.12601 0.02006
v -0.16123 -0.02269 0.03652
v -0.15871 -0.03929 0.06888
v -0.15645 -0.03839 0.03477
v -0.16947 0.00972 0.03818
v -0.17114 -0.00815 0.07545
v -0.16516 -0.00712 0.03767
v -0.19106 0.00651 0.11613
v -0.17045 -0.02535 0.10781
v -0.18065 -0.01019 0.11345
v -0.16134 -0.04079 0.10168
v 0.60233 -0.02918 0.08338
v 0.57712 -0.04346 0.05241
v 0.5743 -0.04424 0.07838
v 0.66348 -0.00198 0.08768
v 0.63185 -0.01352 0.05749
v 0.63258 -0.01548 0.0876
v 0.65835 0.00149 0.02818
v 0.60458 -0.02704 0.0277
v 0.63128 -0.01237 0.02847
v 0.57849 -0.04294 0.02625
v -0.64033 -0.16896 0.05843
v -0.63048 -0.12668 0.11459
v -0.64908 -0.08938 0.05569
v -0.64506 -0.12734 0.05739
v -0.62157 -0.25407 0.05793
v -0.62223 -0.21191 0.11681
v -0.6331 -0.21195 0.05867
v -0.59749 -0.25416 0.17163
v -0.60837 -0.16908 0.17363
v -0.60549 -0.2124 0.1739
v -0.60712 -0.0855 0.16576
v -0.60737 -0.12562 0.17142
v 0.92296 -0.20338 0.13997
v 0.9314 -0.16739 0.0906
v 0.91552 -0.12162 0.12837
v 0.91863 -0.16496 0.13635
v 0.92307 -0.27046 0.14252
v 0.9351 -0.23887 0.0949
v 0.92494 -0.23799 0.1419
v 0.93812 -0.27131 0.04776
v 0.94071 -0.20624 0.04677
v 0.94109 -0.2397 0.04754
v 0.9369 -0.12697 0.04263
v 0.93873 -0.16923 0.04521
v -0.58197 -0.32887 0.05345
v -0.59594 -0.29291 0.11162
v -0.60396 -0.29303 0.05605
v -0.53181 -0.39132 0.04771
v -0.55146 -0.36155 0.10075
v -0.55735 -0.36162 0.05053
v -0.51812 -0.39128 0.14226
v -0.56396 -0.32874 0.15873
v -0.54175 -0.36152 0.15037
v -0.58309 -0.29295 0.1662
v 0.90428 -0.33354 0.14113
v 0.92484 -0.30262 0.09517
v 0.91589 -0.30245 0.14225
v 0.87133 -0.39148 0.13655
v 0.89717 -0.36336 0.09314
v 0.88913 -0.36336 0.13922
v 0.88357 -0.39148 0.04578
v 0.91766 -0.33363 0.04731
v 0.9019 -0.36336 0.04667
v 0.93002 -0.30279 0.04768
v -0.48254 -0.44157 0.04346
v -0.50247 -0.41799 0.09064
v -0.5071 -0.418 0.04541
v -0.43131 -0.47899 0.04001
v -0.45342 -0.46194 0.08327
v -0.4575 -0.46193 0.04171
v -0.4209 -0.47901 0.11939
v -0.47106 -0.44159 0.12976
v -0.44662 -0.46196 0.12452
v -0.49473 -0.418 0.13553
v 0.83037 -0.44106 0.12919
v 0.85912 -0.41751 0.08911
v 0.85176 -0.41751 0.13318
v 0.78182 -0.4792 0.11962
v 0.81388 -0.46176 0.08339
v 0.80707 -0.46176 0.12464
v 0.79228 -0.4792 0.0401
v 0.8417 -0.44106 0.04331
v 0.81798 -0.46176 0.04179
v 0.86354 -0.41751 0.04465
v -0.37396 -0.5027 0.03629
v -0.39959 -0.49266 0.07623
v -0.40331 -0.49265 0.03819
v -0.31294 -0.51113 0.03232
v -0.34033 -0.50893 0.0685
v -0.34369 -0.50893 0.03432
v -0.30451 -0.51114 0.09642
v -0.36453 -0.50272 0.10825
v -0.33476 -0.50894 0.10238
v -0.39339 -0.49267 0.11394
v 0.7257 -0.50307 0.10846
v 0.76076 -0.49302 0.0764
v 0.75452 -0.49302 0.11419
v 0.66553 -0.51128 0.09649
v 0.70146 -0.5092 0.06859
v 0.69587 -0.5092 0.10252
v 0.67397 -0.51128 0.03235
v 0.73519 -0.50307 0.03636
v 0.70484 -0.5092 0.03437
v 0.76451 -0.49302 0.03828
v -0.25184 -0.50297 0.02833
v -0.27917 -0.50909 0.0605
v -0.28214 -0.50909 0.03031
v -0.19482 -0.47906 0.0246
v -0.21996 -0.49291 0.05272
v -0.22255 -0.49291 0.02641
v -0.1884 -0.47906 0.07337
v -0.24444 -0.50297 0.08451
v -0.21566 -0.49291 0.07879
v -0.27423 -0.50909 0.09042
v 0.60537 -0.50299 0.08452
v 0.64013 -0.50916 0.06052
v 0.63519 -0.50916 0.09045
v 0.54931 -0.47907 0.07337
v 0.58087 -0.49291 0.05272
v 0.57657 -0.49291 0.07879
v 0.55573 -0.47907 0.0246
v 0.61276 -0.50299 0.02833
v 0.58347 -0.49291 0.02641
v 0.6431 -0.50916 0.03032
v -0.146 -0.44089 0.02138
v -0.16692 -0.46159 0.04572
v -0.16918 -0.46159 0.02291
v -0.1086 -0.39134 0.01889
v -0.1237 -0.41734 0.03999
v -0.12568 -0.41734 0.02004
v -0.10363 -0.39133 0.05635
v -0.14041 -0.44089 0.06379
v -0.12043 -0.41734 0.05977
v -0.16319 -0.46159 0.06834
v 0.50129 -0.44089 0.06382
v 0.52782 -0.46159 0.04573
v 0.52409 -0.46159 0.06835
v 0.4644 -0.39131 0.05648
v 0.48454 -0.41733 0.04003
v 0.48127 -0.41733 0.05984
v 0.46935 -0.39131 0.01893
v 0.50688 -0.44089 0.02139
v 0.48651 -0.41733 0.02006
v 0.53007 -0.46159 0.02292
v -0.0854 -0.33366 0.01729
v -0.09336 -0.36327 0.03586
v -0.09515 -0.36327 0.01796
v -0.07771 -0.30299 0.03373
v -0.07941 -0.30299 0.0169
v -0.08078 -0.33363 0.05161
v -0.0749 -0.30298 0.05044
v -0.09038 -0.36325 0.05361
v 0.44134 -0.33356 0.05189
v 0.45399 -0.36321 0.03601
v 0.45105 -0.36321 0.05382
v 0.43818 -0.30287 0.03393
v 0.43541 -0.30287 0.05071
v 0.44588 -0.33356 0.0174
v 0.43985 -0.30287 0.017
v 0.45576 -0.36321 0.01804
v -0.18148 0.05076 0.03752
v -0.18458 0.02833 0.07587
v -0.17536 0.02922 0.03802
v -0.18906 0.09736 0.03692
v -0.19664 0.07305 0.07299
v -0.1865 0.07368 0.03704
v -0.21738 0.0957 0.10665
v -0.209 0.04882 0.10903
v -0.21481 0.07198 0.10676
v -0.2008 0.02659 0.11341
v -0.62034 -0.02467 0.14416
v -0.63804 -0.05572 0.10569
v -0.6122 -0.0522 0.15512
v -0.63911 0.0171 0.13462
v -0.65204 -0.00718 0.09605
v -0.62924 -0.00186 0.13751
v -0.67274 0.00554 0.04811
v -0.66005 -0.031 0.05128
v -0.66635 -0.01011 0.04934
v -0.65419 -0.05734 0.05353
v -0.66439 0.04719 0.13709
v -0.66853 0.02294 0.09371
v -0.65015 0.03309 0.13495
v -0.71102 0.06995 0.14045
v -0.69611 0.04039 0.09662
v -0.68384 0.06047 0.13964
v -0.72345 0.03062 0.05007
v -0.68756 0.02309 0.04854
v -0.70149 0.02748 0.04937
v -0.67889 0.01619 0.04798
v -0.18531 0.14707 0.03837
v -0.19762 0.12057 0.07407
v -0.18782 0.12114 0.0375
v -0.18669 0.21351 0.03924
v -0.1929 0.17651 0.07743
v -0.18409 0.17718 0.03909
v -0.21194 0.2115 0.11501
v -0.21277 0.14562 0.11176
v -0.21063 0.17562 0.11429
v -0.21586 0.11961 0.10876
v -0.21247 0.30638 0.03729
v -0.20299 0.25668 0.07615
v -0.19568 0.2581 0.0384
v -0.27526 0.39572 0.03706
v -0.24324 0.34945 0.07167
v -0.23852 0.35378 0.0366
v -0.28554 0.37754 0.10279
v -0.23327 0.30083 0.10834
v -0.25483 0.34268 0.10367
v -0.21924 0.25517 0.11257
v -0.38057 0.44838 0.0422
v -0.32478 0.41837 0.07669
v -0.32414 0.42763 0.03937
v -0.49771 0.45182 0.04402
v -0.43774 0.4433 0.08678
v -0.43995 0.45682 0.04419
v -0.49105 0.4126 0.12645
v -0.37718 0.41658 0.11953
v -0.43391 0.42047 0.12616
v -0.32703 0.40222 0.10991
v -0.59756 0.4027 0.03493
v -0.54639 0.41666 0.07968
v -0.54926 0.43222 0.04032
v -0.69632 0.3325 0.02627
v -0.64228 0.35306 0.05922
v -0.64559 0.36791 0.02964
v -0.68846 0.29821 0.07931
v -0.59077 0.36242 0.1029
v -0.63856 0.32968 0.0887
v -0.54247 0.39165 0.11709
v -0.78864 0.07393 0.13214
v -0.75388 0.04874 0.09711
v -0.7484 0.07261 0.13739
v -0.85351 0.0923 0.12183
v -0.83021 0.06175 0.09292
v -0.82438 0.0794 0.12635
v -0.86931 0.069 0.04789
v -0.79473 0.03947 0.04986
v -0.83409 0.05035 0.04906
v -0.75619 0.03375 0.05021
v -0.80857 0.2716 0.02953
v -0.74826 0.29049 0.05317
v -0.75273 0.30113 0.02662
v -0.89348 0.20918 0.03828
v -0.85034 0.23776 0.06503
v -0.85757 0.24169 0.03381
v -0.86989 0.20533 0.09874
v -0.79559 0.25069 0.08498
v -0.83912 0.22915 0.09106
v -0.74309 0.27279 0.07957
v -0.88453 0.14549 0.1175
v -0.8875 0.10522 0.08807
v -0.87395 0.1159 0.12034
v -0.9007 0.17441 0.07942
v -0.8841 0.17637 0.10892
v -0.90985 0.13354 0.0444
v -0.91006 0.17187 0.04175
v -0.89542 0.09799 0.04639
v 0.93714 -0.02543 0.0341
v 0.92976 -0.07569 0.07683
v 0.93698 -0.07774 0.03878
v 0.93035 0.07299 0.02397
v 0.93016 0.0269 0.05636
v 0.93554 0.0261 0.02901
v 0.91832 0.07341 0.0664
v 0.92029 -0.02086 0.09592
v 0.92119 0.02863 0.08037
v 0.91724 -0.07227 0.11341
v 0.72107 0.02832 0.06925
v 0.6882 0.01407 0.0531
v 0.69348 0.01245 0.08026
v 0.76368 0.06673 0.04848
v 0.73834 0.04576 0.04002
v 0.7447 0.04612 0.05858
v 0.75498 0.06519 0.0168
v 0.71158 0.02935 0.02365
v 0.73515 0.04569 0.0203
v 0.68555 0.01501 0.02642
v 0.90569 0.14178 0.01539
v 0.91619 0.11099 0.03766
v 0.91974 0.11135 0.01939
v 0.87518 0.18122 0.00961
v 0.88871 0.16374 0.02362
v 0.89017 0.16487 0.0121
v 0.87445 0.17552 0.02794
v 0.89867 0.14003 0.04272
v 0.88642 0.16121 0.03401
v 0.91006 0.11065 0.05368
v 0.78694 0.11588 0.03118
v 0.7723 0.08965 0.02678
v 0.77729 0.09105 0.03918
v 0.8004 0.15623 0.021
v 0.79121 0.13907 0.01693
v 0.79403 0.13802 0.02498
v 0.79782 0.16064 0.00697
v 0.78091 0.11462 0.0108
v 0.7898 0.13936 0.00855
v 0.76977 0.08904 0.01359
v 0.81631 0.1781 0.01995
v 0.80692 0.17406 0.01264
v 0.80785 0.16924 0.01965
v 0.83539 0.18722 0.02198
v 0.82488 0.18996 0.01289
v 0.82569 0.18382 0.02089
v 0.83355 0.19595 0.00645
v 0.81531 0.18612 0.00597
v 0.82442 0.19246 0.00614
v 0.80638 0.17587 0.00618
v 0.85426 0.18846 0.0236
v 0.8432 0.19517 0.01408
v 0.84483 0.18911 0.02276
v 0.86289 0.18936 0.01628
v 0.86393 0.18427 0.02489
v 0.85202 0.19652 0.00716
v 0.86268 0.1914 0.00805
v 0.84253 0.19767 0.00672
vt 0.79969 0.72821
vt 0.80372 0.72852
vt 0.79918 0.73558
vt 0.80335 0.73589
vt 0.79629 0.72069
vt 0.80014 0.72103
vt 0.79571 0.72785
vt 0.79178 0.72743
vt 0.79102 0.73478
vt 0.79507 0.73522
vt 0.78868 0.71979
vt 0.79248 0.72025
vt 0.78787 0.72695
vt 0.79314 0.71321
vt 0.79683 0.71361
vt 0.79022 0.70584
vt 0.79378 0.70623
vt 0.78946 0.71275
vt 0.80054 0.71399
vt 0.80429 0.7143
vt 0.80403 0.72135
vt 0.79735 0.70662
vt 0.80091 0.70701
vt 0.78397 0.7264
vt 0.78297 0.73373
vt 0.78699 0.73429
vt 0.78111 0.71868
vt 0.7849 0.71925
vt 0.78007 0.7258
vt 0.77618 0.72515
vt 0.77495 0.73244
vt 0.77894 0.73313
vt 0.77356 0.71735
vt 0.77734 0.71803
vt 0.7723 0.72445
vt 0.77846 0.71103
vt 0.78212 0.71164
vt 0.77599 0.70352
vt 0.77955 0.7041
vt 0.77478 0.71037
vt 0.78579 0.71222
vt 0.78311 0.70468
vt 0.78666 0.70526
vt 0.76844 0.72367
vt 0.767 0.73092
vt 0.77096 0.73172
vt 0.76601 0.7158
vt 0.76979 0.71659
vt 0.7646 0.72285
vt 0.76077 0.722
vt 0.75916 0.72917
vt 0.76306 0.73007
vt 0.75853 0.71408
vt 0.76227 0.71494
vt 0.75698 0.7211
vt 0.7637 0.70798
vt 0.76739 0.70881
vt 0.76145 0.70024
vt 0.76509 0.70106
vt 0.76001 0.70714
vt 0.77109 0.70961
vt 0.76872 0.70188
vt 0.77236 0.7027
vt 0.75321 0.72016
vt 0.75146 0.72723
vt 0.75529 0.72823
vt 0.7511 0.71228
vt 0.75482 0.71319
vt 0.74949 0.7192
vt 0.74766 0.7262
vt 0.74579 0.71821
vt 0.74394 0.72513
vt 0.74746 0.71135
vt 0.74381 0.71042
vt 0.74215 0.71721
vt 0.74898 0.70454
vt 0.75265 0.70541
vt 0.74678 0.69691
vt 0.75045 0.69775
vt 0.74533 0.70366
vt 0.75633 0.70628
vt 0.75411 0.69858
vt 0.75778 0.69941
vt 0.74027 0.72404
vt 0.73857 0.71618
vt 0.73668 0.72291
vt 0.74022 0.70948
vt 0.73664 0.70854
vt 0.73508 0.71515
vt 0.73321 0.72177
vt 0.73174 0.71413
vt 0.72997 0.72064
vt 0.73314 0.70759
vt 0.72965 0.70664
vt 0.72846 0.71312
vt 0.73807 0.70192
vt 0.73445 0.70104
vt 0.73572 0.6945
vt 0.73203 0.69369
vt 0.73084 0.70017
vt 0.7417 0.70279
vt 0.74309 0.69611
vt 0.73941 0.6953
vt 0.13891 0.15963
vt 0.1488 0.15584
vt 0.14124 0.16441
vt 0.15069 0.16013
vt 0.13153 0.16846
vt 0.13403 0.17348
vt 0.14362 0.16922
vt 0.1461 0.17411
vt 0.15548 0.16956
vt 0.15301 0.16478
vt 0.13915 0.18356
vt 0.13659 0.17853
vt 0.14864 0.17903
vt 0.12698 0.1829
vt 0.12437 0.17768
vt 0.12001 0.19263
vt 0.11733 0.18722
vt 0.12961 0.18806
vt 0.11915 0.16722
vt 0.12903 0.16343
vt 0.12176 0.17245
vt 0.11196 0.17642
vt 0.11464 0.18182
vt 0.15802 0.1744
vt 0.1512 0.18396
vt 0.16058 0.17928
vt 0.14176 0.18856
vt 0.14437 0.19351
vt 0.15377 0.18888
vt 0.15634 0.1938
vt 0.1657 0.18909
vt 0.16314 0.18417
vt 0.14959 0.2034
vt 0.14699 0.19847
vt 0.1589 0.19871
vt 0.13764 0.20313
vt 0.13496 0.19813
vt 0.13107 0.21282
vt 0.1283 0.20777
vt 0.14031 0.20808
vt 0.13228 0.19312
vt 0.12278 0.19767
vt 0.12554 0.20272
vt 0.16824 0.19402
vt 0.16144 0.20362
vt 0.17077 0.19896
vt 0.15218 0.20829
vt 0.15474 0.21316
vt 0.16396 0.20852
vt 0.16645 0.21341
vt 0.17572 0.20884
vt 0.17327 0.2039
vt 0.15978 0.22284
vt 0.15727 0.21801
vt 0.16889 0.21827
vt 0.14817 0.22264
vt 0.14557 0.21781
vt 0.14178 0.23211
vt 0.1391 0.22729
vt 0.15074 0.22745
vt 0.14295 0.21297
vt 0.13375 0.21764
vt 0.13642 0.22247
vt 0.17813 0.21376
vt 0.1713 0.22312
vt 0.18049 0.21868
vt 0.16223 0.22764
vt 0.16466 0.23242
vt 0.17366 0.22795
vt 0.17597 0.23274
vt 0.18505 0.22845
vt 0.1828 0.22359
vt 0.16938 0.24186
vt 0.16703 0.23715
vt 0.17824 0.23751
vt 0.15819 0.24163
vt 0.15573 0.23692
vt 0.15195 0.25084
vt 0.14941 0.24615
vt 0.16062 0.24631
vt 0.15325 0.2322
vt 0.14432 0.23679
vt 0.14686 0.24147
vt 0.18725 0.23329
vt 0.18046 0.24223
vt 0.18938 0.23809
vt 0.17168 0.24653
vt 0.17396 0.25119
vt 0.18263 0.24691
vt 0.18476 0.25154
vt 0.19348 0.24754
vt 0.19147 0.24286
vt 0.1784 0.26032
vt 0.17618 0.25576
vt 0.18685 0.25611
vt 0.16771 0.26014
vt 0.16537 0.25555
vt 0.16173 0.26917
vt 0.15928 0.26459
vt 0.17004 0.26468
vt 0.16301 0.25095
vt 0.15439 0.25542
vt 0.15684 0.26001
vt 0.78041 0.96541
vt 0.77813 0.96526
vt 0.78043 0.96151
vt 0.77799 0.96095
vt 0.77552 0.96059
vt 0.77789 0.95671
vt 0.77524 0.9562
vt 0.77302 0.96035
vt 0.77357 0.96497
vt 0.77585 0.96512
vt 0.77045 0.96031
vt 0.77253 0.95577
vt 0.76977 0.95566
vt 0.775 0.95178
vt 0.77212 0.95125
vt 0.7692 0.95099
vt 0.77181 0.94684
vt 0.76872 0.94637
vt 0.78056 0.95757
vt 0.78074 0.9537
vt 0.77787 0.9526
vt 0.77794 0.94874
vt 0.77488 0.94767
vt 0.76773 0.96056
vt 0.76859 0.96536
vt 0.77128 0.96483
vt 0.76398 0.95614
vt 0.76692 0.95576
vt 0.76492 0.961
vt 0.76206 0.96153
vt 0.7632 0.96643
vt 0.7659 0.9659
vt 0.75781 0.95733
vt 0.76095 0.95662
vt 0.75911 0.96224
vt 0.75993 0.95169
vt 0.76311 0.9512
vt 0.75553 0.94738
vt 0.759 0.94673
vt 0.75662 0.95237
vt 0.7662 0.95097
vt 0.76233 0.94633
vt 0.76556 0.94619
vt 0.75603 0.96318
vt 0.75754 0.96813
vt 0.76051 0.96697
vt 0.7512 0.95929
vt 0.75455 0.95821
vt 0.75287 0.96428
vt 0.74968 0.96547
vt 0.75161 0.97047
vt 0.75458 0.9693
vt 0.74433 0.96183
vt 0.74778 0.96046
vt 0.74647 0.9668
vt 0.74595 0.95542
vt 0.7496 0.95422
vt 0.74423 0.95035
vt 0.74027 0.95172
vt 0.74225 0.95679
vt 0.75317 0.95321
vt 0.74811 0.94918
vt 0.75189 0.94818
vt 0.74327 0.96834
vt 0.7457 0.97332
vt 0.74864 0.97163
vt 0.73743 0.96508
vt 0.74087 0.96335
vt 0.74007 0.97003
vt 0.73688 0.97181
vt 0.73981 0.97669
vt 0.74275 0.97501
vt 0.7306 0.96893
vt 0.73398 0.9669
vt 0.73375 0.97373
vt 0.73111 0.96196
vt 0.73481 0.96004
vt 0.72437 0.95915
vt 0.72832 0.95698
vt 0.72746 0.96407
vt 0.73853 0.95832
vt 0.73629 0.95327
vt 0.73231 0.95503
vt 0.73071 0.97586
vt 0.73415 0.98056
vt 0.73686 0.97838
vt 0.72402 0.97349
vt 0.72728 0.97113
vt 0.72772 0.97812
vt 0.73144 0.98274
vt 0.72475 0.98042
vt 0.72873 0.98492
vt 0.71756 0.97838
vt 0.72078 0.97591
vt 0.72179 0.98274
vt 0.71681 0.97139
vt 0.72032 0.96882
vt 0.7091 0.96966
vt 0.71284 0.96682
vt 0.71333 0.97402
vt 0.72386 0.96636
vt 0.71664 0.96412
vt 0.72048 0.96154
vt 0.43943 0.02104
vt 0.44638 0.02067
vt 0.44005 0.02532
vt 0.44696 0.02462
vt 0.43313 0.02602
vt 0.43386 0.03062
vt 0.44069 0.0296
vt 0.4414 0.03386
vt 0.44811 0.03251
vt 0.44754 0.02856
vt 0.43568 0.03976
vt 0.43467 0.03521
vt 0.44229 0.03808
vt 0.42788 0.03656
vt 0.42698 0.03163
vt 0.42225 0.04312
vt 0.42107 0.03787
vt 0.42897 0.04145
vt 0.4255 0.02177
vt 0.43246 0.0214
vt 0.42621 0.0267
vt 0.41926 0.02732
vt 0.42011 0.03259
vt 0.44869 0.03646
vt 0.44347 0.04222
vt 0.45 0.04019
vt 0.43692 0.04425
vt 0.43844 0.04865
vt 0.44487 0.04629
vt 0.44637 0.05032
vt 0.45264 0.04764
vt 0.45132 0.04392
vt 0.442 0.05725
vt 0.44009 0.05301
vt 0.44807 0.05426
vt 0.43376 0.0557
vt 0.43191 0.05103
vt 0.42964 0.06331
vt 0.4274 0.0584
vt 0.43584 0.06028
vt 0.43032 0.04628
vt 0.4237 0.04829
vt 0.42544 0.05338
vt 0.45396 0.05137
vt 0.45006 0.05803
vt 0.45597 0.05469
vt 0.44412 0.06138
vt 0.4465 0.06537
vt 0.45223 0.06169
vt 0.45452 0.06529
vt 0.45999 0.06132
vt 0.45798 0.058
vt 0.45178 0.073
vt 0.44902 0.06927
vt 0.45699 0.06872
vt 0.44345 0.0733
vt 0.44067 0.0691
vt 0.44109 0.08173
vt 0.43783 0.07734
vt 0.44647 0.07735
vt 0.43814 0.06475
vt 0.43211 0.06812
vt 0.43485 0.07279
vt 0.462 0.06463
vt 0.45972 0.07191
vt 0.46465 0.0673
vt 0.45798 0.07988
vt 0.45476 0.07655
vt 0.46264 0.07492
vt 0.46566 0.07782
vt 0.46993 0.07263
vt 0.46729 0.06997
vt 0.46493 0.08598
vt 0.46134 0.08307
vt 0.46885 0.08049
vt 0.45693 0.0884
vt 0.4532 0.08493
vt 0.45674 0.09742
vt 0.4524 0.09384
vt 0.4609 0.09163
vt 0.44972 0.08124
vt 0.44836 0.09
vt 0.44458 0.08597
vt 0.47257 0.0753
vt 0.47227 0.0828
vt 0.47575 0.07704
vt 0.47276 0.09094
vt 0.46874 0.08862
vt 0.47585 0.08484
vt 0.47953 0.08672
vt 0.4821 0.08053
vt 0.47892 0.07879
vt 0.48126 0.09469
vt 0.47691 0.09301
vt 0.48333 0.08828
vt 0.47421 0.09952
vt 0.46954 0.09724
vt 0.47682 0.10834
vt 0.4714 0.10628
vt 0.47909 0.10138
vt 0.4651 0.0946
vt 0.46624 0.10371
vt 0.46135 0.10075
vt 0.78101 0.95016
vt 0.78138 0.94703
vt 0.77813 0.94523
vt 0.77487 0.94372
vt 0.77848 0.94181
vt 0.77503 0.93995
vt 0.77161 0.94258
vt 0.76833 0.94181
vt 0.77151 0.93836
vt 0.76806 0.93732
vt 0.77523 0.93593
vt 0.77152 0.93407
vt 0.76789 0.93274
vt 0.7716 0.92959
vt 0.76779 0.92812
vt 0.78196 0.94404
vt 0.78276 0.94096
vt 0.77903 0.93824
vt 0.77957 0.93403
vt 0.77553 0.93158
vt 0.76503 0.94143
vt 0.76166 0.94143
vt 0.7646 0.9367
vt 0.7611 0.93668
vt 0.75819 0.94176
vt 0.75372 0.93739
vt 0.7575 0.93683
vt 0.75457 0.94236
vt 0.75692 0.93198
vt 0.76064 0.93178
vt 0.75644 0.9272
vt 0.7524 0.92768
vt 0.75301 0.93249
vt 0.76428 0.932
vt 0.76404 0.92729
vt 0.76027 0.92706
vt 0.75074 0.94313
vt 0.74973 0.9381
vt 0.74553 0.93911
vt 0.74675 0.94409
vt 0.74264 0.94526
vt 0.73674 0.94158
vt 0.74119 0.9402
vt 0.73844 0.94664
vt 0.74444 0.93406
vt 0.73986 0.9352
vt 0.7337 0.93158
vt 0.73866 0.93026
vt 0.73516 0.93656
vt 0.74884 0.93317
vt 0.74345 0.92917
vt 0.74806 0.92831
vt 0.73418 0.94819
vt 0.72766 0.94496
vt 0.7322 0.94312
vt 0.7299 0.94996
vt 0.72562 0.95196
vt 0.71847 0.94923
vt 0.72304 0.94692
vt 0.72136 0.9542
vt 0.72058 0.94189
vt 0.72549 0.93985
vt 0.713 0.9392
vt 0.71825 0.93685
vt 0.71566 0.94422
vt 0.73035 0.93809
vt 0.72348 0.93483
vt 0.72863 0.93307
vt 0.71715 0.95667
vt 0.7094 0.95456
vt 0.71391 0.95176
vt 0.71298 0.95935
vt 0.70885 0.96217
vt 0.70037 0.96046
vt 0.70487 0.95746
vt 0.70474 0.96506
vt 0.70093 0.95271
vt 0.70585 0.94967
vt 0.69165 0.95126
vt 0.69709 0.94785
vt 0.69601 0.95586
vt 0.71076 0.94682
vt 0.70243 0.94473
vt 0.70772 0.94183
vt 0.41228 0.02782
vt 0.41145 0.02214
vt 0.41854 0.02213
vt 0.40632 0.03434
vt 0.40528 0.02826
vt 0.41319 0.03349
vt 0.41424 0.03915
vt 0.40884 0.04636
vt 0.40743 0.0404
vt 0.41552 0.04476
vt 0.40066 0.04164
vt 0.39939 0.03521
vt 0.39555 0.04958
vt 0.39393 0.04289
vt 0.40215 0.04797
vt 0.39829 0.0287
vt 0.39726 0.02216
vt 0.40436 0.02215
vt 0.39255 0.03608
vt 0.3913 0.02919
vt 0.41707 0.05029
vt 0.41252 0.05801
vt 0.41048 0.05226
vt 0.41891 0.05573
vt 0.42103 0.06108
vt 0.41724 0.0693
vt 0.41469 0.06373
vt 0.42342 0.06633
vt 0.40841 0.06634
vt 0.40601 0.06033
vt 0.40499 0.07511
vt 0.40219 0.06891
vt 0.41108 0.07224
vt 0.40393 0.05421
vt 0.39969 0.06258
vt 0.39745 0.05615
vt 0.42605 0.07147
vt 0.42313 0.08011
vt 0.42 0.07479
vt 0.42895 0.0765
vt 0.43214 0.08138
vt 0.4301 0.09047
vt 0.42642 0.08539
vt 0.43561 0.08613
vt 0.42072 0.08931
vt 0.41719 0.08374
vt 0.41899 0.09893
vt 0.41501 0.09313
vt 0.42455 0.09476
vt 0.41399 0.07805
vt 0.41136 0.08723
vt 0.40802 0.08123
vt 0.43934 0.09073
vt 0.43836 0.10022
vt 0.43403 0.09547
vt 0.44338 0.09515
vt 0.44773 0.09937
vt 0.44794 0.1093
vt 0.44294 0.10491
vt 0.45242 0.10335
vt 0.438 0.11038
vt 0.43314 0.10534
vt 0.43834 0.121
vt 0.4329 0.11573
vt 0.44326 0.11522
vt 0.42867 0.10012
vt 0.42788 0.11026
vt 0.42325 0.10467
vt 0.45743 0.10709
vt 0.45914 0.11732
vt 0.45331 0.11351
vt 0.46278 0.11046
vt 0.46844 0.11334
vt 0.47191 0.12341
vt 0.46529 0.12077
vt 0.47441 0.11562
vt 0.46191 0.12863
vt 0.45509 0.12435
vt 0.46654 0.14228
vt 0.45771 0.13633
vt 0.4693 0.13187
vt 0.44892 0.11988
vt 0.45058 0.13118
vt 0.44416 0.12611
vt 0.78417 0.93702
vt 0.78378 0.93029
vt 0.77987 0.92873
vt 0.77576 0.92662
vt 0.78024 0.92294
vt 0.77618 0.92134
vt 0.77171 0.92476
vt 0.76773 0.92334
vt 0.77194 0.91974
vt 0.76781 0.91854
vt 0.77674 0.91595
vt 0.77235 0.91468
vt 0.768 0.91366
vt 0.77301 0.90968
vt 0.76842 0.90888
vt 0.7841 0.92421
vt 0.78493 0.91844
vt 0.78099 0.91728
vt 0.77767 0.91077
vt 0.78215 0.9119
vt 0.76386 0.92255
vt 0.75999 0.92229
vt 0.76378 0.91781
vt 0.75982 0.91771
vt 0.75604 0.92246
vt 0.75187 0.92291
vt 0.75143 0.91825
vt 0.75575 0.91779
vt 0.75559 0.91324
vt 0.75976 0.913
vt 0.75117 0.91371
vt 0.75102 0.90921
vt 0.75556 0.90873
vt 0.76385 0.91312
vt 0.76409 0.90847
vt 0.75986 0.90845
vt 0.74737 0.92352
vt 0.74259 0.92432
vt 0.74179 0.91964
vt 0.7468 0.91882
vt 0.73757 0.92536
vt 0.73116 0.92174
vt 0.7366 0.92054
vt 0.73237 0.92663
vt 0.73574 0.9158
vt 0.74119 0.91491
vt 0.73499 0.9111
vt 0.72908 0.91212
vt 0.73006 0.9169
vt 0.74635 0.91424
vt 0.74064 0.91029
vt 0.74603 0.90969
vt 0.72704 0.92807
vt 0.71984 0.92483
vt 0.72557 0.9231
vt 0.72159 0.92977
vt 0.71605 0.93178
vt 0.70806 0.929
vt 0.71399 0.9267
vt 0.71045 0.9341
vt 0.71208 0.92165
vt 0.71822 0.91976
vt 0.70373 0.91873
vt 0.71032 0.91659
vt 0.70581 0.92388
vt 0.72422 0.9182
vt 0.723 0.91332
vt 0.71675 0.9148
vt 0.70481 0.93675
vt 0.69598 0.93455
vt 0.70204 0.93161
vt 0.69913 0.93966
vt 0.69341 0.9428
vt 0.68369 0.94083
vt 0.68984 0.93762
vt 0.68767 0.94605
vt 0.68635 0.93239
vt 0.69294 0.92929
vt 0.67573 0.93041
vt 0.68305 0.92702
vt 0.67971 0.93562
vt 0.69943 0.92644
vt 0.6901 0.92398
vt 0.69699 0.9212
vt 0.38433 0.02979
vt 0.38304 0.02249
vt 0.39017 0.02216
vt 0.37898 0.03803
vt 0.37738 0.03046
vt 0.38571 0.03703
vt 0.38724 0.04418
vt 0.38257 0.05285
vt 0.38063 0.04552
vt 0.389 0.05121
vt 0.3741 0.04692
vt 0.37221 0.03912
vt 0.36992 0.05629
vt 0.36765 0.0484
vt 0.37619 0.05455
vt 0.37046 0.03117
vt 0.36878 0.02315
vt 0.37591 0.02282
vt 0.36557 0.04031
vt 0.36358 0.03205
vt 0.39104 0.05809
vt 0.38728 0.06702
vt 0.38472 0.06004
vt 0.39337 0.06484
vt 0.39602 0.07144
vt 0.39299 0.08067
vt 0.38995 0.07393
vt 0.39894 0.07793
vt 0.38401 0.07636
vt 0.38112 0.06926
vt 0.38141 0.08596
vt 0.37816 0.07877
vt 0.38714 0.08335
vt 0.37852 0.06199
vt 0.37241 0.06397
vt 0.37517 0.07144
vt 0.40209 0.08434
vt 0.39985 0.09388
vt 0.39622 0.08735
vt 0.40552 0.09064
vt 0.40929 0.09685
vt 0.40779 0.10686
vt 0.4036 0.10043
vt 0.41337 0.10298
vt 0.398 0.10385
vt 0.39408 0.09709
vt 0.39669 0.11411
vt 0.39243 0.10713
vt 0.40222 0.11057
vt 0.39048 0.09026
vt 0.38481 0.09309
vt 0.38848 0.10014
vt 0.41775 0.10907
vt 0.41708 0.11957
vt 0.41222 0.1133
vt 0.42248 0.11506
vt 0.4276 0.12091
vt 0.42763 0.13193
vt 0.42215 0.12588
vt 0.43309 0.12659
vt 0.41663 0.1306
vt 0.4115 0.12402
vt 0.41639 0.14197
vt 0.41104 0.1351
vt 0.42205 0.13707
vt 0.40671 0.11732
vt 0.40596 0.12814
vt 0.40118 0.12114
vt 0.43895 0.13211
vt 0.44526 0.13762
vt 0.43961 0.14372
vt 0.43341 0.13788
vt 0.45212 0.14327
vt 0.4588 0.14958
vt 0.44592 0.14971
vt 0.45246 0.15599
vt 0.43992 0.15592
vt 0.43365 0.14968
vt 0.44651 0.16222
vt 0.43408 0.16204
vt 0.44098 0.16844
vt 0.42771 0.14341
vt 0.42779 0.15548
vt 0.4219 0.14878
vt 0.78372 0.90691
vt 0.78627 0.91301
vt 0.78806 0.90806
vt 0.77892 0.90581
vt 0.78039 0.90119
vt 0.78564 0.90219
vt 0.77394 0.90487
vt 0.76905 0.90419
vt 0.76983 0.89966
vt 0.77501 0.90023
vt 0.77604 0.89575
vt 0.78187 0.89656
vt 0.77687 0.89136
vt 0.77116 0.89087
vt 0.77054 0.8952
vt 0.78787 0.89759
vt 0.79032 0.90343
vt 0.7932 0.89894
vt 0.78306 0.89208
vt 0.78965 0.89297
vt 0.7645 0.90387
vt 0.7601 0.90389
vt 0.76044 0.89947
vt 0.76501 0.89936
vt 0.75566 0.90418
vt 0.75097 0.90463
vt 0.75097 0.90006
vt 0.75585 0.89966
vt 0.75609 0.89522
vt 0.76081 0.89497
vt 0.75111 0.89559
vt 0.7512 0.89114
vt 0.7563 0.89082
vt 0.76554 0.89495
vt 0.76112 0.89063
vt 0.766 0.89062
vt 0.74581 0.90509
vt 0.74026 0.90565
vt 0.73988 0.90106
vt 0.74569 0.9005
vt 0.73438 0.90639
vt 0.73386 0.90169
vt 0.72751 0.90254
vt 0.72825 0.90732
vt 0.73969 0.89643
vt 0.7334 0.89703
vt 0.733 0.89238
vt 0.72626 0.89305
vt 0.72684 0.89779
vt 0.74562 0.89597
vt 0.73944 0.89184
vt 0.74557 0.89146
vt 0.72193 0.90843
vt 0.72097 0.90355
vt 0.7142 0.90487
vt 0.71542 0.90979
vt 0.70871 0.91148
vt 0.70006 0.90825
vt 0.70725 0.90636
vt 0.70181 0.9135
vt 0.71315 0.89982
vt 0.70595 0.90124
vt 0.69708 0.89763
vt 0.7048 0.8961
vt 0.69848 0.90296
vt 0.7201 0.8987
vt 0.71935 0.89384
vt 0.71221 0.89484
vt 0.69472 0.91585
vt 0.68503 0.91296
vt 0.69264 0.91044
vt 0.68746 0.9185
vt 0.68006 0.9214
vt 0.66945 0.91843
vt 0.67728 0.91562
vt 0.67259 0.92442
vt 0.6746 0.9098
vt 0.68278 0.90727
vt 0.66318 0.90645
vt 0.67219 0.90381
vt 0.66632 0.91244
vt 0.69075 0.90498
vt 0.68076 0.90151
vt 0.68906 0.89944
vt 0.35676 0.03319
vt 0.35462 0.02462
vt 0.36165 0.02347
vt 0.35244 0.04315
vt 0.34998 0.0345
vt 0.35895 0.04167
vt 0.36125 0.04999
vt 0.35761 0.05997
vt 0.35493 0.05168
vt 0.36371 0.0581
vt 0.3487 0.05348
vt 0.34593 0.04479
vt 0.34564 0.06399
vt 0.34255 0.05541
vt 0.35158 0.06194
vt 0.34323 0.0359
vt 0.34056 0.0269
vt 0.34759 0.02576
vt 0.33953 0.04657
vt 0.33654 0.03751
vt 0.36637 0.06598
vt 0.36042 0.06804
vt 0.3635 0.07585
vt 0.36924 0.07367
vt 0.37236 0.08117
vt 0.37006 0.0911
vt 0.36665 0.08356
vt 0.37569 0.08855
vt 0.36106 0.08592
vt 0.35772 0.07813
vt 0.3591 0.09605
vt 0.35553 0.08829
vt 0.36454 0.09359
vt 0.35457 0.07015
vt 0.3488 0.07231
vt 0.3521 0.08039
vt 0.37917 0.09586
vt 0.3736 0.09857
vt 0.37743 0.10595
vt 0.38288 0.10311
vt 0.38687 0.11031
vt 0.38559 0.12076
vt 0.38135 0.11336
vt 0.39112 0.11751
vt 0.37591 0.11627
vt 0.37191 0.10874
vt 0.37468 0.12677
vt 0.37051 0.11908
vt 0.38011 0.12383
vt 0.36814 0.10119
vt 0.36274 0.10377
vt 0.36653 0.11144
vt 0.3956 0.12478
vt 0.39478 0.13575
vt 0.39003 0.12823
vt 0.40034 0.13208
vt 0.40537 0.13938
vt 0.40485 0.15115
vt 0.39966 0.14342
vt 0.41063 0.14669
vt 0.39396 0.14717
vt 0.3891 0.13926
vt 0.39318 0.15909
vt 0.38822 0.15066
vt 0.39904 0.15529
vt 0.3845 0.13148
vt 0.38348 0.14253
vt 0.37898 0.13457
vt 0.41607 0.15404
vt 0.4219 0.16127
vt 0.4102 0.15906
vt 0.4162 0.16686
vt 0.42836 0.16822
vt 0.43043 0.18146
vt 0.42263 0.17453
vt 0.43562 0.17478
vt 0.4101 0.17233
vt 0.41677 0.18108
vt 0.41876 0.19808
vt 0.41033 0.18692
vt 0.42497 0.18879
vt 0.40431 0.1637
vt 0.404 0.17716
vt 0.39831 0.16791
vt 0.79712 0.89408
vt 0.79689 0.88857
vt 0.79024 0.88821
vt 0.78361 0.88754
vt 0.79022 0.88342
vt 0.78384 0.883
vt 0.77734 0.88697
vt 0.7776 0.88257
vt 0.77183 0.88224
vt 0.77153 0.88654
vt 0.7839 0.87846
vt 0.77781 0.87818
vt 0.7781 0.87375
vt 0.77238 0.87358
vt 0.77204 0.87793
vt 0.79665 0.88367
vt 0.79649 0.8789
vt 0.79018 0.87872
vt 0.79026 0.87407
vt 0.78414 0.8739
vt 0.76629 0.88632
vt 0.76651 0.88203
vt 0.76149 0.882
vt 0.76134 0.88628
vt 0.75641 0.88643
vt 0.75122 0.88667
vt 0.75114 0.88219
vt 0.75648 0.88204
vt 0.76164 0.87767
vt 0.75655 0.87767
vt 0.75664 0.87327
vt 0.75116 0.87328
vt 0.75118 0.87774
vt 0.76673 0.87776
vt 0.76702 0.87343
vt 0.76184 0.87331
vt 0.74548 0.88692
vt 0.74538 0.88238
vt 0.73899 0.88267
vt 0.73928 0.88724
vt 0.73268 0.8877
vt 0.7324 0.88301
vt 0.7254 0.88347
vt 0.7258 0.88826
vt 0.73889 0.87805
vt 0.73211 0.87833
vt 0.73187 0.87364
vt 0.72472 0.87388
vt 0.72503 0.87868
vt 0.74527 0.87786
vt 0.74517 0.87334
vt 0.73868 0.87345
vt 0.71873 0.88894
vt 0.71821 0.88402
vt 0.71071 0.88477
vt 0.71142 0.88979
vt 0.70381 0.89088
vt 0.70297 0.88562
vt 0.69483 0.88672
vt 0.69587 0.89221
vt 0.7102 0.87964
vt 0.70228 0.88034
vt 0.70175 0.87501
vt 0.69332 0.8756
vt 0.69398 0.88119
vt 0.71775 0.87911
vt 0.71739 0.87416
vt 0.70975 0.87452
vt 0.68759 0.89378
vt 0.68634 0.88803
vt 0.6775 0.88955
vt 0.67902 0.89557
vt 0.67019 0.89757
vt 0.6593 0.8929
vt 0.66847 0.89117
vt 0.66124 0.89967
vt 0.66688 0.88471
vt 0.67624 0.88338
vt 0.65542 0.87934
vt 0.66561 0.87809
vt 0.65736 0.88612
vt 0.68529 0.88221
vt 0.68448 0.8763
vt 0.67522 0.87712
vt 0.32995 0.03948
vt 0.32675 0.03026
vt 0.33353 0.02805
vt 0.32691 0.05076
vt 0.32343 0.04167
vt 0.33318 0.04859
vt 0.33643 0.05749
vt 0.33388 0.0684
vt 0.33038 0.05971
vt 0.33973 0.06615
vt 0.3244 0.06207
vt 0.32067 0.05311
vt 0.32237 0.07327
vt 0.31847 0.06458
vt 0.3281 0.07078
vt 0.31693 0.04395
vt 0.31317 0.03469
vt 0.31996 0.03247
vt 0.31451 0.05565
vt 0.3105 0.04648
vt 0.34307 0.07454
vt 0.33739 0.07686
vt 0.34097 0.08504
vt 0.34649 0.08271
vt 0.35003 0.09069
vt 0.34824 0.10102
vt 0.34456 0.09311
vt 0.35365 0.09853
vt 0.33916 0.09554
vt 0.33545 0.08748
vt 0.33756 0.10596
vt 0.33377 0.09801
vt 0.34289 0.10348
vt 0.33177 0.07924
vt 0.32619 0.08172
vt 0.32998 0.08995
vt 0.35734 0.10633
vt 0.35197 0.10887
vt 0.35582 0.11668
vt 0.36114 0.11409
vt 0.36511 0.12183
vt 0.36376 0.13239
vt 0.35972 0.12451
vt 0.36921 0.12962
vt 0.35437 0.12712
vt 0.35047 0.11924
vt 0.35293 0.13763
vt 0.34902 0.12967
vt 0.35834 0.13505
vt 0.34665 0.11137
vt 0.34134 0.11388
vt 0.34515 0.12178
vt 0.37344 0.13753
vt 0.3722 0.14855
vt 0.3679 0.14037
vt 0.37782 0.14561
vt 0.38242 0.15391
vt 0.38115 0.1657
vt 0.37658 0.15695
vt 0.38719 0.16254
vt 0.36652 0.15131
vt 0.37077 0.15977
vt 0.37511 0.16856
vt 0.36906 0.1712
vt 0.36494 0.16243
vt 0.36238 0.14309
vt 0.35687 0.14571
vt 0.36086 0.15397
vt 0.39213 0.1716
vt 0.39062 0.18438
vt 0.38584 0.17485
vt 0.39732 0.18111
vt 0.40288 0.1911
vt 0.4078 0.2015
vt 0.39937 0.20438
vt 0.39519 0.19426
vt 0.38806 0.19701
vt 0.38388 0.18723
vt 0.39185 0.20701
vt 0.38481 0.20936
vt 0.3812 0.19945
vt 0.37952 0.17773
vt 0.37722 0.18976
vt 0.37319 0.18032
vt 0.79063 0.86939
vt 0.79649 0.87418
vt 0.79675 0.86945
vt 0.78455 0.8693
vt 0.78519 0.86469
vt 0.79114 0.86474
vt 0.77861 0.86921
vt 0.77289 0.8691
vt 0.77353 0.86455
vt 0.77926 0.86463
vt 0.77995 0.86007
vt 0.7858 0.86012
vt 0.77419 0.86002
vt 0.77479 0.85553
vt 0.78056 0.85559
vt 0.7917 0.86014
vt 0.79716 0.86476
vt 0.79761 0.86015
vt 0.78634 0.85564
vt 0.79219 0.85565
vt 0.76746 0.86898
vt 0.76214 0.86887
vt 0.76249 0.86438
vt 0.76797 0.86447
vt 0.75678 0.86881
vt 0.75695 0.86431
vt 0.75113 0.86425
vt 0.75115 0.86878
vt 0.75713 0.85979
vt 0.76288 0.85987
vt 0.75733 0.85528
vt 0.75125 0.85515
vt 0.75118 0.85971
vt 0.76853 0.85995
vt 0.76322 0.85537
vt 0.76904 0.85546
vt 0.74507 0.86878
vt 0.73857 0.86882
vt 0.74499 0.8642
vt 0.73839 0.86417
vt 0.7317 0.86891
vt 0.72454 0.86903
vt 0.73159 0.86416
vt 0.72443 0.86414
vt 0.7384 0.8595
vt 0.73153 0.85938
vt 0.72439 0.85923
vt 0.73157 0.85456
vt 0.72447 0.85428
vt 0.74494 0.85961
vt 0.74496 0.85499
vt 0.73841 0.85478
vt 0.71716 0.86917
vt 0.70948 0.86935
vt 0.71704 0.86413
vt 0.70928 0.86411
vt 0.7014 0.8696
vt 0.69289 0.86991
vt 0.70123 0.86412
vt 0.69267 0.86412
vt 0.70934 0.85885
vt 0.70125 0.8586
vt 0.69271 0.85831
vt 0.7015 0.85303
vt 0.69303 0.85244
vt 0.71703 0.85906
vt 0.71716 0.85394
vt 0.70953 0.85351
vt 0.68393 0.87026
vt 0.67456 0.87069
vt 0.68366 0.86414
vt 0.6742 0.86415
vt 0.66486 0.87122
vt 0.65498 0.87179
vt 0.65454 0.86425
vt 0.66446 0.8642
vt 0.66426 0.85714
vt 0.6742 0.85757
vt 0.6541 0.8567
vt 0.65365 0.84915
vt 0.66466 0.85006
vt 0.68369 0.85796
vt 0.68409 0.85173
vt 0.67464 0.85092
vt 0.3042 0.04938
vt 0.30638 0.0369
vt 0.29995 0.04025
vt 0.30841 0.05843
vt 0.30235 0.0614
vt 0.29796 0.05253
vt 0.31257 0.06727
vt 0.31664 0.0759
vt 0.31092 0.07866
vt 0.3067 0.07013
vt 0.30087 0.07314
vt 0.29636 0.06455
vt 0.30524 0.08156
vt 0.29955 0.0846
vt 0.29505 0.07633
vt 0.29175 0.05579
vt 0.29352 0.04359
vt 0.28709 0.04694
vt 0.29038 0.0679
vt 0.28561 0.05927
vt 0.32061 0.0843
vt 0.32451 0.09251
vt 0.31504 0.08699
vt 0.31901 0.09513
vt 0.32837 0.10055
vt 0.3322 0.1085
vt 0.32681 0.11108
vt 0.32295 0.10315
vt 0.31751 0.10581
vt 0.31354 0.09786
vt 0.3214 0.11368
vt 0.31593 0.11636
vt 0.31202 0.10855
vt 0.30946 0.08979
vt 0.30386 0.0927
vt 0.308 0.10068
vt 0.336 0.1164
vt 0.33981 0.1243
vt 0.33064 0.11896
vt 0.33442 0.12684
vt 0.34364 0.13221
vt 0.34748 0.14018
vt 0.34197 0.1427
vt 0.33821 0.13473
vt 0.33275 0.13725
vt 0.32902 0.12937
vt 0.33645 0.14519
vt 0.33085 0.14767
vt 0.32723 0.13978
vt 0.32523 0.12153
vt 0.31977 0.12415
vt 0.32352 0.13195
vt 0.35132 0.14826
vt 0.35518 0.15651
vt 0.34946 0.15902
vt 0.34574 0.15076
vt 0.35908 0.16496
vt 0.36298 0.17369
vt 0.35687 0.17608
vt 0.3532 0.1674
vt 0.3473 0.16976
vt 0.34374 0.1614
vt 0.35079 0.17835
vt 0.34467 0.18056
vt 0.34135 0.17207
vt 0.34011 0.15322
vt 0.33792 0.16379
vt 0.33443 0.15566
vt 0.36685 0.18274
vt 0.37063 0.19207
vt 0.36399 0.19425
vt 0.36051 0.185
vt 0.37429 0.20166
vt 0.37767 0.21146
vt 0.37048 0.21337
vt 0.3674 0.20368
vt 0.36056 0.20557
vt 0.35747 0.19624
vt 0.36343 0.21512
vt 0.35641 0.21678
vt 0.35377 0.20736
vt 0.35419 0.18717
vt 0.35091 0.1982
vt 0.34787 0.18926
vt 0.79248 0.8513
vt 0.798 0.85565
vt 0.79821 0.85131
vt 0.78672 0.85126
vt 0.78691 0.84694
vt 0.79263 0.84701
vt 0.78096 0.85121
vt 0.77519 0.85113
vt 0.77545 0.84675
vt 0.78122 0.84687
vt 0.78139 0.8425
vt 0.78707 0.84262
vt 0.77566 0.84234
vt 0.77585 0.83782
vt 0.78154 0.83803
vt 0.79271 0.84271
vt 0.79829 0.84704
vt 0.79833 0.84277
vt 0.78717 0.83817
vt 0.79276 0.83832
vt 0.76939 0.85104
vt 0.76352 0.85091
vt 0.76373 0.84641
vt 0.76965 0.84662
vt 0.75754 0.85076
vt 0.7514 0.85058
vt 0.7516 0.84593
vt 0.75776 0.84622
vt 0.75798 0.84159
vt 0.76399 0.8419
vt 0.75185 0.84123
vt 0.75217 0.8364
vt 0.75826 0.83686
vt 0.76987 0.84214
vt 0.76424 0.83723
vt 0.77009 0.83756
vt 0.74509 0.85034
vt 0.73856 0.85004
vt 0.7453 0.84562
vt 0.73878 0.84518
vt 0.73176 0.84969
vt 0.72474 0.84927
vt 0.7321 0.84474
vt 0.72516 0.84415
vt 0.73916 0.84031
vt 0.73254 0.83969
vt 0.72571 0.83896
vt 0.73312 0.83453
vt 0.72641 0.83366
vt 0.74559 0.84081
vt 0.74598 0.83589
vt 0.73964 0.83525
vt 0.7175 0.84876
vt 0.70996 0.84814
vt 0.71802 0.84349
vt 0.71056 0.84262
vt 0.70204 0.8474
vt 0.6937 0.84652
vt 0.69468 0.84051
vt 0.70282 0.8417
vt 0.70383 0.83593
vt 0.71141 0.83713
vt 0.69592 0.83449
vt 0.69742 0.82842
vt 0.70507 0.83009
vt 0.71869 0.83813
vt 0.71244 0.83148
vt 0.71954 0.83267
vt 0.68492 0.84546
vt 0.6757 0.84427
vt 0.67722 0.83758
vt 0.68613 0.83916
vt 0.66605 0.843
vt 0.65619 0.84168
vt 0.65872 0.83421
vt 0.66805 0.83594
vt 0.67024 0.82889
vt 0.67909 0.83095
vt 0.66125 0.82674
vt 0.66378 0.81927
vt 0.67277 0.82196
vt 0.68766 0.83283
vt 0.68128 0.82433
vt 0.68949 0.8265
vt 0.27958 0.06313
vt 0.28065 0.05029
vt 0.27462 0.05471
vt 0.28448 0.07149
vt 0.27855 0.07531
vt 0.27361 0.06723
vt 0.28924 0.07971
vt 0.29384 0.0878
vt 0.28807 0.09117
vt 0.28343 0.08328
vt 0.27759 0.08702
vt 0.27269 0.07927
vt 0.2823 0.09469
vt 0.27645 0.09838
vt 0.27172 0.09095
vt 0.26765 0.07143
vt 0.26858 0.05913
vt 0.26255 0.06355
vt 0.26173 0.07584
vt 0.26679 0.08345
vt 0.29823 0.09576
vt 0.30244 0.10361
vt 0.29255 0.09895
vt 0.29673 0.10669
vt 0.30649 0.11138
vt 0.31041 0.11911
vt 0.30477 0.12196
vt 0.30086 0.11432
vt 0.29512 0.11737
vt 0.29106 0.10985
vt 0.29903 0.12489
vt 0.29315 0.12793
vt 0.28926 0.12055
vt 0.28679 0.10229
vt 0.28094 0.10578
vt 0.28519 0.11318
vt 0.31424 0.12682
vt 0.31798 0.13455
vt 0.30861 0.12957
vt 0.31225 0.13724
vt 0.32162 0.14232
vt 0.32518 0.15016
vt 0.31937 0.15267
vt 0.3159 0.14491
vt 0.31004 0.14755
vt 0.30651 0.13995
vt 0.31345 0.15522
vt 0.30736 0.15782
vt 0.30403 0.15025
vt 0.30283 0.1324
vt 0.29693 0.13532
vt 0.30054 0.14276
vt 0.32867 0.15808
vt 0.33206 0.16613
vt 0.32603 0.16851
vt 0.32279 0.16051
vt 0.33535 0.17434
vt 0.33851 0.18272
vt 0.33225 0.18486
vt 0.32925 0.17658
vt 0.32301 0.17883
vt 0.31998 0.17082
vt 0.32589 0.18699
vt 0.3194 0.1891
vt 0.31664 0.18108
vt 0.31678 0.16296
vt 0.31061 0.16545
vt 0.3137 0.1732
vt 0.34154 0.1913
vt 0.34439 0.20009
vt 0.33776 0.20199
vt 0.33514 0.1933
vt 0.34705 0.20911
vt 0.34949 0.21838
vt 0.34255 0.21993
vt 0.34031 0.21082
vt 0.3335 0.21249
vt 0.33119 0.20378
vt 0.33558 0.22141
vt 0.3285 0.22282
vt 0.32659 0.2141
vt 0.32864 0.19529
vt 0.32201 0.19725
vt 0.3244 0.20558
vt 0.79284 0.83376
vt 0.79834 0.83841
vt 0.79839 0.83388
vt 0.78729 0.8336
vt 0.79295 0.829
vt 0.78744 0.82873
vt 0.7817 0.83339
vt 0.77607 0.83313
vt 0.7819 0.82855
vt 0.77632 0.82821
vt 0.78762 0.82378
vt 0.78214 0.82347
vt 0.77662 0.8231
vt 0.78243 0.81816
vt 0.77699 0.81774
vt 0.79848 0.82911
vt 0.79857 0.82418
vt 0.79309 0.82401
vt 0.79327 0.81878
vt 0.78786 0.81849
vt 0.77035 0.83282
vt 0.76455 0.83243
vt 0.77066 0.82787
vt 0.76492 0.82735
vt 0.75863 0.83197
vt 0.75261 0.83143
vt 0.75909 0.8269
vt 0.75316 0.82626
vt 0.76537 0.8222
vt 0.75963 0.82159
vt 0.75381 0.82089
vt 0.76028 0.81607
vt 0.75457 0.81529
vt 0.77103 0.82269
vt 0.77148 0.81729
vt 0.76592 0.81672
vt 0.7465 0.83082
vt 0.74026 0.8301
vt 0.74714 0.82558
vt 0.74101 0.82468
vt 0.73386 0.82925
vt 0.7273 0.82825
vt 0.73475 0.8238
vt 0.72837 0.82267
vt 0.7419 0.81923
vt 0.7358 0.81816
vt 0.72958 0.81694
vt 0.737 0.81234
vt 0.73097 0.81102
vt 0.7479 0.82012
vt 0.74879 0.81446
vt 0.74295 0.81347
vt 0.72059 0.82712
vt 0.71369 0.82578
vt 0.72183 0.82143
vt 0.71514 0.81987
vt 0.70656 0.8242
vt 0.6992 0.82235
vt 0.70827 0.81823
vt 0.70123 0.8162
vt 0.71678 0.814
vt 0.71019 0.81215
vt 0.70347 0.81001
vt 0.71233 0.80598
vt 0.70593 0.80375
vt 0.72324 0.81558
vt 0.72484 0.80958
vt 0.71864 0.8079
vt 0.69162 0.82021
vt 0.68381 0.81783
vt 0.694 0.81392
vt 0.68662 0.81133
vt 0.67578 0.81524
vt 0.66765 0.81254
vt 0.6791 0.80865
vt 0.67152 0.80582
vt 0.68964 0.80495
vt 0.68254 0.80208
vt 0.67539 0.7991
vt 0.68619 0.79561
vt 0.67926 0.79237
vt 0.69662 0.8076
vt 0.69945 0.80128
vt 0.69288 0.79855
vt 0.25651 0.06797
vt 0.25074 0.07328
vt 0.25586 0.08058
vt 0.26091 0.08785
vt 0.25001 0.08552
vt 0.25494 0.09248
vt 0.26582 0.09507
vt 0.27053 0.10226
vt 0.25984 0.09938
vt 0.26448 0.10633
vt 0.24901 0.09721
vt 0.25377 0.10386
vt 0.25836 0.11054
vt 0.24758 0.10853
vt 0.25206 0.11495
vt 0.24497 0.07858
vt 0.2392 0.08389
vt 0.24413 0.09055
vt 0.2382 0.09574
vt 0.24292 0.10215
vt 0.27501 0.10944
vt 0.27926 0.11664
vt 0.26895 0.11327
vt 0.27307 0.12031
vt 0.28329 0.12385
vt 0.28715 0.13108
vt 0.27716 0.12729
vt 0.28095 0.13438
vt 0.26688 0.12405
vt 0.27081 0.1309
vt 0.27455 0.13781
vt 0.26425 0.13467
vt 0.26792 0.1414
vt 0.26273 0.11727
vt 0.25635 0.12144
vt 0.26039 0.12803
vt 0.29089 0.13834
vt 0.29447 0.14564
vt 0.28465 0.14147
vt 0.28808 0.14867
vt 0.29788 0.15301
vt 0.30114 0.16045
vt 0.29152 0.15586
vt 0.29468 0.16317
vt 0.28164 0.15174
vt 0.2849 0.15882
vt 0.28801 0.16598
vt 0.27805 0.16189
vt 0.28106 0.16889
vt 0.27818 0.14474
vt 0.27148 0.14815
vt 0.27485 0.15498
vt 0.3043 0.16796
vt 0.30731 0.17557
vt 0.29778 0.17053
vt 0.30059 0.17804
vt 0.31013 0.18332
vt 0.31277 0.19118
vt 0.30341 0.18558
vt 0.30592 0.19328
vt 0.29384 0.18049
vt 0.29644 0.1879
vt 0.29887 0.19542
vt 0.28924 0.19027
vt 0.29156 0.19759
vt 0.291 0.17319
vt 0.28398 0.17592
vt 0.2867 0.18305
vt 0.31526 0.19917
vt 0.31755 0.20731
vt 0.30832 0.20108
vt 0.31037 0.20906
vt 0.31957 0.21563
vt 0.32134 0.22412
vt 0.31238 0.21712
vt 0.31399 0.22536
vt 0.30321 0.21074
vt 0.30498 0.21859
vt 0.30649 0.22657
vt 0.29738 0.22005
vt 0.29878 0.22775
vt 0.30114 0.20302
vt 0.29375 0.20497
vt 0.29569 0.21246
vt 0.79871 0.81897
vt 0.79889 0.8135
vt 0.7935 0.81328
vt 0.78815 0.81299
vt 0.7938 0.80749
vt 0.78854 0.80707
vt 0.78281 0.8126
vt 0.77744 0.81215
vt 0.78326 0.80676
vt 0.77799 0.80625
vt 0.78895 0.80104
vt 0.78379 0.80058
vt 0.77863 0.80006
vt 0.7844 0.7941
vt 0.77935 0.79354
vt 0.79912 0.8077
vt 0.79939 0.80164
vt 0.79415 0.80138
vt 0.79455 0.79495
vt 0.78946 0.79456
vt 0.77203 0.81165
vt 0.76656 0.81105
vt 0.77268 0.80573
vt 0.76734 0.805
vt 0.76104 0.81033
vt 0.75546 0.80951
vt 0.76193 0.80434
vt 0.7565 0.80345
vt 0.76819 0.79884
vt 0.76293 0.79803
vt 0.75764 0.79712
vt 0.76404 0.79146
vt 0.75891 0.79051
vt 0.77342 0.79949
vt 0.77427 0.79297
vt 0.76917 0.79227
vt 0.74983 0.80861
vt 0.74413 0.80758
vt 0.751 0.80252
vt 0.7455 0.80133
vt 0.73837 0.80636
vt 0.73254 0.80498
vt 0.7399 0.80018
vt 0.73429 0.79874
vt 0.74695 0.79504
vt 0.74158 0.79374
vt 0.73618 0.79229
vt 0.74339 0.7871
vt 0.73821 0.78563
vt 0.75231 0.79614
vt 0.75374 0.78952
vt 0.74857 0.78839
vt 0.72664 0.80347
vt 0.72068 0.80175
vt 0.72861 0.7972
vt 0.72294 0.79535
vt 0.71467 0.79975
vt 0.7086 0.79749
vt 0.71719 0.79343
vt 0.71147 0.79116
vt 0.7253 0.78897
vt 0.71988 0.78697
vt 0.71447 0.78473
vt 0.72268 0.78039
vt 0.71758 0.77821
vt 0.73074 0.79072
vt 0.73301 0.78409
vt 0.72783 0.78235
vt 0.7025 0.79499
vt 0.69634 0.79225
vt 0.70572 0.78868
vt 0.69999 0.78593
vt 0.69012 0.78931
vt 0.68386 0.78626
vt 0.69421 0.7831
vt 0.68845 0.78016
vt 0.7037 0.77968
vt 0.69837 0.7769
vt 0.69305 0.77405
vt 0.70253 0.77073
vt 0.69765 0.76794
vt 0.70907 0.78229
vt 0.71252 0.77588
vt 0.7075 0.77338
vt 0.23343 0.0892
vt 0.22752 0.09507
vt 0.23217 0.10115
vt 0.23677 0.10724
vt 0.22606 0.1067
vt 0.23042 0.11252
vt 0.24127 0.11335
vt 0.24563 0.11952
vt 0.2348 0.11833
vt 0.23897 0.12427
vt 0.22401 0.11784
vt 0.22811 0.12344
vt 0.23213 0.12913
vt 0.22119 0.12865
vt 0.22501 0.13414
vt 0.22161 0.10094
vt 0.2157 0.10681
vt 0.21987 0.11231
vt 0.21345 0.11795
vt 0.2173 0.12327
vt 0.24979 0.12577
vt 0.25376 0.13213
vt 0.24303 0.13028
vt 0.24676 0.13648
vt 0.25751 0.13858
vt 0.2611 0.14511
vt 0.25053 0.14265
vt 0.25399 0.14899
vt 0.23971 0.14086
vt 0.24323 0.1469
vt 0.2466 0.15303
vt 0.23565 0.1513
vt 0.23888 0.15724
vt 0.236 0.13494
vt 0.22872 0.13973
vt 0.23225 0.14546
vt 0.26457 0.15168
vt 0.26787 0.15832
vt 0.25739 0.15536
vt 0.26047 0.16187
vt 0.27097 0.16506
vt 0.27391 0.17187
vt 0.26361 0.16836
vt 0.26645 0.17498
vt 0.253 0.16547
vt 0.25591 0.17182
vt 0.25868 0.17824
vt 0.24791 0.17542
vt 0.25058 0.18164
vt 0.24987 0.15921
vt 0.24206 0.16321
vt 0.24507 0.16928
vt 0.27674 0.17872
vt 0.2794 0.18565
vt 0.26921 0.18163
vt 0.27166 0.18841
vt 0.28183 0.19268
vt 0.28407 0.19978
vt 0.27414 0.19517
vt 0.27629 0.20204
vt 0.26386 0.19119
vt 0.26613 0.19778
vt 0.26822 0.20441
vt 0.25784 0.20051
vt 0.25986 0.20691
vt 0.26135 0.18469
vt 0.25319 0.18787
vt 0.25561 0.19416
vt 0.28616 0.20694
vt 0.28804 0.21417
vt 0.27833 0.20895
vt 0.28 0.21596
vt 0.28963 0.22149
vt 0.29097 0.22889
vt 0.28166 0.22296
vt 0.28293 0.23005
vt 0.27195 0.21777
vt 0.27343 0.22452
vt 0.27468 0.23129
vt 0.26499 0.22617
vt 0.26622 0.23263
vt 0.27019 0.21107
vt 0.2618 0.2133
vt 0.26351 0.21973
vt 0.79501 0.7882
vt 0.7997 0.79522
vt 0.80006 0.78849
vt 0.79002 0.78783
vt 0.79068 0.7807
vt 0.79552 0.78117
vt 0.78508 0.78734
vt 0.78015 0.78678
vt 0.78103 0.77973
vt 0.78583 0.78031
vt 0.78665 0.77299
vt 0.79134 0.77347
vt 0.78198 0.77242
vt 0.78297 0.76489
vt 0.78751 0.76546
vt 0.79609 0.77386
vt 0.80048 0.78144
vt 0.80091 0.77416
vt 0.79208 0.76593
vt 0.7967 0.76634
vt 0.7752 0.78618
vt 0.77023 0.78549
vt 0.77141 0.77833
vt 0.77621 0.77913
vt 0.76526 0.78465
vt 0.76028 0.7837
vt 0.76176 0.77665
vt 0.76657 0.7776
vt 0.76795 0.77029
vt 0.77262 0.77111
vt 0.76329 0.76937
vt 0.76487 0.7619
vt 0.76937 0.7628
vt 0.77729 0.77181
vt 0.77389 0.76359
vt 0.77843 0.76429
vt 0.75529 0.7827
vt 0.7503 0.78158
vt 0.75214 0.77447
vt 0.75693 0.77567
vt 0.74532 0.78029
vt 0.74035 0.77886
vt 0.74258 0.7719
vt 0.74734 0.7733
vt 0.74941 0.7661
vt 0.75401 0.76732
vt 0.74484 0.76477
vt 0.7471 0.7575
vt 0.75149 0.75877
vt 0.75864 0.7684
vt 0.75592 0.75992
vt 0.76038 0.76097
vt 0.73538 0.77733
vt 0.73045 0.77565
vt 0.73783 0.77043
vt 0.73315 0.76874
vt 0.72558 0.77375
vt 0.72076 0.77168
vt 0.72395 0.76506
vt 0.7285 0.76702
vt 0.73142 0.76016
vt 0.73583 0.76184
vt 0.72709 0.75834
vt 0.73013 0.75152
vt 0.73426 0.7532
vt 0.74031 0.76337
vt 0.73847 0.75476
vt 0.74276 0.75618
vt 0.716 0.76946
vt 0.7113 0.7671
vt 0.71947 0.76299
vt 0.71507 0.76075
vt 0.70666 0.7646
vt 0.70205 0.76205
vt 0.70645 0.75615
vt 0.71074 0.75849
vt 0.71476 0.75236
vt 0.71874 0.75442
vt 0.71084 0.75026
vt 0.71524 0.74437
vt 0.71851 0.74616
vt 0.72286 0.75642
vt 0.72611 0.74979
vt 0.72222 0.74799
vt 0.20979 0.11268
vt 0.20299 0.11852
vt 0.20669 0.12361
vt 0.21037 0.12873
vt 0.19967 0.12926
vt 0.20309 0.13423
vt 0.21404 0.13393
vt 0.21766 0.13922
vt 0.20998 0.14437
vt 0.20661 0.13923
vt 0.19884 0.14454
vt 0.19565 0.13966
vt 0.20204 0.14953
vt 0.19375 0.15468
vt 0.19075 0.14979
vt 0.1962 0.12436
vt 0.1894 0.1302
vt 0.19251 0.1349
vt 0.18497 0.14038
vt 0.18779 0.14501
vt 0.22118 0.14463
vt 0.22458 0.15015
vt 0.21335 0.1496
vt 0.21648 0.155
vt 0.22782 0.1558
vt 0.23094 0.16154
vt 0.22267 0.16598
vt 0.21969 0.16042
vt 0.21123 0.16515
vt 0.20828 0.15984
vt 0.2141 0.17054
vt 0.20524 0.17519
vt 0.20249 0.16994
vt 0.2052 0.15463
vt 0.19675 0.15967
vt 0.19965 0.16476
vt 0.23399 0.16733
vt 0.23692 0.17319
vt 0.22563 0.17158
vt 0.22834 0.17731
vt 0.23966 0.17914
vt 0.24226 0.18515
vt 0.23363 0.18881
vt 0.23111 0.18301
vt 0.22226 0.18704
vt 0.21967 0.18147
vt 0.22473 0.19265
vt 0.21557 0.19664
vt 0.21316 0.19121
vt 0.21694 0.17597
vt 0.20799 0.18047
vt 0.21064 0.18581
vt 0.24478 0.19117
vt 0.24716 0.19723
vt 0.23611 0.19462
vt 0.23832 0.20052
vt 0.24932 0.20335
vt 0.25132 0.2095
vt 0.24253 0.21226
vt 0.24056 0.20635
vt 0.23153 0.20956
vt 0.22942 0.20389
vt 0.23351 0.21524
vt 0.2243 0.21843
vt 0.22232 0.21296
vt 0.22713 0.19826
vt 0.21795 0.20206
vt 0.22021 0.2075
vt 0.25322 0.21564
vt 0.25494 0.22178
vt 0.24443 0.21814
vt 0.24604 0.22407
vt 0.2564 0.22794
vt 0.25766 0.23409
vt 0.24894 0.23576
vt 0.24763 0.2299
vt 0.23868 0.23211
vt 0.23714 0.22649
vt 0.24006 0.23768
vt 0.23107 0.23991
vt 0.22962 0.23459
vt 0.2354 0.22087
vt 0.22622 0.22383
vt 0.228 0.22922
vt 0.79733 0.75865
vt 0.8014 0.76664
vt 0.8019 0.75896
vt 0.79284 0.75827
vt 0.79362 0.75051
vt 0.79797 0.75091
vt 0.7884 0.75779
vt 0.784 0.75724
vt 0.78502 0.74954
vt 0.7893 0.75007
vt 0.79437 0.7428
vt 0.79019 0.74236
vt 0.78603 0.74186
vt 0.80241 0.75121
vt 0.8029 0.74349
vt 0.7986 0.74318
vt 0.77959 0.75665
vt 0.77519 0.75598
vt 0.77648 0.74828
vt 0.78075 0.74895
vt 0.77081 0.7552
vt 0.76645 0.75434
vt 0.76801 0.74675
vt 0.77224 0.74756
vt 0.77362 0.73994
vt 0.77775 0.74064
vt 0.76952 0.73918
vt 0.78188 0.74128
vt 0.76211 0.75344
vt 0.7578 0.75246
vt 0.75963 0.74493
vt 0.76381 0.74588
vt 0.75353 0.75136
vt 0.74931 0.75018
vt 0.75142 0.74283
vt 0.75551 0.74392
vt 0.7574 0.7365
vt 0.76141 0.73745
vt 0.75343 0.7355
vt 0.76545 0.73835
vt 0.74513 0.74895
vt 0.74101 0.74763
vt 0.74338 0.74045
vt 0.74739 0.74168
vt 0.73697 0.7462
vt 0.73301 0.74468
vt 0.73566 0.73781
vt 0.7395 0.73917
vt 0.74184 0.73213
vt 0.74564 0.7333
vt 0.7381 0.73092
vt 0.74951 0.73443
vt 0.72915 0.74311
vt 0.7254 0.7415
vt 0.73194 0.7364
vt 0.72828 0.73494
vt 0.72179 0.73985
vt 0.71825 0.73818
vt 0.72125 0.73198
vt 0.72475 0.73347
vt 0.72756 0.72708
vt 0.73093 0.72837
vt 0.72426 0.72579
vt 0.72726 0.7196
vt 0.73446 0.72966
vt 0.1826 0.13604
vt 0.17414 0.14099
vt 0.17683 0.14556
vt 0.17955 0.15019
vt 0.16832 0.15056
vt 0.17093 0.15521
vt 0.18235 0.15493
vt 0.18518 0.15976
vt 0.17633 0.16474
vt 0.17365 0.15995
vt 0.16468 0.16483
vt 0.16212 0.1601
vt 0.16728 0.16964
vt 0.1657 0.14594
vt 0.15724 0.15089
vt 0.15966 0.15547
vt 0.18802 0.16467
vt 0.19082 0.16966
vt 0.17906 0.16961
vt 0.18169 0.17455
vt 0.19353 0.17473
vt 0.1962 0.17986
vt 0.18698 0.18457
vt 0.18438 0.17953
vt 0.17508 0.18433
vt 0.17249 0.17939
vt 0.17764 0.18929
vt 0.16989 0.17449
vt 0.19885 0.18502
vt 0.20144 0.19022
vt 0.18957 0.18963
vt 0.19206 0.19475
vt 0.20391 0.19548
vt 0.20629 0.20075
vt 0.19693 0.20498
vt 0.19455 0.19984
vt 0.18512 0.20431
vt 0.18267 0.19929
vt 0.18751 0.20932
vt 0.18018 0.19429
vt 0.20864 0.206
vt 0.2109 0.21127
vt 0.19926 0.2101
vt 0.20149 0.21525
vt 0.21302 0.21655
vt 0.21503 0.22182
vt 0.20574 0.22543
vt 0.20367 0.22033
vt 0.19431 0.2243
vt 0.19211 0.21933
vt 0.19645 0.22925
vt 0.18984 0.21433
vt 0.21699 0.22703
vt 0.21883 0.2322
vt 0.20773 0.23046
vt 0.20962 0.23553
vt 0.22052 0.23735
vt 0.22209 0.24245
vt 0.21313 0.24534
vt 0.21143 0.24043
vt 0.20239 0.24383
vt 0.20048 0.23902
vt 0.20423 0.24857
vt 0.19544 0.25217
vt 0.1985 0.23416
vt 0.78794 0.93586
vt 0.78726 0.93052
vt 0.78751 0.92479
vt 0.79033 0.93007
vt 0.79059 0.92481
vt 0.78836 0.9192
vt 0.79271 0.91461
vt 0.79136 0.91961
vt 0.78977 0.91393
vt 0.79401 0.91969
vt 0.79333 0.92468
vt 0.79701 0.91483
vt 0.79648 0.91961
vt 0.79522 0.91498
vt 0.79087 0.93486
vt 0.79328 0.93414
vt 0.79298 0.92962
vt 0.79595 0.92438
vt 0.79542 0.92916
vt 0.79165 0.90913
vt 0.79406 0.90475
vt 0.79463 0.91009
vt 0.79701 0.90609
vt 0.79705 0.90072
vt 0.80081 0.89746
vt 0.79989 0.90252
vt 0.80324 0.89967
vt 0.79954 0.90726
vt 0.80219 0.90393
vt 0.80519 0.90124
vt 0.8042 0.90516
vt 0.8066 0.90193
vt 0.79714 0.91089
vt 0.8018 0.90838
vt 0.79941 0.91161
vt 0.73256 0.39157
vt 0.69531 0.34694
vt 0.75774 0.37716
vt 0.72102 0.31783
vt 0.73339 0.45205
vt 0.70781 0.40505
vt 0.76414 0.44403
vt 0.79056 0.49811
vt 0.83118 0.49584
vt 0.79446 0.4365
vt 0.75624 0.54987
vt 0.75255 0.50089
vt 0.79996 0.55077
vt 0.71978 0.50468
vt 0.70653 0.45896
vt 0.69065 0.55125
vt 0.68991 0.50875
vt 0.72142 0.55065
vt 0.68393 0.41669
vt 0.65446 0.38058
vt 0.67393 0.36568
vt 0.6785 0.46682
vt 0.66036 0.42793
vt 0.78051 0.59899
vt 0.82174 0.60218
vt 0.86789 0.55517
vt 0.71385 0.63751
vt 0.74208 0.59606
vt 0.7447 0.64358
vt 0.77559 0.64919
vt 0.72943 0.69621
vt 0.70504 0.68535
vt 0.66394 0.71848
vt 0.68052 0.67575
vt 0.64371 0.70572
vt 0.65574 0.66868
vt 0.68632 0.6332
vt 0.5995 0.69252
vt 0.63284 0.66111
vt 0.62265 0.69791
vt 0.70924 0.59367
vt 0.67987 0.59083
vt 0.65932 0.62687
vt 0.63516 0.39532
vt 0.61548 0.41155
vt 0.63653 0.44022
vt 0.65208 0.4746
vt 0.61354 0.45281
vt 0.62468 0.48317
vt 0.66065 0.51235
vt 0.66097 0.55061
vt 0.63181 0.54926
vt 0.63225 0.51563
vt 0.60054 0.48999
vt 0.605 0.51879
vt 0.60499 0.54881
vt 0.57977 0.54828
vt 0.57986 0.52135
vt 0.59666 0.4289
vt 0.5804 0.44531
vt 0.59248 0.46492
vt 0.57298 0.47358
vt 0.57744 0.49549
vt 0.65182 0.58656
vt 0.6354 0.61982
vt 0.61178 0.61096
vt 0.62509 0.5818
vt 0.61393 0.65001
vt 0.59217 0.67363
vt 0.58102 0.65917
vt 0.59677 0.63803
vt 0.57911 0.62782
vt 0.59054 0.60414
vt 0.56753 0.64789
vt 0.55338 0.6392
vt 0.5618 0.61997
vt 0.59967 0.57753
vt 0.57004 0.59807
vt 0.57623 0.57406
vt 0.54641 0.65546
vt 0.55792 0.66365
vt 0.56796 0.67443
vt 0.5498 0.67543
vt 0.55708 0.68382
vt 0.57493 0.68718
vt 0.57465 0.70053
vt 0.56147 0.69415
vt 0.56023 0.70363
vt 0.548 0.69091
vt 0.55103 0.69801
vt 0.54991 0.70486
vt 0.54207 0.70084
vt 0.54315 0.70482
vt 0.54077 0.66848
vt 0.53574 0.67783
vt 0.54267 0.68355
vt 0.53563 0.68899
vt 0.53931 0.69553
vt 0.43274 0.20205
vt 0.43537 0.19426
vt 0.43945 0.18727
vt 0.44661 0.19816
vt 0.44933 0.19196
vt 0.44383 0.18084
vt 0.44849 0.17472
vt 0.45254 0.1863
vt 0.45635 0.18062
vt 0.45895 0.19605
vt 0.46131 0.19106
vt 0.46419 0.1861
vt 0.47164 0.19082
vt 0.46958 0.19503
vt 0.45733 0.20117
vt 0.44507 0.20467
vt 0.45655 0.20657
vt 0.46703 0.20338
vt 0.4679 0.19912
vt 0.45341 0.16869
vt 0.45873 0.16279
vt 0.46497 0.16968
vt 0.46042 0.17506
vt 0.46458 0.15707
vt 0.47109 0.15257
vt 0.4753 0.16101
vt 0.46983 0.16485
vt 0.47491 0.17199
vt 0.4709 0.17626
vt 0.47935 0.16855
vt 0.48328 0.17534
vt 0.47974 0.17843
vt 0.46736 0.18107
vt 0.4766 0.18218
vt 0.47395 0.18644
vt 0.47524 0.20487
vt 0.46676 0.20776
vt 0.47525 0.20835
vt 0.47576 0.2015
vt 0.48184 0.20576
vt 0.48202 0.20299
vt 0.47681 0.19811
vt 0.47824 0.19462
vt 0.48298 0.20041
vt 0.48388 0.19748
vt 0.48748 0.20423
vt 0.48809 0.20205
vt 0.48874 0.1997
vt 0.49212 0.20323
vt 0.49258 0.20124
vt 0.48181 0.20843
vt 0.48653 0.20805
vt 0.48675 0.20617
vt 0.49036 0.20655
vt 0.49145 0.20508
vt 0.47991 0.19094
vt 0.48189 0.18734
vt 0.48647 0.1914
vt 0.48516 0.19456
vt 0.48426 0.18409
vt 0.48698 0.18142
vt 0.49019 0.18654
vt 0.48826 0.18881
vt 0.49156 0.19243
vt 0.49061 0.19487
vt 0.49275 0.19052
vt 0.49429 0.19296
vt 0.49421 0.19492
vt 0.48962 0.1973
vt 0.49377 0.19716
vt 0.49323 0.19928
vt 0.84212 0.72821
vt 0.84263 0.73558
vt 0.83809 0.72852
vt 0.83846 0.73589
vt 0.84552 0.72069
vt 0.84609 0.72785
vt 0.84167 0.72103
vt 0.84127 0.71399
vt 0.83752 0.7143
vt 0.83778 0.72135
vt 0.84446 0.70662
vt 0.84498 0.71361
vt 0.84089 0.70701
vt 0.84867 0.71321
vt 0.84933 0.72025
vt 0.85159 0.70584
vt 0.85234 0.71275
vt 0.84803 0.70623
vt 0.85003 0.72743
vt 0.85079 0.73478
vt 0.84673 0.73523
vt 0.85312 0.71979
vt 0.85394 0.72695
vt 0.85784 0.7264
vt 0.85884 0.73373
vt 0.85481 0.73429
vt 0.8607 0.71868
vt 0.86174 0.7258
vt 0.85691 0.71925
vt 0.85602 0.71222
vt 0.8587 0.70468
vt 0.85969 0.71164
vt 0.85515 0.70526
vt 0.86335 0.71103
vt 0.86447 0.71803
vt 0.86581 0.70352
vt 0.86703 0.71037
vt 0.86226 0.7041
vt 0.86563 0.72515
vt 0.86686 0.73244
vt 0.86286 0.73313
vt 0.86825 0.71735
vt 0.86951 0.72445
vt 0.87337 0.72367
vt 0.8748 0.73092
vt 0.87084 0.73172
vt 0.87579 0.7158
vt 0.87721 0.72285
vt 0.87201 0.71659
vt 0.87072 0.70961
vt 0.87309 0.70188
vt 0.87442 0.70881
vt 0.86945 0.7027
vt 0.87811 0.70798
vt 0.87953 0.71494
vt 0.88036 0.70024
vt 0.8818 0.70714
vt 0.87672 0.70106
vt 0.88103 0.722
vt 0.88265 0.72917
vt 0.87875 0.73007
vt 0.88328 0.71408
vt 0.88483 0.7211
vt 0.88859 0.72016
vt 0.89035 0.72723
vt 0.88652 0.72823
vt 0.89071 0.71228
vt 0.89232 0.7192
vt 0.88699 0.71319
vt 0.88548 0.70628
vt 0.88769 0.69858
vt 0.88916 0.70541
vt 0.88403 0.69941
vt 0.89282 0.70454
vt 0.89435 0.71135
vt 0.89503 0.69691
vt 0.89647 0.70366
vt 0.89136 0.69775
vt 0.89601 0.71821
vt 0.89415 0.7262
vt 0.89787 0.72513
vt 0.898 0.71042
vt 0.89965 0.71721
vt 0.90324 0.71618
vt 0.90154 0.72404
vt 0.90513 0.72291
vt 0.90159 0.70948
vt 0.90517 0.70853
vt 0.90672 0.71515
vt 0.90011 0.70279
vt 0.89871 0.69611
vt 0.9024 0.6953
vt 0.90374 0.70192
vt 0.90735 0.70104
vt 0.90867 0.70759
vt 0.90609 0.6945
vt 0.90978 0.69369
vt 0.91097 0.70017
vt 0.91007 0.71413
vt 0.9086 0.72177
vt 0.91184 0.72064
vt 0.91216 0.70664
vt 0.91335 0.71312
vt 0.86202 0.15963
vt 0.85969 0.16441
vt 0.85214 0.15584
vt 0.85025 0.16013
vt 0.8694 0.16846
vt 0.8669 0.17348
vt 0.85731 0.16922
vt 0.88178 0.16722
vt 0.87918 0.17245
vt 0.8719 0.16343
vt 0.88898 0.17642
vt 0.88629 0.18182
vt 0.87657 0.17768
vt 0.87395 0.1829
vt 0.86435 0.17853
vt 0.88092 0.19263
vt 0.87132 0.18806
vt 0.8836 0.18722
vt 0.85484 0.17411
vt 0.84546 0.16956
vt 0.84793 0.16478
vt 0.86178 0.18356
vt 0.8523 0.17903
vt 0.84974 0.18396
vt 0.84291 0.1744
vt 0.84035 0.17928
vt 0.85918 0.18856
vt 0.85657 0.19351
vt 0.84716 0.18888
vt 0.86865 0.19312
vt 0.87816 0.19767
vt 0.87539 0.20272
vt 0.86597 0.19813
vt 0.86329 0.20313
vt 0.85395 0.19847
vt 0.86987 0.21282
vt 0.86062 0.20808
vt 0.87263 0.20777
vt 0.8446 0.1938
vt 0.83523 0.18909
vt 0.83779 0.18417
vt 0.85134 0.2034
vt 0.84204 0.19871
vt 0.83949 0.20362
vt 0.83269 0.19402
vt 0.83017 0.19896
vt 0.84876 0.20829
vt 0.84619 0.21316
vt 0.83697 0.20852
vt 0.85798 0.21297
vt 0.86719 0.21764
vt 0.86451 0.22247
vt 0.85537 0.21781
vt 0.85276 0.22264
vt 0.84366 0.21801
vt 0.85915 0.23211
vt 0.8502 0.22745
vt 0.86183 0.22729
vt 0.83449 0.21341
vt 0.82522 0.20884
vt 0.82766 0.2039
vt 0.84116 0.22284
vt 0.83204 0.21827
vt 0.82964 0.22312
vt 0.82281 0.21376
vt 0.82045 0.21868
vt 0.8387 0.22764
vt 0.83627 0.23242
vt 0.82728 0.22795
vt 0.84768 0.2322
vt 0.85661 0.23679
vt 0.85407 0.24147
vt 0.8452 0.23692
vt 0.84274 0.24163
vt 0.8339 0.23715
vt 0.84899 0.25084
vt 0.84031 0.24631
vt 0.85153 0.24615
vt 0.82496 0.23274
vt 0.81588 0.22845
vt 0.81813 0.22359
vt 0.83155 0.24186
vt 0.82269 0.23751
vt 0.82048 0.24223
vt 0.81368 0.23329
vt 0.81155 0.23809
vt 0.82925 0.24653
vt 0.82697 0.25119
vt 0.81831 0.24691
vt 0.83793 0.25095
vt 0.84654 0.25542
vt 0.8441 0.26001
vt 0.83557 0.25555
vt 0.83323 0.26014
vt 0.82475 0.25576
vt 0.8392 0.26917
vt 0.83089 0.26468
vt 0.84165 0.26459
vt 0.81618 0.25154
vt 0.80745 0.24754
vt 0.80946 0.24286
vt 0.82254 0.26032
vt 0.81409 0.25611
vt 0.8614 0.96541
vt 0.86137 0.96151
vt 0.86368 0.96526
vt 0.86382 0.96095
vt 0.86392 0.95671
vt 0.86629 0.96059
vt 0.86657 0.9562
vt 0.86125 0.95756
vt 0.86107 0.9537
vt 0.86394 0.9526
vt 0.86387 0.94874
vt 0.86681 0.95178
vt 0.86692 0.94767
vt 0.86928 0.95577
vt 0.86969 0.95125
vt 0.87 0.94684
vt 0.87261 0.95099
vt 0.87309 0.94637
vt 0.86878 0.96035
vt 0.86824 0.96497
vt 0.86596 0.96512
vt 0.87135 0.96031
vt 0.87203 0.95566
vt 0.87407 0.96056
vt 0.87322 0.96536
vt 0.87052 0.96483
vt 0.87783 0.95614
vt 0.87689 0.961
vt 0.87488 0.95576
vt 0.87561 0.95097
vt 0.87948 0.94633
vt 0.8787 0.9512
vt 0.87624 0.94619
vt 0.88188 0.95169
vt 0.88086 0.95662
vt 0.88628 0.94738
vt 0.88519 0.95237
vt 0.88281 0.94673
vt 0.87975 0.96153
vt 0.8786 0.96643
vt 0.87591 0.9659
vt 0.88399 0.95734
vt 0.8827 0.96224
vt 0.88578 0.96318
vt 0.88426 0.96813
vt 0.8813 0.96697
vt 0.89061 0.95929
vt 0.88894 0.96428
vt 0.88725 0.95821
vt 0.88864 0.95321
vt 0.8937 0.94918
vt 0.89221 0.95422
vt 0.88992 0.94818
vt 0.89586 0.95542
vt 0.89403 0.96046
vt 0.89758 0.95035
vt 0.90153 0.95172
vt 0.89956 0.95679
vt 0.89213 0.96547
vt 0.8902 0.97047
vt 0.88723 0.9693
vt 0.89747 0.96183
vt 0.89533 0.9668
vt 0.89854 0.96834
vt 0.89611 0.97332
vt 0.89316 0.97163
vt 0.90438 0.96508
vt 0.90174 0.97003
vt 0.90094 0.96335
vt 0.90328 0.95832
vt 0.90552 0.95327
vt 0.9095 0.95503
vt 0.907 0.96004
vt 0.9107 0.96196
vt 0.90783 0.9669
vt 0.91744 0.95915
vt 0.91435 0.96407
vt 0.91349 0.95698
vt 0.90493 0.97181
vt 0.902 0.97669
vt 0.89906 0.97501
vt 0.91121 0.96893
vt 0.90806 0.97373
vt 0.9111 0.97586
vt 0.90766 0.98056
vt 0.90495 0.97838
vt 0.91778 0.97349
vt 0.91408 0.97812
vt 0.91453 0.97113
vt 0.91795 0.96636
vt 0.92516 0.96412
vt 0.92149 0.96882
vt 0.92133 0.96154
vt 0.92499 0.97139
vt 0.92103 0.97591
vt 0.93271 0.96966
vt 0.92847 0.97402
vt 0.92897 0.96682
vt 0.91705 0.98042
vt 0.91037 0.98274
vt 0.91307 0.98492
vt 0.92424 0.97838
vt 0.92001 0.98274
vt 0.56151 0.02104
vt 0.56089 0.02532
vt 0.55455 0.02067
vt 0.55397 0.02462
vt 0.56781 0.02602
vt 0.56707 0.03062
vt 0.56024 0.0296
vt 0.57543 0.02177
vt 0.57473 0.0267
vt 0.56847 0.0214
vt 0.58167 0.02732
vt 0.58083 0.03259
vt 0.57396 0.03163
vt 0.57305 0.03656
vt 0.56627 0.03521
vt 0.57869 0.04312
vt 0.57196 0.04145
vt 0.57987 0.03787
vt 0.55953 0.03386
vt 0.55282 0.03251
vt 0.5534 0.02856
vt 0.56525 0.03976
vt 0.55865 0.03808
vt 0.55746 0.04222
vt 0.55225 0.03646
vt 0.55093 0.04019
vt 0.56401 0.04425
vt 0.5625 0.04865
vt 0.55607 0.04629
vt 0.57061 0.04628
vt 0.57724 0.04829
vt 0.57549 0.05338
vt 0.56902 0.05103
vt 0.56717 0.0557
vt 0.56085 0.05301
vt 0.57129 0.06331
vt 0.5651 0.06028
vt 0.57353 0.0584
vt 0.55456 0.05032
vt 0.54829 0.04764
vt 0.54961 0.04392
vt 0.55893 0.05725
vt 0.55286 0.05426
vt 0.55088 0.05803
vt 0.54698 0.05137
vt 0.54497 0.05469
vt 0.55681 0.06138
vt 0.55443 0.06537
vt 0.5487 0.06169
vt 0.5628 0.06475
vt 0.56882 0.06812
vt 0.56608 0.07279
vt 0.56026 0.0691
vt 0.55748 0.0733
vt 0.55192 0.06927
vt 0.55985 0.08173
vt 0.55446 0.07735
vt 0.5631 0.07734
vt 0.54641 0.06529
vt 0.54094 0.06132
vt 0.54295 0.058
vt 0.54915 0.073
vt 0.54394 0.06872
vt 0.54121 0.07191
vt 0.53893 0.06463
vt 0.53629 0.0673
vt 0.54296 0.07988
vt 0.53829 0.07492
vt 0.54617 0.07655
vt 0.55122 0.08124
vt 0.55258 0.09
vt 0.54774 0.08493
vt 0.55635 0.08597
vt 0.54401 0.0884
vt 0.5396 0.08307
vt 0.5442 0.09742
vt 0.54004 0.09163
vt 0.54853 0.09384
vt 0.53528 0.07782
vt 0.531 0.07263
vt 0.53365 0.06997
vt 0.536 0.08598
vt 0.53209 0.08049
vt 0.52867 0.0828
vt 0.52836 0.0753
vt 0.52518 0.07704
vt 0.52818 0.09094
vt 0.52508 0.08484
vt 0.5322 0.08862
vt 0.53583 0.0946
vt 0.53469 0.10371
vt 0.53139 0.09724
vt 0.53959 0.10075
vt 0.52672 0.09952
vt 0.52402 0.09301
vt 0.52412 0.10834
vt 0.52184 0.10138
vt 0.52954 0.10628
vt 0.52141 0.08672
vt 0.51883 0.08053
vt 0.52201 0.07879
vt 0.51967 0.09469
vt 0.51761 0.08828
vt 0.8608 0.95016
vt 0.86043 0.94703
vt 0.86368 0.94523
vt 0.86333 0.94181
vt 0.86694 0.94372
vt 0.86677 0.93995
vt 0.85985 0.94404
vt 0.85905 0.94096
vt 0.86277 0.93824
vt 0.86224 0.93403
vt 0.86658 0.93593
vt 0.86628 0.93157
vt 0.87029 0.93836
vt 0.87028 0.93407
vt 0.87021 0.92959
vt 0.87392 0.93274
vt 0.87401 0.92812
vt 0.8702 0.94258
vt 0.87347 0.94181
vt 0.87374 0.93732
vt 0.87678 0.94143
vt 0.87721 0.9367
vt 0.88015 0.94143
vt 0.88071 0.93668
vt 0.87753 0.932
vt 0.87777 0.92729
vt 0.88116 0.93178
vt 0.88153 0.92705
vt 0.88489 0.93198
vt 0.88431 0.93683
vt 0.88537 0.9272
vt 0.88941 0.92768
vt 0.8888 0.93249
vt 0.88362 0.94176
vt 0.88809 0.93739
vt 0.88724 0.94236
vt 0.89106 0.94313
vt 0.89208 0.9381
vt 0.89628 0.93911
vt 0.89505 0.94409
vt 0.89297 0.93317
vt 0.89375 0.92831
vt 0.89836 0.92916
vt 0.89737 0.93406
vt 0.90194 0.9352
vt 0.90062 0.9402
vt 0.90315 0.93026
vt 0.9081 0.93158
vt 0.90665 0.93656
vt 0.89917 0.94526
vt 0.90507 0.94159
vt 0.90337 0.94664
vt 0.90763 0.94819
vt 0.9096 0.94312
vt 0.91415 0.94496
vt 0.91191 0.94996
vt 0.91145 0.93809
vt 0.91318 0.93307
vt 0.91833 0.93482
vt 0.91632 0.93985
vt 0.92123 0.94189
vt 0.91877 0.94692
vt 0.92355 0.93685
vt 0.92881 0.9392
vt 0.92614 0.94422
vt 0.91619 0.95196
vt 0.92334 0.94923
vt 0.92044 0.9542
vt 0.92465 0.95667
vt 0.9279 0.95176
vt 0.93241 0.95456
vt 0.92882 0.95935
vt 0.93105 0.94682
vt 0.93408 0.94183
vt 0.93938 0.94473
vt 0.93596 0.94967
vt 0.94087 0.95271
vt 0.93693 0.95746
vt 0.94471 0.94785
vt 0.95016 0.95126
vt 0.9458 0.95586
vt 0.93295 0.96217
vt 0.94143 0.96046
vt 0.93707 0.96506
vt 0.58948 0.02214
vt 0.58865 0.02782
vt 0.58239 0.02213
vt 0.59565 0.02826
vt 0.59461 0.03434
vt 0.58775 0.03349
vt 0.60367 0.02216
vt 0.60265 0.0287
vt 0.59658 0.02215
vt 0.60963 0.02919
vt 0.60838 0.03609
vt 0.60154 0.03521
vt 0.60027 0.04164
vt 0.5935 0.0404
vt 0.60701 0.04289
vt 0.60539 0.04958
vt 0.59878 0.04797
vt 0.58669 0.03915
vt 0.59209 0.04636
vt 0.58542 0.04476
vt 0.58386 0.05029
vt 0.59046 0.05226
vt 0.58842 0.05801
vt 0.58202 0.05573
vt 0.597 0.05421
vt 0.60349 0.05615
vt 0.60125 0.06258
vt 0.59492 0.06033
vt 0.59253 0.06634
vt 0.58625 0.06373
vt 0.59875 0.06891
vt 0.59594 0.07511
vt 0.58986 0.07224
vt 0.5799 0.06108
vt 0.58369 0.0693
vt 0.57752 0.06633
vt 0.57488 0.07147
vt 0.58094 0.07479
vt 0.5778 0.08011
vt 0.57198 0.0765
vt 0.58694 0.07805
vt 0.59291 0.08123
vt 0.58957 0.08723
vt 0.58375 0.08374
vt 0.58022 0.08931
vt 0.57451 0.08539
vt 0.58593 0.09313
vt 0.58194 0.09893
vt 0.57638 0.09476
vt 0.56879 0.08138
vt 0.57083 0.09047
vt 0.56533 0.08613
vt 0.56159 0.09073
vt 0.5669 0.09547
vt 0.56257 0.10022
vt 0.55756 0.09515
vt 0.57226 0.10012
vt 0.57768 0.10467
vt 0.57305 0.11026
vt 0.5678 0.10534
vt 0.56293 0.11038
vt 0.558 0.10491
vt 0.56803 0.11573
vt 0.56259 0.121
vt 0.55767 0.11522
vt 0.5532 0.09937
vt 0.55299 0.1093
vt 0.54851 0.10335
vt 0.5435 0.10709
vt 0.54762 0.11351
vt 0.5418 0.11732
vt 0.53816 0.11046
vt 0.55202 0.11988
vt 0.55677 0.12611
vt 0.55035 0.13118
vt 0.54584 0.12435
vt 0.53902 0.12863
vt 0.53564 0.12077
vt 0.53439 0.14228
vt 0.53164 0.13187
vt 0.54322 0.13633
vt 0.53249 0.11334
vt 0.52902 0.1234
vt 0.52653 0.11562
vt 0.85764 0.93702
vt 0.85803 0.93029
vt 0.86194 0.92873
vt 0.86157 0.92294
vt 0.86604 0.92662
vt 0.86563 0.92134
vt 0.85771 0.9242
vt 0.85687 0.91844
vt 0.86081 0.91728
vt 0.85966 0.9119
vt 0.86414 0.91076
vt 0.86507 0.91595
vt 0.86987 0.91974
vt 0.86945 0.91468
vt 0.8688 0.90968
vt 0.8738 0.91366
vt 0.87339 0.90888
vt 0.8701 0.92476
vt 0.87407 0.92334
vt 0.874 0.91854
vt 0.87795 0.92255
vt 0.87803 0.91781
vt 0.88181 0.92229
vt 0.88199 0.91771
vt 0.87796 0.91312
vt 0.87772 0.90847
vt 0.88195 0.90845
vt 0.88205 0.913
vt 0.88622 0.91324
vt 0.88606 0.91779
vt 0.88625 0.90873
vt 0.89079 0.90921
vt 0.89063 0.9137
vt 0.88577 0.92246
vt 0.89038 0.91825
vt 0.88994 0.92291
vt 0.89444 0.92352
vt 0.89501 0.91882
vt 0.90002 0.91964
vt 0.89922 0.92432
vt 0.89545 0.91424
vt 0.89578 0.90969
vt 0.90116 0.91029
vt 0.90062 0.91491
vt 0.90607 0.9158
vt 0.90521 0.92054
vt 0.90682 0.9111
vt 0.91272 0.91212
vt 0.91175 0.9169
vt 0.90423 0.92536
vt 0.91065 0.92174
vt 0.90943 0.92663
vt 0.91477 0.92807
vt 0.91624 0.9231
vt 0.92196 0.92483
vt 0.92022 0.92977
vt 0.91759 0.9182
vt 0.9188 0.91332
vt 0.92506 0.9148
vt 0.92358 0.91976
vt 0.92973 0.92165
vt 0.92782 0.9267
vt 0.93808 0.91873
vt 0.936 0.92388
vt 0.93149 0.91659
vt 0.92575 0.93178
vt 0.93375 0.92901
vt 0.93135 0.9341
vt 0.937 0.93675
vt 0.93977 0.93161
vt 0.94583 0.93455
vt 0.94268 0.93966
vt 0.94238 0.92644
vt 0.95171 0.92398
vt 0.94886 0.92929
vt 0.94482 0.9212
vt 0.95546 0.93239
vt 0.95197 0.93762
vt 0.96608 0.93041
vt 0.9621 0.93562
vt 0.95875 0.92702
vt 0.9484 0.9428
vt 0.95812 0.94083
vt 0.95414 0.94605
vt 0.6179 0.02249
vt 0.6166 0.02979
vt 0.61077 0.02216
vt 0.62355 0.03046
vt 0.62195 0.03803
vt 0.61522 0.03703
vt 0.63215 0.02315
vt 0.63047 0.03117
vt 0.62502 0.02282
vt 0.63537 0.04031
vt 0.62872 0.03912
vt 0.63735 0.03205
vt 0.62683 0.04692
vt 0.6203 0.04552
vt 0.63101 0.05629
vt 0.62474 0.05455
vt 0.63328 0.0484
vt 0.61369 0.04418
vt 0.61836 0.05285
vt 0.61193 0.05121
vt 0.60989 0.05809
vt 0.61621 0.06004
vt 0.61365 0.06702
vt 0.60756 0.06484
vt 0.62242 0.06199
vt 0.62853 0.06397
vt 0.62577 0.07145
vt 0.61982 0.06926
vt 0.61693 0.07636
vt 0.61099 0.07393
vt 0.61953 0.08596
vt 0.61379 0.08335
vt 0.62277 0.07877
vt 0.60491 0.07144
vt 0.60794 0.08067
vt 0.602 0.07793
vt 0.59885 0.08434
vt 0.60471 0.08735
vt 0.60108 0.09388
vt 0.59541 0.09064
vt 0.61045 0.09026
vt 0.61613 0.09309
vt 0.61246 0.10014
vt 0.60686 0.09709
vt 0.60294 0.10385
vt 0.59733 0.10043
vt 0.60425 0.11411
vt 0.59872 0.11057
vt 0.6085 0.10713
vt 0.59164 0.09685
vt 0.59315 0.10686
vt 0.58756 0.10298
vt 0.58318 0.10907
vt 0.58871 0.1133
vt 0.58385 0.11957
vt 0.57846 0.11506
vt 0.59423 0.11732
vt 0.59497 0.12815
vt 0.58943 0.12402
vt 0.59976 0.12114
vt 0.5843 0.1306
vt 0.57878 0.12588
vt 0.58455 0.14197
vt 0.57888 0.13707
vt 0.58989 0.1351
vt 0.57334 0.12091
vt 0.5733 0.13193
vt 0.56784 0.12659
vt 0.56199 0.13211
vt 0.56752 0.13788
vt 0.56132 0.14372
vt 0.55567 0.13762
vt 0.57323 0.14341
vt 0.57315 0.15548
vt 0.56729 0.14968
vt 0.57903 0.14878
vt 0.56101 0.15592
vt 0.55501 0.14971
vt 0.56685 0.16204
vt 0.55442 0.16222
vt 0.55996 0.16844
vt 0.54882 0.14327
vt 0.54214 0.14958
vt 0.54847 0.15599
vt 0.85375 0.90806
vt 0.85809 0.90691
vt 0.85554 0.91301
vt 0.85617 0.90219
vt 0.86141 0.90119
vt 0.86289 0.90581
vt 0.84861 0.89894
vt 0.85394 0.89759
vt 0.85149 0.90343
vt 0.85216 0.89297
vt 0.85875 0.89208
vt 0.85993 0.89656
vt 0.86577 0.89575
vt 0.8668 0.90023
vt 0.86493 0.89136
vt 0.87065 0.89087
vt 0.87127 0.8952
vt 0.86786 0.90487
vt 0.87198 0.89966
vt 0.87276 0.90419
vt 0.87731 0.90387
vt 0.8768 0.89936
vt 0.88137 0.89947
vt 0.88171 0.90389
vt 0.87626 0.89495
vt 0.87581 0.89062
vt 0.88068 0.89062
vt 0.881 0.89497
vt 0.88572 0.89522
vt 0.88596 0.89966
vt 0.88551 0.89082
vt 0.8906 0.89114
vt 0.8907 0.89559
vt 0.88614 0.90418
vt 0.89084 0.90006
vt 0.89084 0.90463
vt 0.89599 0.90509
vt 0.89612 0.9005
vt 0.90193 0.90106
vt 0.90155 0.90565
vt 0.89618 0.89597
vt 0.89624 0.89146
vt 0.90236 0.89184
vt 0.90211 0.89643
vt 0.90841 0.89703
vt 0.90795 0.90169
vt 0.9088 0.89238
vt 0.91555 0.89305
vt 0.91497 0.89779
vt 0.90743 0.90639
vt 0.9143 0.90254
vt 0.91356 0.90732
vt 0.91988 0.90843
vt 0.92084 0.90355
vt 0.92761 0.90487
vt 0.92639 0.90979
vt 0.9217 0.8987
vt 0.92246 0.89384
vt 0.92959 0.89484
vt 0.92865 0.89982
vt 0.93586 0.90124
vt 0.93455 0.90636
vt 0.94473 0.89763
vt 0.94333 0.90296
vt 0.93701 0.8961
vt 0.9331 0.91148
vt 0.94175 0.90825
vt 0.94 0.9135
vt 0.94708 0.91585
vt 0.95678 0.91296
vt 0.95434 0.9185
vt 0.94917 0.91044
vt 0.95106 0.90498
vt 0.96105 0.90151
vt 0.95902 0.90727
vt 0.95274 0.89944
vt 0.9672 0.9098
vt 0.96453 0.91562
vt 0.97863 0.90645
vt 0.97549 0.91244
vt 0.96962 0.90381
vt 0.96174 0.9214
vt 0.97235 0.91843
vt 0.96922 0.92442
vt 0.64418 0.03319
vt 0.64631 0.02462
vt 0.63928 0.02347
vt 0.64849 0.04315
vt 0.64199 0.04167
vt 0.65096 0.0345
vt 0.6577 0.0359
vt 0.66037 0.0269
vt 0.65334 0.02576
vt 0.66141 0.04657
vt 0.655 0.04479
vt 0.66439 0.03751
vt 0.65223 0.05348
vt 0.646 0.05168
vt 0.6553 0.06399
vt 0.64936 0.06194
vt 0.65839 0.05541
vt 0.63968 0.04999
vt 0.64332 0.05997
vt 0.63722 0.0581
vt 0.63457 0.06598
vt 0.64051 0.06804
vt 0.63743 0.07585
vt 0.63169 0.07367
vt 0.64636 0.07015
vt 0.65213 0.07231
vt 0.64884 0.08039
vt 0.64321 0.07813
vt 0.63988 0.08592
vt 0.63428 0.08356
vt 0.64184 0.09605
vt 0.63639 0.09359
vt 0.6454 0.08829
vt 0.62857 0.08117
vt 0.63087 0.09109
vt 0.62525 0.08855
vt 0.62176 0.09586
vt 0.62733 0.09857
vt 0.6235 0.10595
vt 0.61806 0.10311
vt 0.63279 0.10119
vt 0.6382 0.10377
vt 0.63441 0.11144
vt 0.62902 0.10874
vt 0.62502 0.11627
vt 0.61959 0.11336
vt 0.62626 0.12677
vt 0.62082 0.12383
vt 0.63042 0.11908
vt 0.61407 0.11031
vt 0.61534 0.12076
vt 0.60981 0.11751
vt 0.60533 0.12478
vt 0.60615 0.13575
vt 0.60059 0.13208
vt 0.61091 0.12823
vt 0.61644 0.13148
vt 0.61745 0.14253
vt 0.61183 0.13926
vt 0.62196 0.13457
vt 0.60698 0.14717
vt 0.60127 0.14342
vt 0.60775 0.15909
vt 0.60189 0.15529
vt 0.61271 0.15066
vt 0.59556 0.13938
vt 0.59609 0.15115
vt 0.5903 0.14669
vt 0.58487 0.15404
vt 0.59073 0.15906
vt 0.57904 0.16127
vt 0.58473 0.16686
vt 0.59663 0.1637
vt 0.59695 0.17716
vt 0.59083 0.17233
vt 0.60263 0.16791
vt 0.5783 0.17453
vt 0.58416 0.18108
vt 0.58217 0.19808
vt 0.57596 0.18879
vt 0.5906 0.18692
vt 0.57257 0.16822
vt 0.57049 0.18146
vt 0.56532 0.17478
vt 0.84469 0.89408
vt 0.84492 0.88857
vt 0.85157 0.88821
vt 0.85159 0.88342
vt 0.8582 0.88754
vt 0.85797 0.883
vt 0.84516 0.88367
vt 0.84532 0.8789
vt 0.85163 0.87872
vt 0.85154 0.87407
vt 0.85791 0.87846
vt 0.85767 0.8739
vt 0.86421 0.88257
vt 0.864 0.87818
vt 0.8637 0.87375
vt 0.86943 0.87358
vt 0.86977 0.87793
vt 0.86447 0.88697
vt 0.86998 0.88224
vt 0.87027 0.88654
vt 0.87552 0.88632
vt 0.8753 0.88203
vt 0.88032 0.882
vt 0.88047 0.88628
vt 0.87508 0.87776
vt 0.87478 0.87343
vt 0.87996 0.87331
vt 0.88016 0.87767
vt 0.88526 0.87767
vt 0.88533 0.88204
vt 0.88517 0.87327
vt 0.89065 0.87328
vt 0.89063 0.87774
vt 0.88539 0.88643
vt 0.89066 0.88219
vt 0.89058 0.88667
vt 0.89632 0.88692
vt 0.89643 0.88238
vt 0.90282 0.88267
vt 0.90253 0.88724
vt 0.89654 0.87786
vt 0.89664 0.87334
vt 0.90312 0.87345
vt 0.90292 0.87805
vt 0.9097 0.87833
vt 0.90941 0.88301
vt 0.90994 0.87364
vt 0.91709 0.87388
vt 0.91678 0.87868
vt 0.90913 0.8877
vt 0.91641 0.88347
vt 0.91601 0.88826
vt 0.92307 0.88894
vt 0.92359 0.88402
vt 0.9311 0.88477
vt 0.93038 0.88979
vt 0.92405 0.87911
vt 0.92442 0.87416
vt 0.93205 0.87452
vt 0.93161 0.87964
vt 0.93953 0.88034
vt 0.93883 0.88562
vt 0.94006 0.87501
vt 0.94849 0.8756
vt 0.94782 0.88119
vt 0.938 0.89088
vt 0.94698 0.88672
vt 0.94594 0.89221
vt 0.95421 0.89378
vt 0.95547 0.88803
vt 0.96431 0.88955
vt 0.96279 0.89557
vt 0.95652 0.88221
vt 0.95733 0.8763
vt 0.96658 0.87712
vt 0.96557 0.88338
vt 0.97493 0.88471
vt 0.97334 0.89117
vt 0.98639 0.87934
vt 0.98445 0.88612
vt 0.9762 0.87809
vt 0.97161 0.89757
vt 0.98251 0.8929
vt 0.98057 0.89967
vt 0.67098 0.03948
vt 0.67419 0.03026
vt 0.6674 0.02805
vt 0.67402 0.05076
vt 0.66775 0.04859
vt 0.67751 0.04167
vt 0.684 0.04395
vt 0.68776 0.03469
vt 0.68098 0.03247
vt 0.68642 0.05565
vt 0.68026 0.05311
vt 0.69043 0.04648
vt 0.67653 0.06207
vt 0.67055 0.05971
vt 0.67857 0.07327
vt 0.67283 0.07078
vt 0.68246 0.06458
vt 0.6645 0.05749
vt 0.66705 0.0684
vt 0.6612 0.06615
vt 0.65786 0.07454
vt 0.66354 0.07686
vt 0.65996 0.08504
vt 0.65444 0.08271
vt 0.66916 0.07924
vt 0.67474 0.08172
vt 0.67096 0.08995
vt 0.66548 0.08748
vt 0.66178 0.09554
vt 0.65637 0.09311
vt 0.66338 0.10596
vt 0.65804 0.10348
vt 0.66716 0.09801
vt 0.6509 0.09069
vt 0.65269 0.10101
vt 0.64728 0.09853
vt 0.64359 0.10633
vt 0.64896 0.10887
vt 0.64511 0.11668
vt 0.63979 0.11409
vt 0.65428 0.11137
vt 0.65959 0.11388
vt 0.65579 0.12178
vt 0.65046 0.11924
vt 0.64656 0.12712
vt 0.64121 0.12451
vt 0.648 0.13763
vt 0.64259 0.13505
vt 0.65191 0.12967
vt 0.63583 0.12183
vt 0.63717 0.13239
vt 0.63172 0.12962
vt 0.6275 0.13753
vt 0.62874 0.14855
vt 0.62311 0.14561
vt 0.63304 0.14037
vt 0.63855 0.14309
vt 0.64406 0.14571
vt 0.64007 0.15397
vt 0.63442 0.15131
vt 0.63017 0.15977
vt 0.62435 0.15695
vt 0.62583 0.16856
vt 0.63187 0.1712
vt 0.63599 0.16243
vt 0.61852 0.15391
vt 0.61978 0.1657
vt 0.61374 0.16254
vt 0.60881 0.1716
vt 0.61032 0.18438
vt 0.60361 0.18111
vt 0.61509 0.17485
vt 0.62141 0.17773
vt 0.61705 0.18723
vt 0.62371 0.18976
vt 0.62775 0.18032
vt 0.60574 0.19426
vt 0.61287 0.19701
vt 0.60908 0.20701
vt 0.61612 0.20936
vt 0.61974 0.19945
vt 0.59806 0.1911
vt 0.59313 0.2015
vt 0.60156 0.20438
vt 0.84532 0.87418
vt 0.85118 0.86939
vt 0.84506 0.86945
vt 0.85066 0.86474
vt 0.85662 0.86469
vt 0.85725 0.8693
vt 0.84419 0.86015
vt 0.8501 0.86014
vt 0.84464 0.86476
vt 0.84962 0.85565
vt 0.85547 0.85564
vt 0.85601 0.86012
vt 0.86186 0.86007
vt 0.86255 0.86463
vt 0.86125 0.85559
vt 0.86702 0.85553
vt 0.86762 0.86002
vt 0.86319 0.86921
vt 0.86828 0.86455
vt 0.86892 0.8691
vt 0.87435 0.86898
vt 0.87383 0.86447
vt 0.87932 0.86438
vt 0.87966 0.86887
vt 0.87328 0.85995
vt 0.87277 0.85546
vt 0.87858 0.85537
vt 0.87893 0.85987
vt 0.88468 0.85979
vt 0.88486 0.86431
vt 0.88448 0.85528
vt 0.89055 0.85515
vt 0.89062 0.85971
vt 0.88503 0.86881
vt 0.89068 0.86425
vt 0.89065 0.86878
vt 0.89674 0.86878
vt 0.89682 0.8642
vt 0.90324 0.86882
vt 0.90342 0.86417
vt 0.89687 0.85961
vt 0.89684 0.85499
vt 0.90341 0.8595
vt 0.9034 0.85478
vt 0.91022 0.86416
vt 0.91028 0.85938
vt 0.91024 0.85456
vt 0.91741 0.85923
vt 0.91734 0.85428
vt 0.91011 0.86891
vt 0.91727 0.86903
vt 0.91738 0.86414
vt 0.92465 0.86917
vt 0.92476 0.86413
vt 0.93233 0.86935
vt 0.93253 0.86411
vt 0.92478 0.85906
vt 0.92465 0.85394
vt 0.93246 0.85885
vt 0.93227 0.85351
vt 0.94058 0.86412
vt 0.94056 0.8586
vt 0.9403 0.85303
vt 0.9491 0.85831
vt 0.94878 0.85244
vt 0.94041 0.8696
vt 0.94892 0.86991
vt 0.94914 0.86412
vt 0.95788 0.87026
vt 0.95815 0.86414
vt 0.96724 0.87069
vt 0.96761 0.86415
vt 0.95812 0.85796
vt 0.95772 0.85173
vt 0.96761 0.85757
vt 0.96717 0.85092
vt 0.97735 0.8642
vt 0.97754 0.85714
vt 0.98771 0.8567
vt 0.98815 0.84915
vt 0.97715 0.85006
vt 0.97695 0.87122
vt 0.98683 0.87179
vt 0.98727 0.86425
vt 0.69455 0.0369
vt 0.69673 0.04938
vt 0.70098 0.04025
vt 0.69252 0.05843
vt 0.69858 0.0614
vt 0.70297 0.05253
vt 0.70742 0.04359
vt 0.70918 0.05579
vt 0.71385 0.04694
vt 0.70457 0.06455
vt 0.71055 0.0679
vt 0.71533 0.05927
vt 0.69423 0.07013
vt 0.70007 0.07314
vt 0.69569 0.08156
vt 0.70139 0.0846
vt 0.70588 0.07633
vt 0.68836 0.06727
vt 0.68429 0.0759
vt 0.69001 0.07866
vt 0.68032 0.0843
vt 0.6859 0.08699
vt 0.67643 0.09251
vt 0.68193 0.09513
vt 0.69148 0.08979
vt 0.69707 0.0927
vt 0.68739 0.09786
vt 0.69294 0.10068
vt 0.67798 0.10315
vt 0.68342 0.10581
vt 0.67954 0.11368
vt 0.685 0.11636
vt 0.68891 0.10855
vt 0.67256 0.10055
vt 0.66873 0.1085
vt 0.67413 0.11108
vt 0.66493 0.1164
vt 0.6703 0.11896
vt 0.66112 0.1243
vt 0.66651 0.12684
vt 0.6757 0.12153
vt 0.68116 0.12415
vt 0.67192 0.12937
vt 0.67741 0.13195
vt 0.66272 0.13473
vt 0.66818 0.13725
vt 0.66449 0.14519
vt 0.67008 0.14767
vt 0.67371 0.13978
vt 0.6573 0.13221
vt 0.65346 0.14018
vt 0.65896 0.14271
vt 0.64961 0.14826
vt 0.64575 0.15651
vt 0.65147 0.15902
vt 0.6552 0.15076
vt 0.66082 0.15322
vt 0.6572 0.1614
vt 0.66301 0.16379
vt 0.6665 0.15566
vt 0.64773 0.1674
vt 0.65364 0.16976
vt 0.65015 0.17835
vt 0.65626 0.18056
vt 0.65958 0.17207
vt 0.64185 0.16496
vt 0.63795 0.17369
vt 0.64406 0.17608
vt 0.63409 0.18274
vt 0.6303 0.19207
vt 0.63694 0.19425
vt 0.64042 0.185
vt 0.64674 0.18717
vt 0.64347 0.19624
vt 0.65002 0.1982
vt 0.65306 0.18926
vt 0.63354 0.20368
vt 0.64038 0.20557
vt 0.6375 0.21512
vt 0.64452 0.21678
vt 0.64716 0.20736
vt 0.62664 0.20166
vt 0.62326 0.21146
vt 0.63045 0.21337
vt 0.84359 0.85131
vt 0.84933 0.8513
vt 0.84381 0.85565
vt 0.85509 0.85126
vt 0.8549 0.84694
vt 0.84918 0.84701
vt 0.84351 0.84704
vt 0.8491 0.84271
vt 0.84348 0.84277
vt 0.85474 0.84262
vt 0.85464 0.83817
vt 0.84905 0.83832
vt 0.86059 0.84687
vt 0.86042 0.8425
vt 0.86614 0.84234
vt 0.86596 0.83782
vt 0.86027 0.83803
vt 0.86085 0.85121
vt 0.86636 0.84675
vt 0.86662 0.85113
vt 0.87242 0.85104
vt 0.87216 0.84662
vt 0.87808 0.84641
vt 0.87829 0.85091
vt 0.87194 0.84214
vt 0.87782 0.8419
vt 0.87757 0.83723
vt 0.87172 0.83756
vt 0.88405 0.84622
vt 0.88382 0.84159
vt 0.88996 0.84123
vt 0.88964 0.8364
vt 0.88355 0.83686
vt 0.88427 0.85076
vt 0.8904 0.85058
vt 0.8902 0.84593
vt 0.89672 0.85034
vt 0.8965 0.84562
vt 0.90325 0.85004
vt 0.90303 0.84518
vt 0.89622 0.84081
vt 0.89583 0.83589
vt 0.90265 0.84031
vt 0.90217 0.83525
vt 0.90971 0.84474
vt 0.90927 0.83969
vt 0.90869 0.83453
vt 0.91609 0.83896
vt 0.91539 0.83366
vt 0.91004 0.84969
vt 0.91707 0.84927
vt 0.91665 0.84415
vt 0.92431 0.84876
vt 0.92379 0.84349
vt 0.93185 0.84814
vt 0.93125 0.84262
vt 0.92312 0.83813
vt 0.93039 0.83713
vt 0.92936 0.83148
vt 0.92227 0.83267
vt 0.93898 0.8417
vt 0.93798 0.83593
vt 0.94589 0.83449
vt 0.94439 0.82842
vt 0.93674 0.83009
vt 0.93977 0.8474
vt 0.9481 0.84652
vt 0.94713 0.84051
vt 0.95688 0.84546
vt 0.9661 0.84427
vt 0.96459 0.83758
vt 0.95568 0.83916
vt 0.95415 0.83283
vt 0.96272 0.83095
vt 0.96053 0.82433
vt 0.95232 0.8265
vt 0.97376 0.83594
vt 0.97157 0.82889
vt 0.98055 0.82674
vt 0.97802 0.81927
vt 0.96904 0.82196
vt 0.97575 0.843
vt 0.98562 0.84168
vt 0.98309 0.83421
vt 0.72028 0.05029
vt 0.72135 0.06313
vt 0.72631 0.05471
vt 0.71646 0.07149
vt 0.72238 0.07531
vt 0.72732 0.06723
vt 0.73235 0.05913
vt 0.73328 0.07143
vt 0.73839 0.06355
vt 0.73921 0.07584
vt 0.72824 0.07927
vt 0.73414 0.08345
vt 0.71751 0.08328
vt 0.72335 0.08702
vt 0.71863 0.09469
vt 0.72449 0.09838
vt 0.72921 0.09095
vt 0.71169 0.07971
vt 0.70709 0.0878
vt 0.71286 0.09117
vt 0.7027 0.09576
vt 0.70839 0.09895
vt 0.69849 0.10361
vt 0.70421 0.10669
vt 0.71415 0.10229
vt 0.71999 0.10578
vt 0.70988 0.10985
vt 0.71574 0.11318
vt 0.70007 0.11432
vt 0.70581 0.11737
vt 0.7019 0.12489
vt 0.70779 0.12793
vt 0.71167 0.12055
vt 0.69445 0.11138
vt 0.69052 0.11911
vt 0.69617 0.12196
vt 0.68669 0.12682
vt 0.69233 0.12957
vt 0.68296 0.13455
vt 0.68868 0.13724
vt 0.6981 0.1324
vt 0.70401 0.13532
vt 0.69442 0.13995
vt 0.70039 0.14276
vt 0.68503 0.14491
vt 0.69089 0.14755
vt 0.68748 0.15522
vt 0.69357 0.15782
vt 0.6969 0.15025
vt 0.67931 0.14232
vt 0.67575 0.15016
vt 0.68156 0.15268
vt 0.67227 0.15808
vt 0.66887 0.16613
vt 0.67491 0.16851
vt 0.67814 0.16051
vt 0.68416 0.16296
vt 0.69032 0.16545
vt 0.68095 0.17082
vt 0.68723 0.1732
vt 0.67168 0.17658
vt 0.67792 0.17883
vt 0.67504 0.18699
vt 0.68154 0.1891
vt 0.68429 0.18108
vt 0.66558 0.17434
vt 0.66242 0.18272
vt 0.66869 0.18487
vt 0.6594 0.1913
vt 0.65654 0.20009
vt 0.66317 0.20199
vt 0.66579 0.1933
vt 0.6723 0.19529
vt 0.67892 0.19725
vt 0.66975 0.20378
vt 0.67653 0.20558
vt 0.66062 0.21082
vt 0.66744 0.21249
vt 0.66536 0.22141
vt 0.67243 0.22282
vt 0.67434 0.2141
vt 0.65389 0.20911
vt 0.65145 0.21838
vt 0.65839 0.21993
vt 0.84346 0.83841
vt 0.84897 0.83376
vt 0.84342 0.83388
vt 0.84886 0.829
vt 0.85452 0.8336
vt 0.85437 0.82873
vt 0.84333 0.82912
vt 0.84323 0.82418
vt 0.84872 0.82401
vt 0.84854 0.81878
vt 0.85419 0.82378
vt 0.85395 0.81849
vt 0.85991 0.82855
vt 0.85967 0.82347
vt 0.85937 0.81816
vt 0.86519 0.8231
vt 0.86482 0.81774
vt 0.8601 0.83339
vt 0.86574 0.83313
vt 0.86549 0.82821
vt 0.87145 0.83282
vt 0.87114 0.82787
vt 0.87726 0.83243
vt 0.87689 0.82735
vt 0.87077 0.82269
vt 0.87033 0.81729
vt 0.87644 0.8222
vt 0.87589 0.81673
vt 0.88272 0.8269
vt 0.88218 0.82159
vt 0.88153 0.81607
vt 0.888 0.82089
vt 0.88724 0.81529
vt 0.88318 0.83197
vt 0.8892 0.83143
vt 0.88864 0.82625
vt 0.89531 0.83082
vt 0.89467 0.82558
vt 0.90155 0.8301
vt 0.90079 0.82468
vt 0.8939 0.82012
vt 0.89301 0.81446
vt 0.8999 0.81923
vt 0.89886 0.81348
vt 0.90705 0.8238
vt 0.90601 0.81816
vt 0.90481 0.81234
vt 0.91223 0.81694
vt 0.91084 0.81102
vt 0.90795 0.82925
vt 0.91451 0.82825
vt 0.91344 0.82266
vt 0.92122 0.82712
vt 0.91998 0.82143
vt 0.92812 0.82578
vt 0.92666 0.81987
vt 0.91856 0.81558
vt 0.91696 0.80958
vt 0.92502 0.814
vt 0.92317 0.80791
vt 0.93354 0.81823
vt 0.93161 0.81215
vt 0.92948 0.80598
vt 0.93834 0.81001
vt 0.93588 0.80375
vt 0.93525 0.8242
vt 0.94261 0.82235
vt 0.94057 0.8162
vt 0.95019 0.82021
vt 0.94781 0.81392
vt 0.958 0.81783
vt 0.95518 0.81133
vt 0.94519 0.8076
vt 0.94236 0.80128
vt 0.95217 0.80495
vt 0.94893 0.79855
vt 0.96271 0.80864
vt 0.95927 0.80208
vt 0.95562 0.79561
vt 0.96642 0.7991
vt 0.96255 0.79237
vt 0.96602 0.81524
vt 0.97415 0.81254
vt 0.97028 0.80582
vt 0.74442 0.06797
vt 0.75019 0.07328
vt 0.74507 0.08058
vt 0.75092 0.08552
vt 0.74002 0.08785
vt 0.74599 0.09248
vt 0.75596 0.07858
vt 0.76174 0.08389
vt 0.7568 0.09055
vt 0.76274 0.09574
vt 0.75192 0.09721
vt 0.75801 0.10215
vt 0.74109 0.09938
vt 0.74717 0.10386
vt 0.75336 0.10853
vt 0.74258 0.11054
vt 0.74888 0.11495
vt 0.73512 0.09507
vt 0.7304 0.10226
vt 0.73645 0.10633
vt 0.72592 0.10944
vt 0.73198 0.11327
vt 0.72167 0.11664
vt 0.72786 0.12031
vt 0.7382 0.11727
vt 0.74459 0.12144
vt 0.73405 0.12405
vt 0.74054 0.12803
vt 0.72377 0.12729
vt 0.73013 0.1309
vt 0.73668 0.13467
vt 0.72638 0.13781
vt 0.73302 0.1414
vt 0.71764 0.12385
vt 0.71378 0.13108
vt 0.71999 0.13438
vt 0.71005 0.13834
vt 0.71628 0.14147
vt 0.70647 0.14564
vt 0.71286 0.14867
vt 0.72275 0.14474
vt 0.72945 0.14815
vt 0.71929 0.15174
vt 0.72608 0.15498
vt 0.70942 0.15586
vt 0.71603 0.15882
vt 0.72288 0.16189
vt 0.71293 0.16598
vt 0.71987 0.16889
vt 0.70306 0.15301
vt 0.69979 0.16045
vt 0.70625 0.16317
vt 0.69663 0.16796
vt 0.70315 0.17053
vt 0.69363 0.17557
vt 0.70034 0.17804
vt 0.70993 0.17319
vt 0.71695 0.17592
vt 0.7071 0.18049
vt 0.71422 0.18305
vt 0.69752 0.18558
vt 0.70449 0.1879
vt 0.71169 0.19027
vt 0.70207 0.19542
vt 0.70938 0.19759
vt 0.69081 0.18332
vt 0.68816 0.19118
vt 0.69502 0.19329
vt 0.68567 0.19917
vt 0.69261 0.20108
vt 0.68339 0.20731
vt 0.69056 0.20906
vt 0.69979 0.20302
vt 0.70718 0.20497
vt 0.69773 0.21074
vt 0.70524 0.21245
vt 0.68855 0.21712
vt 0.69596 0.21859
vt 0.70355 0.22005
vt 0.69444 0.22657
vt 0.70215 0.22775
vt 0.68136 0.21563
vt 0.67959 0.22412
vt 0.68694 0.22536
vt 0.8431 0.81897
vt 0.84292 0.8135
vt 0.8483 0.81328
vt 0.84801 0.80749
vt 0.85366 0.81299
vt 0.85327 0.80707
vt 0.84268 0.8077
vt 0.84242 0.80164
vt 0.84766 0.80138
vt 0.84725 0.79495
vt 0.85285 0.80104
vt 0.85234 0.79456
vt 0.85855 0.80676
vt 0.85801 0.80058
vt 0.8574 0.7941
vt 0.86318 0.80006
vt 0.86245 0.79354
vt 0.859 0.8126
vt 0.86437 0.81215
vt 0.86381 0.80625
vt 0.86978 0.81165
vt 0.86913 0.80573
vt 0.87524 0.81105
vt 0.87447 0.805
vt 0.86838 0.79949
vt 0.86754 0.79297
vt 0.87362 0.79884
vt 0.87264 0.79227
vt 0.87988 0.80434
vt 0.87888 0.79803
vt 0.87776 0.79146
vt 0.88417 0.79712
vt 0.8829 0.79051
vt 0.88077 0.81033
vt 0.88634 0.80951
vt 0.88531 0.80344
vt 0.89198 0.80861
vt 0.8908 0.80252
vt 0.89768 0.80758
vt 0.89631 0.80133
vt 0.8895 0.79614
vt 0.88806 0.78952
vt 0.89485 0.79504
vt 0.89323 0.78839
vt 0.90191 0.80018
vt 0.90023 0.79374
vt 0.89842 0.7871
vt 0.90563 0.79229
vt 0.9036 0.78563
vt 0.90344 0.80636
vt 0.90927 0.80498
vt 0.90752 0.79873
vt 0.91517 0.80347
vt 0.9132 0.7972
vt 0.92113 0.80175
vt 0.91886 0.79535
vt 0.91107 0.79072
vt 0.9088 0.78409
vt 0.91651 0.78897
vt 0.91397 0.78235
vt 0.92462 0.79343
vt 0.92193 0.78697
vt 0.91912 0.78039
vt 0.92734 0.78473
vt 0.92422 0.77821
vt 0.92714 0.79975
vt 0.9332 0.79749
vt 0.93034 0.79115
vt 0.93931 0.79499
vt 0.93609 0.78868
vt 0.94547 0.79225
vt 0.94182 0.78593
vt 0.93273 0.78229
vt 0.92929 0.77588
vt 0.9381 0.77968
vt 0.9343 0.77338
vt 0.94759 0.7831
vt 0.94344 0.7769
vt 0.93927 0.77073
vt 0.94876 0.77405
vt 0.94416 0.76794
vt 0.95169 0.78931
vt 0.95795 0.78626
vt 0.95335 0.78016
vt 0.7675 0.0892
vt 0.77341 0.09507
vt 0.76876 0.10115
vt 0.77487 0.1067
vt 0.76416 0.10724
vt 0.77051 0.11252
vt 0.77932 0.10094
vt 0.78523 0.10681
vt 0.78107 0.11231
vt 0.78748 0.11795
vt 0.77693 0.11784
vt 0.78363 0.12327
vt 0.76613 0.11833
vt 0.77282 0.12344
vt 0.77974 0.12865
vt 0.76881 0.12913
vt 0.77592 0.13414
vt 0.75966 0.11335
vt 0.75531 0.11952
vt 0.76197 0.12427
vt 0.75114 0.12577
vt 0.75791 0.13028
vt 0.74717 0.13213
vt 0.75417 0.13648
vt 0.76493 0.13494
vt 0.77221 0.13973
vt 0.76122 0.14086
vt 0.76868 0.14546
vt 0.75041 0.14265
vt 0.75771 0.1469
vt 0.76529 0.1513
vt 0.75434 0.15303
vt 0.76205 0.15724
vt 0.74342 0.13858
vt 0.73983 0.14511
vt 0.74695 0.14899
vt 0.73637 0.15168
vt 0.74355 0.15536
vt 0.73306 0.15832
vt 0.74046 0.16187
vt 0.75106 0.15921
vt 0.75887 0.16321
vt 0.74794 0.16547
vt 0.75586 0.16927
vt 0.73732 0.16836
vt 0.74502 0.17182
vt 0.75302 0.17542
vt 0.74225 0.17824
vt 0.75035 0.18164
vt 0.72996 0.16506
vt 0.72702 0.17187
vt 0.73449 0.17498
vt 0.72419 0.17872
vt 0.73172 0.18163
vt 0.72154 0.18565
vt 0.72927 0.18841
vt 0.73959 0.18469
vt 0.74774 0.18787
vt 0.73708 0.19119
vt 0.74532 0.19416
vt 0.72679 0.19517
vt 0.73481 0.19778
vt 0.7431 0.20051
vt 0.73271 0.20441
vt 0.74107 0.20691
vt 0.71911 0.19268
vt 0.71686 0.19978
vt 0.72465 0.20205
vt 0.71477 0.20694
vt 0.72261 0.20895
vt 0.71289 0.21417
vt 0.72093 0.21596
vt 0.73075 0.21107
vt 0.73913 0.2133
vt 0.72898 0.21777
vt 0.73742 0.21972
vt 0.71927 0.22296
vt 0.7275 0.22452
vt 0.73594 0.22617
vt 0.72625 0.23129
vt 0.73472 0.23263
vt 0.7113 0.22149
vt 0.70997 0.22889
vt 0.71801 0.23005
vt 0.8421 0.79522
vt 0.84679 0.7882
vt 0.84174 0.78849
vt 0.85178 0.78783
vt 0.85113 0.7807
vt 0.84628 0.78117
vt 0.84133 0.78144
vt 0.84572 0.77386
vt 0.84089 0.77416
vt 0.85047 0.77347
vt 0.84973 0.76593
vt 0.84511 0.76634
vt 0.85598 0.78031
vt 0.85516 0.77299
vt 0.85983 0.77242
vt 0.85883 0.76489
vt 0.8543 0.76546
vt 0.85672 0.78734
vt 0.86166 0.78678
vt 0.86078 0.77972
vt 0.86661 0.78618
vt 0.87158 0.78549
vt 0.8704 0.77834
vt 0.8656 0.77913
vt 0.86451 0.77181
vt 0.86919 0.77111
vt 0.86792 0.7636
vt 0.86338 0.76429
vt 0.87524 0.7776
vt 0.87386 0.77029
vt 0.87852 0.76937
vt 0.87694 0.7619
vt 0.87244 0.7628
vt 0.87655 0.78465
vt 0.88152 0.7837
vt 0.88005 0.77665
vt 0.88651 0.7827
vt 0.89151 0.78158
vt 0.88966 0.77447
vt 0.88487 0.77567
vt 0.88316 0.7684
vt 0.8878 0.76732
vt 0.88589 0.75993
vt 0.88143 0.76097
vt 0.89447 0.7733
vt 0.8924 0.7661
vt 0.89697 0.76477
vt 0.8947 0.7575
vt 0.89032 0.75877
vt 0.89649 0.78029
vt 0.90146 0.77886
vt 0.89923 0.7719
vt 0.90642 0.77733
vt 0.90397 0.77043
vt 0.91136 0.77565
vt 0.90865 0.76874
vt 0.9015 0.76337
vt 0.90598 0.76184
vt 0.90334 0.75476
vt 0.89905 0.75618
vt 0.9133 0.76702
vt 0.91039 0.76016
vt 0.91472 0.75834
vt 0.91167 0.75152
vt 0.90755 0.7532
vt 0.91623 0.77375
vt 0.92105 0.77168
vt 0.91786 0.76506
vt 0.92581 0.76946
vt 0.92234 0.76299
vt 0.9305 0.7671
vt 0.92674 0.76075
vt 0.91895 0.75642
vt 0.9157 0.74979
vt 0.92306 0.75442
vt 0.91959 0.74799
vt 0.93107 0.75849
vt 0.92705 0.75236
vt 0.93096 0.75026
vt 0.92656 0.74437
vt 0.92329 0.74616
vt 0.93515 0.7646
vt 0.93976 0.76205
vt 0.93536 0.75615
vt 0.79114 0.11268
vt 0.79794 0.11852
vt 0.79425 0.12361
vt 0.80126 0.12926
vt 0.79056 0.12873
vt 0.79784 0.13423
vt 0.80474 0.12436
vt 0.81154 0.1302
vt 0.80842 0.1349
vt 0.81597 0.14038
vt 0.80529 0.13966
vt 0.81314 0.14501
vt 0.79433 0.13923
vt 0.80209 0.14454
vt 0.79889 0.14953
vt 0.80718 0.15468
vt 0.81018 0.14979
vt 0.78689 0.13393
vt 0.78328 0.13922
vt 0.79095 0.14437
vt 0.77975 0.14463
vt 0.78758 0.1496
vt 0.77636 0.15015
vt 0.78446 0.155
vt 0.79573 0.15463
vt 0.80419 0.15967
vt 0.79266 0.15984
vt 0.80127 0.16476
vt 0.78124 0.16042
vt 0.7897 0.16515
vt 0.78683 0.17054
vt 0.7957 0.17519
vt 0.79844 0.16994
vt 0.77312 0.1558
vt 0.76999 0.16154
vt 0.77826 0.16598
vt 0.76694 0.16733
vt 0.7753 0.17158
vt 0.76402 0.17319
vt 0.77259 0.17731
vt 0.784 0.17597
vt 0.79295 0.18047
vt 0.78126 0.18147
vt 0.79029 0.18581
vt 0.76982 0.18301
vt 0.77868 0.18704
vt 0.77621 0.19265
vt 0.78537 0.19664
vt 0.78777 0.19121
vt 0.76128 0.17914
vt 0.75867 0.18515
vt 0.7673 0.18882
vt 0.75615 0.19117
vt 0.76483 0.19462
vt 0.75377 0.19723
vt 0.76261 0.20052
vt 0.7738 0.19826
vt 0.78298 0.20206
vt 0.77151 0.20389
vt 0.78072 0.2075
vt 0.76037 0.20635
vt 0.7694 0.20956
vt 0.76742 0.21524
vt 0.77663 0.21843
vt 0.77861 0.21296
vt 0.75161 0.20335
vt 0.74961 0.2095
vt 0.7584 0.21227
vt 0.74771 0.21564
vt 0.75651 0.21814
vt 0.746 0.22178
vt 0.75489 0.22407
vt 0.76554 0.22087
vt 0.77471 0.22383
vt 0.7638 0.22649
vt 0.77293 0.22922
vt 0.7533 0.2299
vt 0.76225 0.23211
vt 0.76087 0.23768
vt 0.76986 0.23991
vt 0.77132 0.23459
vt 0.74453 0.22794
vt 0.74328 0.23409
vt 0.752 0.23576
vt 0.84041 0.76664
vt 0.84448 0.75865
vt 0.83991 0.75896
vt 0.84897 0.75827
vt 0.84819 0.75051
vt 0.84384 0.75091
vt 0.83939 0.75121
vt 0.83891 0.74349
vt 0.84321 0.74318
vt 0.84744 0.7428
vt 0.85251 0.75007
vt 0.85162 0.74236
vt 0.85578 0.74186
vt 0.8534 0.75779
vt 0.85781 0.75724
vt 0.85679 0.74954
vt 0.86222 0.75665
vt 0.86662 0.75598
vt 0.86533 0.74828
vt 0.86106 0.74895
vt 0.85992 0.74128
vt 0.86406 0.74064
vt 0.86957 0.74756
vt 0.86818 0.73994
vt 0.87228 0.73918
vt 0.871 0.7552
vt 0.87536 0.75434
vt 0.8738 0.74675
vt 0.8797 0.75344
vt 0.88401 0.75246
vt 0.88218 0.74493
vt 0.878 0.74588
vt 0.87636 0.73835
vt 0.8804 0.73745
vt 0.8863 0.74392
vt 0.88441 0.7365
vt 0.88838 0.7355
vt 0.88828 0.75136
vt 0.8925 0.75018
vt 0.89039 0.74283
vt 0.89668 0.74895
vt 0.9008 0.74763
vt 0.89842 0.74045
vt 0.89442 0.74168
vt 0.8923 0.73443
vt 0.89616 0.7333
vt 0.90231 0.73917
vt 0.89997 0.73213
vt 0.9037 0.73092
vt 0.90484 0.7462
vt 0.9088 0.74468
vt 0.90615 0.73781
vt 0.91266 0.74311
vt 0.90987 0.7364
vt 0.91641 0.7415
vt 0.91353 0.73494
vt 0.90735 0.72966
vt 0.91087 0.72837
vt 0.91705 0.73347
vt 0.91425 0.72708
vt 0.91755 0.72579
vt 0.91454 0.7196
vt 0.92002 0.73985
vt 0.92356 0.73818
vt 0.92055 0.73198
vt 0.81834 0.13604
vt 0.82679 0.14099
vt 0.8241 0.14556
vt 0.83261 0.15056
vt 0.82138 0.15019
vt 0.83 0.15521
vt 0.83524 0.14594
vt 0.84369 0.15089
vt 0.84127 0.15547
vt 0.83881 0.1601
vt 0.82728 0.15995
vt 0.83626 0.16483
vt 0.83365 0.16964
vt 0.81858 0.15493
vt 0.81575 0.15976
vt 0.8246 0.16474
vt 0.81291 0.16467
vt 0.82188 0.16961
vt 0.81011 0.16966
vt 0.81925 0.17455
vt 0.83105 0.17449
vt 0.82844 0.17939
vt 0.81655 0.17953
vt 0.82586 0.18433
vt 0.82329 0.18929
vt 0.8074 0.17473
vt 0.80474 0.17986
vt 0.81395 0.18457
vt 0.80208 0.18502
vt 0.81136 0.18963
vt 0.79949 0.19022
vt 0.80887 0.19475
vt 0.82076 0.19429
vt 0.81826 0.19929
vt 0.80639 0.19984
vt 0.81582 0.20431
vt 0.81342 0.20932
vt 0.79702 0.19548
vt 0.79464 0.20075
vt 0.80401 0.20498
vt 0.79229 0.206
vt 0.80168 0.2101
vt 0.79003 0.21127
vt 0.79945 0.21525
vt 0.81109 0.21433
vt 0.80883 0.21933
vt 0.79727 0.22033
vt 0.80662 0.2243
vt 0.80449 0.22925
vt 0.78791 0.21655
vt 0.7859 0.22182
vt 0.7952 0.22543
vt 0.78395 0.22703
vt 0.7932 0.23046
vt 0.7821 0.2322
vt 0.79131 0.23553
vt 0.80243 0.23416
vt 0.80045 0.23902
vt 0.7895 0.24043
vt 0.79854 0.24383
vt 0.79671 0.24857
vt 0.80549 0.25217
vt 0.78041 0.23735
vt 0.77885 0.24245
vt 0.7878 0.24534
vt 0.85386 0.93586
vt 0.85454 0.93052
vt 0.85148 0.93007
vt 0.8543 0.92479
vt 0.85121 0.92481
vt 0.85094 0.93486
vt 0.84852 0.93414
vt 0.84883 0.92962
vt 0.84586 0.92438
vt 0.84848 0.92468
vt 0.84639 0.92916
vt 0.8478 0.91969
vt 0.85044 0.91961
vt 0.84479 0.91483
vt 0.84659 0.91498
vt 0.84532 0.91961
vt 0.85344 0.9192
vt 0.8491 0.91461
vt 0.85204 0.91393
vt 0.85016 0.90913
vt 0.84718 0.91009
vt 0.84775 0.90475
vt 0.8448 0.90609
vt 0.84467 0.91089
vt 0.84 0.90838
vt 0.84227 0.90726
vt 0.8424 0.91161
vt 0.84191 0.90252
vt 0.83962 0.90393
vt 0.83761 0.90516
vt 0.83662 0.90124
vt 0.83521 0.90193
vt 0.84475 0.90072
vt 0.841 0.89746
vt 0.83857 0.89967
vt 0.26857 0.39157
vt 0.24339 0.37716
vt 0.30582 0.34694
vt 0.28011 0.31783
vt 0.26774 0.45206
vt 0.23699 0.44403
vt 0.29332 0.40505
vt 0.3172 0.41669
vt 0.34667 0.38058
vt 0.32712 0.36564
vt 0.32259 0.46689
vt 0.2946 0.45896
vt 0.34077 0.42793
vt 0.28136 0.50468
vt 0.24858 0.50089
vt 0.31048 0.55125
vt 0.27971 0.55065
vt 0.31122 0.50875
vt 0.21058 0.49811
vt 0.16996 0.49584
vt 0.20667 0.4365
vt 0.24497 0.54991
vt 0.20117 0.55077
vt 0.22062 0.59899
vt 0.17939 0.60218
vt 0.13324 0.55517
vt 0.28729 0.63751
vt 0.25643 0.64358
vt 0.25906 0.59606
vt 0.29189 0.59367
vt 0.32127 0.59083
vt 0.34181 0.62691
vt 0.31482 0.6332
vt 0.34539 0.66868
vt 0.32062 0.67575
vt 0.40163 0.69252
vt 0.37848 0.69791
vt 0.36829 0.66111
vt 0.22554 0.64919
vt 0.2717 0.69621
vt 0.29609 0.68535
vt 0.33719 0.71848
vt 0.35747 0.70568
vt 0.36598 0.39532
vt 0.38565 0.41155
vt 0.3646 0.44022
vt 0.38759 0.45281
vt 0.34905 0.4746
vt 0.37644 0.48319
vt 0.40448 0.42889
vt 0.42073 0.44531
vt 0.40865 0.46492
vt 0.42815 0.47358
vt 0.40059 0.48999
vt 0.42365 0.49557
vt 0.36888 0.51563
vt 0.39613 0.51879
vt 0.39614 0.54881
vt 0.42136 0.54828
vt 0.42128 0.52135
vt 0.34049 0.51235
vt 0.34016 0.55061
vt 0.36931 0.54927
vt 0.34931 0.58656
vt 0.37604 0.5818
vt 0.38935 0.61097
vt 0.36573 0.61982
vt 0.40146 0.57753
vt 0.42491 0.57406
vt 0.4311 0.5981
vt 0.41059 0.60414
vt 0.42202 0.62782
vt 0.40437 0.63803
vt 0.43933 0.61997
vt 0.44776 0.6392
vt 0.43361 0.64789
vt 0.38721 0.65001
vt 0.42012 0.65917
vt 0.40896 0.67363
vt 0.45472 0.65546
vt 0.44321 0.66365
vt 0.45133 0.67543
vt 0.43317 0.67443
vt 0.44405 0.68382
vt 0.46036 0.6685
vt 0.46539 0.67783
vt 0.45846 0.68355
vt 0.4655 0.68899
vt 0.45313 0.69091
vt 0.46179 0.69556
vt 0.43966 0.69415
vt 0.4501 0.69801
vt 0.45906 0.70084
vt 0.45122 0.70486
vt 0.45798 0.70482
vt 0.4262 0.68718
vt 0.42648 0.70053
vt 0.44092 0.70362
vt 0.56819 0.20205
vt 0.56556 0.19426
vt 0.55432 0.19816
vt 0.56148 0.18727
vt 0.55161 0.19196
vt 0.55585 0.20467
vt 0.54361 0.20117
vt 0.54439 0.20657
vt 0.5339 0.20338
vt 0.54199 0.19605
vt 0.53304 0.19912
vt 0.54839 0.1863
vt 0.53963 0.19106
vt 0.53675 0.1861
vt 0.52929 0.19082
vt 0.53135 0.19503
vt 0.5571 0.18084
vt 0.55245 0.17472
vt 0.54459 0.18062
vt 0.54753 0.16869
vt 0.54052 0.17506
vt 0.53596 0.16968
vt 0.54221 0.16279
vt 0.53358 0.18107
vt 0.52698 0.18644
vt 0.52434 0.18217
vt 0.53003 0.17626
vt 0.52603 0.17199
vt 0.5311 0.16485
vt 0.52158 0.16855
vt 0.51765 0.17534
vt 0.52119 0.17843
vt 0.53635 0.15707
vt 0.52564 0.16101
vt 0.52984 0.15257
vt 0.53417 0.20776
vt 0.5257 0.20487
vt 0.52568 0.20835
vt 0.51909 0.20576
vt 0.52517 0.2015
vt 0.51892 0.20299
vt 0.51911 0.20844
vt 0.5144 0.20805
vt 0.51419 0.20617
vt 0.51058 0.20655
vt 0.51345 0.20423
vt 0.50949 0.20508
vt 0.51796 0.20041
vt 0.51285 0.20205
vt 0.50881 0.20323
vt 0.51219 0.1997
vt 0.50835 0.20124
vt 0.52413 0.19811
vt 0.5227 0.19462
vt 0.51707 0.19748
vt 0.52102 0.19094
vt 0.51904 0.18734
vt 0.51447 0.1914
vt 0.51577 0.19456
vt 0.51131 0.1973
vt 0.51033 0.19487
vt 0.50716 0.19717
vt 0.5077 0.19928
vt 0.51267 0.18881
vt 0.50938 0.19243
vt 0.50818 0.19052
vt 0.50664 0.19296
vt 0.50673 0.19492
vt 0.51668 0.18409
vt 0.51396 0.18142
vt 0.51075 0.18653
vt 0.81624 0.72899
vt 0.82051 0.72902
vt 0.81635 0.7363
vt 0.8209 0.73606
vt 0.81201 0.72175
vt 0.81606 0.72187
vt 0.812 0.72892
vt 0.80783 0.72876
vt 0.8076 0.73613
vt 0.81194 0.73628
vt 0.80799 0.72157
vt 0.80811 0.71451
vt 0.81197 0.71467
vt 0.80448 0.7074
vt 0.8082 0.70753
vt 0.81585 0.71481
vt 0.81973 0.71494
vt 0.82012 0.72198
vt 0.81191 0.70765
vt 0.81563 0.70778
vt 0.18889 0.26061
vt 0.19734 0.25672
vt 0.18058 0.26479
vt 0.18276 0.26923
vt 0.19088 0.26498
vt 0.1928 0.26919
vt 0.20087 0.26524
vt 0.19916 0.26112
vt 0.18703 0.27791
vt 0.18489 0.27357
vt 0.1947 0.2733
vt 0.17703 0.27807
vt 0.17471 0.27363
vt 0.17168 0.28711
vt 0.16919 0.28263
vt 0.17935 0.28251
vt 0.17238 0.26917
vt 0.16422 0.27366
vt 0.16671 0.27814
vt 0.78756 0.96442
vt 0.78994 0.96552
vt 0.78654 0.96771
vt 0.78859 0.96848
vt 0.78519 0.96335
vt 0.78858 0.96119
vt 0.7859 0.95991
vt 0.7845 0.96695
vt 0.78245 0.96618
vt 0.78282 0.96235
vt 0.78321 0.95861
vt 0.78658 0.95656
vt 0.78364 0.95506
vt 0.78411 0.95184
vt 0.78959 0.95807
vt 0.79263 0.95959
vt 0.79128 0.96256
vt 0.7905 0.95538
vt 0.78727 0.95367
vt 0.48528 0.08228
vt 0.48729 0.08935
vt 0.48877 0.08285
vt 0.48576 0.09596
vt 0.4904 0.09691
vt 0.49134 0.09014
vt 0.49544 0.09083
vt 0.49576 0.08399
vt 0.49227 0.08342
vt 0.49511 0.0977
vt 0.49986 0.09839
vt 0.49956 0.09148
vt 0.4894 0.10383
vt 0.49475 0.10463
vt 0.49431 0.11165
vt 0.50047 0.11222
vt 0.50016 0.10531
vt 0.48417 0.10278
vt 0.48247 0.10984
vt 0.48832 0.1109
vt 0.79121 0.95341
vt 0.79455 0.95557
vt 0.79398 0.95663
vt 0.78863 0.94921
vt 0.79186 0.95186
vt 0.78789 0.95124
vt 0.78463 0.94907
vt 0.78529 0.94655
vt 0.78621 0.94408
vt 0.78947 0.94734
vt 0.78765 0.94191
vt 0.79261 0.95044
vt 0.79568 0.95347
vt 0.79512 0.95452
vt 0.79072 0.94558
vt 0.79362 0.94902
vt 0.48065 0.11719
vt 0.47884 0.12495
vt 0.48604 0.12575
vt 0.48712 0.11821
vt 0.49375 0.11881
vt 0.50047 0.12623
vt 0.49322 0.12613
vt 0.50047 0.119
vt 0.48516 0.13353
vt 0.49288 0.13366
vt 0.50047 0.13369
vt 0.49285 0.14132
vt 0.50047 0.14129
vt 0.47717 0.13322
vt 0.47667 0.14176
vt 0.48502 0.14149
vt 0.81517 0.88746
vt 0.8209 0.88744
vt 0.81541 0.89104
vt 0.8209 0.89164
vt 0.809 0.88336
vt 0.81498 0.88323
vt 0.80932 0.88766
vt 0.80324 0.88821
vt 0.80399 0.8923
vt 0.8098 0.89138
vt 0.80291 0.8836
vt 0.80883 0.87883
vt 0.8027 0.87891
vt 0.80266 0.87418
vt 0.81488 0.87873
vt 0.8209 0.87868
vt 0.8209 0.88317
vt 0.81486 0.87407
vt 0.80879 0.87413
vt 0.421 0.21061
vt 0.41109 0.21222
vt 0.40257 0.21473
vt 0.40523 0.22516
vt 0.41323 0.22298
vt 0.42349 0.23133
vt 0.41471 0.23346
vt 0.42267 0.22117
vt 0.40739 0.23561
vt 0.40943 0.24606
vt 0.41585 0.24381
vt 0.39781 0.22744
vt 0.40044 0.23784
vt 0.39346 0.23997
vt 0.39658 0.25056
vt 0.403 0.24831
vt 0.39502 0.21715
vt 0.38789 0.21941
vt 0.39066 0.22961
vt 0.8209 0.87404
vt 0.8209 0.86936
vt 0.8149 0.86938
vt 0.80889 0.86942
vt 0.80907 0.86474
vt 0.815 0.8647
vt 0.80283 0.86945
vt 0.80313 0.86475
vt 0.80347 0.86014
vt 0.80929 0.86011
vt 0.80376 0.85564
vt 0.8151 0.86009
vt 0.8209 0.8647
vt 0.8209 0.86009
vt 0.80947 0.85563
vt 0.81519 0.8556
vt 0.38064 0.22143
vt 0.38337 0.23155
vt 0.37589 0.23328
vt 0.37333 0.22324
vt 0.38604 0.2418
vt 0.3887 0.25211
vt 0.38081 0.25367
vt 0.3784 0.24344
vt 0.37074 0.245
vt 0.36848 0.23487
vt 0.37293 0.25522
vt 0.36505 0.25677
vt 0.36313 0.24638
vt 0.36605 0.2249
vt 0.36105 0.23632
vt 0.35883 0.22644
vt 0.81524 0.85128
vt 0.8209 0.8556
vt 0.8209 0.85127
vt 0.80958 0.85129
vt 0.8096 0.84705
vt 0.81526 0.84704
vt 0.80391 0.85131
vt 0.80396 0.84705
vt 0.80397 0.8428
vt 0.80962 0.8428
vt 0.80397 0.83846
vt 0.81526 0.84279
vt 0.8209 0.84703
vt 0.8209 0.84279
vt 0.81525 0.83848
vt 0.80961 0.83846
vt 0.3517 0.22789
vt 0.35373 0.2376
vt 0.34639 0.2388
vt 0.34459 0.22925
vt 0.35561 0.2475
vt 0.35741 0.25749
vt 0.34978 0.2582
vt 0.34813 0.24845
vt 0.34065 0.24934
vt 0.3391 0.23986
vt 0.34214 0.25892
vt 0.3345 0.25964
vt 0.3331 0.25007
vt 0.33742 0.23054
vt 0.33019 0.23172
vt 0.33169 0.2408
vt 0.8209 0.83847
vt 0.8209 0.83401
vt 0.81526 0.834
vt 0.80962 0.83399
vt 0.81527 0.82933
vt 0.80966 0.82924
vt 0.80399 0.83395
vt 0.80404 0.82924
vt 0.80969 0.82439
vt 0.80411 0.82431
vt 0.80421 0.81913
vt 0.8209 0.82931
vt 0.8209 0.82438
vt 0.81529 0.8244
vt 0.81532 0.81922
vt 0.80976 0.81919
vt 0.32287 0.23277
vt 0.32421 0.24158
vt 0.31541 0.23374
vt 0.31654 0.24225
vt 0.32542 0.25053
vt 0.32656 0.25956
vt 0.31765 0.25084
vt 0.31862 0.25949
vt 0.30887 0.24283
vt 0.30981 0.2511
vt 0.31068 0.25942
vt 0.30188 0.2513
vt 0.30274 0.25935
vt 0.30777 0.23465
vt 0.29998 0.23552
vt 0.30098 0.24336
vt 0.8209 0.8192
vt 0.8209 0.81381
vt 0.81536 0.81381
vt 0.80983 0.81379
vt 0.81541 0.8081
vt 0.80995 0.80795
vt 0.80434 0.81368
vt 0.8045 0.80793
vt 0.81007 0.80199
vt 0.8047 0.80185
vt 0.80493 0.79545
vt 0.8209 0.80809
vt 0.8209 0.80201
vt 0.81547 0.80202
vt 0.81555 0.79561
vt 0.81023 0.79557
vt 0.29208 0.23633
vt 0.29302 0.24383
vt 0.28402 0.23716
vt 0.28483 0.24431
vt 0.2938 0.25139
vt 0.29452 0.25899
vt 0.28563 0.25146
vt 0.28629 0.25862
vt 0.27663 0.24482
vt 0.27738 0.25155
vt 0.27807 0.25826
vt 0.26904 0.25178
vt 0.26984 0.2579
vt 0.27574 0.23806
vt 0.2673 0.23906
vt 0.26822 0.24545
vt 0.8209 0.79558
vt 0.8209 0.78892
vt 0.81564 0.78893
vt 0.81039 0.78888
vt 0.81061 0.78178
vt 0.81573 0.78195
vt 0.80519 0.78873
vt 0.80549 0.78171
vt 0.80583 0.77441
vt 0.81081 0.77458
vt 0.80619 0.7669
vt 0.81584 0.77464
vt 0.8209 0.78195
vt 0.8209 0.77464
vt 0.81105 0.76705
vt 0.81596 0.76711
vt 0.25876 0.24019
vt 0.25973 0.24625
vt 0.25011 0.24153
vt 0.25108 0.24729
vt 0.26058 0.25226
vt 0.26136 0.25824
vt 0.25289 0.25858
vt 0.25203 0.25294
vt 0.24345 0.25376
vt 0.24243 0.24853
vt 0.24441 0.25892
vt 0.23594 0.25926
vt 0.23486 0.25502
vt 0.24131 0.24316
vt 0.23244 0.24512
vt 0.2337 0.25018
vt 0.81609 0.75945
vt 0.8209 0.7671
vt 0.8209 0.75946
vt 0.8113 0.75939
vt 0.81156 0.75162
vt 0.81621 0.75172
vt 0.80656 0.75922
vt 0.80694 0.75147
vt 0.81177 0.74389
vt 0.8073 0.74373
vt 0.8209 0.75173
vt 0.8209 0.74394
vt 0.81632 0.74394
vt 0.22357 0.24743
vt 0.22497 0.25228
vt 0.21474 0.25012
vt 0.21626 0.25487
vt 0.22628 0.25699
vt 0.22755 0.26162
vt 0.21916 0.26398
vt 0.21773 0.25943
vt 0.20922 0.26209
vt 0.20764 0.25774
vt 0.21076 0.26634
vt 0.20237 0.2687
vt 0.20597 0.25322
vt 0.79507 0.94746
vt 0.79776 0.95069
vt 0.79625 0.95242
vt 0.79241 0.94405
vt 0.79445 0.94251
vt 0.79678 0.94583
vt 0.78985 0.94028
vt 0.79232 0.939
vt 0.79649 0.94113
vt 0.79458 0.93787
vt 0.79489 0.93393
vt 0.79674 0.93683
vt 0.79927 0.94896
vt 0.80079 0.94723
vt 0.79859 0.94422
vt 0.80045 0.94261
vt 0.79859 0.93972
vt 0.8055 0.89541
vt 0.81062 0.89424
vt 0.80723 0.89775
vt 0.81153 0.89649
vt 0.81568 0.89362
vt 0.8207 0.89328
vt 0.81599 0.89561
vt 0.8205 0.89492
vt 0.81245 0.89837
vt 0.81634 0.89742
vt 0.82029 0.89656
vt 0.81672 0.89914
vt 0.82009 0.8982
vt 0.80867 0.89952
vt 0.80997 0.901
vt 0.81334 0.90007
vt 0.68328 0.74322
vt 0.63936 0.74952
vt 0.62383 0.73714
vt 0.60815 0.72634
vt 0.57336 0.7393
vt 0.58432 0.7475
vt 0.59545 0.75582
vt 0.55153 0.76212
vt 0.54503 0.75572
vt 0.53869 0.74946
vt 0.50409 0.75731
vt 0.50585 0.76286
vt 0.56271 0.73315
vt 0.53266 0.74349
vt 0.52731 0.73752
vt 0.50057 0.74621
vt 0.50233 0.75176
vt 0.59217 0.71868
vt 0.57679 0.71425
vt 0.55285 0.72738
vt 0.55672 0.27388
vt 0.50803 0.25492
vt 0.56315 0.2536
vt 0.51052 0.23219
vt 0.59368 0.31384
vt 0.55027 0.29442
vt 0.60486 0.29398
vt 0.6519 0.31638
vt 0.6684 0.29642
vt 0.61577 0.27501
vt 0.63583 0.33559
vt 0.6206 0.35334
vt 0.58338 0.33247
vt 0.60566 0.37125
vt 0.5438 0.31547
vt 0.50306 0.30039
vt 0.50554 0.27766
vt 0.5376 0.33878
vt 0.57255 0.35382
vt 0.53196 0.36613
vt 0.50057 0.32313
vt 0.50057 0.36201
vt 0.56227 0.37645
vt 0.55238 0.40193
vt 0.527 0.39498
vt 0.59042 0.39094
vt 0.5761 0.41172
vt 0.54427 0.42593
vt 0.56389 0.43287
vt 0.55602 0.45427
vt 0.56962 0.45767
vt 0.52287 0.42282
vt 0.50056 0.39306
vt 0.50057 0.42222
vt 0.51998 0.44956
vt 0.53886 0.45062
vt 0.50057 0.47526
vt 0.50057 0.44956
vt 0.51877 0.4751
vt 0.51862 0.4998
vt 0.53726 0.49934
vt 0.53685 0.47513
vt 0.55468 0.4758
vt 0.55642 0.49836
vt 0.5378 0.52361
vt 0.55779 0.52284
vt 0.55779 0.54778
vt 0.50057 0.52408
vt 0.50058 0.49975
vt 0.51891 0.52399
vt 0.519 0.54741
vt 0.53792 0.54734
vt 0.51826 0.56981
vt 0.50057 0.54747
vt 0.50057 0.56975
vt 0.5364 0.57033
vt 0.51696 0.59105
vt 0.53373 0.59192
vt 0.55543 0.5717
vt 0.55122 0.59425
vt 0.5303 0.61234
vt 0.54566 0.61506
vt 0.53988 0.63389
vt 0.50057 0.59077
vt 0.50057 0.61072
vt 0.51533 0.61103
vt 0.51364 0.62961
vt 0.52685 0.63101
vt 0.56292 0.7131
vt 0.54421 0.72373
vt 0.55132 0.71294
vt 0.53672 0.71967
vt 0.52301 0.73125
vt 0.50057 0.73423
vt 0.50056 0.72711
vt 0.51952 0.72532
vt 0.53114 0.7169
vt 0.51658 0.72035
vt 0.50057 0.72158
vt 0.50057 0.71652
vt 0.51418 0.71565
vt 0.54276 0.71144
vt 0.53681 0.70868
vt 0.52651 0.71295
vt 0.50057 0.62928
vt 0.50057 0.64647
vt 0.51214 0.64669
vt 0.52124 0.6624
vt 0.51092 0.66197
vt 0.52364 0.64786
vt 0.53502 0.65049
vt 0.53104 0.66453
vt 0.51931 0.67533
vt 0.52791 0.67566
vt 0.52651 0.68476
vt 0.53258 0.68383
vt 0.50057 0.67514
vt 0.50057 0.66177
vt 0.51009 0.67517
vt 0.50976 0.68653
vt 0.51859 0.686
vt 0.53304 0.70469
vt 0.5233 0.70832
vt 0.52077 0.70191
vt 0.53037 0.6994
vt 0.51226 0.71051
vt 0.50057 0.71124
vt 0.50056 0.70469
vt 0.51087 0.70427
vt 0.51919 0.69503
vt 0.51003 0.69625
vt 0.50057 0.69658
vt 0.50057 0.68658
vt 0.52777 0.69271
vt 0.42228 0.24155
vt 0.43572 0.23813
vt 0.43484 0.22917
vt 0.43386 0.22011
vt 0.44599 0.21933
vt 0.44743 0.22701
vt 0.4327 0.21087
vt 0.445 0.21185
vt 0.45669 0.2124
vt 0.45781 0.21854
vt 0.46717 0.21248
vt 0.45995 0.22486
vt 0.44916 0.23471
vt 0.4626 0.23129
vt 0.46844 0.21743
vt 0.47099 0.22255
vt 0.47837 0.15033
vt 0.48593 0.14944
vt 0.48124 0.15859
vt 0.4876 0.15733
vt 0.49325 0.14903
vt 0.50047 0.14894
vt 0.49398 0.15666
vt 0.50047 0.15653
vt 0.48944 0.16479
vt 0.4949 0.16411
vt 0.50047 0.16396
vt 0.4959 0.17122
vt 0.50047 0.17107
vt 0.48423 0.16621
vt 0.48721 0.1732
vt 0.49145 0.17188
vt 0.47913 0.21988
vt 0.47603 0.22786
vt 0.48162 0.22389
vt 0.47706 0.21592
vt 0.48363 0.21407
vt 0.48542 0.21699
vt 0.47581 0.21205
vt 0.48259 0.21121
vt 0.48747 0.21006
vt 0.48908 0.21209
vt 0.48929 0.20775
vt 0.49083 0.20873
vt 0.49089 0.21404
vt 0.4872 0.21991
vt 0.49278 0.21594
vt 0.49285 0.21014
vt 0.49497 0.21132
vt 0.49003 0.17957
vt 0.49335 0.17842
vt 0.49502 0.18416
vt 0.49252 0.18512
vt 0.49686 0.17785
vt 0.50047 0.17771
vt 0.49774 0.18382
vt 0.50047 0.18366
vt 0.49647 0.1893
vt 0.49847 0.18899
vt 0.50047 0.18885
vt 0.499 0.19332
vt 0.50047 0.19318
vt 0.49448 0.18964
vt 0.49578 0.1933
vt 0.49742 0.1934
vt 0.49628 0.19623
vt 0.49793 0.19673
vt 0.49624 0.19862
vt 0.49787 0.19912
vt 0.49927 0.19679
vt 0.50047 0.19671
vt 0.49934 0.19953
vt 0.50046 0.19949
vt 0.49928 0.20169
vt 0.49784 0.20138
vt 0.49907 0.20355
vt 0.50047 0.2037
vt 0.50047 0.20173
vt 0.4959 0.20061
vt 0.49544 0.2024
vt 0.49747 0.20314
vt 0.49506 0.2042
vt 0.49717 0.20492
vt 0.4963 0.2066
vt 0.4944 0.20589
vt 0.4987 0.2054
vt 0.49808 0.20727
vt 0.49942 0.20783
vt 0.49994 0.20576
vt 0.49711 0.20915
vt 0.4952 0.20833
vt 0.49837 0.21196
vt 0.49889 0.20989
vt 0.49306 0.20737
vt 0.82556 0.72899
vt 0.82546 0.7363
vt 0.82129 0.72902
vt 0.8298 0.72175
vt 0.8298 0.72892
vt 0.82575 0.72187
vt 0.82596 0.71481
vt 0.82207 0.71494
vt 0.82168 0.72198
vt 0.82989 0.70765
vt 0.82984 0.71467
vt 0.82618 0.70778
vt 0.8337 0.71451
vt 0.83382 0.72157
vt 0.83733 0.7074
vt 0.83361 0.70753
vt 0.83398 0.72876
vt 0.83421 0.73613
vt 0.82987 0.73628
vt 0.81205 0.26061
vt 0.8036 0.25672
vt 0.82035 0.26479
vt 0.81817 0.26923
vt 0.81006 0.26498
vt 0.82856 0.26917
vt 0.83672 0.27366
vt 0.83423 0.27814
vt 0.82623 0.27363
vt 0.8239 0.27807
vt 0.81604 0.27357
vt 0.82925 0.28711
vt 0.82158 0.28251
vt 0.83174 0.28263
vt 0.80813 0.26919
vt 0.80006 0.26524
vt 0.80178 0.26112
vt 0.81391 0.27791
vt 0.80623 0.2733
vt 0.85425 0.96442
vt 0.85527 0.96771
vt 0.85187 0.96552
vt 0.85322 0.96848
vt 0.85323 0.96119
vt 0.85662 0.96335
vt 0.85591 0.95991
vt 0.85221 0.95807
vt 0.84917 0.95959
vt 0.85052 0.96256
vt 0.8513 0.95538
vt 0.85522 0.95656
vt 0.85454 0.95367
vt 0.85859 0.95861
vt 0.85817 0.95506
vt 0.8577 0.95184
vt 0.85731 0.96695
vt 0.85935 0.96618
vt 0.85898 0.96235
vt 0.51365 0.08935
vt 0.51566 0.08228
vt 0.51216 0.08285
vt 0.51517 0.09596
vt 0.51053 0.09691
vt 0.50959 0.09014
vt 0.51677 0.10278
vt 0.51846 0.10984
vt 0.51261 0.1109
vt 0.51154 0.10383
vt 0.50618 0.10463
vt 0.50582 0.0977
vt 0.50662 0.11165
vt 0.50077 0.10531
vt 0.50549 0.09083
vt 0.50517 0.08399
vt 0.50867 0.08342
vt 0.50107 0.09839
vt 0.50137 0.09148
vt 0.8506 0.95341
vt 0.84726 0.95557
vt 0.84783 0.95663
vt 0.85318 0.94921
vt 0.85391 0.95124
vt 0.84994 0.95186
vt 0.8492 0.95044
vt 0.84612 0.95347
vt 0.84669 0.95452
vt 0.85109 0.94558
vt 0.85233 0.94734
vt 0.84819 0.94902
vt 0.85559 0.94408
vt 0.85652 0.94655
vt 0.85416 0.94191
vt 0.85718 0.94907
vt 0.52028 0.11719
vt 0.52209 0.12495
vt 0.51489 0.12575
vt 0.51382 0.11821
vt 0.52376 0.13322
vt 0.52426 0.14176
vt 0.51591 0.14149
vt 0.51578 0.13353
vt 0.50806 0.13366
vt 0.50771 0.12613
vt 0.50808 0.14132
vt 0.50718 0.11881
vt 0.82664 0.88746
vt 0.8264 0.89104
vt 0.83281 0.88336
vt 0.83249 0.88766
vt 0.82682 0.88323
vt 0.82693 0.87873
vt 0.82695 0.87407
vt 0.83298 0.87883
vt 0.83301 0.87413
vt 0.8389 0.8836
vt 0.8391 0.87891
vt 0.83915 0.87418
vt 0.83857 0.88821
vt 0.83781 0.8923
vt 0.832 0.89138
vt 0.57994 0.21061
vt 0.58984 0.21222
vt 0.59837 0.21473
vt 0.5957 0.22516
vt 0.5877 0.22298
vt 0.60591 0.21715
vt 0.61304 0.21941
vt 0.61027 0.22961
vt 0.60313 0.22744
vt 0.60049 0.23784
vt 0.59354 0.23561
vt 0.60747 0.23997
vt 0.60436 0.25056
vt 0.59793 0.24831
vt 0.58622 0.23346
vt 0.57826 0.22117
vt 0.57744 0.23133
vt 0.5915 0.24606
vt 0.58508 0.24381
vt 0.8269 0.86938
vt 0.83292 0.86942
vt 0.83273 0.86474
vt 0.82681 0.8647
vt 0.82671 0.86009
vt 0.83251 0.86011
vt 0.83234 0.85564
vt 0.82661 0.8556
vt 0.83834 0.86014
vt 0.83867 0.86475
vt 0.83805 0.85564
vt 0.83897 0.86945
vt 0.6203 0.22143
vt 0.61757 0.23155
vt 0.62504 0.23328
vt 0.6276 0.22324
vt 0.63488 0.2249
vt 0.63246 0.23487
vt 0.63988 0.23632
vt 0.6421 0.22644
vt 0.62253 0.24344
vt 0.63019 0.245
vt 0.628 0.25522
vt 0.63588 0.25677
vt 0.63781 0.24638
vt 0.61489 0.2418
vt 0.61224 0.25211
vt 0.62012 0.25367
vt 0.82656 0.85128
vt 0.83223 0.85129
vt 0.8322 0.84705
vt 0.82655 0.84704
vt 0.82655 0.84279
vt 0.82655 0.83848
vt 0.83219 0.8428
vt 0.8322 0.83846
vt 0.83784 0.84705
vt 0.83784 0.8428
vt 0.83784 0.83846
vt 0.8379 0.85131
vt 0.64923 0.22789
vt 0.64721 0.2376
vt 0.65455 0.2388
vt 0.65635 0.22925
vt 0.66351 0.23054
vt 0.67074 0.23172
vt 0.66183 0.23986
vt 0.66924 0.2408
vt 0.6528 0.24845
vt 0.66028 0.24934
vt 0.65879 0.25892
vt 0.66643 0.25964
vt 0.66783 0.25007
vt 0.64533 0.2475
vt 0.64352 0.25749
vt 0.65116 0.2582
vt 0.82655 0.834
vt 0.82654 0.82933
vt 0.83219 0.83399
vt 0.83215 0.82924
vt 0.82652 0.8244
vt 0.82649 0.81922
vt 0.83212 0.82439
vt 0.83205 0.81919
vt 0.83777 0.82924
vt 0.83769 0.82431
vt 0.8376 0.81913
vt 0.83782 0.83395
vt 0.67806 0.23277
vt 0.68552 0.23374
vt 0.67672 0.24158
vt 0.68439 0.24225
vt 0.69316 0.23465
vt 0.70095 0.23552
vt 0.69207 0.24283
vt 0.69995 0.24336
vt 0.68329 0.25084
vt 0.69112 0.2511
vt 0.69906 0.2513
vt 0.69025 0.25942
vt 0.69819 0.25935
vt 0.67551 0.25053
vt 0.67437 0.25956
vt 0.68231 0.25949
vt 0.82645 0.81381
vt 0.82639 0.8081
vt 0.83197 0.81379
vt 0.83185 0.80795
vt 0.82633 0.80202
vt 0.82626 0.79561
vt 0.83174 0.80199
vt 0.83158 0.79556
vt 0.83731 0.80793
vt 0.83711 0.80185
vt 0.83688 0.79545
vt 0.83747 0.81368
vt 0.70885 0.23633
vt 0.71692 0.23716
vt 0.70792 0.24383
vt 0.71611 0.24431
vt 0.7252 0.23806
vt 0.73363 0.23906
vt 0.7243 0.24482
vt 0.73271 0.24545
vt 0.71531 0.25146
vt 0.72355 0.25155
vt 0.73189 0.25178
vt 0.72287 0.25826
vt 0.7311 0.2579
vt 0.70713 0.25139
vt 0.70642 0.25899
vt 0.71464 0.25862
vt 0.82617 0.78893
vt 0.83142 0.78888
vt 0.8312 0.78178
vt 0.82607 0.78195
vt 0.82596 0.77464
vt 0.831 0.77458
vt 0.83076 0.76704
vt 0.82585 0.76711
vt 0.83632 0.78171
vt 0.83598 0.77441
vt 0.83562 0.7669
vt 0.83661 0.78873
vt 0.74217 0.24019
vt 0.75083 0.24153
vt 0.7412 0.24625
vt 0.74985 0.24729
vt 0.75963 0.24316
vt 0.7685 0.24512
vt 0.7585 0.24853
vt 0.76724 0.25018
vt 0.7489 0.25294
vt 0.75748 0.25376
vt 0.75652 0.25892
vt 0.76499 0.25926
vt 0.76607 0.25502
vt 0.74036 0.25226
vt 0.73957 0.25824
vt 0.74804 0.25858
vt 0.82572 0.75945
vt 0.83051 0.75939
vt 0.83025 0.75161
vt 0.82559 0.75172
vt 0.82549 0.74394
vt 0.83003 0.74389
vt 0.83486 0.75147
vt 0.83451 0.74373
vt 0.83524 0.75922
vt 0.77736 0.24743
vt 0.78619 0.25012
vt 0.77597 0.25228
vt 0.78467 0.25487
vt 0.79496 0.25322
vt 0.79329 0.25774
vt 0.78321 0.25943
vt 0.79171 0.26209
vt 0.79017 0.26634
vt 0.79856 0.2687
vt 0.77465 0.25699
vt 0.77338 0.26162
vt 0.78178 0.26398
vt 0.84674 0.94746
vt 0.84404 0.95069
vt 0.84556 0.95242
vt 0.8494 0.94405
vt 0.84736 0.94251
vt 0.84503 0.94583
vt 0.84253 0.94896
vt 0.84102 0.94723
vt 0.84322 0.94422
vt 0.84136 0.94261
vt 0.84532 0.94113
vt 0.84321 0.93972
vt 0.84948 0.939
vt 0.84722 0.93787
vt 0.84692 0.93393
vt 0.84507 0.93683
vt 0.85196 0.94028
vt 0.83631 0.89541
vt 0.83458 0.89775
vt 0.83119 0.89424
vt 0.83028 0.89649
vt 0.83314 0.89952
vt 0.83184 0.901
vt 0.82936 0.89837
vt 0.82846 0.90007
vt 0.82582 0.89561
vt 0.82546 0.89742
vt 0.82509 0.89914
vt 0.82151 0.89656
vt 0.82171 0.8982
vt 0.82613 0.89362
vt 0.82111 0.89328
vt 0.82131 0.89492
vt 0.31785 0.74322
vt 0.36177 0.74952
vt 0.3773 0.73714
vt 0.39298 0.72634
vt 0.42777 0.7393
vt 0.41681 0.7475
vt 0.40896 0.71868
vt 0.42434 0.71425
vt 0.43843 0.73315
vt 0.44828 0.72736
vt 0.46847 0.74349
vt 0.46244 0.74946
vt 0.47382 0.73752
vt 0.49881 0.75176
vt 0.40569 0.75582
vt 0.44961 0.76212
vt 0.4561 0.75572
vt 0.49705 0.75731
vt 0.49528 0.76286
vt 0.44441 0.27388
vt 0.43799 0.2536
vt 0.4931 0.25492
vt 0.49061 0.23219
vt 0.40745 0.31383
vt 0.39628 0.29398
vt 0.45086 0.29442
vt 0.45733 0.31547
vt 0.49808 0.30039
vt 0.49559 0.27766
vt 0.46353 0.33878
vt 0.41775 0.33247
vt 0.42858 0.35383
vt 0.38053 0.35334
vt 0.3653 0.33559
vt 0.39548 0.37125
vt 0.34923 0.31638
vt 0.33274 0.29642
vt 0.38536 0.27501
vt 0.46917 0.36613
vt 0.43886 0.37645
vt 0.44875 0.40193
vt 0.47413 0.39498
vt 0.47827 0.42282
vt 0.48116 0.44956
vt 0.46227 0.45062
vt 0.45686 0.42593
vt 0.42504 0.41172
vt 0.43724 0.43287
vt 0.44511 0.45427
vt 0.43151 0.45767
vt 0.41071 0.39094
vt 0.48236 0.4751
vt 0.48251 0.4998
vt 0.46387 0.49935
vt 0.46428 0.47513
vt 0.48222 0.52399
vt 0.48213 0.54741
vt 0.46321 0.54732
vt 0.46333 0.52361
vt 0.44335 0.52284
vt 0.44471 0.49836
vt 0.44334 0.54778
vt 0.44645 0.4758
vt 0.48287 0.56981
vt 0.48417 0.59105
vt 0.46473 0.57033
vt 0.4674 0.59192
vt 0.4858 0.61103
vt 0.48749 0.62961
vt 0.47083 0.61234
vt 0.47429 0.63098
vt 0.44991 0.59425
vt 0.45547 0.61506
vt 0.46125 0.63389
vt 0.4457 0.5717
vt 0.43822 0.7131
vt 0.44981 0.71294
vt 0.45692 0.72373
vt 0.46442 0.71967
vt 0.45837 0.71144
vt 0.46432 0.70868
vt 0.46999 0.7169
vt 0.47462 0.71292
vt 0.48161 0.72532
vt 0.48455 0.72035
vt 0.48696 0.71565
vt 0.47812 0.73125
vt 0.489 0.64669
vt 0.47989 0.66239
vt 0.47749 0.64786
vt 0.49021 0.66197
vt 0.49104 0.67517
vt 0.49137 0.68653
vt 0.48254 0.68595
vt 0.48183 0.67533
vt 0.47009 0.66452
vt 0.47323 0.67566
vt 0.47462 0.68476
vt 0.46856 0.68383
vt 0.46611 0.65049
vt 0.4681 0.70469
vt 0.48036 0.7019
vt 0.47783 0.70832
vt 0.47076 0.6994
vt 0.47337 0.69271
vt 0.48194 0.69503
vt 0.49026 0.70427
vt 0.4911 0.69625
vt 0.48887 0.71051
vt 0.57865 0.24155
vt 0.56521 0.23813
vt 0.5661 0.22917
vt 0.56707 0.22011
vt 0.55495 0.21933
vt 0.55351 0.22701
vt 0.55178 0.23471
vt 0.54098 0.22486
vt 0.53834 0.23129
vt 0.54312 0.21854
vt 0.5325 0.21743
vt 0.52994 0.22255
vt 0.55593 0.21185
vt 0.54424 0.2124
vt 0.53376 0.21248
vt 0.56824 0.21087
vt 0.52256 0.15033
vt 0.51969 0.15859
vt 0.51501 0.14944
vt 0.51333 0.15733
vt 0.5167 0.16621
vt 0.51372 0.1732
vt 0.51149 0.16479
vt 0.50949 0.17188
vt 0.50696 0.15666
vt 0.50604 0.16411
vt 0.50504 0.17122
vt 0.50768 0.14903
vt 0.5249 0.22786
vt 0.5218 0.21988
vt 0.51932 0.22389
vt 0.52387 0.21592
vt 0.5173 0.21407
vt 0.51552 0.21699
vt 0.51373 0.21991
vt 0.51005 0.21404
vt 0.50815 0.21594
vt 0.51185 0.21209
vt 0.50809 0.21014
vt 0.50596 0.21132
vt 0.51834 0.21121
vt 0.51346 0.21006
vt 0.51165 0.20775
vt 0.5101 0.20873
vt 0.52512 0.21205
vt 0.5109 0.17957
vt 0.50758 0.17842
vt 0.50592 0.18415
vt 0.50841 0.18512
vt 0.50645 0.18964
vt 0.50516 0.1933
vt 0.50446 0.1893
vt 0.50352 0.19339
vt 0.5032 0.18382
vt 0.50247 0.18899
vt 0.50194 0.19332
vt 0.50407 0.17785
vt 0.50465 0.19623
vt 0.50469 0.19862
vt 0.50301 0.19673
vt 0.50306 0.19912
vt 0.50504 0.20061
vt 0.50549 0.2024
vt 0.50309 0.20138
vt 0.50346 0.20314
vt 0.50165 0.20169
vt 0.50159 0.19953
vt 0.50186 0.20355
vt 0.50166 0.19679
vt 0.50587 0.2042
vt 0.50654 0.20589
vt 0.50463 0.2066
vt 0.50376 0.20492
vt 0.50787 0.20737
vt 0.50573 0.20833
vt 0.50383 0.20915
vt 0.50285 0.20727
vt 0.50257 0.21196
vt 0.50204 0.20989
vt 0.50223 0.2054
vt 0.50152 0.20783
vt 0.50099 0.20576
vt 0.10927 0.17102
vt 0.72602 0.9871
vt 0.89166 0.17102
vt 0.91578 0.9871
vt 0.81935 0.70791
vt 0.49926 0.08456
vt 0.8023 0.94551
vt 0.50761 0.76841
vt 0.82246 0.70791
vt 0.50167 0.08456
vt 0.83951 0.94551
vt 0.49352 0.76841
usemtl bob
f 1341/1 1340/2 1337/3
f 1/4 1337/3 1340/2
f 339/5 1339/6 1338/7
f 1341/1 1338/7 1339/6
f 1345/8 1338/7 1342/9
f 335/10 1342/9 1338/7
f 336/11 1344/12 1343/13
f 1345/8 1343/13 1344/12
f 1349/14 1348/15 1344/12
f 339/5 1344/12 1348/15
f 13/16 1347/17 1346/18
f 1349/14 1346/18 1347/17
f 1352/19 1351/20 1339/6
f 338/21 1339/6 1351/20
f 337/22 1350/23 1348/15
f 1352/19 1348/15 1350/23
f 1356/24 1343/13 1353/25
f 2/26 1353/25 1343/13
f 343/27 1355/28 1354/29
f 1356/24 1354/29 1355/28
f 1360/30 1354/29 1357/31
f 340/32 1357/31 1354/29
f 341/33 1359/34 1358/35
f 1360/30 1358/35 1359/34
f 1364/36 1363/37 1359/34
f 343/27 1359/34 1363/37
f 14/38 1362/39 1361/40
f 1364/36 1361/40 1362/39
f 1366/41 1346/18 1355/28
f 336/11 1355/28 1346/18
f 342/42 1365/43 1363/37
f 1366/41 1363/37 1365/43
f 1370/44 1358/35 1367/45
f 3/46 1367/45 1358/35
f 347/47 1369/48 1368/49
f 1370/44 1368/49 1369/48
f 1374/50 1368/49 1371/51
f 344/52 1371/51 1368/49
f 345/53 1373/54 1372/55
f 1374/50 1372/55 1373/54
f 1378/56 1377/57 1373/54
f 347/47 1373/54 1377/57
f 15/58 1376/59 1375/60
f 1378/56 1375/60 1376/59
f 1380/61 1361/40 1369/48
f 341/33 1369/48 1361/40
f 346/62 1379/63 1377/57
f 1380/61 1377/57 1379/63
f 1384/64 1372/55 1381/65
f 4/66 1381/65 1372/55
f 351/67 1383/68 1382/69
f 1384/64 1382/69 1383/68
f 1382/69 348/70 1388/71
f 1385/72 1388/71 348/70
f 1387/73 1388/71 349/74
f 1386/75 349/74 1388/71
f 1392/76 1391/77 1387/73
f 351/67 1387/73 1391/77
f 16/78 1390/79 1389/80
f 1392/76 1389/80 1390/79
f 1394/81 1375/60 1383/68
f 345/53 1383/68 1375/60
f 350/82 1393/83 1391/77
f 1394/81 1391/77 1393/83
f 1386/75 5/84 1398/85
f 1395/86 1398/85 5/84
f 1397/87 1398/85 355/88
f 1396/89 355/88 1398/85
f 1396/89 352/90 1402/91
f 1399/92 1402/91 352/90
f 1401/93 1402/91 353/94
f 1400/95 353/94 1402/91
f 1405/96 355/88 1406/97
f 1401/93 1406/97 355/88
f 1404/98 1406/97 17/99
f 1403/100 17/99 1406/97
f 1389/80 349/74 1408/101
f 1397/87 1408/101 349/74
f 1407/102 1408/101 354/103
f 1405/96 354/103 1408/101
f 1400/104 6/105 1412/106
f 1409/107 1412/106 6/105
f 1411/108 1412/106 359/109
f 1410/110 359/109 1412/106
f 1416/111 1410/110 1413/112
f 356/113 1413/112 1410/110
f 357/114 1415/115 1414/116
f 1416/111 1414/116 1415/115
f 1420/117 1419/118 1415/115
f 359/109 1415/115 1419/118
f 18/119 1418/120 1417/121
f 1420/117 1417/121 1418/120
f 1403/122 353/123 1422/124
f 1411/108 1422/124 353/123
f 1421/125 1422/124 358/126
f 1419/118 358/126 1422/124
f 1414/116 7/127 1426/128
f 1423/129 1426/128 7/127
f 1425/130 1426/128 363/131
f 1424/132 363/131 1426/128
f 1430/133 1424/132 1427/134
f 360/135 1427/134 1424/132
f 361/136 1429/137 1428/138
f 1430/133 1428/138 1429/137
f 1434/139 1433/140 1429/137
f 363/131 1429/137 1433/140
f 19/141 1432/142 1431/143
f 1434/139 1431/143 1432/142
f 1417/121 357/114 1436/144
f 1425/130 1436/144 357/114
f 1435/145 1436/144 362/146
f 1433/140 362/146 1436/144
f 1428/138 8/147 1440/148
f 1437/149 1440/148 8/147
f 1439/150 1440/148 367/151
f 1438/152 367/151 1440/148
f 1444/153 1438/152 1441/154
f 364/155 1441/154 1438/152
f 365/156 1443/157 1442/158
f 1444/153 1442/158 1443/157
f 1448/159 1447/160 1443/157
f 367/151 1443/157 1447/160
f 20/161 1446/162 1445/163
f 1448/159 1445/163 1446/162
f 1431/143 361/136 1450/164
f 1439/150 1450/164 361/136
f 1449/165 1450/164 366/166
f 1447/160 366/166 1450/164
f 1442/158 9/167 1454/168
f 1451/169 1454/168 9/167
f 1453/170 1454/168 371/171
f 1452/172 371/171 1454/168
f 1458/173 1452/172 1455/174
f 368/175 1455/174 1452/172
f 369/176 1457/177 1456/178
f 1458/173 1456/178 1457/177
f 1462/179 1461/180 1457/177
f 371/171 1457/177 1461/180
f 21/181 1460/182 1459/183
f 1462/179 1459/183 1460/182
f 1445/163 365/156 1464/184
f 1453/170 1464/184 365/156
f 1463/185 1464/184 370/186
f 1461/180 370/186 1464/184
f 1456/178 10/187 1468/188
f 1465/189 1468/188 10/187
f 1467/190 1468/188 375/191
f 1466/192 375/191 1468/188
f 1472/193 1466/192 1469/194
f 372/195 1469/194 1466/192
f 373/196 1471/197 1470/198
f 1472/193 1470/198 1471/197
f 1476/199 1475/200 1471/197
f 375/191 1471/197 1475/200
f 22/201 1474/202 1473/203
f 1476/199 1473/203 1474/202
f 1459/183 369/176 1478/204
f 1467/190 1478/204 369/176
f 1477/205 1478/204 374/206
f 1475/200 374/206 1478/204
f 12/207 1350/208 1481/209
f 1482/210 1481/209 1350/208
f 1482/210 1479/211 1480/212
f 379/213 1480/212 1479/211
f 1485/214 1479/211 1347/215
f 337/216 1347/215 1479/211
f 1485/214 1483/217 1484/218
f 376/219 1484/218 1483/217
f 379/213 1484/218 1488/220
f 1489/221 1488/220 1484/218
f 1489/221 1486/222 1487/223
f 24/224 1487/223 1486/222
f 378/225 1480/212 1491/226
f 1492/227 1491/226 1480/212
f 1492/227 1488/220 1490/228
f 377/229 1490/228 1488/220
f 1495/230 1483/217 1365/231
f 13/232 1365/231 1483/217
f 382/233 1494/234 1493/235
f 1495/230 1493/235 1494/234
f 1498/236 1493/235 1362/237
f 342/238 1362/237 1493/235
f 380/239 1497/240 1496/241
f 1498/236 1496/241 1497/240
f 1502/242 1501/243 1497/240
f 382/233 1497/240 1501/243
f 25/244 1500/245 1499/246
f 1502/242 1499/246 1500/245
f 1504/247 1486/222 1494/234
f 376/219 1494/234 1486/222
f 381/248 1503/249 1501/243
f 1504/247 1501/243 1503/249
f 1507/250 1496/241 1379/251
f 14/252 1379/251 1496/241
f 385/253 1506/254 1505/255
f 1507/250 1505/255 1506/254
f 1510/256 1505/255 1376/257
f 346/258 1376/257 1505/255
f 383/259 1509/260 1508/261
f 1510/256 1508/261 1509/260
f 1514/262 1513/263 1509/260
f 385/253 1509/260 1513/263
f 1512/264 1514/262 26/265
f 1511/266 26/265 1514/262
f 1516/267 1499/246 1506/254
f 380/239 1506/254 1499/246
f 384/268 1515/269 1513/263
f 1516/267 1513/263 1515/269
f 1519/270 1508/261 1393/271
f 15/272 1393/271 1508/261
f 388/273 1518/274 1517/275
f 1519/270 1517/275 1518/274
f 1522/276 1517/275 1390/277
f 350/278 1390/277 1517/275
f 386/279 1521/280 1520/281
f 1522/276 1520/281 1521/280
f 1526/282 1525/283 1521/280
f 388/273 1521/280 1525/283
f 27/284 1524/285 1523/286
f 1526/282 1523/286 1524/285
f 1528/287 1511/266 1518/274
f 383/259 1518/274 1511/266
f 1527/288 1528/287 387/289
f 1525/283 387/289 1528/287
f 1531/290 1520/281 1407/291
f 16/292 1407/291 1520/281
f 391/293 1530/294 1529/295
f 1531/290 1529/295 1530/294
f 1529/295 354/296 1534/297
f 1404/298 1534/297 354/296
f 389/299 1533/300 1532/301
f 1534/297 1532/301 1533/300
f 1538/302 1537/303 1533/300
f 391/293 1533/300 1537/303
f 28/304 1536/305 1535/306
f 1538/302 1535/306 1536/305
f 1540/307 1523/286 1530/294
f 386/279 1530/294 1523/286
f 390/308 1539/309 1537/303
f 1540/307 1537/303 1539/309
f 1532/310 17/311 1543/312
f 1421/313 1543/312 17/311
f 1542/314 1543/312 394/315
f 1541/316 394/315 1543/312
f 1546/317 1541/316 1418/318
f 358/319 1418/318 1541/316
f 392/320 1545/321 1544/322
f 1546/317 1544/322 1545/321
f 1550/323 1549/324 1545/321
f 394/315 1545/321 1549/324
f 29/325 1548/326 1547/327
f 1550/323 1547/327 1548/326
f 1535/328 389/329 1552/330
f 1542/314 1552/330 389/329
f 1551/331 1552/330 393/332
f 1549/324 393/332 1552/330
f 1544/322 18/333 1555/334
f 1435/335 1555/334 18/333
f 1554/336 1555/334 397/337
f 1553/338 397/337 1555/334
f 1558/339 1553/338 1432/340
f 362/341 1432/340 1553/338
f 395/342 1557/343 1556/344
f 1558/339 1556/344 1557/343
f 1562/345 1561/346 1557/343
f 397/337 1557/343 1561/346
f 30/347 1560/348 1559/349
f 1562/345 1559/349 1560/348
f 1547/327 392/320 1564/350
f 1554/336 1564/350 392/320
f 1563/351 1564/350 396/352
f 1561/346 396/352 1564/350
f 1556/344 19/353 1567/354
f 1449/355 1567/354 19/353
f 1566/356 1567/354 400/357
f 1565/358 400/357 1567/354
f 1570/359 1565/358 1446/360
f 366/361 1446/360 1565/358
f 398/362 1569/363 1568/364
f 1570/359 1568/364 1569/363
f 1574/365 1573/366 1569/363
f 400/357 1569/363 1573/366
f 31/367 1572/368 1571/369
f 1574/365 1571/369 1572/368
f 1559/349 395/342 1576/370
f 1566/356 1576/370 395/342
f 1575/371 1576/370 399/372
f 1573/366 399/372 1576/370
f 1568/364 20/373 1579/374
f 1463/375 1579/374 20/373
f 403/376 1578/377 1577/378
f 1579/374 1577/378 1578/377
f 1582/379 1577/378 1460/380
f 370/381 1460/380 1577/378
f 401/382 1581/383 1580/384
f 1582/379 1580/384 1581/383
f 1586/385 1585/386 1581/383
f 403/376 1581/383 1585/386
f 32/387 1584/388 1583/389
f 1586/385 1583/389 1584/388
f 1571/369 398/362 1588/390
f 1578/377 1588/390 398/362
f 402/391 1587/392 1585/386
f 1588/390 1585/386 1587/392
f 1580/384 21/393 1591/394
f 1477/395 1591/394 21/393
f 406/396 1590/397 1589/398
f 1591/394 1589/398 1590/397
f 1594/399 1589/398 1474/400
f 374/401 1474/400 1589/398
f 404/402 1593/403 1592/404
f 1594/399 1592/404 1593/403
f 1598/405 1597/406 1593/403
f 406/396 1593/403 1597/406
f 33/407 1596/408 1595/409
f 1598/405 1595/409 1596/408
f 1600/410 1583/389 1590/397
f 401/382 1590/397 1583/389
f 405/411 1599/412 1597/406
f 1600/410 1597/406 1599/412
f 23/413 1490/228 1603/414
f 1604/415 1603/414 1490/228
f 1604/415 1601/416 1602/417
f 410/418 1602/417 1601/416
f 377/229 1487/223 1601/416
f 1607/419 1601/416 1487/223
f 1607/419 1605/420 1606/421
f 407/422 1606/421 1605/420
f 410/418 1606/421 1610/423
f 1611/424 1610/423 1606/421
f 1611/424 1608/425 1609/426
f 35/427 1609/426 1608/425
f 409/428 1602/417 1613/429
f 1614/430 1613/429 1602/417
f 1614/430 1610/423 1612/431
f 408/432 1612/431 1610/423
f 24/224 1503/249 1605/420
f 1617/433 1605/420 1503/249
f 1617/433 1615/434 1616/435
f 413/436 1616/435 1615/434
f 1620/437 1615/434 1500/245
f 381/248 1500/245 1615/434
f 411/438 1619/439 1618/440
f 1620/437 1618/440 1619/439
f 1624/441 1623/442 1619/439
f 413/436 1619/439 1623/442
f 1622/443 1624/441 36/444
f 1621/445 36/444 1624/441
f 407/422 1616/435 1608/425
f 1626/446 1608/425 1616/435
f 1626/446 1623/442 1625/447
f 412/448 1625/447 1623/442
f 1618/440 25/244 1629/449
f 1515/269 1629/449 25/244
f 1628/450 1629/449 416/451
f 1627/452 416/451 1629/449
f 1627/452 384/268 1632/453
f 1512/264 1632/453 384/268
f 414/454 1631/455 1630/456
f 1632/453 1630/456 1631/455
f 1635/457 416/451 1636/458
f 1631/455 1636/458 416/451
f 37/459 1634/460 1633/461
f 1636/458 1633/461 1634/460
f 1621/445 411/438 1638/462
f 1628/450 1638/462 411/438
f 1635/457 415/463 1638/462
f 1637/464 1638/462 415/463
f 1641/465 1630/456 1527/288
f 26/265 1527/288 1630/456
f 419/466 1640/467 1639/468
f 1641/465 1639/468 1640/467
f 1644/469 1639/468 1524/285
f 387/289 1524/285 1639/468
f 417/470 1643/471 1642/472
f 1644/469 1642/472 1643/471
f 1648/473 1647/474 1643/471
f 419/466 1643/471 1647/474
f 38/475 1646/476 1645/477
f 1648/473 1645/477 1646/476
f 1650/478 1633/461 1640/467
f 414/454 1640/467 1633/461
f 418/479 1649/480 1647/474
f 1650/478 1647/474 1649/480
f 1653/481 1642/472 1539/309
f 27/284 1539/309 1642/472
f 422/482 1652/483 1651/484
f 1653/481 1651/484 1652/483
f 1656/485 1651/484 1536/305
f 390/308 1536/305 1651/484
f 420/486 1655/487 1654/488
f 1656/485 1654/488 1655/487
f 1660/489 1659/490 1655/487
f 422/482 1655/487 1659/490
f 39/491 1658/492 1657/493
f 1660/489 1657/493 1658/492
f 1662/494 1645/477 1652/483
f 417/470 1652/483 1645/477
f 421/495 1661/496 1659/490
f 1662/494 1659/490 1661/496
f 1665/497 1654/498 1551/331
f 28/499 1551/331 1654/498
f 425/500 1664/501 1663/502
f 1665/497 1663/502 1664/501
f 1668/503 1663/502 1548/326
f 393/332 1548/326 1663/502
f 423/504 1667/505 1666/506
f 1668/503 1666/506 1667/505
f 1672/507 1671/508 1667/505
f 425/500 1667/505 1671/508
f 40/509 1670/510 1669/511
f 1672/507 1669/511 1670/510
f 1674/512 1657/513 1664/501
f 420/514 1664/501 1657/513
f 424/515 1673/516 1671/508
f 1674/512 1671/508 1673/516
f 1677/517 1666/506 1563/351
f 29/325 1563/351 1666/506
f 428/518 1676/519 1675/520
f 1677/517 1675/520 1676/519
f 1680/521 1675/520 1560/348
f 396/352 1560/348 1675/520
f 426/522 1679/523 1678/524
f 1680/521 1678/524 1679/523
f 1684/525 1683/526 1679/523
f 428/518 1679/523 1683/526
f 41/527 1682/528 1681/529
f 1684/525 1681/529 1682/528
f 1686/530 1669/511 1676/519
f 423/504 1676/519 1669/511
f 427/531 1685/532 1683/526
f 1686/530 1683/526 1685/532
f 1689/533 1678/524 1575/371
f 30/347 1575/371 1678/524
f 431/534 1688/535 1687/536
f 1689/533 1687/536 1688/535
f 1692/537 1687/536 1572/368
f 399/372 1572/368 1687/536
f 429/538 1691/539 1690/540
f 1692/537 1690/540 1691/539
f 1696/541 1695/542 1691/539
f 431/534 1691/539 1695/542
f 42/543 1694/544 1693/545
f 1696/541 1693/545 1694/544
f 1698/546 1681/529 1688/535
f 426/522 1688/535 1681/529
f 430/547 1697/548 1695/542
f 1698/546 1695/542 1697/548
f 1701/549 1690/540 1587/392
f 31/367 1587/392 1690/540
f 434/550 1700/551 1699/552
f 1701/549 1699/552 1700/551
f 1704/553 1699/552 1584/388
f 402/391 1584/388 1699/552
f 432/554 1703/555 1702/556
f 1704/553 1702/556 1703/555
f 1708/557 1707/558 1703/555
f 434/550 1703/555 1707/558
f 43/559 1706/560 1705/561
f 1708/557 1705/561 1706/560
f 1710/562 1693/545 1700/551
f 429/538 1700/551 1693/545
f 433/563 1709/564 1707/558
f 1710/562 1707/558 1709/564
f 1713/565 1702/556 1599/412
f 32/387 1599/412 1702/556
f 437/566 1712/567 1711/568
f 1713/565 1711/568 1712/567
f 1716/569 1711/568 1596/408
f 405/411 1596/408 1711/568
f 435/570 1715/571 1714/572
f 1716/569 1714/572 1715/571
f 1720/573 1719/574 1715/571
f 437/566 1715/571 1719/574
f 44/575 1718/576 1717/577
f 1720/573 1717/577 1718/576
f 1722/578 1705/561 1712/567
f 432/554 1712/567 1705/561
f 436/579 1721/580 1719/574
f 1722/578 1719/574 1721/580
f 34/581 1612/431 1725/582
f 1726/583 1725/582 1612/431
f 1726/583 1723/584 1724/585
f 441/586 1724/585 1723/584
f 408/432 1609/426 1723/584
f 1729/587 1723/584 1609/426
f 1729/587 1727/588 1728/589
f 438/590 1728/589 1727/588
f 441/586 1728/589 1732/591
f 1733/592 1732/591 1728/589
f 1733/592 1730/593 1731/594
f 46/595 1731/594 1730/593
f 440/596 1724/585 1735/597
f 1736/598 1735/597 1724/585
f 439/599 1734/600 1732/591
f 1736/598 1732/591 1734/600
f 35/427 1625/447 1727/588
f 1739/601 1727/588 1625/447
f 1739/601 1737/602 1738/603
f 444/604 1738/603 1737/602
f 1742/605 1737/602 1622/443
f 412/448 1622/443 1737/602
f 1740/606 442/607 1742/605
f 1741/608 1742/605 442/607
f 1741/608 1746/609 444/604
f 1745/610 444/604 1746/609
f 1743/611 47/612 1746/609
f 1744/613 1746/609 47/612
f 438/590 1738/603 1730/593
f 1748/614 1730/593 1738/603
f 1747/615 1748/614 443/616
f 1745/610 443/616 1748/614
f 1637/464 1751/617 36/444
f 1740/606 36/444 1751/617
f 1749/618 447/619 1751/617
f 1750/620 1751/617 447/619
f 1634/460 1754/621 415/463
f 1749/618 415/463 1754/621
f 445/622 1753/623 1752/624
f 1754/621 1752/624 1753/623
f 1753/623 1758/625 447/619
f 1757/626 447/619 1758/625
f 1756/627 1758/625 48/628
f 1755/629 48/628 1758/625
f 1750/620 1760/630 442/607
f 1743/611 442/607 1760/630
f 1757/626 446/631 1760/630
f 1759/632 1760/630 446/631
f 1763/633 1752/624 1649/480
f 37/459 1649/480 1752/624
f 450/634 1762/635 1761/636
f 1763/633 1761/636 1762/635
f 1766/637 1761/636 1646/476
f 418/479 1646/476 1761/636
f 448/638 1765/639 1764/640
f 1766/637 1764/640 1765/639
f 1770/641 1769/642 1765/639
f 450/634 1765/639 1769/642
f 49/643 1768/644 1767/645
f 1770/641 1767/645 1768/644
f 1755/629 445/622 1772/646
f 1762/635 1772/646 445/622
f 1771/647 1772/646 449/648
f 1769/642 449/648 1772/646
f 1775/649 1764/640 1661/496
f 38/475 1661/496 1764/640
f 453/650 1774/651 1773/652
f 1775/649 1773/652 1774/651
f 1778/653 1773/652 1658/492
f 421/495 1658/492 1773/652
f 451/654 1777/655 1776/656
f 1778/653 1776/656 1777/655
f 1782/657 1781/658 1777/655
f 453/650 1777/655 1781/658
f 50/659 1780/660 1779/661
f 1782/657 1779/661 1780/660
f 1784/662 1767/645 1774/651
f 448/638 1774/651 1767/645
f 452/663 1783/664 1781/658
f 1784/662 1781/658 1783/664
f 1787/665 1776/666 1673/516
f 39/667 1673/516 1776/666
f 456/668 1786/669 1785/670
f 1787/665 1785/670 1786/669
f 1790/671 1785/670 1670/510
f 424/515 1670/510 1785/670
f 454/672 1789/673 1788/674
f 1790/671 1788/674 1789/673
f 1794/675 1793/676 1789/673
f 456/668 1789/673 1793/676
f 51/677 1792/678 1791/679
f 1794/675 1791/679 1792/678
f 1796/680 1779/681 1786/669
f 451/682 1786/669 1779/681
f 455/683 1795/684 1793/676
f 1796/680 1793/676 1795/684
f 1799/685 1788/674 1685/532
f 40/509 1685/532 1788/674
f 459/686 1798/687 1797/688
f 1799/685 1797/688 1798/687
f 1802/689 1797/688 1682/528
f 427/531 1682/528 1797/688
f 457/690 1801/691 1800/692
f 1802/689 1800/692 1801/691
f 1806/693 1805/694 1801/691
f 459/686 1801/691 1805/694
f 52/695 1804/696 1803/697
f 1806/693 1803/697 1804/696
f 1808/698 1791/679 1798/687
f 454/672 1798/687 1791/679
f 1807/699 1808/698 458/700
f 1805/694 458/700 1808/698
f 1811/701 1800/692 1697/548
f 41/527 1697/548 1800/692
f 462/702 1810/703 1809/704
f 1811/701 1809/704 1810/703
f 1814/705 1809/704 1694/544
f 430/547 1694/544 1809/704
f 460/706 1813/707 1812/708
f 1814/705 1812/708 1813/707
f 1818/709 1817/710 1813/707
f 462/702 1813/707 1817/710
f 53/711 1816/712 1815/713
f 1818/709 1815/713 1816/712
f 1820/714 1803/697 1810/703
f 457/690 1810/703 1803/697
f 1819/715 1820/714 461/716
f 1817/710 461/716 1820/714
f 1823/717 1812/708 1709/564
f 42/543 1709/564 1812/708
f 465/718 1822/719 1821/720
f 1823/717 1821/720 1822/719
f 1826/721 1821/720 1706/560
f 433/563 1706/560 1821/720
f 463/722 1825/723 1824/724
f 1826/721 1824/724 1825/723
f 1830/725 1829/726 1825/723
f 465/718 1825/723 1829/726
f 54/727 1828/728 1827/729
f 1830/725 1827/729 1828/728
f 1832/730 1815/713 1822/719
f 460/706 1822/719 1815/713
f 464/731 1831/732 1829/726
f 1832/730 1829/726 1831/732
f 1721/580 1835/733 43/559
f 1824/724 43/559 1835/733
f 1833/734 468/735 1835/733
f 1834/736 1835/733 468/735
f 1718/576 1838/737 436/579
f 1833/734 436/579 1838/737
f 1838/737 1836/738 1837/739
f 466/740 1837/739 1836/738
f 1837/739 1842/741 468/735
f 1841/742 468/735 1842/741
f 1842/741 1839/743 1840/744
f 55/745 1840/744 1839/743
f 1844/746 1827/729 1834/736
f 463/722 1834/736 1827/729
f 467/747 1843/748 1841/742
f 1844/746 1841/742 1843/748
f 1734/600 1848/749 45/750
f 1847/751 45/750 1848/749
f 1845/752 472/753 1848/749
f 1846/754 1848/749 472/753
f 1845/752 439/599 1851/755
f 1731/594 1851/755 439/599
f 1849/756 469/757 1851/755
f 1850/758 1851/755 469/757
f 1850/758 1855/759 472/753
f 1854/760 472/753 1855/759
f 1853/761 1855/759 57/762
f 1852/763 57/762 1855/759
f 1846/754 1858/764 471/765
f 1857/766 471/765 1858/764
f 1854/760 470/767 1858/764
f 1856/768 1858/764 470/767
f 1747/615 1861/769 46/595
f 1849/756 46/595 1861/769
f 1859/770 475/771 1861/769
f 1860/772 1861/769 475/771
f 1744/613 1864/773 443/616
f 1859/770 443/616 1864/773
f 1862/774 473/775 1864/773
f 1863/776 1864/773 473/775
f 1863/776 1868/777 475/771
f 1867/778 475/771 1868/777
f 1865/779 58/780 1868/777
f 1866/781 1868/777 58/780
f 1860/772 1870/782 469/757
f 1852/763 469/757 1870/782
f 1867/778 474/783 1870/782
f 1869/784 1870/782 474/783
f 1759/632 1873/785 47/612
f 1862/774 47/612 1873/785
f 1871/786 478/787 1873/785
f 1872/788 1873/785 478/787
f 1756/627 1876/789 446/631
f 1871/786 446/631 1876/789
f 1875/790 1876/789 476/791
f 1874/792 476/791 1876/789
f 1879/793 478/787 1880/794
f 1875/790 1880/794 478/787
f 1878/795 1880/794 59/796
f 1877/797 59/796 1880/794
f 1872/788 1882/798 473/775
f 1865/779 473/775 1882/798
f 1879/793 477/799 1882/798
f 1881/800 1882/798 477/799
f 1874/792 48/628 1885/801
f 1771/647 1885/801 48/628
f 1884/802 1885/801 481/803
f 1883/804 481/803 1885/801
f 1888/805 1883/804 1768/644
f 449/648 1768/644 1883/804
f 479/806 1887/807 1886/808
f 1888/805 1886/808 1887/807
f 1891/809 481/803 1892/810
f 1887/807 1892/810 481/803
f 60/811 1890/812 1889/813
f 1892/810 1889/813 1890/812
f 1877/797 476/791 1894/814
f 1884/802 1894/814 476/791
f 1893/815 1894/814 480/816
f 1891/809 480/816 1894/814
f 1897/817 1886/808 1783/664
f 49/643 1783/664 1886/808
f 484/818 1896/819 1895/820
f 1897/817 1895/820 1896/819
f 1900/821 1895/820 1780/660
f 452/663 1780/660 1895/820
f 482/822 1899/823 1898/824
f 1900/821 1898/824 1899/823
f 1904/825 1903/826 1899/823
f 484/818 1899/823 1903/826
f 61/827 1902/828 1901/829
f 1904/825 1901/829 1902/828
f 1906/830 1889/813 1896/819
f 479/806 1896/819 1889/813
f 483/831 1905/832 1903/826
f 1906/830 1903/826 1905/832
f 1909/833 1898/834 1795/684
f 50/835 1795/684 1898/834
f 487/836 1908/837 1907/838
f 1909/833 1907/838 1908/837
f 1912/839 1907/838 1792/678
f 455/683 1792/678 1907/838
f 485/840 1911/841 1910/842
f 1912/839 1910/842 1911/841
f 1916/843 1915/844 1911/841
f 487/836 1911/841 1915/844
f 62/845 1914/846 1913/847
f 1916/843 1913/847 1914/846
f 1918/848 1901/849 1908/837
f 482/850 1908/837 1901/849
f 486/851 1917/852 1915/844
f 1918/848 1915/844 1917/852
f 1910/842 51/677 1921/853
f 1807/699 1921/853 51/677
f 1920/854 1921/853 490/855
f 1919/856 490/855 1921/853
f 1924/857 1919/856 1804/696
f 458/700 1804/696 1919/856
f 488/858 1923/859 1922/860
f 1924/857 1922/860 1923/859
f 1928/861 1927/862 1923/859
f 490/855 1923/859 1927/862
f 63/863 1926/864 1925/865
f 1928/861 1925/865 1926/864
f 1913/847 485/840 1930/866
f 1920/854 1930/866 485/840
f 1929/867 1930/866 489/868
f 1927/862 489/868 1930/866
f 1922/860 52/695 1933/869
f 1819/715 1933/869 52/695
f 1932/870 1933/869 493/871
f 1931/872 493/871 1933/869
f 1936/873 1931/872 1816/712
f 461/716 1816/712 1931/872
f 491/874 1935/875 1934/876
f 1936/873 1934/876 1935/875
f 1940/877 1939/878 1935/875
f 493/871 1935/875 1939/878
f 64/879 1938/880 1937/881
f 1940/877 1937/881 1938/880
f 1925/865 488/858 1942/882
f 1932/870 1942/882 488/858
f 1941/883 1942/882 492/884
f 1939/878 492/884 1942/882
f 1934/876 53/711 1945/885
f 1831/732 1945/885 53/711
f 496/886 1944/887 1943/888
f 1945/885 1943/888 1944/887
f 1948/889 1943/888 1828/728
f 464/731 1828/728 1943/888
f 494/890 1947/891 1946/892
f 1948/889 1946/892 1947/891
f 1952/893 1951/894 1947/891
f 496/886 1947/891 1951/894
f 65/895 1950/896 1949/897
f 1952/893 1949/897 1950/896
f 1937/881 491/874 1954/898
f 1944/887 1954/898 491/874
f 495/899 1953/900 1951/894
f 1954/898 1951/894 1953/900
f 1957/901 1946/892 1843/748
f 54/727 1843/748 1946/892
f 1957/901 1955/902 1956/903
f 499/904 1956/903 1955/902
f 467/747 1840/744 1955/902
f 1960/905 1955/902 1840/744
f 497/906 1959/907 1958/908
f 1960/905 1958/908 1959/907
f 499/904 1959/907 1963/909
f 1964/910 1963/909 1959/907
f 66/911 1962/912 1961/913
f 1964/910 1961/913 1962/912
f 1966/914 1949/897 1956/903
f 494/890 1956/903 1949/897
f 498/915 1965/916 1963/909
f 1966/914 1963/909 1965/916
f 56/917 1856/768 1969/918
f 1970/919 1969/918 1856/768
f 1970/919 1967/920 1968/921
f 503/922 1968/921 1967/920
f 1967/920 470/767 1973/923
f 1853/761 1973/923 470/767
f 1972/924 1973/923 500/925
f 1971/926 500/925 1973/923
f 503/922 1972/924 1976/927
f 1977/928 1976/927 1972/924
f 1975/929 1977/928 68/930
f 1974/931 68/930 1977/928
f 502/932 1968/921 1979/933
f 1980/934 1979/933 1968/921
f 1980/934 1976/927 1978/935
f 501/936 1978/935 1976/927
f 1971/926 57/762 1983/937
f 1869/784 1983/937 57/762
f 1982/938 1983/937 506/939
f 1981/940 506/939 1983/937
f 1866/781 1986/941 474/783
f 1981/940 474/783 1986/941
f 1984/942 504/943 1986/941
f 1985/944 1986/941 504/943
f 1989/945 506/939 1990/946
f 1985/944 1990/946 506/939
f 1988/947 1990/946 69/948
f 1987/949 69/948 1990/946
f 1974/931 500/925 1992/950
f 1982/938 1992/950 500/925
f 1991/951 1992/950 505/952
f 1989/945 505/952 1992/950
f 1881/800 1995/953 58/780
f 1984/942 58/780 1995/953
f 1994/954 1995/953 509/955
f 1993/956 509/955 1995/953
f 1993/956 477/799 1998/957
f 1878/795 1998/957 477/799
f 1997/958 1998/957 507/959
f 1996/960 507/959 1998/957
f 2001/961 509/955 2002/962
f 1997/958 2002/962 509/955
f 2000/963 2002/962 70/964
f 1999/965 70/964 2002/962
f 1987/949 504/943 2004/966
f 1994/954 2004/966 504/943
f 2003/967 2004/966 508/968
f 2001/961 508/968 2004/966
f 1996/960 59/796 2007/969
f 1893/815 2007/969 59/796
f 2006/970 2007/969 512/971
f 2005/972 512/971 2007/969
f 2005/972 480/816 2010/973
f 1890/812 2010/973 480/816
f 2009/974 2010/973 510/975
f 2008/976 510/975 2010/973
f 2013/977 512/971 2014/978
f 2009/974 2014/978 512/971
f 2012/979 2014/978 71/980
f 2011/981 71/980 2014/978
f 1999/965 507/959 2016/982
f 2006/970 2016/982 507/959
f 2015/983 2016/982 511/984
f 2013/977 511/984 2016/982
f 2008/976 60/811 2019/985
f 1905/832 2019/985 60/811
f 2018/986 2019/985 515/987
f 2017/988 515/987 2019/985
f 2022/989 2017/988 1902/828
f 483/831 1902/828 2017/988
f 513/990 2021/991 2020/992
f 2022/989 2020/992 2021/991
f 2026/993 2025/994 2021/991
f 515/987 2021/991 2025/994
f 72/995 2024/996 2023/997
f 2026/993 2023/997 2024/996
f 2011/981 510/975 2028/998
f 2018/986 2028/998 510/975
f 2027/999 2028/998 514/1000
f 2025/994 514/1000 2028/998
f 2031/1001 2020/1002 1917/852
f 61/1003 1917/852 2020/1002
f 518/1004 2030/1005 2029/1006
f 2031/1001 2029/1006 2030/1005
f 2034/1007 2029/1006 1914/846
f 486/851 1914/846 2029/1006
f 516/1008 2033/1009 2032/1010
f 2034/1007 2032/1010 2033/1009
f 2038/1011 2037/1012 2033/1009
f 518/1004 2033/1009 2037/1012
f 73/1013 2036/1014 2035/1015
f 2038/1011 2035/1015 2036/1014
f 2040/1016 2023/1017 2030/1005
f 513/1018 2030/1005 2023/1017
f 517/1019 2039/1020 2037/1012
f 2040/1016 2037/1012 2039/1020
f 2032/1010 62/845 2043/1021
f 1929/867 2043/1021 62/845
f 2042/1022 2043/1021 521/1023
f 2041/1024 521/1023 2043/1021
f 2046/1025 2041/1024 1926/864
f 489/868 1926/864 2041/1024
f 519/1026 2045/1027 2044/1028
f 2046/1025 2044/1028 2045/1027
f 2050/1029 2049/1030 2045/1027
f 521/1023 2045/1027 2049/1030
f 74/1031 2048/1032 2047/1033
f 2050/1029 2047/1033 2048/1032
f 2052/1034 2035/1015 2042/1022
f 516/1008 2042/1022 2035/1015
f 2051/1035 2052/1034 520/1036
f 2049/1030 520/1036 2052/1034
f 2044/1028 63/863 2055/1037
f 1941/883 2055/1037 63/863
f 2054/1038 2055/1037 524/1039
f 2053/1040 524/1039 2055/1037
f 2058/1041 2053/1040 1938/880
f 492/884 1938/880 2053/1040
f 522/1042 2057/1043 2056/1044
f 2058/1041 2056/1044 2057/1043
f 2062/1045 2061/1046 2057/1043
f 524/1039 2057/1043 2061/1046
f 75/1047 2060/1048 2059/1049
f 2062/1045 2059/1049 2060/1048
f 2047/1033 519/1026 2064/1050
f 2054/1038 2064/1050 519/1026
f 2063/1051 2064/1050 523/1052
f 2061/1046 523/1052 2064/1050
f 2056/1044 64/879 2067/1053
f 1953/900 2067/1053 64/879
f 527/1054 2066/1055 2065/1056
f 2067/1053 2065/1056 2066/1055
f 2070/1057 2065/1056 1950/896
f 495/899 1950/896 2065/1056
f 525/1058 2069/1059 2068/1060
f 2070/1057 2068/1060 2069/1059
f 2073/1061 527/1054 2074/1062
f 2069/1059 2074/1062 527/1054
f 2071/1063 76/1064 2074/1062
f 2072/1065 2074/1062 76/1064
f 2059/1049 522/1042 2076/1066
f 2066/1055 2076/1066 522/1042
f 2075/1067 2076/1066 526/1068
f 2073/1061 526/1068 2076/1066
f 2079/1069 2068/1060 1965/916
f 65/895 1965/916 2068/1060
f 530/1070 2078/1071 2077/1072
f 2079/1069 2077/1072 2078/1071
f 1962/912 2082/1073 498/915
f 2077/1072 498/915 2082/1073
f 2080/1074 528/1075 2082/1073
f 2081/1076 2082/1073 528/1075
f 2081/1076 2086/1077 530/1070
f 2085/1078 530/1070 2086/1077
f 2083/1079 77/1080 2086/1077
f 2084/1081 2086/1077 77/1080
f 2078/1071 2088/1082 525/1058
f 2071/1063 525/1058 2088/1082
f 2085/1078 529/1083 2088/1082
f 2087/1084 2088/1082 529/1083
f 1978/935 2092/1085 67/1086
f 2091/1087 67/1086 2092/1085
f 2089/1088 534/1089 2092/1085
f 2090/1090 2092/1085 534/1089
f 1975/929 2095/1091 501/936
f 2089/1088 501/936 2095/1091
f 2093/1092 531/1093 2095/1091
f 2094/1094 2095/1091 531/1093
f 2094/1094 2099/1095 534/1089
f 2098/1096 534/1089 2099/1095
f 2096/1097 79/1098 2099/1095
f 2097/1099 2099/1095 79/1098
f 2090/1090 2102/1100 533/1101
f 2101/1102 533/1101 2102/1100
f 2098/1096 532/1103 2102/1100
f 2100/1104 2102/1100 532/1103
f 1991/951 2105/1105 68/930
f 2093/1092 68/930 2105/1105
f 2103/1106 537/1107 2105/1105
f 2104/1108 2105/1105 537/1107
f 2103/1106 505/952 2108/1109
f 1988/947 2108/1109 505/952
f 2107/1110 2108/1109 535/1111
f 2106/1112 535/1111 2108/1109
f 2107/1110 2112/1113 537/1107
f 2111/1114 537/1107 2112/1113
f 2110/1115 2112/1113 80/1116
f 2109/1117 80/1116 2112/1113
f 2104/1108 2114/1118 531/1093
f 2096/1097 531/1093 2114/1118
f 2111/1114 536/1119 2114/1118
f 2113/1120 2114/1118 536/1119
f 2106/1112 69/948 2117/1121
f 2003/967 2117/1121 69/948
f 2117/1121 2115/1122 2116/1123
f 540/1124 2116/1123 2115/1122
f 508/968 2000/963 2115/1122
f 2120/1125 2115/1122 2000/963
f 2120/1125 2118/1126 2119/1127
f 538/1128 2119/1127 2118/1126
f 540/1124 2119/1127 2123/1129
f 2124/1130 2123/1129 2119/1127
f 2124/1130 2121/1131 2122/1132
f 81/1133 2122/1132 2121/1131
f 535/1111 2116/1123 2109/1117
f 2126/1134 2109/1117 2116/1123
f 2126/1134 2123/1129 2125/1135
f 539/1136 2125/1135 2123/1129
f 70/964 2015/983 2118/1126
f 2129/1137 2118/1126 2015/983
f 2129/1137 2127/1138 2128/1139
f 543/1140 2128/1139 2127/1138
f 511/984 2012/979 2127/1138
f 2132/1141 2127/1138 2012/979
f 2132/1141 2130/1142 2131/1143
f 541/1144 2131/1143 2130/1142
f 543/1140 2131/1143 2135/1145
f 2136/1146 2135/1145 2131/1143
f 2136/1146 2133/1147 2134/1148
f 82/1149 2134/1148 2133/1147
f 538/1128 2128/1139 2121/1131
f 2138/1150 2121/1131 2128/1139
f 2138/1150 2135/1145 2137/1151
f 542/1152 2137/1151 2135/1145
f 2027/999 2141/1153 71/980
f 2130/1142 71/980 2141/1153
f 2141/1153 2139/1154 2140/1155
f 546/1156 2140/1155 2139/1154
f 2024/996 2144/1157 514/1000
f 2139/1154 514/1000 2144/1157
f 2142/1158 544/1159 2144/1157
f 2143/1160 2144/1157 544/1159
f 2143/1160 2148/1161 546/1156
f 2147/1162 546/1156 2148/1161
f 2145/1163 83/1164 2148/1161
f 2146/1165 2148/1161 83/1164
f 541/1144 2140/1155 2133/1147
f 2150/1166 2133/1147 2140/1155
f 2150/1166 2147/1162 2149/1167
f 545/1168 2149/1167 2147/1162
f 2039/1020 2153/1169 72/1170
f 2142/1171 72/1170 2153/1169
f 2151/1172 549/1173 2153/1169
f 2152/1174 2153/1169 549/1173
f 2036/1014 2156/1175 517/1019
f 2151/1172 517/1019 2156/1175
f 2154/1176 547/1177 2156/1175
f 2155/1178 2156/1175 547/1177
f 2155/1178 2160/1179 549/1173
f 2159/1180 549/1173 2160/1179
f 2157/1181 84/1182 2160/1179
f 2158/1183 2160/1179 84/1182
f 2152/1174 2162/1184 544/1185
f 2145/1186 544/1185 2162/1184
f 2159/1180 548/1187 2162/1184
f 2161/1188 2162/1184 548/1187
f 73/1013 2051/1035 2154/1176
f 2165/1189 2154/1176 2051/1035
f 2165/1189 2163/1190 2164/1191
f 552/1192 2164/1191 2163/1190
f 2048/1032 2168/1193 520/1036
f 2163/1190 520/1036 2168/1193
f 2166/1194 550/1195 2168/1193
f 2167/1196 2168/1193 550/1195
f 2167/1196 2172/1197 552/1192
f 2171/1198 552/1192 2172/1197
f 2169/1199 85/1200 2172/1197
f 2170/1201 2172/1197 85/1200
f 547/1177 2164/1191 2157/1181
f 2174/1202 2157/1181 2164/1191
f 2174/1202 2171/1198 2173/1203
f 551/1204 2173/1203 2171/1198
f 74/1031 2063/1051 2166/1194
f 2177/1205 2166/1194 2063/1051
f 2177/1205 2175/1206 2176/1207
f 555/1208 2176/1207 2175/1206
f 2060/1048 2180/1209 523/1052
f 2175/1206 523/1052 2180/1209
f 2178/1210 553/1211 2180/1209
f 2179/1212 2180/1209 553/1211
f 2179/1212 2184/1213 555/1208
f 2183/1214 555/1208 2184/1213
f 2181/1215 86/1216 2184/1213
f 2182/1217 2184/1213 86/1216
f 550/1195 2176/1207 2169/1199
f 2186/1218 2169/1199 2176/1207
f 2186/1218 2183/1214 2185/1219
f 554/1220 2185/1219 2183/1214
f 75/1047 2075/1067 2178/1210
f 2189/1221 2178/1210 2075/1067
f 2187/1222 558/1223 2189/1221
f 2188/1224 2189/1221 558/1223
f 2072/1065 2192/1225 526/1068
f 2187/1222 526/1068 2192/1225
f 2190/1226 556/1227 2192/1225
f 2191/1228 2192/1225 556/1227
f 2191/1228 2196/1229 558/1223
f 2195/1230 558/1223 2196/1229
f 2193/1231 87/1232 2196/1229
f 2194/1233 2196/1229 87/1232
f 553/1211 2188/1224 2181/1215
f 2198/1234 2181/1215 2188/1224
f 2195/1230 557/1235 2198/1234
f 2197/1236 2198/1234 557/1235
f 2087/1084 2201/1237 76/1064
f 2190/1226 76/1064 2201/1237
f 2199/1238 561/1239 2201/1237
f 2200/1240 2201/1237 561/1239
f 2084/1081 2204/1241 529/1083
f 2199/1238 529/1083 2204/1241
f 2202/1242 559/1243 2204/1241
f 2203/1244 2204/1241 559/1243
f 2203/1244 2208/1245 561/1239
f 2207/1246 561/1239 2208/1245
f 2205/1247 88/1248 2208/1245
f 2206/1249 2208/1245 88/1248
f 2200/1240 2210/1250 556/1227
f 2193/1231 556/1227 2210/1250
f 2207/1246 560/1251 2210/1250
f 2209/1252 2210/1250 560/1251
f 2100/1104 2214/1253 78/1254
f 2213/1255 78/1254 2214/1253
f 2211/1256 565/1257 2214/1253
f 2212/1258 2214/1253 565/1257
f 2097/1099 2217/1259 532/1103
f 2211/1256 532/1103 2217/1259
f 2215/1260 562/1261 2217/1259
f 2216/1262 2217/1259 562/1261
f 2216/1262 2221/1263 565/1257
f 2220/1264 565/1257 2221/1263
f 2218/1265 90/1266 2221/1263
f 2219/1267 2221/1263 90/1266
f 2212/1258 2224/1268 564/1269
f 2223/1270 564/1269 2224/1268
f 2220/1264 563/1271 2224/1268
f 2222/1272 2224/1268 563/1271
f 2113/1120 2227/1273 79/1098
f 2215/1260 79/1098 2227/1273
f 2225/1274 568/1275 2227/1273
f 2226/1276 2227/1273 568/1275
f 2110/1115 2230/1277 536/1119
f 2225/1274 536/1119 2230/1277
f 2228/1278 566/1279 2230/1277
f 2229/1280 2230/1277 566/1279
f 2229/1280 2234/1281 568/1275
f 2233/1282 568/1275 2234/1281
f 2231/1283 91/1284 2234/1281
f 2232/1285 2234/1281 91/1284
f 2226/1276 2236/1286 562/1261
f 2218/1265 562/1261 2236/1286
f 2233/1282 567/1287 2236/1286
f 2235/1288 2236/1286 567/1287
f 80/1116 2125/1135 2228/1278
f 2239/1289 2228/1278 2125/1135
f 2239/1289 2237/1290 2238/1291
f 571/1292 2238/1291 2237/1290
f 539/1136 2122/1132 2237/1290
f 2242/1293 2237/1290 2122/1132
f 2242/1293 2240/1294 2241/1295
f 569/1296 2241/1295 2240/1294
f 571/1292 2241/1295 2245/1297
f 2246/1298 2245/1297 2241/1295
f 2246/1298 2243/1299 2244/1300
f 92/1301 2244/1300 2243/1299
f 566/1279 2238/1291 2231/1283
f 2248/1302 2231/1283 2238/1291
f 2248/1302 2245/1297 2247/1303
f 570/1304 2247/1303 2245/1297
f 81/1133 2137/1151 2240/1294
f 2251/1305 2240/1294 2137/1151
f 2251/1305 2249/1306 2250/1307
f 574/1308 2250/1307 2249/1306
f 542/1152 2134/1148 2249/1306
f 2254/1309 2249/1306 2134/1148
f 2252/1310 572/1311 2254/1309
f 2253/1312 2254/1309 572/1311
f 2253/1312 2258/1313 574/1308
f 2257/1314 574/1308 2258/1313
f 2255/1315 93/1316 2258/1313
f 2256/1317 2258/1313 93/1316
f 569/1296 2250/1307 2243/1299
f 2260/1318 2243/1299 2250/1307
f 2257/1314 573/1319 2260/1318
f 2259/1320 2260/1318 573/1319
f 2149/1167 2263/1321 82/1149
f 2252/1310 82/1149 2263/1321
f 2261/1322 577/1323 2263/1321
f 2262/1324 2263/1321 577/1323
f 2146/1165 2266/1325 545/1168
f 2261/1322 545/1168 2266/1325
f 2264/1326 575/1327 2266/1325
f 2265/1328 2266/1325 575/1327
f 2265/1328 2270/1329 577/1323
f 2269/1330 577/1323 2270/1329
f 2267/1331 94/1332 2270/1329
f 2268/1333 2270/1329 94/1332
f 2262/1324 2272/1334 572/1311
f 2255/1315 572/1311 2272/1334
f 2269/1330 576/1335 2272/1334
f 2271/1336 2272/1334 576/1335
f 2161/1188 2275/1337 83/1338
f 2264/1339 83/1338 2275/1337
f 2273/1340 580/1341 2275/1337
f 2274/1342 2275/1337 580/1341
f 2158/1183 2278/1343 548/1187
f 2273/1340 548/1187 2278/1343
f 2276/1344 578/1345 2278/1343
f 2277/1346 2278/1343 578/1345
f 2277/1346 2282/1347 580/1341
f 2281/1348 580/1341 2282/1347
f 2279/1349 95/1350 2282/1347
f 2280/1351 2282/1347 95/1350
f 2274/1342 2284/1352 575/1353
f 2267/1354 575/1353 2284/1352
f 2284/1352 2281/1348 2283/1355
f 579/1356 2283/1355 2281/1348
f 84/1182 2173/1203 2276/1344
f 2287/1357 2276/1344 2173/1203
f 2287/1357 2285/1358 2286/1359
f 583/1360 2286/1359 2285/1358
f 2170/1201 2290/1361 551/1204
f 2285/1358 551/1204 2290/1361
f 2288/1362 581/1363 2290/1361
f 2289/1364 2290/1361 581/1363
f 2289/1364 2294/1365 583/1360
f 2293/1366 583/1360 2294/1365
f 2291/1367 96/1368 2294/1365
f 2292/1369 2294/1365 96/1368
f 578/1345 2286/1359 2279/1349
f 2296/1370 2279/1349 2286/1359
f 2296/1370 2293/1366 2295/1371
f 582/1372 2295/1371 2293/1366
f 85/1200 2185/1219 2288/1362
f 2299/1373 2288/1362 2185/1219
f 2299/1373 2297/1374 2298/1375
f 586/1376 2298/1375 2297/1374
f 2182/1217 2302/1377 554/1220
f 2297/1374 554/1220 2302/1377
f 2300/1378 584/1379 2302/1377
f 2301/1380 2302/1377 584/1379
f 2301/1380 2306/1381 586/1376
f 2305/1382 586/1376 2306/1381
f 2303/1383 97/1384 2306/1381
f 2304/1385 2306/1381 97/1384
f 581/1363 2298/1375 2291/1367
f 2308/1386 2291/1367 2298/1375
f 2308/1386 2305/1382 2307/1387
f 585/1388 2307/1387 2305/1382
f 86/1216 2197/1236 2300/1378
f 2311/1389 2300/1378 2197/1236
f 2309/1390 589/1391 2311/1389
f 2310/1392 2311/1389 589/1391
f 2194/1233 2314/1393 557/1235
f 2309/1390 557/1235 2314/1393
f 2312/1394 587/1395 2314/1393
f 2313/1396 2314/1393 587/1395
f 2313/1396 2318/1397 589/1391
f 2317/1398 589/1391 2318/1397
f 2315/1399 98/1400 2318/1397
f 2316/1401 2318/1397 98/1400
f 584/1379 2310/1392 2303/1383
f 2320/1402 2303/1383 2310/1392
f 2320/1402 2317/1398 2319/1403
f 588/1404 2319/1403 2317/1398
f 2209/1252 2323/1405 87/1232
f 2312/1394 87/1232 2323/1405
f 2321/1406 592/1407 2323/1405
f 2322/1408 2323/1405 592/1407
f 2206/1249 2326/1409 560/1251
f 2321/1406 560/1251 2326/1409
f 2324/1410 590/1411 2326/1409
f 2325/1412 2326/1409 590/1411
f 2325/1412 2330/1413 592/1407
f 2329/1414 592/1407 2330/1413
f 2327/1415 99/1416 2330/1413
f 2328/1417 2330/1413 99/1416
f 2322/1408 2332/1418 587/1395
f 2315/1399 587/1395 2332/1418
f 2332/1418 2329/1414 2331/1419
f 591/1420 2331/1419 2329/1414
f 2222/1272 2336/1421 89/1422
f 2335/1423 89/1422 2336/1421
f 2336/1421 2333/1424 2334/1425
f 596/1426 2334/1425 2333/1424
f 2219/1267 2339/1427 563/1271
f 2333/1424 563/1271 2339/1427
f 2339/1427 2337/1428 2338/1429
f 593/1430 2338/1429 2337/1428
f 596/1426 2338/1429 2342/1431
f 2343/1432 2342/1431 2338/1429
f 2343/1432 2340/1433 2341/1434
f 101/1435 2341/1434 2340/1433
f 595/1436 2334/1425 2345/1437
f 2346/1438 2345/1437 2334/1425
f 2346/1438 2342/1431 2344/1439
f 594/1440 2344/1439 2342/1431
f 2235/1288 2349/1441 90/1266
f 2337/1428 90/1266 2349/1441
f 2349/1441 2347/1442 2348/1443
f 599/1444 2348/1443 2347/1442
f 2232/1285 2352/1445 567/1287
f 2347/1442 567/1287 2352/1445
f 2352/1445 2350/1446 2351/1447
f 597/1448 2351/1447 2350/1446
f 599/1444 2351/1447 2355/1449
f 2356/1450 2355/1449 2351/1447
f 2356/1450 2353/1451 2354/1452
f 102/1453 2354/1452 2353/1451
f 593/1430 2348/1443 2340/1433
f 2358/1454 2340/1433 2348/1443
f 2358/1454 2355/1449 2357/1455
f 598/1456 2357/1455 2355/1449
f 91/1284 2247/1303 2350/1446
f 2361/1457 2350/1446 2247/1303
f 2361/1457 2359/1458 2360/1459
f 602/1460 2360/1459 2359/1458
f 570/1304 2244/1300 2359/1458
f 2364/1461 2359/1458 2244/1300
f 2364/1461 2362/1462 2363/1463
f 600/1464 2363/1463 2362/1462
f 602/1460 2363/1463 2367/1465
f 2368/1466 2367/1465 2363/1463
f 2368/1466 2365/1467 2366/1468
f 103/1469 2366/1468 2365/1467
f 597/1448 2360/1459 2353/1451
f 2370/1470 2353/1451 2360/1459
f 2370/1470 2367/1465 2369/1471
f 601/1472 2369/1471 2367/1465
f 2259/1320 2373/1473 92/1301
f 2362/1462 92/1301 2373/1473
f 2373/1473 2371/1474 2372/1475
f 605/1476 2372/1475 2371/1474
f 2256/1317 2376/1477 573/1319
f 2371/1474 573/1319 2376/1477
f 2376/1477 2374/1478 2375/1479
f 603/1480 2375/1479 2374/1478
f 605/1476 2375/1479 2379/1481
f 2380/1482 2379/1481 2375/1479
f 2380/1482 2377/1483 2378/1484
f 104/1485 2378/1484 2377/1483
f 600/1464 2372/1475 2365/1467
f 2382/1486 2365/1467 2372/1475
f 2382/1486 2379/1481 2381/1487
f 604/1488 2381/1487 2379/1481
f 2271/1336 2385/1489 93/1316
f 2374/1478 93/1316 2385/1489
f 2385/1489 2383/1490 2384/1491
f 608/1492 2384/1491 2383/1490
f 2268/1333 2388/1493 576/1335
f 2383/1490 576/1335 2388/1493
f 2388/1493 2386/1494 2387/1495
f 606/1496 2387/1495 2386/1494
f 608/1492 2387/1495 2391/1497
f 2392/1498 2391/1497 2387/1495
f 2392/1498 2389/1499 2390/1500
f 105/1501 2390/1500 2389/1499
f 603/1480 2384/1491 2377/1483
f 2394/1502 2377/1483 2384/1491
f 2394/1502 2391/1497 2393/1503
f 607/1504 2393/1503 2391/1497
f 94/1505 2283/1355 2386/1506
f 2397/1507 2386/1506 2283/1355
f 2397/1507 2395/1508 2396/1509
f 611/1510 2396/1509 2395/1508
f 2280/1351 2400/1511 579/1356
f 2395/1508 579/1356 2400/1511
f 2400/1511 2398/1512 2399/1513
f 609/1514 2399/1513 2398/1512
f 611/1510 2399/1513 2403/1515
f 2404/1516 2403/1515 2399/1513
f 2404/1516 2401/1517 2402/1518
f 106/1519 2402/1518 2401/1517
f 606/1520 2396/1509 2389/1521
f 2406/1522 2389/1521 2396/1509
f 2406/1522 2403/1515 2405/1523
f 610/1524 2405/1523 2403/1515
f 95/1350 2295/1371 2398/1512
f 2409/1525 2398/1512 2295/1371
f 2409/1525 2407/1526 2408/1527
f 614/1528 2408/1527 2407/1526
f 2292/1369 2412/1529 582/1372
f 2407/1526 582/1372 2412/1529
f 2412/1529 2410/1530 2411/1531
f 612/1532 2411/1531 2410/1530
f 614/1528 2411/1531 2415/1533
f 2416/1534 2415/1533 2411/1531
f 2416/1534 2413/1535 2414/1536
f 107/1537 2414/1536 2413/1535
f 609/1514 2408/1527 2401/1517
f 2418/1538 2401/1517 2408/1527
f 2418/1538 2415/1533 2417/1539
f 613/1540 2417/1539 2415/1533
f 96/1368 2307/1387 2410/1530
f 2421/1541 2410/1530 2307/1387
f 2421/1541 2419/1542 2420/1543
f 617/1544 2420/1543 2419/1542
f 2304/1385 2424/1545 585/1388
f 2419/1542 585/1388 2424/1545
f 2424/1545 2422/1546 2423/1547
f 615/1548 2423/1547 2422/1546
f 617/1544 2423/1547 2427/1549
f 2428/1550 2427/1549 2423/1547
f 2428/1550 2425/1551 2426/1552
f 108/1553 2426/1552 2425/1551
f 612/1532 2420/1543 2413/1535
f 2430/1554 2413/1535 2420/1543
f 2430/1554 2427/1549 2429/1555
f 616/1556 2429/1555 2427/1549
f 97/1384 2319/1403 2422/1546
f 2433/1557 2422/1546 2319/1403
f 2433/1557 2431/1558 2432/1559
f 620/1560 2432/1559 2431/1558
f 2316/1401 2436/1561 588/1404
f 2431/1558 588/1404 2436/1561
f 2436/1561 2434/1562 2435/1563
f 618/1564 2435/1563 2434/1562
f 620/1560 2435/1563 2439/1565
f 2440/1566 2439/1565 2435/1563
f 2440/1566 2437/1567 2438/1568
f 109/1569 2438/1568 2437/1567
f 615/1548 2432/1559 2425/1551
f 2442/1570 2425/1551 2432/1559
f 2442/1570 2439/1565 2441/1571
f 619/1572 2441/1571 2439/1565
f 98/1400 2331/1419 2434/1562
f 2445/1573 2434/1562 2331/1419
f 2445/1573 2443/1574 2444/1575
f 623/1576 2444/1575 2443/1574
f 2328/1417 2448/1577 591/1420
f 2443/1574 591/1420 2448/1577
f 2448/1577 2446/1578 2447/1579
f 621/1580 2447/1579 2446/1578
f 623/1576 2447/1579 2451/1581
f 2452/1582 2451/1581 2447/1579
f 2452/1582 2449/1583 2450/1584
f 110/1585 2450/1584 2449/1583
f 618/1564 2444/1575 2437/1567
f 2454/1586 2437/1567 2444/1575
f 2454/1586 2451/1581 2453/1587
f 622/1588 2453/1587 2451/1581
f 100/1589 2344/1439 2457/1590
f 2458/1591 2457/1590 2344/1439
f 2458/1591 2455/1592 2456/1593
f 627/1594 2456/1593 2455/1592
f 594/1440 2341/1434 2455/1592
f 2461/1595 2455/1592 2341/1434
f 2461/1595 2459/1596 2460/1597
f 624/1598 2460/1597 2459/1596
f 627/1594 2460/1597 2464/1599
f 2465/1600 2464/1599 2460/1597
f 2465/1600 2462/1601 2463/1602
f 112/1603 2463/1602 2462/1601
f 626/1604 2456/1593 2467/1605
f 2468/1606 2467/1605 2456/1593
f 2468/1606 2464/1599 2466/1607
f 625/1608 2466/1607 2464/1599
f 101/1435 2357/1455 2459/1596
f 2471/1609 2459/1596 2357/1455
f 2471/1609 2469/1610 2470/1611
f 630/1612 2470/1611 2469/1610
f 598/1456 2354/1452 2469/1610
f 2474/1613 2469/1610 2354/1452
f 2474/1613 2472/1614 2473/1615
f 628/1616 2473/1615 2472/1614
f 630/1612 2473/1615 2477/1617
f 2478/1618 2477/1617 2473/1615
f 2478/1618 2475/1619 2476/1620
f 113/1621 2476/1620 2475/1619
f 624/1598 2470/1611 2462/1601
f 2480/1622 2462/1601 2470/1611
f 2480/1622 2477/1617 2479/1623
f 629/1624 2479/1623 2477/1617
f 102/1453 2369/1471 2472/1614
f 2483/1625 2472/1614 2369/1471
f 2483/1625 2481/1626 2482/1627
f 633/1628 2482/1627 2481/1626
f 601/1472 2366/1468 2481/1626
f 2486/1629 2481/1626 2366/1468
f 2486/1629 2484/1630 2485/1631
f 631/1632 2485/1631 2484/1630
f 633/1628 2485/1631 2489/1633
f 2490/1634 2489/1633 2485/1631
f 2490/1634 2487/1635 2488/1636
f 114/1637 2488/1636 2487/1635
f 628/1616 2482/1627 2475/1619
f 2492/1638 2475/1619 2482/1627
f 2492/1638 2489/1633 2491/1639
f 632/1640 2491/1639 2489/1633
f 103/1469 2381/1487 2484/1630
f 2495/1641 2484/1630 2381/1487
f 2495/1641 2493/1642 2494/1643
f 636/1644 2494/1643 2493/1642
f 604/1488 2378/1484 2493/1642
f 2498/1645 2493/1642 2378/1484
f 2498/1645 2496/1646 2497/1647
f 634/1648 2497/1647 2496/1646
f 636/1644 2497/1647 2501/1649
f 2502/1650 2501/1649 2497/1647
f 2502/1650 2499/1651 2500/1652
f 115/1653 2500/1652 2499/1651
f 631/1632 2494/1643 2487/1635
f 2504/1654 2487/1635 2494/1643
f 2504/1654 2501/1649 2503/1655
f 635/1656 2503/1655 2501/1649
f 104/1485 2393/1503 2496/1646
f 2507/1657 2496/1646 2393/1503
f 2507/1657 2505/1658 2506/1659
f 639/1660 2506/1659 2505/1658
f 607/1504 2390/1500 2505/1658
f 2510/1661 2505/1658 2390/1500
f 2510/1661 2508/1662 2509/1663
f 637/1664 2509/1663 2508/1662
f 639/1660 2509/1663 2513/1665
f 2514/1666 2513/1665 2509/1663
f 2514/1666 2511/1667 2512/1668
f 116/1669 2512/1668 2511/1667
f 634/1648 2506/1659 2499/1651
f 2516/1670 2499/1651 2506/1659
f 2516/1670 2513/1665 2515/1671
f 638/1672 2515/1671 2513/1665
f 105/1673 2405/1523 2508/1674
f 2519/1675 2508/1674 2405/1523
f 2519/1675 2517/1676 2518/1677
f 642/1678 2518/1677 2517/1676
f 610/1524 2402/1518 2517/1676
f 2522/1679 2517/1676 2402/1518
f 2522/1679 2520/1680 2521/1681
f 640/1682 2521/1681 2520/1680
f 642/1678 2521/1681 2525/1683
f 2526/1684 2525/1683 2521/1681
f 2526/1684 2523/1685 2524/1686
f 117/1687 2524/1686 2523/1685
f 637/1688 2518/1677 2511/1689
f 2528/1690 2511/1689 2518/1677
f 2528/1690 2525/1683 2527/1691
f 641/1692 2527/1691 2525/1683
f 106/1519 2417/1539 2520/1680
f 2531/1693 2520/1680 2417/1539
f 2531/1693 2529/1694 2530/1695
f 645/1696 2530/1695 2529/1694
f 613/1540 2414/1536 2529/1694
f 2534/1697 2529/1694 2414/1536
f 2534/1697 2532/1698 2533/1699
f 643/1700 2533/1699 2532/1698
f 645/1696 2533/1699 2537/1701
f 2538/1702 2537/1701 2533/1699
f 2538/1702 2535/1703 2536/1704
f 118/1705 2536/1704 2535/1703
f 640/1682 2530/1695 2523/1685
f 2540/1706 2523/1685 2530/1695
f 2540/1706 2537/1701 2539/1707
f 644/1708 2539/1707 2537/1701
f 107/1537 2429/1555 2532/1698
f 2543/1709 2532/1698 2429/1555
f 2543/1709 2541/1710 2542/1711
f 648/1712 2542/1711 2541/1710
f 616/1556 2426/1552 2541/1710
f 2546/1713 2541/1710 2426/1552
f 2546/1713 2544/1714 2545/1715
f 646/1716 2545/1715 2544/1714
f 648/1712 2545/1715 2549/1717
f 2550/1718 2549/1717 2545/1715
f 2550/1718 2547/1719 2548/1720
f 119/1721 2548/1720 2547/1719
f 643/1700 2542/1711 2535/1703
f 2552/1722 2535/1703 2542/1711
f 2552/1722 2549/1717 2551/1723
f 647/1724 2551/1723 2549/1717
f 108/1553 2441/1571 2544/1714
f 2555/1725 2544/1714 2441/1571
f 2555/1725 2553/1726 2554/1727
f 651/1728 2554/1727 2553/1726
f 619/1572 2438/1568 2553/1726
f 2558/1729 2553/1726 2438/1568
f 2558/1729 2556/1730 2557/1731
f 649/1732 2557/1731 2556/1730
f 651/1728 2557/1731 2561/1733
f 2562/1734 2561/1733 2557/1731
f 2562/1734 2559/1735 2560/1736
f 120/1737 2560/1736 2559/1735
f 646/1716 2554/1727 2547/1719
f 2564/1738 2547/1719 2554/1727
f 2564/1738 2561/1733 2563/1739
f 650/1740 2563/1739 2561/1733
f 109/1569 2453/1587 2556/1730
f 2567/1741 2556/1730 2453/1587
f 2567/1741 2565/1742 2566/1743
f 654/1744 2566/1743 2565/1742
f 622/1588 2450/1584 2565/1742
f 2570/1745 2565/1742 2450/1584
f 2570/1745 2568/1746 2569/1747
f 652/1748 2569/1747 2568/1746
f 654/1744 2569/1747 2573/1749
f 2574/1750 2573/1749 2569/1747
f 2574/1750 2571/1751 2572/1752
f 121/1753 2572/1752 2571/1751
f 649/1732 2566/1743 2559/1735
f 2576/1754 2559/1735 2566/1743
f 2576/1754 2573/1749 2575/1755
f 653/1756 2575/1755 2573/1749
f 2466/1607 2580/1757 111/1758
f 2579/1759 111/1758 2580/1757
f 2577/1760 658/1761 2580/1757
f 2578/1762 2580/1757 658/1761
f 2463/1602 2583/1763 625/1608
f 2577/1760 625/1608 2583/1763
f 2581/1764 655/1765 2583/1763
f 2582/1766 2583/1763 655/1765
f 2582/1766 2587/1767 658/1761
f 2586/1768 658/1761 2587/1767
f 2584/1769 123/1770 2587/1767
f 2585/1771 2587/1767 123/1770
f 2578/1762 2590/1772 657/1773
f 2589/1774 657/1773 2590/1772
f 2586/1768 656/1775 2590/1772
f 2588/1776 2590/1772 656/1775
f 112/1603 2479/1623 2581/1764
f 2593/1777 2581/1764 2479/1623
f 2591/1778 661/1779 2593/1777
f 2592/1780 2593/1777 661/1779
f 2476/1620 2596/1781 629/1624
f 2591/1778 629/1624 2596/1781
f 2594/1782 659/1783 2596/1781
f 2595/1784 2596/1781 659/1783
f 2595/1784 2600/1785 661/1779
f 2599/1786 661/1779 2600/1785
f 2597/1787 124/1788 2600/1785
f 2598/1789 2600/1785 124/1788
f 2592/1780 2602/1790 655/1765
f 2584/1769 655/1765 2602/1790
f 2599/1786 660/1791 2602/1790
f 2601/1792 2602/1790 660/1791
f 113/1621 2491/1639 2594/1782
f 2605/1793 2594/1782 2491/1639
f 2603/1794 664/1795 2605/1793
f 2604/1796 2605/1793 664/1795
f 2488/1636 2608/1797 632/1640
f 2603/1794 632/1640 2608/1797
f 2606/1798 662/1799 2608/1797
f 2607/1800 2608/1797 662/1799
f 2607/1800 2612/1801 664/1795
f 2611/1802 664/1795 2612/1801
f 2609/1803 125/1804 2612/1801
f 2610/1805 2612/1801 125/1804
f 2604/1796 2614/1806 659/1783
f 2597/1787 659/1783 2614/1806
f 2611/1802 663/1807 2614/1806
f 2613/1808 2614/1806 663/1807
f 114/1637 2503/1655 2606/1798
f 2617/1809 2606/1798 2503/1655
f 2617/1809 2615/1810 2616/1811
f 667/1812 2616/1811 2615/1810
f 2500/1652 2620/1813 635/1656
f 2615/1810 635/1656 2620/1813
f 2618/1814 665/1815 2620/1813
f 2619/1816 2620/1813 665/1815
f 2619/1816 2624/1817 667/1812
f 2623/1818 667/1812 2624/1817
f 2621/1819 126/1820 2624/1817
f 2622/1821 2624/1817 126/1820
f 662/1799 2616/1811 2609/1803
f 2626/1822 2609/1803 2616/1811
f 2623/1818 666/1823 2626/1822
f 2625/1824 2626/1822 666/1823
f 115/1653 2515/1671 2618/1814
f 2629/1825 2618/1814 2515/1671
f 2629/1825 2627/1826 2628/1827
f 670/1828 2628/1827 2627/1826
f 2512/1668 2632/1829 638/1672
f 2627/1826 638/1672 2632/1829
f 2630/1830 668/1831 2632/1829
f 2631/1832 2632/1829 668/1831
f 2631/1832 2636/1833 670/1828
f 2635/1834 670/1828 2636/1833
f 2633/1835 127/1836 2636/1833
f 2634/1837 2636/1833 127/1836
f 665/1815 2628/1827 2621/1819
f 2638/1838 2621/1819 2628/1827
f 2638/1838 2635/1834 2637/1839
f 669/1840 2637/1839 2635/1834
f 116/1841 2527/1691 2630/1842
f 2641/1843 2630/1842 2527/1691
f 2641/1843 2639/1844 2640/1845
f 673/1846 2640/1845 2639/1844
f 2524/1686 2644/1847 641/1692
f 2639/1844 641/1692 2644/1847
f 2642/1848 671/1849 2644/1847
f 2643/1850 2644/1847 671/1849
f 2643/1850 2648/1851 673/1846
f 2647/1852 673/1846 2648/1851
f 2645/1853 128/1854 2648/1851
f 2646/1855 2648/1851 128/1854
f 668/1856 2640/1845 2633/1857
f 2650/1858 2633/1857 2640/1845
f 2650/1858 2647/1852 2649/1859
f 672/1860 2649/1859 2647/1852
f 117/1687 2539/1707 2642/1848
f 2653/1861 2642/1848 2539/1707
f 2653/1861 2651/1862 2652/1863
f 676/1864 2652/1863 2651/1862
f 2536/1704 2656/1865 644/1708
f 2651/1862 644/1708 2656/1865
f 2654/1866 674/1867 2656/1865
f 2655/1868 2656/1865 674/1867
f 2655/1868 2660/1869 676/1864
f 2659/1870 676/1864 2660/1869
f 2657/1871 129/1872 2660/1869
f 2658/1873 2660/1869 129/1872
f 671/1849 2652/1863 2645/1853
f 2662/1874 2645/1853 2652/1863
f 2662/1874 2659/1870 2661/1875
f 675/1876 2661/1875 2659/1870
f 118/1705 2551/1723 2654/1866
f 2665/1877 2654/1866 2551/1723
f 2665/1877 2663/1878 2664/1879
f 679/1880 2664/1879 2663/1878
f 2548/1720 2668/1881 647/1724
f 2663/1878 647/1724 2668/1881
f 2666/1882 677/1883 2668/1881
f 2667/1884 2668/1881 677/1883
f 2667/1884 2672/1885 679/1880
f 2671/1886 679/1880 2672/1885
f 2669/1887 130/1888 2672/1885
f 2670/1889 2672/1885 130/1888
f 674/1867 2664/1879 2657/1871
f 2674/1890 2657/1871 2664/1879
f 2674/1890 2671/1886 2673/1891
f 678/1892 2673/1891 2671/1886
f 119/1721 2563/1739 2666/1882
f 2677/1893 2666/1882 2563/1739
f 2677/1893 2675/1894 2676/1895
f 682/1896 2676/1895 2675/1894
f 2560/1736 2680/1897 650/1740
f 2675/1894 650/1740 2680/1897
f 2678/1898 680/1899 2680/1897
f 2679/1900 2680/1897 680/1899
f 2679/1900 2684/1901 682/1896
f 2683/1902 682/1896 2684/1901
f 2681/1903 131/1904 2684/1901
f 2682/1905 2684/1901 131/1904
f 677/1883 2676/1895 2669/1887
f 2686/1906 2669/1887 2676/1895
f 2686/1906 2683/1902 2685/1907
f 681/1908 2685/1907 2683/1902
f 120/1737 2575/1755 2678/1898
f 2689/1909 2678/1898 2575/1755
f 2689/1909 2687/1910 2688/1911
f 685/1912 2688/1911 2687/1910
f 2572/1752 2692/1913 653/1756
f 2687/1910 653/1756 2692/1913
f 2690/1914 683/1915 2692/1913
f 2691/1916 2692/1913 683/1915
f 2691/1916 2696/1917 685/1912
f 2695/1918 685/1912 2696/1917
f 2693/1919 132/1920 2696/1917
f 2694/1921 2696/1917 132/1920
f 680/1899 2688/1911 2681/1903
f 2698/1922 2681/1903 2688/1911
f 2698/1922 2695/1918 2697/1923
f 684/1924 2697/1923 2695/1918
f 2588/1776 2702/1925 122/1926
f 2701/1927 122/1926 2702/1925
f 2699/1928 688/1929 2702/1925
f 2700/1930 2702/1925 688/1929
f 2585/1771 2705/1931 656/1775
f 2699/1928 656/1775 2705/1931
f 2703/1932 686/1933 2705/1931
f 2704/1934 2705/1931 686/1933
f 688/1929 2704/1934 2707/1935
f 2708/1936 2707/1935 2704/1934
f 2708/1936 2706/1937 1342/9
f 2/26 1342/9 2706/1937
f 687/1938 2700/1930 2709/1939
f 2710/1940 2709/1939 2700/1930
f 2710/1940 2707/1935 1337/3
f 335/10 1337/3 2707/1935
f 2601/1792 2713/1941 123/1770
f 2703/1932 123/1770 2713/1941
f 2711/1942 690/1943 2713/1941
f 2712/1944 2713/1941 690/1943
f 2598/1789 2716/1945 660/1791
f 2711/1942 660/1791 2716/1945
f 2714/1946 689/1947 2716/1945
f 2715/1948 2716/1945 689/1947
f 2715/1948 2719/1949 690/1943
f 2718/1950 690/1943 2719/1949
f 2719/1949 2717/1951 1357/31
f 3/46 1357/31 2717/1951
f 2712/1944 2720/1952 686/1933
f 2706/1937 686/1933 2720/1952
f 2720/1952 2718/1950 1353/25
f 340/32 1353/25 2718/1950
f 2613/1808 2723/1953 124/1788
f 2714/1946 124/1788 2723/1953
f 2721/1954 692/1955 2723/1953
f 2722/1956 2723/1953 692/1955
f 2610/1805 2726/1957 663/1807
f 2721/1954 663/1807 2726/1957
f 2724/1958 691/1959 2726/1957
f 2725/1960 2726/1957 691/1959
f 2725/1960 2729/1961 692/1955
f 2728/1962 692/1955 2729/1961
f 2729/1961 2727/1963 1371/51
f 4/66 1371/51 2727/1963
f 2722/1956 2730/1964 689/1947
f 2717/1951 689/1947 2730/1964
f 2730/1964 2728/1962 1367/45
f 344/52 1367/45 2728/1962
f 2625/1824 2733/1965 125/1804
f 2724/1958 125/1804 2733/1965
f 2731/1966 694/1967 2733/1965
f 2732/1968 2733/1965 694/1967
f 2622/1821 2736/1969 666/1823
f 2731/1966 666/1823 2736/1969
f 2734/1970 693/1971 2736/1969
f 2735/1972 2736/1969 693/1971
f 2735/1972 2739/1973 694/1967
f 2738/1974 694/1967 2739/1973
f 2737/1975 5/84 2739/1973
f 1385/72 2739/1973 5/84
f 2732/1968 2740/1976 691/1959
f 2727/1963 691/1959 2740/1976
f 2738/1974 348/70 2740/1976
f 1381/65 2740/1976 348/70
f 126/1820 2637/1839 2734/1970
f 2743/1977 2734/1970 2637/1839
f 2743/1977 2741/1978 2742/1979
f 696/1980 2742/1979 2741/1978
f 2634/1837 2746/1981 669/1840
f 2741/1978 669/1840 2746/1981
f 2744/1982 695/1983 2746/1981
f 2745/1984 2746/1981 695/1983
f 2745/1984 2749/1985 696/1980
f 2748/1986 696/1980 2749/1985
f 2747/1987 6/1988 2749/1985
f 1399/92 2749/1985 6/1988
f 2742/1979 2750/1989 693/1971
f 2737/1975 693/1971 2750/1989
f 2748/1986 352/90 2750/1989
f 1395/86 2750/1989 352/90
f 127/1990 2649/1859 2744/1991
f 2753/1992 2744/1991 2649/1859
f 2753/1992 2751/1993 2752/1994
f 698/1995 2752/1994 2751/1993
f 2646/1855 2756/1996 672/1860
f 2751/1993 672/1860 2756/1996
f 2754/1997 697/1998 2756/1996
f 2755/1999 2756/1996 697/1998
f 2755/1999 2759/2000 698/1995
f 2758/2001 698/1995 2759/2000
f 2757/2002 7/127 2759/2000
f 1413/112 2759/2000 7/127
f 695/2003 2752/1994 2747/2004
f 2760/2005 2747/2004 2752/1994
f 2760/2005 2758/2001 1409/107
f 356/113 1409/107 2758/2001
f 128/1854 2661/1875 2754/1997
f 2763/2006 2754/1997 2661/1875
f 2763/2006 2761/2007 2762/2008
f 700/2009 2762/2008 2761/2007
f 2658/1873 2766/2010 675/1876
f 2761/2007 675/1876 2766/2010
f 2764/2011 699/2012 2766/2010
f 2765/2013 2766/2010 699/2012
f 2765/2013 2769/2014 700/2009
f 2768/2015 700/2009 2769/2014
f 2767/2016 8/147 2769/2014
f 1427/134 2769/2014 8/147
f 697/1998 2762/2008 2757/2002
f 2770/2017 2757/2002 2762/2008
f 2770/2017 2768/2015 1423/129
f 360/135 1423/129 2768/2015
f 129/1872 2673/1891 2764/2011
f 2773/2018 2764/2011 2673/1891
f 2773/2018 2771/2019 2772/2020
f 702/2021 2772/2020 2771/2019
f 2670/1889 2776/2022 678/1892
f 2771/2019 678/1892 2776/2022
f 2774/2023 701/2024 2776/2022
f 2775/2025 2776/2022 701/2024
f 2775/2025 2779/2026 702/2021
f 2778/2027 702/2021 2779/2026
f 2777/2028 9/167 2779/2026
f 1441/154 2779/2026 9/167
f 699/2012 2772/2020 2767/2016
f 2780/2029 2767/2016 2772/2020
f 2780/2029 2778/2027 1437/149
f 364/155 1437/149 2778/2027
f 130/1888 2685/1907 2774/2023
f 2783/2030 2774/2023 2685/1907
f 2783/2030 2781/2031 2782/2032
f 704/2033 2782/2032 2781/2031
f 2682/1905 2786/2034 681/1908
f 2781/2031 681/1908 2786/2034
f 2784/2035 703/2036 2786/2034
f 2785/2037 2786/2034 703/2036
f 2785/2037 2789/2038 704/2033
f 2788/2039 704/2033 2789/2038
f 2787/2040 10/187 2789/2038
f 1455/174 2789/2038 10/187
f 701/2024 2782/2032 2777/2028
f 2790/2041 2777/2028 2782/2032
f 2790/2041 2788/2039 1451/169
f 368/175 1451/169 2788/2039
f 131/1904 2697/1923 2784/2035
f 2793/2042 2784/2035 2697/1923
f 2793/2042 2791/2043 2792/2044
f 706/2045 2792/2044 2791/2043
f 2694/1921 2796/2046 684/1924
f 2791/2043 684/1924 2796/2046
f 2794/2047 705/2048 2796/2046
f 2795/2049 2796/2046 705/2048
f 2795/2049 2799/2050 706/2045
f 2798/2051 706/2045 2799/2050
f 2797/2052 11/2053 2799/2050
f 1469/194 2799/2050 11/2053
f 703/2036 2792/2044 2787/2040
f 2800/2054 2787/2040 2792/2044
f 2800/2054 2798/2051 1465/189
f 372/195 1465/189 2798/2051
f 34/581 1725/582 2803/2055
f 2804/2056 2803/2055 1725/582
f 2804/2056 2801/2057 2802/2058
f 710/2059 2802/2058 2801/2057
f 2807/2060 2801/2057 1735/597
f 440/596 1735/597 2801/2057
f 707/2061 2806/2062 2805/2063
f 2807/2060 2805/2063 2806/2062
f 2811/2064 2810/2065 2806/2062
f 710/2059 2806/2062 2810/2065
f 134/2066 2809/2067 2808/2068
f 2811/2064 2808/2068 2809/2067
f 709/2069 2802/2058 2813/2070
f 2814/2071 2813/2070 2802/2058
f 708/2072 2812/2073 2810/2065
f 2814/2071 2810/2065 2812/2073
f 2817/2074 2805/2063 1847/751
f 45/750 1847/751 2805/2063
f 2817/2074 2815/2075 2816/2076
f 713/2077 2816/2076 2815/2075
f 471/765 1857/766 2815/2075
f 2820/2078 2815/2075 1857/766
f 2820/2078 2818/2079 2819/2080
f 711/2081 2819/2080 2818/2079
f 713/2077 2819/2080 2823/2082
f 2824/2083 2823/2082 2819/2080
f 2824/2083 2821/2084 2822/2085
f 135/2086 2822/2085 2821/2084
f 2826/2087 2808/2068 2816/2076
f 707/2061 2816/2076 2808/2068
f 712/2088 2825/2089 2823/2082
f 2826/2087 2823/2082 2825/2089
f 2830/2090 2829/2091 2812/2092
f 133/2093 2812/2092 2829/2091
f 717/2094 2828/2095 2827/2096
f 2830/2090 2827/2096 2828/2095
f 2833/2097 2827/2096 2809/2098
f 708/2099 2809/2098 2827/2096
f 714/2100 2832/2101 2831/2102
f 2833/2097 2831/2102 2832/2101
f 2837/2103 2836/2104 2832/2101
f 717/2094 2832/2101 2836/2104
f 137/2105 2835/2106 2834/2107
f 2837/2103 2834/2107 2835/2106
f 2840/2108 2839/2109 2828/2095
f 716/2110 2828/2095 2839/2109
f 715/2111 2838/2112 2836/2104
f 2840/2108 2836/2104 2838/2112
f 2843/2113 2831/2102 2825/2114
f 134/2115 2825/2114 2831/2102
f 720/2116 2842/2117 2841/2118
f 2843/2113 2841/2118 2842/2117
f 712/2119 2822/2120 2841/2118
f 2846/2121 2841/2118 2822/2120
f 2846/2121 2844/2122 2845/2123
f 718/2124 2845/2123 2844/2122
f 2850/2125 2849/2126 2845/2123
f 720/2116 2845/2123 2849/2126
f 138/2127 2848/2128 2847/2129
f 2850/2125 2847/2129 2848/2128
f 2852/2130 2834/2107 2842/2117
f 714/2100 2842/2117 2834/2107
f 2851/2131 2852/2130 719/2132
f 2849/2126 719/2132 2852/2130
f 136/2133 2838/2112 2855/2134
f 2856/2135 2855/2134 2838/2112
f 2856/2135 2853/2136 2854/2137
f 724/2138 2854/2137 2853/2136
f 2859/2139 2853/2136 2835/2106
f 715/2111 2835/2106 2853/2136
f 2857/2140 721/2141 2859/2139
f 2858/2142 2859/2139 721/2141
f 724/2138 2858/2142 2862/2143
f 2863/2144 2862/2143 2858/2142
f 2860/2145 140/2146 2863/2144
f 2861/2147 2863/2144 140/2146
f 723/2148 2854/2137 2865/2149
f 2866/2150 2865/2149 2854/2137
f 2866/2150 2862/2143 2864/2151
f 722/2152 2864/2151 2862/2143
f 2851/2131 2869/2153 137/2105
f 2857/2140 137/2105 2869/2153
f 2867/2154 727/2155 2869/2153
f 2868/2156 2869/2153 727/2155
f 2848/2128 2872/2157 719/2132
f 2867/2154 719/2132 2872/2157
f 2870/2158 725/2159 2872/2157
f 2871/2160 2872/2157 725/2159
f 2871/2160 2876/2161 727/2155
f 2875/2162 727/2155 2876/2161
f 2873/2163 141/2164 2876/2161
f 2874/2165 2876/2161 141/2164
f 2868/2156 2878/2166 721/2141
f 2860/2145 721/2141 2878/2166
f 2875/2162 726/2167 2878/2166
f 2877/2168 2878/2166 726/2167
f 141/2164 2873/2163 2881/2169
f 2882/2170 2881/2169 2873/2163
f 2882/2170 2879/2171 2880/2172
f 731/2173 2880/2172 2879/2171
f 725/2159 2870/2158 2879/2171
f 2885/2174 2879/2171 2870/2158
f 2885/2174 2883/2175 2884/2176
f 728/2177 2884/2176 2883/2175
f 731/2173 2884/2176 2888/2178
f 2889/2179 2888/2178 2884/2176
f 2889/2179 2886/2180 2887/2181
f 142/2182 2887/2181 2886/2180
f 730/2183 2880/2172 2891/2184
f 2892/2185 2891/2184 2880/2172
f 2892/2185 2888/2178 2890/2186
f 729/2187 2890/2186 2888/2178
f 66/911 1961/913 2895/2188
f 2896/2189 2895/2188 1961/913
f 2896/2189 2893/2190 2894/2191
f 735/2192 2894/2191 2893/2190
f 497/906 1958/908 2893/2190
f 2899/2193 2893/2190 1958/908
f 2899/2193 2897/2194 2898/2195
f 732/2196 2898/2195 2897/2194
f 735/2192 2898/2195 2902/2197
f 2903/2198 2902/2197 2898/2195
f 2900/2199 145/2200 2903/2198
f 2901/2201 2903/2198 145/2200
f 2894/2191 2906/2202 734/2203
f 2905/2204 734/2203 2906/2202
f 2906/2202 2902/2197 2904/2205
f 733/2206 2904/2205 2902/2197
f 1839/743 2909/2207 55/745
f 2897/2194 55/745 2909/2207
f 2907/2208 738/2209 2909/2207
f 2908/2210 2909/2207 738/2209
f 1836/738 2912/2211 466/740
f 2907/2208 466/740 2912/2211
f 2910/2212 736/2213 2912/2211
f 2911/2214 2912/2211 736/2213
f 2911/2214 2916/2215 738/2209
f 2915/2216 738/2209 2916/2215
f 2913/2217 144/2218 2916/2215
f 2914/2219 2916/2215 144/2218
f 2908/2210 2918/2220 732/2196
f 2900/2199 732/2196 2918/2220
f 2915/2216 737/2221 2918/2220
f 2917/2222 2918/2220 737/2221
f 2904/2205 2922/2223 146/2224
f 2921/2225 146/2224 2922/2223
f 2922/2223 2919/2226 2920/2227
f 742/2228 2920/2227 2919/2226
f 733/2206 2901/2201 2919/2226
f 2925/2229 2919/2226 2901/2201
f 2925/2229 2923/2230 2924/2231
f 739/2232 2924/2231 2923/2230
f 742/2228 2924/2231 2928/2233
f 2929/2234 2928/2233 2924/2231
f 2929/2234 2926/2235 2927/2236
f 148/2237 2927/2236 2926/2235
f 741/2238 2920/2227 2931/2239
f 2932/2240 2931/2239 2920/2227
f 2932/2240 2928/2233 2930/2241
f 740/2242 2930/2241 2928/2233
f 2917/2222 2935/2243 145/2200
f 2923/2230 145/2200 2935/2243
f 2933/2244 745/2245 2935/2243
f 2934/2246 2935/2243 745/2245
f 2914/2219 2938/2247 737/2221
f 2933/2244 737/2221 2938/2247
f 2936/2248 743/2249 2938/2247
f 2937/2250 2938/2247 743/2249
f 2937/2250 2942/2251 745/2245
f 2941/2252 745/2245 2942/2251
f 2939/2253 147/2254 2942/2251
f 2940/2255 2942/2251 147/2254
f 2934/2246 2944/2256 739/2232
f 2926/2235 739/2232 2944/2256
f 2941/2252 744/2257 2944/2256
f 2943/2258 2944/2256 744/2257
f 2949/2259 2948/2260 2945/2261
f 150/2262 2945/2261 2948/2260
f 750/2263 2947/2264 2946/2265
f 2949/2259 2946/2265 2947/2264
f 2953/2266 2946/2265 2950/2267
f 746/2268 2950/2267 2946/2265
f 747/2269 2952/2270 2951/2271
f 2953/2266 2951/2271 2952/2270
f 2957/2272 2956/2273 2952/2270
f 750/2263 2952/2270 2956/2273
f 162/2274 2955/2275 2954/2276
f 2957/2272 2954/2276 2955/2275
f 2960/2277 2959/2278 2947/2264
f 749/2279 2947/2264 2959/2278
f 748/2280 2958/2281 2956/2273
f 2960/2277 2956/2273 2958/2281
f 2964/2282 2963/2283 2958/2281
f 151/2284 2958/2281 2963/2283
f 754/2285 2962/2286 2961/2287
f 2964/2282 2961/2287 2962/2286
f 2967/2288 2961/2287 2955/2275
f 748/2280 2955/2275 2961/2287
f 751/2289 2966/2290 2965/2291
f 2967/2288 2965/2291 2966/2290
f 2971/2292 2970/2293 2966/2290
f 754/2285 2966/2290 2970/2293
f 163/2294 2969/2295 2968/2296
f 2971/2292 2968/2296 2969/2295
f 2974/2297 2973/2298 2962/2286
f 753/2299 2962/2286 2973/2298
f 752/2300 2972/2301 2970/2293
f 2974/2297 2970/2293 2972/2301
f 2978/2302 2977/2303 2972/2301
f 152/2304 2972/2301 2977/2303
f 758/2305 2976/2306 2975/2307
f 2978/2302 2975/2307 2976/2306
f 2981/2308 2975/2307 2969/2295
f 752/2300 2969/2295 2975/2307
f 755/2309 2980/2310 2979/2311
f 2981/2308 2979/2311 2980/2310
f 2985/2312 2984/2313 2980/2310
f 758/2305 2980/2310 2984/2313
f 164/2314 2983/2315 2982/2316
f 2985/2312 2982/2316 2983/2315
f 2988/2317 2987/2318 2976/2306
f 757/2319 2976/2306 2987/2318
f 756/2320 2986/2321 2984/2313
f 2988/2317 2984/2313 2986/2321
f 2992/2322 2991/2323 2986/2321
f 153/2324 2986/2321 2991/2323
f 762/2325 2990/2326 2989/2327
f 2992/2322 2989/2327 2990/2326
f 2995/2328 2989/2327 2983/2315
f 756/2320 2983/2315 2989/2327
f 759/2329 2994/2330 2993/2331
f 2995/2328 2993/2331 2994/2330
f 2999/2332 2998/2333 2994/2330
f 762/2325 2994/2330 2998/2333
f 165/2334 2997/2335 2996/2336
f 2999/2332 2996/2336 2997/2335
f 2990/2326 3002/2337 761/2338
f 3001/2339 761/2338 3002/2337
f 2998/2333 760/2340 3002/2337
f 3000/2341 3002/2337 760/2340
f 3000/2341 3006/2342 154/2343
f 3005/2344 154/2343 3006/2342
f 3003/2345 766/2346 3006/2342
f 3004/2347 3006/2342 766/2346
f 2997/2335 3009/2348 760/2340
f 3003/2345 760/2340 3009/2348
f 3007/2349 763/2350 3009/2348
f 3008/2351 3009/2348 763/2350
f 3008/2351 3013/2352 766/2346
f 3012/2353 766/2346 3013/2352
f 3010/2354 166/2355 3013/2352
f 3011/2356 3013/2352 166/2355
f 3004/2347 3016/2357 765/2358
f 3015/2359 765/2358 3016/2357
f 3012/2353 764/2360 3016/2357
f 3014/2361 3016/2357 764/2360
f 3014/2362 3020/2363 155/2364
f 3019/2365 155/2364 3020/2363
f 3017/2366 770/2367 3020/2363
f 3018/2368 3020/2363 770/2367
f 3011/2369 3023/2370 764/2371
f 3017/2366 764/2371 3023/2370
f 3021/2372 767/2373 3023/2370
f 3022/2374 3023/2370 767/2373
f 3027/2375 3026/2376 3022/2374
f 770/2367 3022/2374 3026/2376
f 167/2377 3025/2378 3024/2379
f 3027/2375 3024/2379 3025/2378
f 3030/2380 3029/2381 3018/2368
f 769/2382 3018/2368 3029/2381
f 768/2383 3028/2384 3026/2376
f 3030/2380 3026/2376 3028/2384
f 3028/2384 3034/2385 156/2386
f 3033/2387 156/2386 3034/2385
f 3031/2388 774/2389 3034/2385
f 3032/2390 3034/2385 774/2389
f 3025/2378 3037/2391 768/2383
f 3031/2388 768/2383 3037/2391
f 3035/2392 771/2393 3037/2391
f 3036/2394 3037/2391 771/2393
f 3041/2395 3040/2396 3036/2394
f 774/2389 3036/2394 3040/2396
f 168/2397 3039/2398 3038/2399
f 3041/2395 3038/2399 3039/2398
f 3044/2400 3043/2401 3032/2390
f 773/2402 3032/2390 3043/2401
f 772/2403 3042/2404 3040/2396
f 3044/2400 3040/2396 3042/2404
f 3042/2404 3048/2405 157/2406
f 3047/2407 157/2406 3048/2405
f 3045/2408 778/2409 3048/2405
f 3046/2410 3048/2405 778/2409
f 3039/2398 3051/2411 772/2403
f 3045/2408 772/2403 3051/2411
f 3049/2412 775/2413 3051/2411
f 3050/2414 3051/2411 775/2413
f 3055/2415 3054/2416 3050/2414
f 778/2409 3050/2414 3054/2416
f 169/2417 3053/2418 3052/2419
f 3055/2415 3052/2419 3053/2418
f 3058/2420 3057/2421 3046/2410
f 777/2422 3046/2410 3057/2421
f 776/2423 3056/2424 3054/2416
f 3058/2420 3054/2416 3056/2424
f 3056/2424 3062/2425 158/2426
f 3061/2427 158/2426 3062/2425
f 3059/2428 782/2429 3062/2425
f 3060/2430 3062/2425 782/2429
f 3053/2418 3065/2431 776/2423
f 3059/2428 776/2423 3065/2431
f 3063/2432 779/2433 3065/2431
f 3064/2434 3065/2431 779/2433
f 3069/2435 3068/2436 3064/2434
f 782/2429 3064/2434 3068/2436
f 170/2437 3067/2438 3066/2439
f 3069/2435 3066/2439 3067/2438
f 3072/2440 3071/2441 3060/2430
f 781/2442 3060/2430 3071/2441
f 780/2443 3070/2444 3068/2436
f 3072/2440 3068/2436 3070/2444
f 3070/2444 3076/2445 159/2446
f 3075/2447 159/2446 3076/2445
f 3073/2448 786/2449 3076/2445
f 3074/2450 3076/2445 786/2449
f 3067/2438 3079/2451 780/2443
f 3073/2448 780/2443 3079/2451
f 3077/2452 783/2453 3079/2451
f 3078/2454 3079/2451 783/2453
f 3083/2455 3082/2456 3078/2454
f 786/2449 3078/2454 3082/2456
f 171/2457 3081/2458 3080/2459
f 3083/2455 3080/2459 3081/2458
f 3086/2460 3085/2461 3074/2450
f 785/2462 3074/2450 3085/2461
f 784/2463 3084/2464 3082/2456
f 3086/2460 3082/2456 3084/2464
f 161/2465 3087/2466 2951/2467
f 3090/2468 2951/2467 3087/2466
f 3090/2468 3088/2469 3089/2470
f 790/2471 3089/2470 3088/2469
f 787/2472 3091/2473 3088/2469
f 3094/2474 3088/2469 3091/2473
f 3094/2474 3092/2475 3093/2476
f 788/2477 3093/2476 3092/2475
f 790/2471 3093/2476 3097/2478
f 3098/2479 3097/2478 3093/2476
f 3098/2479 3095/2480 3096/2481
f 173/2482 3096/2481 3095/2480
f 3100/2483 2954/2484 3089/2470
f 747/2485 3089/2470 2954/2484
f 3100/2483 3097/2478 3099/2486
f 789/2487 3099/2486 3097/2478
f 3103/2488 2965/2489 3099/2486
f 162/2490 3099/2486 2965/2489
f 793/2491 3102/2492 3101/2493
f 3103/2488 3101/2493 3102/2492
f 3106/2494 3101/2493 3096/2481
f 789/2487 3096/2481 3101/2493
f 791/2495 3105/2496 3104/2497
f 3106/2494 3104/2497 3105/2496
f 3110/2498 3109/2499 3105/2496
f 793/2491 3105/2496 3109/2499
f 174/2500 3108/2501 3107/2502
f 3110/2498 3107/2502 3108/2501
f 3112/2503 2968/2504 3102/2492
f 751/2505 3102/2492 2968/2504
f 792/2506 3111/2507 3109/2499
f 3112/2503 3109/2499 3111/2507
f 3115/2508 2979/2509 3111/2507
f 163/2510 3111/2507 2979/2509
f 796/2511 3114/2512 3113/2513
f 3115/2508 3113/2513 3114/2512
f 3118/2514 3113/2513 3108/2501
f 792/2506 3108/2501 3113/2513
f 794/2515 3117/2516 3116/2517
f 3118/2514 3116/2517 3117/2516
f 3122/2518 3121/2519 3117/2516
f 796/2511 3117/2516 3121/2519
f 3119/2520 175/2521 3122/2518
f 3120/2522 3122/2518 175/2521
f 3124/2523 2982/2524 3114/2512
f 755/2525 3114/2512 2982/2524
f 795/2526 3123/2527 3121/2519
f 3124/2523 3121/2519 3123/2527
f 3127/2528 2993/2529 3123/2527
f 164/2530 3123/2527 2993/2529
f 799/2531 3126/2532 3125/2533
f 3127/2528 3125/2533 3126/2532
f 3130/2534 3125/2533 3120/2522
f 795/2526 3120/2522 3125/2533
f 3128/2535 797/2536 3130/2534
f 3129/2537 3130/2534 797/2536
f 3134/2538 3133/2539 3129/2537
f 799/2531 3129/2537 3133/2539
f 176/2540 3132/2541 3131/2542
f 3134/2538 3131/2542 3132/2541
f 3136/2543 2996/2544 3126/2532
f 759/2545 3126/2532 2996/2544
f 798/2546 3135/2547 3133/2539
f 3136/2543 3133/2539 3135/2547
f 3139/2548 3007/2549 3135/2547
f 165/2550 3135/2547 3007/2549
f 802/2551 3138/2552 3137/2553
f 3139/2548 3137/2553 3138/2552
f 3142/2554 3137/2553 3132/2541
f 798/2546 3132/2541 3137/2553
f 800/2555 3141/2556 3140/2557
f 3142/2554 3140/2557 3141/2556
f 3146/2558 3145/2559 3141/2556
f 802/2551 3141/2556 3145/2559
f 177/2560 3144/2561 3143/2562
f 3146/2558 3143/2562 3144/2561
f 3138/2552 3148/2563 763/2564
f 3010/2565 763/2564 3148/2563
f 801/2566 3147/2567 3145/2559
f 3148/2563 3145/2559 3147/2567
f 3147/2568 3151/2569 166/2570
f 3021/2571 166/2570 3151/2569
f 3149/2572 805/2573 3151/2569
f 3150/2574 3151/2569 805/2573
f 3144/2575 3154/2576 801/2577
f 3149/2572 801/2577 3154/2576
f 3152/2578 803/2579 3154/2576
f 3153/2580 3154/2576 803/2579
f 3158/2581 3157/2582 3153/2580
f 805/2573 3153/2580 3157/2582
f 178/2583 3156/2584 3155/2585
f 3158/2581 3155/2585 3156/2584
f 3160/2586 3024/2587 3150/2574
f 767/2588 3150/2574 3024/2587
f 804/2589 3159/2590 3157/2582
f 3160/2586 3157/2582 3159/2590
f 3159/2590 3163/2591 167/2592
f 3035/2593 167/2592 3163/2591
f 3161/2594 808/2595 3163/2591
f 3162/2596 3163/2591 808/2595
f 3156/2584 3166/2597 804/2589
f 3161/2594 804/2589 3166/2597
f 3164/2598 806/2599 3166/2597
f 3165/2600 3166/2597 806/2599
f 3170/2601 3169/2602 3165/2600
f 808/2595 3165/2600 3169/2602
f 179/2603 3168/2604 3167/2605
f 3170/2601 3167/2605 3168/2604
f 3172/2606 3038/2607 3162/2596
f 771/2608 3162/2596 3038/2607
f 807/2609 3171/2610 3169/2602
f 3172/2606 3169/2602 3171/2610
f 3171/2610 3175/2611 168/2612
f 3049/2613 168/2612 3175/2611
f 3173/2614 811/2615 3175/2611
f 3174/2616 3175/2611 811/2615
f 3168/2604 3178/2617 807/2609
f 3173/2614 807/2609 3178/2617
f 3176/2618 809/2619 3178/2617
f 3177/2620 3178/2617 809/2619
f 3182/2621 3181/2622 3177/2620
f 811/2615 3177/2620 3181/2622
f 180/2623 3180/2624 3179/2625
f 3182/2621 3179/2625 3180/2624
f 3184/2626 3052/2627 3174/2616
f 775/2628 3174/2616 3052/2627
f 810/2629 3183/2630 3181/2622
f 3184/2626 3181/2622 3183/2630
f 3183/2630 3187/2631 169/2632
f 3063/2633 169/2632 3187/2631
f 814/2634 3186/2635 3185/2636
f 3187/2631 3185/2636 3186/2635
f 3180/2624 3190/2637 810/2629
f 3185/2636 810/2629 3190/2637
f 812/2638 3189/2639 3188/2640
f 3190/2637 3188/2640 3189/2639
f 3194/2641 3193/2642 3189/2639
f 814/2634 3189/2639 3193/2642
f 181/2643 3192/2644 3191/2645
f 3194/2641 3191/2645 3192/2644
f 3196/2646 3066/2647 3186/2635
f 779/2648 3186/2635 3066/2647
f 813/2649 3195/2650 3193/2642
f 3196/2646 3193/2642 3195/2650
f 3195/2650 3199/2651 170/2652
f 3077/2653 170/2652 3199/2651
f 817/2654 3198/2655 3197/2656
f 3199/2651 3197/2656 3198/2655
f 3202/2657 3197/2656 3192/2644
f 813/2649 3192/2644 3197/2656
f 815/2658 3201/2659 3200/2660
f 3202/2657 3200/2660 3201/2659
f 3206/2661 3205/2662 3201/2659
f 817/2654 3201/2659 3205/2662
f 182/2663 3204/2664 3203/2665
f 3206/2661 3203/2665 3204/2664
f 3208/2666 3080/2667 3198/2655
f 783/2668 3198/2655 3080/2667
f 816/2669 3207/2670 3205/2662
f 3208/2666 3205/2662 3207/2670
f 172/2671 3209/2672 3092/2475
f 3212/2673 3092/2475 3209/2672
f 3212/2673 3210/2674 3211/2675
f 821/2676 3211/2675 3210/2674
f 818/2677 3213/2678 3210/2674
f 3216/2679 3210/2674 3213/2678
f 3216/2679 3214/2680 3215/2681
f 819/2682 3215/2681 3214/2680
f 821/2676 3215/2681 3219/2683
f 3220/2684 3219/2683 3215/2681
f 3220/2684 3217/2685 3218/2686
f 184/2687 3218/2686 3217/2685
f 788/2477 3211/2675 3095/2480
f 3222/2688 3095/2480 3211/2675
f 3222/2688 3219/2683 3221/2689
f 820/2690 3221/2689 3219/2683
f 173/2482 3221/2689 3104/2497
f 3225/2691 3104/2497 3221/2689
f 3225/2691 3223/2692 3224/2693
f 824/2694 3224/2693 3223/2692
f 820/2690 3218/2686 3223/2692
f 3228/2695 3223/2692 3218/2686
f 3228/2695 3226/2696 3227/2697
f 822/2698 3227/2697 3226/2696
f 3232/2699 3231/2700 3227/2697
f 824/2694 3227/2697 3231/2700
f 3229/2701 185/2702 3232/2699
f 3230/2703 3232/2699 185/2702
f 3234/2704 3107/2502 3224/2693
f 791/2495 3224/2693 3107/2502
f 823/2705 3233/2706 3231/2700
f 3234/2704 3231/2700 3233/2706
f 3233/2706 3237/2707 174/2500
f 3116/2517 174/2500 3237/2707
f 3235/2708 827/2709 3237/2707
f 3236/2710 3237/2707 827/2709
f 3230/2703 3240/2711 823/2705
f 3235/2708 823/2705 3240/2711
f 3238/2712 825/2713 3240/2711
f 3239/2714 3240/2711 825/2713
f 3239/2714 3244/2715 827/2709
f 3243/2716 827/2709 3244/2715
f 3241/2717 186/2718 3244/2715
f 3242/2719 3244/2715 186/2718
f 3236/2710 3246/2720 794/2515
f 3119/2520 794/2515 3246/2720
f 3243/2716 826/2721 3246/2720
f 3245/2722 3246/2720 826/2721
f 3245/2722 3249/2723 175/2521
f 3128/2535 175/2521 3249/2723
f 3247/2724 830/2725 3249/2723
f 3248/2726 3249/2723 830/2725
f 3242/2719 3252/2727 826/2721
f 3247/2724 826/2721 3252/2727
f 3250/2728 828/2729 3252/2727
f 3251/2730 3252/2727 828/2729
f 3251/2730 3256/2731 830/2725
f 3255/2732 830/2725 3256/2731
f 3253/2733 187/2734 3256/2731
f 3254/2735 3256/2731 187/2734
f 3248/2726 3258/2736 797/2536
f 3131/2542 797/2536 3258/2736
f 3255/2732 829/2737 3258/2736
f 3257/2738 3258/2736 829/2737
f 3257/2738 3261/2739 176/2540
f 3140/2557 176/2540 3261/2739
f 3259/2740 833/2741 3261/2739
f 3260/2742 3261/2739 833/2741
f 3254/2735 3264/2743 829/2737
f 3259/2740 829/2737 3264/2743
f 3262/2744 831/2745 3264/2743
f 3263/2746 3264/2743 831/2745
f 3263/2746 3268/2747 833/2741
f 3267/2748 833/2741 3268/2747
f 3265/2749 188/2750 3268/2747
f 3266/2751 3268/2747 188/2750
f 3260/2742 3270/2752 800/2555
f 3143/2562 800/2555 3270/2752
f 3267/2748 832/2753 3270/2752
f 3269/2754 3270/2752 832/2753
f 3269/2755 3273/2756 177/2757
f 3152/2578 177/2757 3273/2756
f 3271/2758 836/2759 3273/2756
f 3272/2760 3273/2756 836/2759
f 3266/2761 3276/2762 832/2763
f 3271/2758 832/2763 3276/2762
f 3274/2764 834/2765 3276/2762
f 3275/2766 3276/2762 834/2765
f 3275/2766 3280/2767 836/2759
f 3279/2768 836/2759 3280/2767
f 3277/2769 189/2770 3280/2767
f 3278/2771 3280/2767 189/2770
f 3272/2760 3282/2772 803/2579
f 3155/2585 803/2579 3282/2772
f 3279/2768 835/2773 3282/2772
f 3281/2774 3282/2772 835/2773
f 3281/2774 3285/2775 178/2583
f 3164/2598 178/2583 3285/2775
f 3283/2776 839/2777 3285/2775
f 3284/2778 3285/2775 839/2777
f 3278/2771 3288/2779 835/2773
f 3283/2776 835/2773 3288/2779
f 3286/2780 837/2781 3288/2779
f 3287/2782 3288/2779 837/2781
f 3287/2782 3292/2783 839/2777
f 3291/2784 839/2777 3292/2783
f 3289/2785 190/2786 3292/2783
f 3290/2787 3292/2783 190/2786
f 3284/2778 3294/2788 806/2599
f 3167/2605 806/2599 3294/2788
f 3291/2784 838/2789 3294/2788
f 3293/2790 3294/2788 838/2789
f 3293/2790 3297/2791 179/2603
f 3176/2618 179/2603 3297/2791
f 3295/2792 842/2793 3297/2791
f 3296/2794 3297/2791 842/2793
f 3290/2787 3300/2795 838/2789
f 3295/2792 838/2789 3300/2795
f 3298/2796 840/2797 3300/2795
f 3299/2798 3300/2795 840/2797
f 3299/2798 3304/2799 842/2793
f 3303/2800 842/2793 3304/2799
f 3301/2801 191/2802 3304/2799
f 3302/2803 3304/2799 191/2802
f 3296/2794 3306/2804 809/2619
f 3179/2625 809/2619 3306/2804
f 3303/2800 841/2805 3306/2804
f 3305/2806 3306/2804 841/2805
f 3305/2806 3309/2807 180/2623
f 3188/2640 180/2623 3309/2807
f 3307/2808 845/2809 3309/2807
f 3308/2810 3309/2807 845/2809
f 3302/2803 3312/2811 841/2805
f 3307/2808 841/2805 3312/2811
f 3310/2812 843/2813 3312/2811
f 3311/2814 3312/2811 843/2813
f 3311/2814 3316/2815 845/2809
f 3315/2816 845/2809 3316/2815
f 3313/2817 192/2818 3316/2815
f 3314/2819 3316/2815 192/2818
f 3308/2810 3318/2820 812/2638
f 3191/2645 812/2638 3318/2820
f 3315/2816 844/2821 3318/2820
f 3317/2822 3318/2820 844/2821
f 3321/2823 3200/2660 3317/2822
f 181/2643 3317/2822 3200/2660
f 3319/2824 848/2825 3321/2823
f 3320/2826 3321/2823 848/2825
f 3314/2819 3324/2827 844/2821
f 3319/2824 844/2821 3324/2827
f 3322/2828 846/2829 3324/2827
f 3323/2830 3324/2827 846/2829
f 3328/2831 3327/2832 3323/2830
f 848/2825 3323/2830 3327/2832
f 193/2833 3326/2834 3325/2835
f 3328/2831 3325/2835 3326/2834
f 3330/2836 3203/2665 3320/2826
f 815/2658 3320/2826 3203/2665
f 3327/2832 847/2837 3330/2836
f 3329/2838 3330/2836 847/2837
f 183/2839 3331/2840 3214/2680
f 3334/2841 3214/2680 3331/2840
f 3334/2841 3332/2842 3333/2843
f 852/2844 3333/2843 3332/2842
f 849/2845 3335/2846 3332/2842
f 3338/2847 3332/2842 3335/2846
f 3336/2848 850/2849 3338/2847
f 3337/2850 3338/2847 850/2849
f 852/2844 3337/2850 3341/2851
f 3342/2852 3341/2851 3337/2850
f 3342/2852 3339/2853 3340/2854
f 195/2855 3340/2854 3339/2853
f 819/2682 3333/2843 3217/2685
f 3344/2856 3217/2685 3333/2843
f 3344/2856 3341/2851 3343/2857
f 851/2858 3343/2857 3341/2851
f 184/2687 3343/2857 3226/2696
f 3347/2859 3226/2696 3343/2857
f 3347/2859 3345/2860 3346/2861
f 855/2862 3346/2861 3345/2860
f 851/2858 3340/2854 3345/2860
f 3350/2863 3345/2860 3340/2854
f 3348/2864 853/2865 3350/2863
f 3349/2866 3350/2863 853/2865
f 3349/2866 3354/2867 855/2862
f 3353/2868 855/2862 3354/2867
f 3351/2869 196/2870 3354/2867
f 3352/2871 3354/2867 196/2870
f 3356/2872 3229/2701 3346/2861
f 822/2698 3346/2861 3229/2701
f 3353/2868 854/2873 3356/2872
f 3355/2874 3356/2872 854/2873
f 3355/2874 3359/2875 185/2702
f 3238/2712 185/2702 3359/2875
f 3357/2876 858/2877 3359/2875
f 3358/2878 3359/2875 858/2877
f 3352/2871 3362/2879 854/2873
f 3357/2876 854/2873 3362/2879
f 3360/2880 856/2881 3362/2879
f 3361/2882 3362/2879 856/2881
f 3361/2882 3366/2883 858/2877
f 3365/2884 858/2877 3366/2883
f 3363/2885 197/2886 3366/2883
f 3364/2887 3366/2883 197/2886
f 3358/2878 3368/2888 825/2713
f 3241/2717 825/2713 3368/2888
f 3365/2884 857/2889 3368/2888
f 3367/2890 3368/2888 857/2889
f 3367/2890 3371/2891 186/2718
f 3250/2728 186/2718 3371/2891
f 3369/2892 861/2893 3371/2891
f 3370/2894 3371/2891 861/2893
f 3364/2887 3374/2895 857/2889
f 3369/2892 857/2889 3374/2895
f 3372/2896 859/2897 3374/2895
f 3373/2898 3374/2895 859/2897
f 3373/2898 3378/2899 861/2893
f 3377/2900 861/2893 3378/2899
f 198/2901 3376/2902 3375/2903
f 3378/2899 3375/2903 3376/2902
f 3370/2894 3380/2904 828/2729
f 3253/2733 828/2729 3380/2904
f 3377/2900 860/2905 3380/2904
f 3379/2906 3380/2904 860/2905
f 3379/2906 3383/2907 187/2734
f 3262/2744 187/2734 3383/2907
f 3381/2908 864/2909 3383/2907
f 3382/2910 3383/2907 864/2909
f 3376/2902 3386/2911 860/2905
f 3381/2908 860/2905 3386/2911
f 862/2912 3385/2913 3384/2914
f 3386/2911 3384/2914 3385/2913
f 3385/2913 3390/2915 864/2909
f 3389/2916 864/2909 3390/2915
f 199/2917 3388/2918 3387/2919
f 3390/2915 3387/2919 3388/2918
f 3382/2910 3392/2920 831/2745
f 3265/2749 831/2745 3392/2920
f 3389/2916 863/2921 3392/2920
f 3391/2922 3392/2920 863/2921
f 3391/2923 3395/2924 188/2925
f 3274/2764 188/2925 3395/2924
f 3393/2926 867/2927 3395/2924
f 3394/2928 3395/2924 867/2927
f 3388/2929 3398/2930 863/2931
f 3393/2926 863/2931 3398/2930
f 865/2932 3397/2933 3396/2934
f 3398/2930 3396/2934 3397/2933
f 3397/2933 3402/2935 867/2927
f 3401/2936 867/2927 3402/2935
f 200/2937 3400/2938 3399/2939
f 3402/2935 3399/2939 3400/2938
f 3394/2928 3404/2940 834/2765
f 3277/2769 834/2765 3404/2940
f 3401/2936 866/2941 3404/2940
f 3403/2942 3404/2940 866/2941
f 3403/2942 3407/2943 189/2770
f 3286/2780 189/2770 3407/2943
f 3405/2944 870/2945 3407/2943
f 3406/2946 3407/2943 870/2945
f 3400/2938 3410/2947 866/2941
f 3405/2944 866/2941 3410/2947
f 3408/2948 868/2949 3410/2947
f 3409/2950 3410/2947 868/2949
f 3409/2950 3414/2951 870/2945
f 3413/2952 870/2945 3414/2951
f 201/2953 3412/2954 3411/2955
f 3414/2951 3411/2955 3412/2954
f 3406/2946 3416/2956 837/2781
f 3289/2785 837/2781 3416/2956
f 3413/2952 869/2957 3416/2956
f 3415/2958 3416/2956 869/2957
f 3415/2958 3419/2959 190/2786
f 3298/2796 190/2786 3419/2959
f 3417/2960 873/2961 3419/2959
f 3418/2962 3419/2959 873/2961
f 3412/2954 3422/2963 869/2957
f 3417/2960 869/2957 3422/2963
f 3420/2964 871/2965 3422/2963
f 3421/2966 3422/2963 871/2965
f 3421/2966 3426/2967 873/2961
f 3425/2968 873/2961 3426/2967
f 202/2969 3424/2970 3423/2971
f 3426/2967 3423/2971 3424/2970
f 3418/2962 3428/2972 840/2797
f 3301/2801 840/2797 3428/2972
f 3425/2968 872/2973 3428/2972
f 3427/2974 3428/2972 872/2973
f 3427/2974 3431/2975 191/2802
f 3310/2812 191/2802 3431/2975
f 3429/2976 876/2977 3431/2975
f 3430/2978 3431/2975 876/2977
f 3424/2970 3434/2979 872/2973
f 3429/2976 872/2973 3434/2979
f 874/2980 3433/2981 3432/2982
f 3434/2979 3432/2982 3433/2981
f 3433/2981 3438/2983 876/2977
f 3437/2984 876/2977 3438/2983
f 203/2985 3436/2986 3435/2987
f 3438/2983 3435/2987 3436/2986
f 3430/2978 3440/2988 843/2813
f 3313/2817 843/2813 3440/2988
f 3437/2984 875/2989 3440/2988
f 3439/2990 3440/2988 875/2989
f 3439/2990 3443/2991 192/2818
f 3322/2828 192/2818 3443/2991
f 3441/2992 879/2993 3443/2991
f 3442/2994 3443/2991 879/2993
f 3436/2986 3446/2995 875/2989
f 3441/2992 875/2989 3446/2995
f 877/2996 3445/2997 3444/2998
f 3446/2995 3444/2998 3445/2997
f 3445/2997 3450/2999 879/2993
f 3449/3000 879/2993 3450/2999
f 3450/2999 3447/3001 3448/3002
f 204/3003 3448/3002 3447/3001
f 3442/2994 3452/3004 846/2829
f 3325/2835 846/2829 3452/3004
f 3452/3004 3449/3000 3451/3005
f 878/3006 3451/3005 3449/3000
f 3453/3007 3456/3008 194/3009
f 3336/2848 194/3009 3456/3008
f 3454/3010 883/3011 3456/3008
f 3455/3012 3456/3008 883/3011
f 3457/3013 3460/3014 880/3015
f 3454/3010 880/3015 3460/3014
f 3458/3016 881/3017 3460/3014
f 3459/3018 3460/3014 881/3017
f 3459/3018 3464/3019 883/3011
f 3463/3020 883/3011 3464/3019
f 3461/3021 206/3022 3464/3019
f 3462/3023 3464/3019 206/3022
f 3455/3012 3466/3024 850/2849
f 3339/2853 850/2849 3466/3024
f 3463/3020 882/3025 3466/3024
f 3465/3026 3466/3024 882/3025
f 3465/3026 3469/3027 195/2855
f 3348/2864 195/2855 3469/3027
f 3467/3028 886/3029 3469/3027
f 3468/3030 3469/3027 886/3029
f 3462/3023 3472/3031 882/3025
f 3467/3028 882/3025 3472/3031
f 3470/3032 884/3033 3472/3031
f 3471/3034 3472/3031 884/3033
f 3471/3034 3476/3035 886/3029
f 3475/3036 886/3029 3476/3035
f 3473/3037 207/3038 3476/3035
f 3474/3039 3476/3035 207/3038
f 3468/3030 3478/3040 853/2865
f 3351/2869 853/2865 3478/3040
f 3475/3036 885/3041 3478/3040
f 3477/3042 3478/3040 885/3041
f 3477/3042 3481/3043 196/2870
f 3360/2880 196/2870 3481/3043
f 3479/3044 889/3045 3481/3043
f 3480/3046 3481/3043 889/3045
f 3474/3039 3484/3047 885/3041
f 3479/3044 885/3041 3484/3047
f 3482/3048 887/3049 3484/3047
f 3483/3050 3484/3047 887/3049
f 3483/3050 3488/3051 889/3045
f 3487/3052 889/3045 3488/3051
f 3485/3053 208/3054 3488/3051
f 3486/3055 3488/3051 208/3054
f 3480/3046 3490/3056 856/2881
f 3363/2885 856/2881 3490/3056
f 3487/3052 888/3057 3490/3056
f 3489/3058 3490/3056 888/3057
f 3489/3058 3493/3059 197/2886
f 3372/2896 197/2886 3493/3059
f 3491/3060 892/3061 3493/3059
f 3492/3062 3493/3059 892/3061
f 3486/3055 3496/3063 888/3057
f 3491/3060 888/3057 3496/3063
f 3494/3064 890/3065 3496/3063
f 3495/3066 3496/3063 890/3065
f 3495/3066 3500/3067 892/3061
f 3499/3068 892/3061 3500/3067
f 209/3069 3498/3070 3497/3071
f 3500/3067 3497/3071 3498/3070
f 3502/3072 3375/2903 3492/3062
f 859/2897 3492/3062 3375/2903
f 891/3073 3501/3074 3499/3068
f 3502/3072 3499/3068 3501/3074
f 3505/3075 3384/2914 3501/3074
f 198/2901 3501/3074 3384/2914
f 895/3076 3504/3077 3503/3078
f 3505/3075 3503/3078 3504/3077
f 3508/3079 3503/3078 3498/3070
f 891/3073 3498/3070 3503/3078
f 893/3080 3507/3081 3506/3082
f 3508/3079 3506/3082 3507/3081
f 3512/3083 3511/3084 3507/3081
f 895/3076 3507/3081 3511/3084
f 210/3085 3510/3086 3509/3087
f 3512/3083 3509/3087 3510/3086
f 3514/3088 3387/2919 3504/3077
f 862/2912 3504/3077 3387/2919
f 894/3089 3513/3090 3511/3084
f 3514/3088 3511/3084 3513/3090
f 3517/3091 3396/2934 3513/3092
f 199/3093 3513/3092 3396/2934
f 898/3094 3516/3095 3515/3096
f 3517/3091 3515/3096 3516/3095
f 3520/3097 3515/3096 3510/3098
f 894/3099 3510/3098 3515/3096
f 896/3100 3519/3101 3518/3102
f 3520/3097 3518/3102 3519/3101
f 3524/3103 3523/3104 3519/3101
f 898/3094 3519/3101 3523/3104
f 211/3105 3522/3106 3521/3107
f 3524/3103 3521/3107 3522/3106
f 3526/3108 3399/2939 3516/3095
f 865/2932 3516/3095 3399/2939
f 897/3109 3525/3110 3523/3104
f 3526/3108 3523/3104 3525/3110
f 3525/3110 3529/3111 200/2937
f 3408/2948 200/2937 3529/3111
f 3527/3112 901/3113 3529/3111
f 3528/3114 3529/3111 901/3113
f 3522/3106 3532/3115 897/3109
f 3527/3112 897/3109 3532/3115
f 3530/3116 899/3117 3532/3115
f 3531/3118 3532/3115 899/3117
f 3536/3119 3535/3120 3531/3118
f 901/3113 3531/3118 3535/3120
f 212/3121 3534/3122 3533/3123
f 3536/3119 3533/3123 3534/3122
f 3538/3124 3411/2955 3528/3114
f 868/2949 3528/3114 3411/2955
f 900/3125 3537/3126 3535/3120
f 3538/3124 3535/3120 3537/3126
f 3537/3126 3541/3127 201/2953
f 3420/2964 201/2953 3541/3127
f 3539/3128 904/3129 3541/3127
f 3540/3130 3541/3127 904/3129
f 3534/3122 3544/3131 900/3125
f 3539/3128 900/3125 3544/3131
f 3542/3132 902/3133 3544/3131
f 3543/3134 3544/3131 902/3133
f 3548/3135 3547/3136 3543/3134
f 904/3129 3543/3134 3547/3136
f 213/3137 3546/3138 3545/3139
f 3548/3135 3545/3139 3546/3138
f 3550/3140 3423/2971 3540/3130
f 871/2965 3540/3130 3423/2971
f 903/3141 3549/3142 3547/3136
f 3550/3140 3547/3136 3549/3142
f 3549/3142 3553/3143 202/2969
f 3432/2982 202/2969 3553/3143
f 907/3144 3552/3145 3551/3146
f 3553/3143 3551/3146 3552/3145
f 3546/3138 3556/3147 903/3141
f 3551/3146 903/3141 3556/3147
f 905/3148 3555/3149 3554/3150
f 3556/3147 3554/3150 3555/3149
f 3560/3151 3559/3152 3555/3149
f 907/3144 3555/3149 3559/3152
f 214/3153 3558/3154 3557/3155
f 3560/3151 3557/3155 3558/3154
f 3562/3156 3435/2987 3552/3145
f 874/2980 3552/3145 3435/2987
f 906/3157 3561/3158 3559/3152
f 3562/3156 3559/3152 3561/3158
f 3565/3159 3444/2998 3561/3158
f 203/2985 3561/3158 3444/2998
f 3565/3159 3563/3160 3564/3161
f 910/3162 3564/3161 3563/3160
f 3568/3163 3563/3160 3558/3154
f 906/3157 3558/3154 3563/3160
f 908/3164 3567/3165 3566/3166
f 3568/3163 3566/3166 3567/3165
f 910/3162 3567/3165 3571/3167
f 3572/3168 3571/3167 3567/3165
f 215/3169 3570/3170 3569/3171
f 3572/3168 3569/3171 3570/3170
f 877/2996 3564/3161 3447/3001
f 3574/3172 3447/3001 3564/3161
f 909/3173 3573/3174 3571/3167
f 3574/3172 3571/3167 3573/3174
f 205/3175 3575/3176 3458/3016
f 3578/3177 3458/3016 3575/3176
f 3578/3177 3576/3178 3577/3179
f 914/3180 3577/3179 3576/3178
f 911/3181 3579/3182 3576/3178
f 3582/3183 3576/3178 3579/3182
f 3582/3183 3580/3184 3581/3185
f 912/3186 3581/3185 3580/3184
f 914/3180 3581/3185 3585/3187
f 3586/3188 3585/3187 3581/3185
f 3583/3189 217/3190 3586/3188
f 3584/3191 3586/3188 217/3190
f 3577/3179 3588/3192 881/3017
f 3461/3021 881/3017 3588/3192
f 3585/3187 913/3193 3588/3192
f 3587/3194 3588/3192 913/3193
f 3587/3194 3591/3195 206/3022
f 3470/3032 206/3022 3591/3195
f 3589/3196 917/3197 3591/3195
f 3590/3198 3591/3195 917/3197
f 3584/3191 3594/3199 913/3193
f 3589/3196 913/3193 3594/3199
f 3592/3200 915/3201 3594/3199
f 3593/3202 3594/3199 915/3201
f 3593/3202 3598/3203 917/3197
f 3597/3204 917/3197 3598/3203
f 3595/3205 218/3206 3598/3203
f 3596/3207 3598/3203 218/3206
f 3590/3198 3600/3208 884/3033
f 3473/3037 884/3033 3600/3208
f 3597/3204 916/3209 3600/3208
f 3599/3210 3600/3208 916/3209
f 3599/3210 3603/3211 207/3038
f 3482/3048 207/3038 3603/3211
f 3601/3212 920/3213 3603/3211
f 3602/3214 3603/3211 920/3213
f 3596/3207 3606/3215 916/3209
f 3601/3212 916/3209 3606/3215
f 3604/3216 918/3217 3606/3215
f 3605/3218 3606/3215 918/3217
f 3605/3218 3610/3219 920/3213
f 3609/3220 920/3213 3610/3219
f 3607/3221 219/3222 3610/3219
f 3608/3223 3610/3219 219/3222
f 3602/3214 3612/3224 887/3049
f 3485/3053 887/3049 3612/3224
f 3609/3220 919/3225 3612/3224
f 3611/3226 3612/3224 919/3225
f 3611/3226 3615/3227 208/3054
f 3494/3064 208/3054 3615/3227
f 3613/3228 923/3229 3615/3227
f 3614/3230 3615/3227 923/3229
f 3608/3223 3618/3231 919/3225
f 3613/3228 919/3225 3618/3231
f 3616/3232 921/3233 3618/3231
f 3617/3234 3618/3231 921/3233
f 3617/3234 3622/3235 923/3229
f 3621/3236 923/3229 3622/3235
f 3619/3237 220/3238 3622/3235
f 3620/3239 3622/3235 220/3238
f 3614/3230 3624/3240 890/3065
f 3497/3071 890/3065 3624/3240
f 3621/3236 922/3241 3624/3240
f 3623/3242 3624/3240 922/3241
f 3623/3242 3627/3243 209/3069
f 3506/3082 209/3069 3627/3243
f 3625/3244 926/3245 3627/3243
f 3626/3246 3627/3243 926/3245
f 3620/3239 3630/3247 922/3241
f 3625/3244 922/3241 3630/3247
f 3628/3248 924/3249 3630/3247
f 3629/3250 3630/3247 924/3249
f 3634/3251 3633/3252 3629/3250
f 926/3245 3629/3250 3633/3252
f 221/3253 3632/3254 3631/3255
f 3634/3251 3631/3255 3632/3254
f 3636/3256 3509/3087 3626/3246
f 893/3080 3626/3246 3509/3087
f 925/3257 3635/3258 3633/3252
f 3636/3256 3633/3252 3635/3258
f 3639/3259 3518/3102 3635/3260
f 210/3261 3635/3260 3518/3102
f 929/3262 3638/3263 3637/3264
f 3639/3259 3637/3264 3638/3263
f 3642/3265 3637/3264 3632/3266
f 925/3267 3632/3266 3637/3264
f 927/3268 3641/3269 3640/3270
f 3642/3265 3640/3270 3641/3269
f 3646/3271 3645/3272 3641/3269
f 929/3262 3641/3269 3645/3272
f 222/3273 3644/3274 3643/3275
f 3646/3271 3643/3275 3644/3274
f 3648/3276 3521/3107 3638/3263
f 896/3100 3638/3263 3521/3107
f 928/3277 3647/3278 3645/3272
f 3648/3276 3645/3272 3647/3278
f 3647/3278 3651/3279 211/3105
f 3530/3116 211/3105 3651/3279
f 3649/3280 932/3281 3651/3279
f 3650/3282 3651/3279 932/3281
f 3654/3283 3649/3280 3644/3274
f 928/3277 3644/3274 3649/3280
f 3652/3284 930/3285 3654/3283
f 3653/3286 3654/3283 930/3285
f 3658/3287 3657/3288 3653/3286
f 932/3281 3653/3286 3657/3288
f 223/3289 3656/3290 3655/3291
f 3658/3287 3655/3291 3656/3290
f 3660/3292 3533/3123 3650/3282
f 899/3117 3650/3282 3533/3123
f 931/3293 3659/3294 3657/3288
f 3660/3292 3657/3288 3659/3294
f 3659/3294 3663/3295 212/3121
f 3542/3132 212/3121 3663/3295
f 3661/3296 935/3297 3663/3295
f 3662/3298 3663/3295 935/3297
f 3656/3290 3666/3299 931/3293
f 3661/3296 931/3293 3666/3299
f 3664/3300 933/3301 3666/3299
f 3665/3302 3666/3299 933/3301
f 3670/3303 3669/3304 3665/3302
f 935/3297 3665/3302 3669/3304
f 224/3305 3668/3306 3667/3307
f 3670/3303 3667/3307 3668/3306
f 3672/3308 3545/3139 3662/3298
f 902/3133 3662/3298 3545/3139
f 934/3309 3671/3310 3669/3304
f 3672/3308 3669/3304 3671/3310
f 3671/3310 3675/3311 213/3137
f 3554/3150 213/3137 3675/3311
f 938/3312 3674/3313 3673/3314
f 3675/3311 3673/3314 3674/3313
f 3668/3306 3678/3315 934/3309
f 3673/3314 934/3309 3678/3315
f 3676/3316 936/3317 3678/3315
f 3677/3318 3678/3315 936/3317
f 3677/3318 3682/3319 938/3312
f 3681/3320 938/3312 3682/3319
f 3680/3321 3682/3319 225/3322
f 3679/3323 225/3322 3682/3319
f 3684/3324 3557/3155 3674/3313
f 905/3148 3674/3313 3557/3155
f 937/3325 3683/3326 3681/3320
f 3684/3324 3681/3320 3683/3326
f 3687/3327 3566/3166 3683/3326
f 214/3153 3683/3326 3566/3166
f 941/3328 3686/3329 3685/3330
f 3687/3327 3685/3330 3686/3329
f 3685/3330 937/3325 3690/3331
f 3680/3321 3690/3331 937/3325
f 3689/3332 3690/3331 939/3333
f 3688/3334 939/3333 3690/3331
f 3693/3335 941/3328 3694/3336
f 3689/3332 3694/3336 941/3328
f 3692/3337 3694/3336 226/3338
f 3691/3339 226/3338 3694/3336
f 3569/3171 908/3164 3696/3340
f 3686/3329 3696/3340 908/3164
f 3695/3341 3696/3340 940/3342
f 3693/3335 940/3342 3696/3340
f 3580/3184 216/3343 3700/3344
f 3697/3345 3700/3344 216/3343
f 3698/3346 945/3347 3700/3344
f 3699/3348 3700/3344 945/3347
f 3701/3349 3704/3350 942/3351
f 3698/3346 942/3351 3704/3350
f 3702/3352 943/3353 3704/3350
f 3703/3354 3704/3350 943/3353
f 3703/3354 3708/3355 945/3347
f 3707/3356 945/3347 3708/3355
f 3705/3357 228/3358 3708/3355
f 3706/3359 3708/3355 228/3358
f 3699/3348 3710/3360 912/3186
f 3583/3189 912/3186 3710/3360
f 3707/3356 944/3361 3710/3360
f 3709/3362 3710/3360 944/3361
f 3709/3362 3713/3363 217/3190
f 3592/3200 217/3190 3713/3363
f 3711/3364 948/3365 3713/3363
f 3712/3366 3713/3363 948/3365
f 3706/3359 3716/3367 944/3361
f 3711/3364 944/3361 3716/3367
f 3714/3368 946/3369 3716/3367
f 3715/3370 3716/3367 946/3369
f 3715/3370 3720/3371 948/3365
f 3719/3372 948/3365 3720/3371
f 3717/3373 229/3374 3720/3371
f 3718/3375 3720/3371 229/3374
f 3712/3366 3722/3376 915/3201
f 3595/3205 915/3201 3722/3376
f 3719/3372 947/3377 3722/3376
f 3721/3378 3722/3376 947/3377
f 3721/3378 3725/3379 218/3206
f 3604/3216 218/3206 3725/3379
f 3725/3379 3723/3380 3724/3381
f 951/3382 3724/3381 3723/3380
f 947/3377 3718/3375 3723/3380
f 3728/3383 3723/3380 3718/3375
f 3728/3383 3726/3384 3727/3385
f 949/3386 3727/3385 3726/3384
f 951/3382 3727/3385 3731/3387
f 3732/3388 3731/3387 3727/3385
f 3732/3388 3729/3389 3730/3390
f 230/3391 3730/3390 3729/3389
f 918/3217 3724/3381 3607/3221
f 3734/3392 3607/3221 3724/3381
f 3734/3392 3731/3387 3733/3393
f 950/3394 3733/3393 3731/3387
f 219/3222 3733/3393 3616/3232
f 3737/3395 3616/3232 3733/3393
f 3737/3395 3735/3396 3736/3397
f 954/3398 3736/3397 3735/3396
f 950/3394 3730/3390 3735/3396
f 3740/3399 3735/3396 3730/3390
f 3740/3399 3738/3400 3739/3401
f 952/3402 3739/3401 3738/3400
f 954/3398 3739/3401 3743/3403
f 3744/3404 3743/3403 3739/3401
f 3744/3404 3741/3405 3742/3406
f 231/3407 3742/3406 3741/3405
f 921/3233 3736/3397 3619/3237
f 3746/3408 3619/3237 3736/3397
f 3746/3408 3743/3403 3745/3409
f 953/3410 3745/3409 3743/3403
f 3628/3248 220/3238 3749/3411
f 3745/3409 3749/3411 220/3238
f 3749/3411 3747/3412 3748/3413
f 957/3414 3748/3413 3747/3412
f 953/3410 3742/3406 3747/3412
f 3752/3415 3747/3412 3742/3406
f 3752/3415 3750/3416 3751/3417
f 955/3418 3751/3417 3750/3416
f 3755/3419 957/3414 3756/3420
f 3751/3417 3756/3420 957/3414
f 3754/3421 3756/3420 232/3422
f 3753/3423 232/3422 3756/3420
f 3631/3255 924/3249 3758/3424
f 3748/3413 3758/3424 924/3249
f 3757/3425 3758/3424 956/3426
f 3755/3419 956/3426 3758/3424
f 3640/3270 221/3427 3761/3428
f 3757/3429 3761/3428 221/3427
f 3760/3430 3761/3428 960/3431
f 3759/3432 960/3431 3761/3428
f 3759/3432 956/3433 3764/3434
f 3754/3435 3764/3434 956/3433
f 3763/3436 3764/3434 958/3437
f 3762/3438 958/3437 3764/3434
f 3767/3439 960/3431 3768/3440
f 3763/3436 3768/3440 960/3431
f 3766/3441 3768/3440 233/3442
f 3765/3443 233/3442 3768/3440
f 3643/3275 927/3268 3770/3444
f 3760/3430 3770/3444 927/3268
f 3769/3445 3770/3444 959/3446
f 3767/3439 959/3446 3770/3444
f 222/3273 3769/3445 3652/3284
f 3773/3447 3652/3284 3769/3445
f 3773/3447 3771/3448 3772/3449
f 963/3450 3772/3449 3771/3448
f 959/3446 3766/3441 3771/3448
f 3776/3451 3771/3448 3766/3441
f 3776/3451 3774/3452 3775/3453
f 961/3454 3775/3453 3774/3452
f 3779/3455 963/3450 3780/3456
f 3775/3453 3780/3456 963/3450
f 3778/3457 3780/3456 234/3458
f 3777/3459 234/3458 3780/3456
f 3655/3291 930/3285 3782/3460
f 3772/3449 3782/3460 930/3285
f 3781/3461 3782/3460 962/3462
f 3779/3455 962/3462 3782/3460
f 223/3289 3781/3461 3664/3300
f 3785/3463 3664/3300 3781/3461
f 3785/3463 3783/3464 3784/3465
f 966/3466 3784/3465 3783/3464
f 962/3462 3778/3457 3783/3464
f 3788/3467 3783/3464 3778/3457
f 3788/3467 3786/3468 3787/3469
f 964/3470 3787/3469 3786/3468
f 3791/3471 966/3466 3792/3472
f 3787/3469 3792/3472 966/3466
f 3790/3473 3792/3472 235/3474
f 3789/3475 235/3474 3792/3472
f 3667/3307 933/3301 3794/3476
f 3784/3465 3794/3476 933/3301
f 3793/3477 3794/3476 965/3478
f 3791/3471 965/3478 3794/3476
f 224/3305 3793/3477 3676/3316
f 3797/3479 3676/3316 3793/3477
f 3796/3480 3797/3479 969/3481
f 3795/3482 969/3481 3797/3479
f 965/3478 3790/3473 3795/3482
f 3800/3483 3795/3482 3790/3473
f 3799/3484 3800/3483 967/3485
f 3798/3486 967/3485 3800/3483
f 3803/3487 969/3481 3804/3488
f 3799/3484 3804/3488 969/3481
f 3802/3489 3804/3488 236/3490
f 3801/3491 236/3490 3804/3488
f 3679/3323 936/3317 3806/3492
f 3796/3480 3806/3492 936/3317
f 3805/3493 3806/3492 968/3494
f 3803/3487 968/3494 3806/3492
f 3688/3334 225/3322 3809/3495
f 3805/3493 3809/3495 225/3322
f 3808/3496 3809/3495 972/3497
f 3807/3498 972/3497 3809/3495
f 3807/3498 968/3494 3812/3499
f 3802/3489 3812/3499 968/3494
f 3811/3500 3812/3499 970/3501
f 3810/3502 970/3501 3812/3499
f 3815/3503 972/3497 3816/3504
f 3811/3500 3816/3504 972/3497
f 3814/3505 3816/3504 237/3506
f 3813/3507 237/3506 3816/3504
f 3691/3339 939/3333 3818/3508
f 3808/3496 3818/3508 939/3333
f 3817/3509 3818/3508 971/3510
f 3815/3503 971/3510 3818/3508
f 3819/3511 3822/3512 227/3513
f 3702/3352 227/3513 3822/3512
f 3821/3514 3822/3512 976/3515
f 3820/3516 976/3515 3822/3512
f 3820/3516 973/3517 3826/3518
f 3823/3519 3826/3518 973/3517
f 3825/3520 3826/3518 974/3521
f 3824/3522 974/3521 3826/3518
f 3829/3523 976/3515 3830/3524
f 3825/3520 3830/3524 976/3515
f 3828/3525 3830/3524 239/3526
f 3827/3527 239/3526 3830/3524
f 3821/3514 3832/3528 943/3353
f 3705/3357 943/3353 3832/3528
f 3829/3523 975/3529 3832/3528
f 3831/3530 3832/3528 975/3529
f 3831/3530 3835/3531 228/3358
f 3714/3368 228/3358 3835/3531
f 3833/3532 979/3533 3835/3531
f 3834/3534 3835/3531 979/3533
f 3833/3532 975/3529 3838/3535
f 3828/3525 3838/3535 975/3529
f 3837/3536 3838/3535 977/3537
f 3836/3538 977/3537 3838/3535
f 3841/3539 979/3533 3842/3540
f 3837/3536 3842/3540 979/3533
f 3840/3541 3842/3540 240/3542
f 3839/3543 240/3542 3842/3540
f 3834/3534 3844/3544 946/3369
f 3717/3373 946/3369 3844/3544
f 3843/3545 3844/3544 978/3546
f 3841/3539 978/3546 3844/3544
f 229/3374 3843/3545 3726/3384
f 3847/3547 3726/3384 3843/3545
f 3847/3547 3845/3548 3846/3549
f 982/3550 3846/3549 3845/3548
f 978/3546 3840/3541 3845/3548
f 3850/3551 3845/3548 3840/3541
f 3850/3551 3848/3552 3849/3553
f 980/3554 3849/3553 3848/3552
f 982/3550 3849/3553 3853/3555
f 3854/3556 3853/3555 3849/3553
f 3854/3556 3851/3557 3852/3558
f 241/3559 3852/3558 3851/3557
f 949/3386 3846/3549 3729/3389
f 3856/3560 3729/3389 3846/3549
f 3856/3560 3853/3555 3855/3561
f 981/3562 3855/3561 3853/3555
f 230/3391 3855/3561 3738/3400
f 3859/3563 3738/3400 3855/3561
f 3859/3563 3857/3564 3858/3565
f 985/3566 3858/3565 3857/3564
f 981/3562 3852/3558 3857/3564
f 3862/3567 3857/3564 3852/3558
f 3861/3568 3862/3567 983/3569
f 3860/3570 983/3569 3862/3567
f 3865/3571 985/3566 3866/3572
f 3861/3568 3866/3572 985/3566
f 3864/3573 3866/3572 242/3574
f 3863/3575 242/3574 3866/3572
f 952/3402 3858/3565 3741/3405
f 3868/3576 3741/3405 3858/3565
f 3867/3577 3868/3576 984/3578
f 3865/3571 984/3578 3868/3576
f 3750/3416 231/3407 3871/3579
f 3867/3577 3871/3579 231/3407
f 3870/3580 3871/3579 988/3581
f 3869/3582 988/3581 3871/3579
f 3869/3582 984/3578 3874/3583
f 3864/3573 3874/3583 984/3578
f 3873/3584 3874/3583 986/3585
f 3872/3586 986/3585 3874/3583
f 3877/3587 988/3581 3878/3588
f 3873/3584 3878/3588 988/3581
f 3876/3589 3878/3588 243/3590
f 3875/3591 243/3590 3878/3588
f 3753/3423 955/3418 3880/3592
f 3870/3580 3880/3592 955/3418
f 3879/3593 3880/3592 987/3594
f 3877/3587 987/3594 3880/3592
f 3762/3438 232/3595 3883/3596
f 3879/3597 3883/3596 232/3595
f 3882/3598 3883/3596 991/3599
f 3881/3600 991/3599 3883/3596
f 3881/3600 987/3601 3886/3602
f 3876/3603 3886/3602 987/3601
f 3886/3602 3884/3604 3885/3605
f 989/3606 3885/3605 3884/3604
f 3889/3607 991/3599 3890/3608
f 3885/3605 3890/3608 991/3599
f 3888/3609 3890/3608 244/3610
f 3887/3611 244/3610 3890/3608
f 3765/3443 958/3437 3892/3612
f 3882/3598 3892/3612 958/3437
f 3891/3613 3892/3612 990/3614
f 3889/3607 990/3614 3892/3612
f 233/3442 3891/3613 3774/3452
f 3895/3615 3774/3452 3891/3613
f 3895/3615 3893/3616 3894/3617
f 994/3618 3894/3617 3893/3616
f 990/3614 3888/3609 3893/3616
f 3898/3619 3893/3616 3888/3609
f 3898/3619 3896/3620 3897/3621
f 992/3622 3897/3621 3896/3620
f 3901/3623 994/3618 3902/3624
f 3897/3621 3902/3624 994/3618
f 3900/3625 3902/3624 245/3626
f 3899/3627 245/3626 3902/3624
f 3777/3459 961/3454 3904/3628
f 3894/3617 3904/3628 961/3454
f 3903/3629 3904/3628 993/3630
f 3901/3623 993/3630 3904/3628
f 234/3458 3903/3629 3786/3468
f 3907/3631 3786/3468 3903/3629
f 3907/3631 3905/3632 3906/3633
f 997/3634 3906/3633 3905/3632
f 993/3630 3900/3625 3905/3632
f 3910/3635 3905/3632 3900/3625
f 3910/3635 3908/3636 3909/3637
f 995/3638 3909/3637 3908/3636
f 3913/3639 997/3634 3914/3640
f 3909/3637 3914/3640 997/3634
f 3912/3641 3914/3640 246/3642
f 3911/3643 246/3642 3914/3640
f 3789/3475 964/3470 3916/3644
f 3906/3633 3916/3644 964/3470
f 3915/3645 3916/3644 996/3646
f 3913/3639 996/3646 3916/3644
f 235/3474 3915/3645 3798/3486
f 3919/3647 3798/3486 3915/3645
f 3918/3648 3919/3647 1000/3649
f 3917/3650 1000/3649 3919/3647
f 996/3646 3912/3641 3917/3650
f 3922/3651 3917/3650 3912/3641
f 3922/3651 3920/3652 3921/3653
f 998/3654 3921/3653 3920/3652
f 3925/3655 1000/3649 3926/3656
f 3921/3653 3926/3656 1000/3649
f 3924/3657 3926/3656 247/3658
f 3923/3659 247/3658 3926/3656
f 3801/3491 967/3485 3928/3660
f 3918/3648 3928/3660 967/3485
f 3927/3661 3928/3660 999/3662
f 3925/3655 999/3662 3928/3660
f 3810/3502 236/3490 3931/3663
f 3927/3661 3931/3663 236/3490
f 3930/3664 3931/3663 1003/3665
f 3929/3666 1003/3665 3931/3663
f 3929/3666 999/3662 3934/3667
f 3924/3657 3934/3667 999/3662
f 3934/3667 3932/3668 3933/3669
f 1001/3670 3933/3669 3932/3668
f 3937/3671 1003/3665 3938/3672
f 3933/3669 3938/3672 1003/3665
f 3936/3673 3938/3672 248/3674
f 3935/3675 248/3674 3938/3672
f 3813/3507 970/3501 3940/3676
f 3930/3664 3940/3676 970/3501
f 3939/3677 3940/3676 1002/3678
f 3937/3671 1002/3678 3940/3676
f 3824/3522 238/3679 3944/3680
f 3941/3681 3944/3680 238/3679
f 3944/3680 3942/3682 3943/3683
f 1007/3684 3943/3683 3942/3682
f 1004/3685 3945/3686 3942/3682
f 3948/3687 3942/3682 3945/3686
f 3948/3687 3946/3688 3947/3689
f 1005/3690 3947/3689 3946/3688
f 1007/3684 3947/3689 3951/3691
f 3952/3692 3951/3691 3947/3689
f 3952/3692 3949/3693 3950/3694
f 250/3695 3950/3694 3949/3693
f 3827/3527 974/3521 3954/3696
f 3943/3683 3954/3696 974/3521
f 3954/3696 3951/3691 3953/3697
f 1006/3698 3953/3697 3951/3691
f 3836/3538 239/3526 3957/3699
f 3953/3697 3957/3699 239/3526
f 3957/3699 3955/3700 3956/3701
f 1010/3702 3956/3701 3955/3700
f 1006/3698 3950/3694 3955/3700
f 3960/3703 3955/3700 3950/3694
f 3960/3703 3958/3704 3959/3705
f 1008/3706 3959/3705 3958/3704
f 1010/3702 3959/3705 3963/3707
f 3964/3708 3963/3707 3959/3705
f 3964/3708 3961/3709 3962/3710
f 251/3711 3962/3710 3961/3709
f 3839/3543 977/3537 3966/3712
f 3956/3701 3966/3712 977/3537
f 3966/3712 3963/3707 3965/3713
f 1009/3714 3965/3713 3963/3707
f 240/3542 3965/3713 3848/3552
f 3969/3715 3848/3552 3965/3713
f 3969/3715 3967/3716 3968/3717
f 1013/3718 3968/3717 3967/3716
f 1009/3714 3962/3710 3967/3716
f 3972/3719 3967/3716 3962/3710
f 3972/3719 3970/3720 3971/3721
f 1011/3722 3971/3721 3970/3720
f 1013/3718 3971/3721 3975/3723
f 3976/3724 3975/3723 3971/3721
f 3976/3724 3973/3725 3974/3726
f 252/3727 3974/3726 3973/3725
f 980/3554 3968/3717 3851/3557
f 3978/3728 3851/3557 3968/3717
f 3978/3728 3975/3723 3977/3729
f 1012/3730 3977/3729 3975/3723
f 3860/3570 241/3559 3981/3731
f 3977/3729 3981/3731 241/3559
f 3981/3731 3979/3732 3980/3733
f 1016/3734 3980/3733 3979/3732
f 1012/3730 3974/3726 3979/3732
f 3984/3735 3979/3732 3974/3726
f 3984/3735 3982/3736 3983/3737
f 1014/3738 3983/3737 3982/3736
f 1016/3734 3983/3737 3987/3739
f 3988/3740 3987/3739 3983/3737
f 3988/3740 3985/3741 3986/3742
f 253/3743 3986/3742 3985/3741
f 3863/3575 983/3569 3990/3744
f 3980/3733 3990/3744 983/3569
f 3990/3744 3987/3739 3989/3745
f 1015/3746 3989/3745 3987/3739
f 3872/3586 242/3574 3993/3747
f 3989/3745 3993/3747 242/3574
f 3993/3747 3991/3748 3992/3749
f 1019/3750 3992/3749 3991/3748
f 1015/3746 3986/3742 3991/3748
f 3996/3751 3991/3748 3986/3742
f 3996/3751 3994/3752 3995/3753
f 1017/3754 3995/3753 3994/3752
f 1019/3750 3995/3753 3999/3755
f 4000/3756 3999/3755 3995/3753
f 4000/3756 3997/3757 3998/3758
f 254/3759 3998/3758 3997/3757
f 3875/3591 986/3585 4002/3760
f 3992/3749 4002/3760 986/3585
f 4002/3760 3999/3755 4001/3761
f 1018/3762 4001/3761 3999/3755
f 243/3763 4001/3764 3884/3604
f 4005/3765 3884/3604 4001/3764
f 4005/3765 4003/3766 4004/3767
f 1022/3768 4004/3767 4003/3766
f 1018/3769 3998/3770 4003/3766
f 4008/3771 4003/3766 3998/3770
f 4008/3771 4006/3772 4007/3773
f 1020/3774 4007/3773 4006/3772
f 1022/3768 4007/3773 4011/3775
f 4012/3776 4011/3775 4007/3773
f 4012/3776 4009/3777 4010/3778
f 255/3779 4010/3778 4009/3777
f 3887/3611 989/3606 4014/3780
f 4004/3767 4014/3780 989/3606
f 4014/3780 4011/3775 4013/3781
f 1021/3782 4013/3781 4011/3775
f 244/3610 4013/3781 3896/3620
f 4017/3783 3896/3620 4013/3781
f 4017/3783 4015/3784 4016/3785
f 1025/3786 4016/3785 4015/3784
f 1021/3782 4010/3778 4015/3784
f 4020/3787 4015/3784 4010/3778
f 4020/3787 4018/3788 4019/3789
f 1023/3790 4019/3789 4018/3788
f 1025/3786 4019/3789 4023/3791
f 4024/3792 4023/3791 4019/3789
f 4024/3792 4021/3793 4022/3794
f 256/3795 4022/3794 4021/3793
f 3899/3627 992/3622 4026/3796
f 4016/3785 4026/3796 992/3622
f 4026/3796 4023/3791 4025/3797
f 1024/3798 4025/3797 4023/3791
f 245/3626 4025/3797 3908/3636
f 4029/3799 3908/3636 4025/3797
f 4029/3799 4027/3800 4028/3801
f 1028/3802 4028/3801 4027/3800
f 1024/3798 4022/3794 4027/3800
f 4032/3803 4027/3800 4022/3794
f 4032/3803 4030/3804 4031/3805
f 1026/3806 4031/3805 4030/3804
f 1028/3802 4031/3805 4035/3807
f 4036/3808 4035/3807 4031/3805
f 4036/3808 4033/3809 4034/3810
f 257/3811 4034/3810 4033/3809
f 3911/3643 995/3638 4038/3812
f 4028/3801 4038/3812 995/3638
f 4038/3812 4035/3807 4037/3813
f 1027/3814 4037/3813 4035/3807
f 246/3642 4037/3813 3920/3652
f 4041/3815 3920/3652 4037/3813
f 4041/3815 4039/3816 4040/3817
f 1031/3818 4040/3817 4039/3816
f 1027/3814 4034/3810 4039/3816
f 4044/3819 4039/3816 4034/3810
f 4044/3819 4042/3820 4043/3821
f 1029/3822 4043/3821 4042/3820
f 1031/3818 4043/3821 4047/3823
f 4048/3824 4047/3823 4043/3821
f 4048/3824 4045/3825 4046/3826
f 258/3827 4046/3826 4045/3825
f 3923/3659 998/3654 4050/3828
f 4040/3817 4050/3828 998/3654
f 4050/3828 4047/3823 4049/3829
f 1030/3830 4049/3829 4047/3823
f 247/3658 4049/3829 3932/3668
f 4053/3831 3932/3668 4049/3829
f 4053/3831 4051/3832 4052/3833
f 1034/3834 4052/3833 4051/3832
f 1030/3830 4046/3826 4051/3832
f 4056/3835 4051/3832 4046/3826
f 4056/3835 4054/3836 4055/3837
f 1032/3838 4055/3837 4054/3836
f 1034/3834 4055/3837 4059/3839
f 4060/3840 4059/3839 4055/3837
f 4060/3840 4057/3841 4058/3842
f 259/3843 4058/3842 4057/3841
f 3935/3675 1001/3670 4062/3844
f 4052/3833 4062/3844 1001/3670
f 4062/3844 4059/3839 4061/3845
f 1033/3846 4061/3845 4059/3839
f 249/3847 4063/3848 3946/3688
f 4066/3849 3946/3688 4063/3848
f 4066/3849 4064/3850 4065/3851
f 1038/3852 4065/3851 4064/3850
f 1035/3853 4067/3854 4064/3850
f 4070/3855 4064/3850 4067/3854
f 4070/3855 4068/3856 4069/3857
f 1036/3858 4069/3857 4068/3856
f 1038/3852 4069/3857 4073/3859
f 4074/3860 4073/3859 4069/3857
f 4074/3860 4071/3861 4072/3862
f 261/3863 4072/3862 4071/3861
f 1005/3690 4065/3851 3949/3693
f 4076/3864 3949/3693 4065/3851
f 4076/3864 4073/3859 4075/3865
f 1037/3866 4075/3865 4073/3859
f 250/3695 4075/3865 3958/3704
f 4079/3867 3958/3704 4075/3865
f 4079/3867 4077/3868 4078/3869
f 1041/3870 4078/3869 4077/3868
f 1037/3866 4072/3862 4077/3868
f 4082/3871 4077/3868 4072/3862
f 4082/3871 4080/3872 4081/3873
f 1039/3874 4081/3873 4080/3872
f 1041/3870 4081/3873 4085/3875
f 4086/3876 4085/3875 4081/3873
f 4086/3876 4083/3877 4084/3878
f 262/3879 4084/3878 4083/3877
f 1008/3706 4078/3869 3961/3709
f 4088/3880 3961/3709 4078/3869
f 4088/3880 4085/3875 4087/3881
f 1040/3882 4087/3881 4085/3875
f 251/3711 4087/3881 3970/3720
f 4091/3883 3970/3720 4087/3881
f 4091/3883 4089/3884 4090/3885
f 1044/3886 4090/3885 4089/3884
f 1040/3882 4084/3878 4089/3884
f 4094/3887 4089/3884 4084/3878
f 4094/3887 4092/3888 4093/3889
f 1042/3890 4093/3889 4092/3888
f 1044/3886 4093/3889 4097/3891
f 4098/3892 4097/3891 4093/3889
f 4098/3892 4095/3893 4096/3894
f 263/3895 4096/3894 4095/3893
f 1011/3722 4090/3885 3973/3725
f 4100/3896 3973/3725 4090/3885
f 4100/3896 4097/3891 4099/3897
f 1043/3898 4099/3897 4097/3891
f 252/3727 4099/3897 3982/3736
f 4103/3899 3982/3736 4099/3897
f 4103/3899 4101/3900 4102/3901
f 1047/3902 4102/3901 4101/3900
f 1043/3898 4096/3894 4101/3900
f 4106/3903 4101/3900 4096/3894
f 4106/3903 4104/3904 4105/3905
f 1045/3906 4105/3905 4104/3904
f 1047/3902 4105/3905 4109/3907
f 4110/3908 4109/3907 4105/3905
f 4110/3908 4107/3909 4108/3910
f 264/3911 4108/3910 4107/3909
f 1014/3738 4102/3901 3985/3741
f 4112/3912 3985/3741 4102/3901
f 4112/3912 4109/3907 4111/3913
f 1046/3914 4111/3913 4109/3907
f 253/3743 4111/3913 3994/3752
f 4115/3915 3994/3752 4111/3913
f 4115/3915 4113/3916 4114/3917
f 1050/3918 4114/3917 4113/3916
f 1046/3914 4108/3910 4113/3916
f 4118/3919 4113/3916 4108/3910
f 4118/3919 4116/3920 4117/3921
f 1048/3922 4117/3921 4116/3920
f 1050/3918 4117/3921 4121/3923
f 4122/3924 4121/3923 4117/3921
f 4122/3924 4119/3925 4120/3926
f 265/3927 4120/3926 4119/3925
f 1017/3754 4114/3917 3997/3757
f 4124/3928 3997/3757 4114/3917
f 4124/3928 4121/3923 4123/3929
f 1049/3930 4123/3929 4121/3923
f 254/3931 4123/3932 4006/3772
f 4127/3933 4006/3772 4123/3932
f 4127/3933 4125/3934 4126/3935
f 1053/3936 4126/3935 4125/3934
f 1049/3937 4120/3938 4125/3934
f 4130/3939 4125/3934 4120/3938
f 4130/3939 4128/3940 4129/3941
f 1051/3942 4129/3941 4128/3940
f 1053/3936 4129/3941 4133/3943
f 4134/3944 4133/3943 4129/3941
f 4134/3944 4131/3945 4132/3946
f 266/3947 4132/3946 4131/3945
f 1020/3774 4126/3935 4009/3777
f 4136/3948 4009/3777 4126/3935
f 4136/3948 4133/3943 4135/3949
f 1052/3950 4135/3949 4133/3943
f 255/3779 4135/3949 4018/3788
f 4139/3951 4018/3788 4135/3949
f 4139/3951 4137/3952 4138/3953
f 1056/3954 4138/3953 4137/3952
f 1052/3950 4132/3946 4137/3952
f 4142/3955 4137/3952 4132/3946
f 4142/3955 4140/3956 4141/3957
f 1054/3958 4141/3957 4140/3956
f 1056/3954 4141/3957 4145/3959
f 4146/3960 4145/3959 4141/3957
f 4146/3960 4143/3961 4144/3962
f 267/3963 4144/3962 4143/3961
f 1023/3790 4138/3953 4021/3793
f 4148/3964 4021/3793 4138/3953
f 4148/3964 4145/3959 4147/3965
f 1055/3966 4147/3965 4145/3959
f 256/3795 4147/3965 4030/3804
f 4151/3967 4030/3804 4147/3965
f 4151/3967 4149/3968 4150/3969
f 1059/3970 4150/3969 4149/3968
f 1055/3966 4144/3962 4149/3968
f 4154/3971 4149/3968 4144/3962
f 4154/3971 4152/3972 4153/3973
f 1057/3974 4153/3973 4152/3972
f 1059/3970 4153/3973 4157/3975
f 4158/3976 4157/3975 4153/3973
f 4158/3976 4155/3977 4156/3978
f 268/3979 4156/3978 4155/3977
f 1026/3806 4150/3969 4033/3809
f 4160/3980 4033/3809 4150/3969
f 4160/3980 4157/3975 4159/3981
f 1058/3982 4159/3981 4157/3975
f 257/3811 4159/3981 4042/3820
f 4163/3983 4042/3820 4159/3981
f 4163/3983 4161/3984 4162/3985
f 1062/3986 4162/3985 4161/3984
f 1058/3982 4156/3978 4161/3984
f 4166/3987 4161/3984 4156/3978
f 4166/3987 4164/3988 4165/3989
f 1060/3990 4165/3989 4164/3988
f 1062/3986 4165/3989 4169/3991
f 4170/3992 4169/3991 4165/3989
f 4170/3992 4167/3993 4168/3994
f 269/3995 4168/3994 4167/3993
f 1029/3822 4162/3985 4045/3825
f 4172/3996 4045/3825 4162/3985
f 4172/3996 4169/3991 4171/3997
f 1061/3998 4171/3997 4169/3991
f 258/3827 4171/3997 4054/3836
f 4175/3999 4054/3836 4171/3997
f 4175/3999 4173/4000 4174/4001
f 1065/4002 4174/4001 4173/4000
f 1061/3998 4168/3994 4173/4000
f 4178/4003 4173/4000 4168/3994
f 4178/4003 4176/4004 4177/4005
f 1063/4006 4177/4005 4176/4004
f 1065/4002 4177/4005 4181/4007
f 4182/4008 4181/4007 4177/4005
f 4182/4008 4179/4009 4180/4010
f 270/4011 4180/4010 4179/4009
f 1032/3838 4174/4001 4057/3841
f 4184/4012 4057/3841 4174/4001
f 4184/4012 4181/4007 4183/4013
f 1064/4014 4183/4013 4181/4007
f 4068/3856 260/4015 4188/4016
f 4185/4017 4188/4016 260/4015
f 4187/4018 4188/4016 1069/4019
f 4186/4020 1069/4019 4188/4016
f 4186/4020 1066/4021 4192/4022
f 4189/4023 4192/4022 1066/4021
f 4191/4024 4192/4022 1067/4025
f 4190/4026 1067/4025 4192/4022
f 4195/4027 1069/4019 4196/4028
f 4191/4024 4196/4028 1069/4019
f 4194/4029 4196/4028 272/4030
f 4193/4031 272/4030 4196/4028
f 4071/3861 1036/3858 4198/4032
f 4187/4018 4198/4032 1036/3858
f 4197/4033 4198/4032 1068/4034
f 4195/4027 1068/4034 4198/4032
f 261/3863 4197/4033 4080/3872
f 4201/4035 4080/3872 4197/4033
f 4200/4036 4201/4035 1072/4037
f 4199/4038 1072/4037 4201/4035
f 4199/4038 1068/4034 4204/4039
f 4194/4029 4204/4039 1068/4034
f 4203/4040 4204/4039 1070/4041
f 4202/4042 1070/4041 4204/4039
f 4207/4043 1072/4037 4208/4044
f 4203/4040 4208/4044 1072/4037
f 4206/4045 4208/4044 273/4046
f 4205/4047 273/4046 4208/4044
f 4083/3877 1039/3874 4210/4048
f 4200/4036 4210/4048 1039/3874
f 4209/4049 4210/4048 1071/4050
f 4207/4043 1071/4050 4210/4048
f 262/3879 4209/4049 4092/3888
f 4213/4051 4092/3888 4209/4049
f 4212/4052 4213/4051 1075/4053
f 4211/4054 1075/4053 4213/4051
f 4211/4054 1071/4050 4216/4055
f 4206/4045 4216/4055 1071/4050
f 4215/4056 4216/4055 1073/4057
f 4214/4058 1073/4057 4216/4055
f 4219/4059 1075/4053 4220/4060
f 4215/4056 4220/4060 1075/4053
f 4218/4061 4220/4060 274/4062
f 4217/4063 274/4062 4220/4060
f 4095/3893 1042/3890 4222/4064
f 4212/4052 4222/4064 1042/3890
f 4221/4065 4222/4064 1074/4066
f 4219/4059 1074/4066 4222/4064
f 263/3895 4221/4065 4104/3904
f 4225/4067 4104/3904 4221/4065
f 4225/4067 4223/4068 4224/4069
f 1078/4070 4224/4069 4223/4068
f 1074/4066 4218/4061 4223/4068
f 4228/4071 4223/4068 4218/4061
f 4227/4072 4228/4071 1076/4073
f 4226/4074 1076/4073 4228/4071
f 4231/4075 1078/4070 4232/4076
f 4227/4072 4232/4076 1078/4070
f 4230/4077 4232/4076 275/4078
f 4229/4079 275/4078 4232/4076
f 4107/3909 1045/3906 4234/4080
f 4224/4069 4234/4080 1045/3906
f 4233/4081 4234/4080 1077/4082
f 4231/4075 1077/4082 4234/4080
f 264/3911 4233/4081 4116/3920
f 4237/4083 4116/3920 4233/4081
f 4237/4083 4235/4084 4236/4085
f 1081/4086 4236/4085 4235/4084
f 1077/4082 4230/4077 4235/4084
f 4240/4087 4235/4084 4230/4077
f 4240/4087 4238/4088 4239/4089
f 1079/4090 4239/4089 4238/4088
f 4243/4091 1081/4086 4244/4092
f 4239/4089 4244/4092 1081/4086
f 4242/4093 4244/4092 276/4094
f 4241/4095 276/4094 4244/4092
f 4119/3925 1048/3922 4246/4096
f 4236/4085 4246/4096 1048/3922
f 4245/4097 4246/4096 1080/4098
f 4243/4091 1080/4098 4246/4096
f 265/4099 4245/4100 4128/3940
f 4249/4101 4128/3940 4245/4100
f 4249/4101 4247/4102 4248/4103
f 1084/4104 4248/4103 4247/4102
f 1080/4105 4242/4106 4247/4102
f 4252/4107 4247/4102 4242/4106
f 4252/4107 4250/4108 4251/4109
f 1082/4110 4251/4109 4250/4108
f 4255/4111 1084/4104 4256/4112
f 4251/4109 4256/4112 1084/4104
f 4254/4113 4256/4112 277/4114
f 4253/4115 277/4114 4256/4112
f 4131/3945 1051/3942 4258/4116
f 4248/4103 4258/4116 1051/3942
f 4257/4117 4258/4116 1083/4118
f 4255/4111 1083/4118 4258/4116
f 266/3947 4257/4117 4140/3956
f 4261/4119 4140/3956 4257/4117
f 4261/4119 4259/4120 4260/4121
f 1087/4122 4260/4121 4259/4120
f 1083/4118 4254/4113 4259/4120
f 4264/4123 4259/4120 4254/4113
f 4264/4123 4262/4124 4263/4125
f 1085/4126 4263/4125 4262/4124
f 4267/4127 1087/4122 4268/4128
f 4263/4125 4268/4128 1087/4122
f 4266/4129 4268/4128 278/4130
f 4265/4131 278/4130 4268/4128
f 4143/3961 1054/3958 4270/4132
f 4260/4121 4270/4132 1054/3958
f 4269/4133 4270/4132 1086/4134
f 4267/4127 1086/4134 4270/4132
f 267/3963 4269/4133 4152/3972
f 4273/4135 4152/3972 4269/4133
f 4273/4135 4271/4136 4272/4137
f 1090/4138 4272/4137 4271/4136
f 1086/4134 4266/4129 4271/4136
f 4276/4139 4271/4136 4266/4129
f 4276/4139 4274/4140 4275/4141
f 1088/4142 4275/4141 4274/4140
f 4279/4143 1090/4138 4280/4144
f 4275/4141 4280/4144 1090/4138
f 4278/4145 4280/4144 279/4146
f 4277/4147 279/4146 4280/4144
f 4155/3977 1057/3974 4282/4148
f 4272/4137 4282/4148 1057/3974
f 4281/4149 4282/4148 1089/4150
f 4279/4143 1089/4150 4282/4148
f 268/3979 4281/4149 4164/3988
f 4285/4151 4164/3988 4281/4149
f 4285/4151 4283/4152 4284/4153
f 1093/4154 4284/4153 4283/4152
f 1089/4150 4278/4145 4283/4152
f 4288/4155 4283/4152 4278/4145
f 4288/4155 4286/4156 4287/4157
f 1091/4158 4287/4157 4286/4156
f 4291/4159 1093/4154 4292/4160
f 4287/4157 4292/4160 1093/4154
f 4290/4161 4292/4160 280/4162
f 4289/4163 280/4162 4292/4160
f 4167/3993 1060/3990 4294/4164
f 4284/4153 4294/4164 1060/3990
f 4293/4165 4294/4164 1092/4166
f 4291/4159 1092/4166 4294/4164
f 269/3995 4293/4165 4176/4004
f 4297/4167 4176/4004 4293/4165
f 4297/4167 4295/4168 4296/4169
f 1096/4170 4296/4169 4295/4168
f 1092/4166 4290/4161 4295/4168
f 4300/4171 4295/4168 4290/4161
f 4300/4171 4298/4172 4299/4173
f 1094/4174 4299/4173 4298/4172
f 4303/4175 1096/4170 4304/4176
f 4299/4173 4304/4176 1096/4170
f 4302/4177 4304/4176 281/4178
f 4301/4179 281/4178 4304/4176
f 4179/4009 1063/4006 4306/4180
f 4296/4169 4306/4180 1063/4006
f 4305/4181 4306/4180 1095/4182
f 4303/4175 1095/4182 4306/4180
f 4190/4026 271/4183 4310/4184
f 4307/4185 4310/4184 271/4183
f 4309/4186 4310/4184 1099/4187
f 4308/4188 1099/4187 4310/4184
f 1097/4189 4311/4190 4308/4188
f 4313/4191 4308/4188 4311/4190
f 4313/4191 2948/2260 4312/4192
f 749/2279 4312/4192 2948/2260
f 1099/4187 4312/4192 4315/4193
f 4316/4194 4315/4193 4312/4192
f 4316/4194 2959/2278 4314/4195
f 151/2284 4314/4195 2959/2278
f 4193/4031 1067/4025 4318/4196
f 4309/4186 4318/4196 1067/4025
f 4317/4197 4318/4196 1098/4198
f 4315/4193 1098/4198 4318/4196
f 4202/4042 272/4030 4321/4199
f 4317/4197 4321/4199 272/4030
f 4320/4200 4321/4199 1101/4201
f 4319/4202 1101/4201 4321/4199
f 4319/4202 1098/4198 4323/4203
f 4314/4195 4323/4203 1098/4198
f 4323/4203 2963/2283 4322/4204
f 753/2299 4322/4204 2963/2283
f 4325/4205 1101/4201 4326/4206
f 4322/4204 4326/4206 1101/4201
f 4326/4206 2973/2298 4324/4207
f 152/2304 4324/4207 2973/2298
f 4205/4047 1070/4041 4328/4208
f 4320/4200 4328/4208 1070/4041
f 4327/4209 4328/4208 1100/4210
f 4325/4205 1100/4210 4328/4208
f 4214/4058 273/4046 4331/4211
f 4327/4209 4331/4211 273/4046
f 4330/4212 4331/4211 1103/4213
f 4329/4214 1103/4213 4331/4211
f 4329/4214 1100/4210 4333/4215
f 4324/4207 4333/4215 1100/4210
f 4333/4215 2977/2303 4332/4216
f 757/2319 4332/4216 2977/2303
f 4335/4217 1103/4213 4336/4218
f 4332/4216 4336/4218 1103/4213
f 4336/4218 2987/2318 4334/4219
f 153/2324 4334/4219 2987/2318
f 4217/4063 1073/4057 4338/4220
f 4330/4212 4338/4220 1073/4057
f 4337/4221 4338/4220 1102/4222
f 4335/4217 1102/4222 4338/4220
f 4226/4074 274/4062 4341/4223
f 4337/4221 4341/4223 274/4062
f 4340/4224 4341/4223 1105/4225
f 4339/4226 1105/4225 4341/4223
f 4339/4226 1102/4222 4343/4227
f 4334/4219 4343/4227 1102/4222
f 4342/4228 4343/4227 761/2338
f 2991/2323 761/2338 4343/4227
f 4345/4229 1105/4225 4346/4230
f 4342/4228 4346/4230 1105/4225
f 4344/4231 4346/4230 154/2343
f 3001/2339 154/2343 4346/4230
f 4229/4079 1076/4073 4348/4232
f 4340/4224 4348/4232 1076/4073
f 4347/4233 4348/4232 1104/4234
f 4345/4229 1104/4234 4348/4232
f 275/4078 4347/4233 4238/4088
f 4351/4235 4238/4088 4347/4233
f 4351/4235 4349/4236 4350/4237
f 1107/4238 4350/4237 4349/4236
f 4349/4236 1104/4234 4353/4239
f 4344/4231 4353/4239 1104/4234
f 4352/4240 4353/4239 765/2358
f 3005/2344 765/2358 4353/4239
f 4355/4241 1107/4238 4356/4242
f 4352/4240 4356/4242 1107/4238
f 4354/4243 4356/4242 155/4244
f 3015/2359 155/4244 4356/4242
f 4241/4095 1079/4090 4358/4245
f 4350/4237 4358/4245 1079/4090
f 4357/4246 4358/4245 1106/4247
f 4355/4241 1106/4247 4358/4245
f 276/4248 4357/4249 4250/4108
f 4361/4250 4250/4108 4357/4249
f 4361/4250 4359/4251 4360/4252
f 1109/4253 4360/4252 4359/4251
f 1106/4254 4354/4255 4359/4251
f 4363/4256 4359/4251 4354/4255
f 4363/4256 3019/2365 4362/4257
f 769/2382 4362/4257 3019/2365
f 4365/4258 1109/4253 4366/4259
f 4362/4257 4366/4259 1109/4253
f 4364/4260 4366/4259 156/2386
f 3029/2381 156/2386 4366/4259
f 4253/4115 1082/4110 4368/4261
f 4360/4252 4368/4261 1082/4110
f 4367/4262 4368/4261 1108/4263
f 4365/4258 1108/4263 4368/4261
f 277/4114 4367/4262 4262/4124
f 4371/4264 4262/4124 4367/4262
f 4371/4264 4369/4265 4370/4266
f 1111/4267 4370/4266 4369/4265
f 1108/4263 4364/4260 4369/4265
f 4373/4268 4369/4265 4364/4260
f 4373/4268 3033/2387 4372/4269
f 773/2402 4372/4269 3033/2387
f 4375/4270 1111/4267 4376/4271
f 4372/4269 4376/4271 1111/4267
f 4374/4272 4376/4271 157/2406
f 3043/2401 157/2406 4376/4271
f 4265/4131 1085/4126 4378/4273
f 4370/4266 4378/4273 1085/4126
f 4377/4274 4378/4273 1110/4275
f 4375/4270 1110/4275 4378/4273
f 278/4130 4377/4274 4274/4140
f 4381/4276 4274/4140 4377/4274
f 4381/4276 4379/4277 4380/4278
f 1113/4279 4380/4278 4379/4277
f 1110/4275 4374/4272 4379/4277
f 4383/4280 4379/4277 4374/4272
f 4383/4280 3047/2407 4382/4281
f 777/2422 4382/4281 3047/2407
f 4385/4282 1113/4279 4386/4283
f 4382/4281 4386/4283 1113/4279
f 4384/4284 4386/4283 158/2426
f 3057/2421 158/2426 4386/4283
f 4277/4147 1088/4142 4388/4285
f 4380/4278 4388/4285 1088/4142
f 4387/4286 4388/4285 1112/4287
f 4385/4282 1112/4287 4388/4285
f 279/4146 4387/4286 4286/4156
f 4391/4288 4286/4156 4387/4286
f 4391/4288 4389/4289 4390/4290
f 1115/4291 4390/4290 4389/4289
f 1112/4287 4384/4284 4389/4289
f 4393/4292 4389/4289 4384/4284
f 4393/4292 3061/2427 4392/4293
f 781/2442 4392/4293 3061/2427
f 4395/4294 1115/4291 4396/4295
f 4392/4293 4396/4295 1115/4291
f 4394/4296 4396/4295 159/2446
f 3071/2441 159/2446 4396/4295
f 4289/4163 1091/4158 4398/4297
f 4390/4290 4398/4297 1091/4158
f 4397/4298 4398/4297 1114/4299
f 4395/4294 1114/4299 4398/4297
f 280/4162 4397/4298 4298/4172
f 4401/4300 4298/4172 4397/4298
f 4401/4300 4399/4301 4400/4302
f 1117/4303 4400/4302 4399/4301
f 1114/4299 4394/4296 4399/4301
f 4403/4304 4399/4301 4394/4296
f 4403/4304 3075/2447 4402/4305
f 785/2462 4402/4305 3075/2447
f 4405/4306 1117/4303 4406/4307
f 4402/4305 4406/4307 1117/4303
f 4404/4308 4406/4307 160/4309
f 3085/2461 160/4309 4406/4307
f 4301/4179 1094/4174 4408/4310
f 4400/4302 4408/4310 1094/4174
f 4407/4311 4408/4310 1116/4312
f 4405/4306 1116/4312 4408/4310
f 183/2839 4409/4313 3331/2840
f 4412/4314 3331/2840 4409/4313
f 4412/4314 4410/4315 4411/4316
f 1121/4317 4411/4316 4410/4315
f 1118/4318 4413/4319 4410/4315
f 4416/4320 4410/4315 4413/4319
f 1119/4321 4415/4322 4414/4323
f 4416/4320 4414/4323 4415/4322
f 4420/4324 4419/4325 4415/4322
f 1121/4317 4415/4322 4419/4325
f 283/4326 4418/4327 4417/4328
f 4420/4324 4417/4328 4418/4327
f 4422/4329 3335/2846 4411/4316
f 849/2845 4411/4316 3335/2846
f 1120/4330 4421/4331 4419/4325
f 4422/4329 4419/4325 4421/4331
f 4425/4332 3453/3007 4421/4331
f 194/3009 4421/4331 3453/3007
f 4425/4332 4423/4333 4424/4334
f 1124/4335 4424/4334 4423/4333
f 4428/4336 4423/4333 4418/4327
f 1120/4330 4418/4327 4423/4333
f 1122/4337 4427/4338 4426/4339
f 4428/4336 4426/4339 4427/4338
f 1124/4335 4427/4338 4431/4340
f 4432/4341 4431/4340 4427/4338
f 4432/4341 4429/4342 4430/4343
f 284/4344 4430/4343 4429/4342
f 880/3015 4424/4334 3457/3013
f 4434/4345 3457/3013 4424/4334
f 4434/4345 4431/4340 4433/4346
f 1123/4347 4433/4346 4431/4340
f 4438/4348 4414/4349 4435/4350
f 282/4351 4435/4350 4414/4349
f 1128/4352 4437/4353 4436/4354
f 4438/4348 4436/4354 4437/4353
f 4442/4355 4436/4354 4439/4356
f 1125/4357 4439/4356 4436/4354
f 1126/4358 4441/4359 4440/4360
f 4442/4355 4440/4360 4441/4359
f 4446/4361 4445/4362 4441/4359
f 1128/4352 4441/4359 4445/4362
f 286/4363 4444/4364 4443/4365
f 4446/4361 4443/4365 4444/4364
f 4448/4366 4417/4367 4437/4353
f 1119/4368 4437/4353 4417/4367
f 1127/4369 4447/4370 4445/4362
f 4448/4366 4445/4362 4447/4370
f 4451/4371 4426/4372 4447/4370
f 283/4373 4447/4370 4426/4372
f 1131/4374 4450/4375 4449/4376
f 4451/4371 4449/4376 4450/4375
f 4454/4377 4449/4376 4444/4364
f 1127/4369 4444/4364 4449/4376
f 4452/4378 1129/4379 4454/4377
f 4453/4380 4454/4377 1129/4379
f 4458/4381 4457/4382 4453/4380
f 1131/4374 4453/4380 4457/4382
f 287/4383 4456/4384 4455/4385
f 4458/4381 4455/4385 4456/4384
f 1122/4386 4450/4375 4429/4387
f 4460/4388 4429/4387 4450/4375
f 4460/4388 4457/4382 4459/4389
f 1130/4390 4459/4389 4457/4382
f 285/4391 4461/4392 4440/4360
f 4464/4393 4440/4360 4461/4392
f 4464/4393 4462/4394 4463/4395
f 1135/4396 4463/4395 4462/4394
f 1132/4397 4465/4398 4462/4394
f 4468/4399 4462/4394 4465/4398
f 4468/4399 4466/4400 4467/4401
f 1133/4402 4467/4401 4466/4400
f 1135/4396 4467/4401 4471/4403
f 4472/4404 4471/4403 4467/4401
f 4470/4405 4472/4404 289/4406
f 4469/4407 289/4406 4472/4404
f 4474/4408 4443/4365 4463/4395
f 1126/4358 4463/4395 4443/4365
f 4473/4409 4474/4408 1134/4410
f 4471/4403 1134/4410 4474/4408
f 4473/4409 4477/4411 286/4363
f 4452/4378 286/4363 4477/4411
f 4475/4412 1138/4413 4477/4411
f 4476/4414 4477/4411 1138/4413
f 4470/4405 4480/4415 1134/4410
f 4475/4412 1134/4410 4480/4415
f 4478/4416 1136/4417 4480/4415
f 4479/4418 4480/4415 1136/4417
f 4479/4418 4484/4419 1138/4413
f 4483/4420 1138/4413 4484/4419
f 4481/4421 290/4422 4484/4419
f 4482/4423 4484/4419 290/4422
f 4476/4414 4486/4424 1129/4379
f 4455/4385 1129/4379 4486/4424
f 4483/4420 1137/4425 4486/4424
f 4485/4426 4486/4424 1137/4425
f 290/4422 4487/4427 4482/4423
f 4490/4428 4482/4423 4487/4427
f 4490/4428 4488/4429 4489/4430
f 1142/4431 4489/4430 4488/4429
f 1139/4432 4491/4433 4488/4429
f 4494/4434 4488/4429 4491/4433
f 4494/4434 4492/4435 4493/4436
f 1140/4437 4493/4436 4492/4435
f 1142/4431 4493/4436 4497/4438
f 4498/4439 4497/4438 4493/4436
f 4498/4439 4495/4440 4496/4441
f 291/4442 4496/4441 4495/4440
f 1137/4425 4489/4430 4485/4426
f 4500/4443 4485/4426 4489/4430
f 4500/4443 4497/4438 4499/4444
f 1141/4445 4499/4444 4497/4438
f 215/3169 4501/4446 3570/3170
f 4504/4447 3570/3170 4501/4446
f 4504/4447 4502/4448 4503/4449
f 1146/4450 4503/4449 4502/4448
f 4502/4448 1143/4451 4508/4452
f 4505/4453 4508/4452 1143/4451
f 4508/4452 4506/4454 4507/4455
f 1144/4456 4507/4455 4506/4454
f 1146/4450 4507/4455 4511/4457
f 4512/4458 4511/4457 4507/4455
f 4510/4459 4512/4458 294/4460
f 4509/4461 294/4460 4512/4458
f 909/3173 4503/4449 3573/3174
f 4514/4462 3573/3174 4503/4449
f 4514/4462 4511/4457 4513/4463
f 1145/4464 4513/4463 4511/4457
f 4513/4463 4517/4465 204/3003
f 3448/3002 204/3003 4517/4465
f 4515/4466 1149/4467 4517/4465
f 4516/4468 4517/4465 1149/4467
f 4515/4466 1145/4464 4520/4469
f 4510/4459 4520/4469 1145/4464
f 4518/4470 1147/4471 4520/4469
f 4519/4472 4520/4469 1147/4471
f 4519/4472 4524/4473 1149/4467
f 4523/4474 1149/4467 4524/4473
f 4522/4475 4524/4473 293/4476
f 4521/4477 293/4476 4524/4473
f 4516/4468 4526/4478 878/3006
f 3451/3005 878/3006 4526/4478
f 4523/4474 1148/4479 4526/4478
f 4525/4480 4526/4478 1148/4479
f 4506/4454 295/4481 4530/4482
f 4527/4483 4530/4482 295/4481
f 4530/4482 4528/4484 4529/4485
f 1153/4486 4529/4485 4528/4484
f 1150/4487 4531/4488 4528/4484
f 4534/4489 4528/4484 4531/4488
f 4534/4489 4532/4490 4533/4491
f 1151/4492 4533/4491 4532/4490
f 1153/4486 4533/4491 4537/4493
f 4538/4494 4537/4493 4533/4491
f 4538/4494 4535/4495 4536/4496
f 297/4497 4536/4496 4535/4495
f 1144/4456 4529/4485 4509/4461
f 4540/4498 4509/4461 4529/4485
f 4540/4498 4537/4493 4539/4499
f 1152/4500 4539/4499 4537/4493
f 4518/4470 294/4460 4543/4501
f 4539/4499 4543/4501 294/4460
f 4542/4502 4543/4501 1156/4503
f 4541/4504 1156/4503 4543/4501
f 4541/4504 1152/4500 4546/4505
f 4536/4496 4546/4505 1152/4500
f 4545/4506 4546/4505 1154/4507
f 4544/4508 1154/4507 4546/4505
f 4549/4509 1156/4503 4550/4510
f 4545/4506 4550/4510 1156/4503
f 4548/4511 4550/4510 296/4512
f 4547/4513 296/4512 4550/4510
f 4521/4477 1147/4471 4552/4514
f 4542/4502 4552/4514 1147/4471
f 4551/4515 4552/4514 1155/4516
f 4549/4509 1155/4516 4552/4514
f 4557/4517 4556/4518 4553/4519
f 323/4520 4553/4519 4556/4518
f 1160/4521 4555/4522 4554/4523
f 4557/4517 4554/4523 4555/4522
f 4560/4524 4554/4523 4558/4525
f 1157/4526 4558/4525 4554/4523
f 338/21 4559/4527 1340/2
f 4560/4524 1340/2 4559/4527
f 4563/4528 4562/4529 4559/4527
f 1160/4521 4559/4527 4562/4529
f 12/4530 4561/4531 1351/20
f 4563/4528 1351/20 4561/4531
f 4566/4532 4565/4533 4555/4522
f 1159/4534 4555/4522 4565/4533
f 1158/4535 4564/4536 4562/4529
f 4566/4532 4562/4529 4564/4536
f 1470/198 11/2053 4570/4537
f 4567/4538 4570/4537 11/2053
f 4569/4539 4570/4537 1164/4540
f 4568/4541 1164/4540 4570/4537
f 4574/4542 4568/4541 4571/4543
f 1161/4544 4571/4543 4568/4541
f 1162/4545 4573/4546 4572/4547
f 4574/4542 4572/4547 4573/4546
f 4578/4548 4577/4549 4573/4546
f 1164/4540 4573/4546 4577/4549
f 318/4550 4576/4551 4575/4552
f 4578/4548 4575/4552 4576/4551
f 1473/203 373/196 4580/4553
f 4569/4539 4580/4553 373/196
f 4579/4554 4580/4553 1163/4555
f 4577/4549 1163/4555 4580/4553
f 4584/4556 4583/4557 4564/4558
f 316/4559 4564/4558 4583/4557
f 4584/4556 4581/4560 4582/4561
f 1167/4562 4582/4561 4581/4560
f 1158/4563 4561/4564 4581/4560
f 4586/4565 4581/4560 4561/4564
f 4586/4565 1481/209 4585/4566
f 378/225 4585/4566 1481/209
f 1167/4562 4585/4566 4588/4567
f 4589/4568 4588/4567 4585/4566
f 4589/4568 1491/226 4587/4569
f 23/413 4587/4569 1491/226
f 4592/4570 4591/4571 4582/4561
f 1166/4572 4582/4561 4591/4571
f 4592/4570 4588/4567 4590/4573
f 1165/4574 4590/4573 4588/4567
f 1592/404 22/4575 4595/4576
f 4579/4577 4595/4576 22/4575
f 4594/4578 4595/4576 1170/4579
f 4593/4580 1170/4579 4595/4576
f 4598/4581 4593/4580 4576/4582
f 1163/4583 4576/4582 4593/4580
f 4597/4584 4598/4581 1168/4585
f 4596/4586 1168/4585 4598/4581
f 4601/4587 1170/4579 4602/4588
f 4597/4584 4602/4588 1170/4579
f 4600/4589 4602/4588 319/4590
f 4599/4591 319/4590 4602/4588
f 1595/409 404/402 4604/4592
f 4594/4578 4604/4592 404/402
f 4603/4593 4604/4592 1169/4594
f 4601/4587 1169/4594 4604/4592
f 4608/4595 4607/4596 4590/4573
f 317/4597 4590/4573 4607/4596
f 1173/4598 4606/4599 4605/4600
f 4608/4595 4605/4600 4606/4599
f 1165/4574 4587/4569 4605/4600
f 4610/4601 4605/4600 4587/4569
f 4610/4601 1603/414 4609/4602
f 409/428 4609/4602 1603/414
f 4613/4603 4612/4604 4609/4602
f 1173/4598 4609/4602 4612/4604
f 4613/4603 1613/429 4611/4605
f 34/581 4611/4605 1613/429
f 4616/4606 4615/4607 4606/4599
f 1172/4608 4606/4599 4615/4607
f 1171/4609 4614/4610 4612/4604
f 4616/4606 4612/4604 4614/4610
f 1714/572 33/407 4619/4611
f 4603/4593 4619/4611 33/407
f 4618/4612 4619/4611 1176/4613
f 4617/4614 1176/4613 4619/4611
f 4617/4614 1169/4594 4622/4615
f 4600/4589 4622/4615 1169/4594
f 1174/4616 4621/4617 4620/4618
f 4622/4615 4620/4618 4621/4617
f 4625/4619 1176/4613 4626/4620
f 4621/4617 4626/4620 1176/4613
f 4626/4620 4623/4621 4624/4622
f 308/4623 4624/4622 4623/4621
f 1717/577 435/570 4628/4624
f 4618/4612 4628/4624 435/570
f 4627/4625 4628/4624 1175/4626
f 4625/4619 1175/4626 4628/4624
f 4633/4627 4632/4628 4629/4629
f 314/4630 4629/4629 4632/4628
f 1180/4631 4631/4632 4630/4633
f 4633/4627 4630/4633 4631/4632
f 4636/4634 4630/4633 4634/4635
f 1177/4636 4634/4635 4630/4633
f 4636/4634 1969/918 4635/4637
f 502/932 4635/4637 1969/918
f 1180/4631 4635/4637 4638/4638
f 4639/4639 4638/4638 4635/4637
f 4639/4639 1979/933 4637/4640
f 67/1086 4637/4640 1979/933
f 4642/4641 4641/4642 4631/4632
f 1179/4643 4631/4632 4641/4642
f 4642/4641 4638/4638 4640/4644
f 1178/4645 4640/4644 4638/4638
f 66/911 4643/4646 2080/1074
f 4646/4647 2080/1074 4643/4646
f 4645/4648 4646/4647 1184/4649
f 4644/4650 1184/4649 4646/4647
f 4647/4651 4650/4652 1181/4653
f 4644/4650 1181/4653 4650/4652
f 4649/4654 4650/4652 1182/4655
f 4648/4656 1182/4655 4650/4652
f 4653/4657 1184/4649 4654/4658
f 4649/4654 4654/4658 1184/4649
f 4652/4659 4654/4658 330/4660
f 4651/4661 330/4660 4654/4658
f 2083/1079 528/1075 4656/4662
f 4645/4648 4656/4662 528/1075
f 4655/4663 4656/4662 1183/4664
f 4653/4657 1183/4664 4656/4662
f 321/4665 4640/4644 4659/4666
f 4660/4667 4659/4666 4640/4644
f 4657/4668 1187/4669 4660/4667
f 4658/4670 4660/4667 1187/4669
f 4637/4640 4662/4671 1178/4645
f 4657/4668 1178/4645 4662/4671
f 2091/1087 533/1101 4662/4671
f 4661/4672 4662/4671 533/1101
f 4661/4672 4665/4673 1187/4669
f 4664/4674 1187/4669 4665/4673
f 2101/1102 78/1254 4665/4673
f 4663/4675 4665/4673 78/1254
f 4658/4670 4668/4676 1186/4677
f 4667/4678 1186/4677 4668/4676
f 4664/4674 1185/4679 4668/4676
f 4666/4680 4668/4676 1185/4679
f 4655/4663 4671/4681 77/1080
f 2202/1242 77/1080 4671/4681
f 4669/4682 1190/4683 4671/4681
f 4670/4684 4671/4681 1190/4683
f 4669/4682 1183/4664 4674/4685
f 4652/4659 4674/4685 1183/4664
f 4672/4686 1188/4687 4674/4685
f 4673/4688 4674/4685 1188/4687
f 4673/4688 4678/4689 1190/4683
f 4677/4690 1190/4683 4678/4689
f 4675/4691 331/4692 4678/4689
f 4676/4693 4678/4689 331/4692
f 4670/4684 4680/4694 559/1243
f 2205/1247 559/1243 4680/4694
f 4677/4690 1189/4695 4680/4694
f 4679/4696 4680/4694 1189/4695
f 4666/4680 4684/4697 322/4698
f 4683/4699 322/4698 4684/4697
f 4681/4700 1193/4701 4684/4697
f 4682/4702 4684/4697 1193/4701
f 4663/4675 4686/4703 1185/4679
f 4681/4700 1185/4679 4686/4703
f 2213/1255 564/1269 4686/4703
f 4685/4704 4686/4703 564/1269
f 4685/4704 4689/4705 1193/4701
f 4688/4706 1193/4701 4689/4705
f 2223/1270 89/1422 4689/4705
f 4687/4707 4689/4705 89/1422
f 4682/4702 4692/4708 1192/4709
f 4691/4710 1192/4709 4692/4708
f 4692/4708 4688/4706 4690/4711
f 1191/4712 4690/4711 4688/4706
f 4679/4696 4695/4713 88/1248
f 2324/1410 88/1248 4695/4713
f 4693/4714 1196/4715 4695/4713
f 4694/4716 4695/4713 1196/4715
f 4676/4693 4698/4717 1189/4695
f 4693/4714 1189/4695 4698/4717
f 4696/4718 1194/4719 4698/4717
f 4697/4720 4698/4717 1194/4719
f 4697/4720 4702/4721 1196/4715
f 4701/4722 1196/4715 4702/4721
f 4699/4723 332/4724 4702/4721
f 4700/4725 4702/4721 332/4724
f 4694/4716 4704/4726 590/1411
f 2327/1415 590/1411 4704/4726
f 4704/4726 4701/4722 4703/4727
f 1195/4728 4703/4727 4701/4722
f 324/4729 4690/4711 4707/4730
f 4708/4731 4707/4730 4690/4711
f 4708/4731 4705/4732 4706/4733
f 1199/4734 4706/4733 4705/4732
f 1191/4712 4687/4707 4705/4732
f 4710/4735 4705/4732 4687/4707
f 4710/4735 2335/1423 4709/4736
f 595/1436 4709/4736 2335/1423
f 1199/4734 4709/4736 4712/4737
f 4713/4738 4712/4737 4709/4736
f 4713/4738 2345/1437 4711/4739
f 100/1589 4711/4739 2345/1437
f 1198/4740 4706/4733 4715/4741
f 4716/4742 4715/4741 4706/4733
f 4716/4742 4712/4737 4714/4743
f 1197/4744 4714/4743 4712/4737
f 99/1416 4703/4727 2446/1578
f 4719/4745 2446/1578 4703/4727
f 4719/4745 4717/4746 4718/4747
f 1202/4748 4718/4747 4717/4746
f 4700/4725 4722/4749 1195/4728
f 4717/4746 1195/4728 4722/4749
f 4722/4749 4720/4750 4721/4751
f 1200/4752 4721/4751 4720/4750
f 1202/4748 4721/4751 4725/4753
f 4726/4754 4725/4753 4721/4751
f 4726/4754 4723/4755 4724/4756
f 333/4757 4724/4756 4723/4755
f 621/1580 4718/4747 2449/1583
f 4728/4758 2449/1583 4718/4747
f 4728/4758 4725/4753 4727/4759
f 1201/4760 4727/4759 4725/4753
f 325/4761 4714/4743 4731/4762
f 4732/4763 4731/4762 4714/4743
f 4732/4763 4729/4764 4730/4765
f 1205/4766 4730/4765 4729/4764
f 1197/4744 4711/4739 4729/4764
f 4734/4767 4729/4764 4711/4739
f 4734/4767 2457/1590 4733/4768
f 626/1604 4733/4768 2457/1590
f 1205/4766 4733/4768 4736/4769
f 4737/4770 4736/4769 4733/4768
f 4737/4770 2467/1605 4735/4771
f 111/1758 4735/4771 2467/1605
f 1204/4772 4730/4765 4739/4773
f 4740/4774 4739/4773 4730/4765
f 4740/4774 4736/4769 4738/4775
f 1203/4776 4738/4775 4736/4769
f 110/1585 4727/4759 2568/1746
f 4743/4777 2568/1746 4727/4759
f 4743/4777 4741/4778 4742/4779
f 1208/4780 4742/4779 4741/4778
f 1201/4760 4724/4756 4741/4778
f 4746/4781 4741/4778 4724/4756
f 4746/4781 4744/4782 4745/4783
f 1206/4784 4745/4783 4744/4782
f 1208/4780 4745/4783 4749/4785
f 4750/4786 4749/4785 4745/4783
f 4750/4786 4747/4787 4748/4788
f 334/4789 4748/4788 4747/4787
f 652/1748 4742/4779 2571/1751
f 4752/4790 2571/1751 4742/4779
f 4752/4790 4749/4785 4751/4791
f 1207/4792 4751/4791 4749/4785
f 326/4793 4738/4775 4755/4794
f 4756/4795 4755/4794 4738/4775
f 4753/4796 1211/4797 4756/4795
f 4754/4798 4756/4795 1211/4797
f 4735/4771 4758/4799 1203/4776
f 4753/4796 1203/4776 4758/4799
f 2579/1759 657/1773 4758/4799
f 4757/4800 4758/4799 657/1773
f 4757/4800 4761/4801 1211/4797
f 4760/4802 1211/4797 4761/4801
f 2589/1774 122/1926 4761/4801
f 4759/4803 4761/4801 122/1926
f 4754/4798 4764/4804 1210/4805
f 4763/4806 1210/4805 4764/4804
f 4760/4802 1209/4807 4764/4804
f 4762/4808 4764/4804 1209/4807
f 121/1753 4751/4791 2690/1914
f 4767/4809 2690/1914 4751/4791
f 4767/4809 4765/4810 4766/4811
f 1214/4812 4766/4811 4765/4810
f 4748/4788 4770/4813 1207/4792
f 4765/4810 1207/4792 4770/4813
f 4768/4814 1212/4815 4770/4813
f 4769/4816 4770/4813 1212/4815
f 4769/4816 4774/4817 1214/4812
f 4773/4818 1214/4812 4774/4817
f 4771/4819 329/4820 4774/4817
f 4772/4821 4774/4817 329/4820
f 683/1915 4766/4811 2693/1919
f 4776/4822 2693/1919 4766/4811
f 4776/4822 4773/4818 4775/4823
f 1213/4824 4775/4823 4773/4818
f 4762/4808 4780/4825 327/4826
f 4779/4827 327/4826 4780/4825
f 4777/4828 1216/4829 4780/4825
f 4778/4830 4780/4825 1216/4829
f 4759/4803 4782/4831 1209/4807
f 4777/4828 1209/4807 4782/4831
f 2701/1927 687/1938 4782/4831
f 4781/4832 4782/4831 687/1938
f 1216/4829 4781/4832 4783/4833
f 4784/4834 4783/4833 4781/4832
f 4784/4834 2709/1939 4558/4525
f 1/4 4558/4525 2709/1939
f 1215/4835 4778/4830 4785/4836
f 4786/4837 4785/4836 4778/4830
f 4786/4837 4783/4833 4553/4519
f 1157/4526 4553/4519 4783/4833
f 132/1920 4775/4823 2794/2047
f 4789/4838 2794/2047 4775/4823
f 4789/4838 4787/4839 4788/4840
f 1218/4841 4788/4840 4787/4839
f 4772/4821 4792/4842 1213/4824
f 4787/4839 1213/4824 4792/4842
f 4790/4843 1217/4844 4792/4842
f 4791/4845 4792/4842 1217/4844
f 4791/4845 4795/4846 1218/4841
f 4794/4847 1218/4841 4795/4846
f 4793/4848 328/4849 4795/4846
f 4571/4543 4795/4846 328/4849
f 705/2048 4788/4840 2797/2052
f 4796/4850 2797/2052 4788/4840
f 4796/4850 4794/4847 4567/4538
f 1161/4544 4567/4538 4794/4847
f 4800/4851 4799/4852 4614/4610
f 305/4853 4614/4610 4799/4852
f 4797/4854 1221/4855 4800/4851
f 4798/4856 4800/4851 1221/4855
f 4802/4857 4797/4854 4611/4605
f 1171/4609 4611/4605 4797/4854
f 2803/2055 709/2069 4802/4857
f 4801/4858 4802/4857 709/2069
f 1221/4855 4801/4858 4804/4859
f 4805/4860 4804/4859 4801/4858
f 133/4861 4803/4862 2813/2070
f 4805/4860 2813/2070 4803/4862
f 1220/4863 4798/4856 4807/4864
f 4808/4865 4807/4864 4798/4856
f 4808/4865 4804/4859 4806/4866
f 1219/4867 4806/4866 4804/4859
f 56/917 4634/4635 2818/2079
f 4811/4868 2818/2079 4634/4635
f 4811/4868 4809/4869 4810/4870
f 1224/4871 4810/4870 4809/4869
f 1177/4636 4629/4629 4809/4869
f 4814/4872 4809/4869 4629/4629
f 4814/4872 4812/4873 4813/4874
f 1222/4875 4813/4874 4812/4873
f 1224/4871 4813/4874 4817/4876
f 4818/4877 4817/4876 4813/4874
f 4818/4877 4815/4878 4816/4879
f 302/4880 4816/4879 4815/4878
f 711/2081 4810/4870 2821/2084
f 4820/4881 2821/2084 4810/4870
f 4820/4881 4817/4876 4819/4882
f 1223/4883 4819/4882 4817/4876
f 135/4884 4819/4885 2844/2122
f 4823/4886 2844/2122 4819/4885
f 4822/4887 4823/4886 1227/4888
f 4821/4889 1227/4888 4823/4886
f 1223/4890 4816/4891 4821/4889
f 4826/4892 4821/4889 4816/4891
f 4825/4893 4826/4892 1225/4894
f 4824/4895 1225/4894 4826/4892
f 4829/4896 1227/4888 4830/4897
f 4825/4893 4830/4897 1227/4888
f 4828/4898 4830/4897 315/4899
f 4827/4900 315/4899 4830/4897
f 718/2124 4822/4887 2847/2129
f 4832/4901 2847/2129 4822/4887
f 4832/4901 4829/4896 4831/4902
f 1226/4903 4831/4902 4829/4896
f 4836/4904 4835/4905 4806/4906
f 306/4907 4806/4906 4835/4905
f 1230/4908 4834/4909 4833/4910
f 4836/4904 4833/4910 4834/4909
f 4838/4911 4833/4910 4803/4912
f 1219/4913 4803/4912 4833/4910
f 716/2110 4837/4914 2829/2091
f 4838/4911 2829/2091 4837/4914
f 4841/4915 4840/4916 4837/4914
f 1230/4908 4837/4914 4840/4916
f 136/2133 4839/4917 2839/2109
f 4841/4915 2839/2109 4839/4917
f 4844/4918 4843/4919 4834/4909
f 1229/4920 4834/4909 4843/4919
f 4844/4918 4840/4916 4842/4921
f 1228/4922 4842/4921 4840/4916
f 4842/4921 4848/4923 307/4924
f 4847/4925 307/4924 4848/4923
f 4845/4926 1233/4927 4848/4923
f 4846/4928 4848/4923 1233/4927
f 1228/4922 4839/4917 4845/4926
f 4850/4929 4845/4926 4839/4917
f 4850/4929 2855/2134 4849/4930
f 723/2148 4849/4930 2855/2134
f 1233/4927 4849/4930 4852/4931
f 4853/4932 4852/4931 4849/4930
f 4853/4932 2865/2149 4851/4933
f 139/4934 4851/4933 2865/2149
f 4846/4928 4856/4935 1232/4936
f 4855/4937 1232/4936 4856/4935
f 4854/4938 4856/4935 1231/4939
f 4852/4931 1231/4939 4856/4935
f 4859/4940 301/4941 4860/4942
f 4854/4938 4860/4942 301/4941
f 4858/4943 4860/4942 1236/4944
f 4857/4945 1236/4944 4860/4942
f 4857/4945 1231/4939 4862/4946
f 4851/4933 4862/4946 1231/4939
f 4861/4947 4862/4946 722/2152
f 2864/2151 722/2152 4862/4946
f 4864/4948 1236/4944 4865/4949
f 4861/4947 4865/4949 1236/4944
f 140/2146 4863/4950 2861/2147
f 4865/4949 2861/2147 4863/4950
f 4867/4951 1235/4952 4868/4953
f 4858/4943 4868/4953 1235/4952
f 4866/4954 4868/4953 1234/4955
f 4864/4948 1234/4955 4868/4953
f 4866/4954 4872/4956 299/4957
f 4871/4958 299/4957 4872/4956
f 4872/4956 4869/4959 4870/4960
f 1239/4961 4870/4960 4869/4959
f 4863/4950 4874/4962 1234/4955
f 4869/4959 1234/4955 4874/4962
f 4874/4962 2877/2168 4873/4963
f 726/2167 4873/4963 2877/2168
f 1239/4961 4873/4963 4876/4964
f 4877/4965 4876/4964 4873/4963
f 4877/4965 2874/2165 4875/4966
f 141/2164 4875/4966 2874/2165
f 1238/4967 4870/4960 4879/4968
f 4880/4969 4879/4968 4870/4960
f 4880/4969 4876/4964 4878/4970
f 1237/4971 4878/4970 4876/4964
f 138/2127 4831/4902 2883/2175
f 4883/4972 2883/2175 4831/4902
f 4883/4972 4881/4973 4882/4974
f 1242/4975 4882/4974 4881/4973
f 1226/4903 4828/4898 4881/4973
f 4886/4976 4881/4973 4828/4898
f 4884/4977 1240/4978 4886/4976
f 4885/4979 4886/4976 1240/4978
f 1242/4975 4885/4979 4889/4980
f 4890/4981 4889/4980 4885/4979
f 4887/4982 303/4983 4890/4981
f 4888/4984 4890/4981 303/4983
f 728/2177 4882/4974 2886/2180
f 4892/4985 2886/2180 4882/4974
f 4892/4985 4889/4980 4891/4986
f 1241/4987 4891/4986 4889/4980
f 300/4988 4878/4970 4895/4989
f 4896/4990 4895/4989 4878/4970
f 1245/4991 4894/4992 4893/4993
f 4896/4990 4893/4993 4894/4992
f 1237/4971 4875/4966 4893/4993
f 4898/4994 4893/4993 4875/4966
f 4898/4994 2881/2169 4897/4995
f 730/2183 4897/4995 2881/2169
f 1245/4991 4897/4995 4900/4996
f 4901/4997 4900/4996 4897/4995
f 4901/4997 2891/2184 4899/4998
f 143/4999 4899/4998 2891/2184
f 4903/5000 1244/5001 4904/5002
f 4894/4992 4904/5002 1244/5001
f 4902/5003 4904/5002 1243/5004
f 4900/4996 1243/5004 4904/5002
f 4891/4986 4907/5005 142/2182
f 2887/2181 142/2182 4907/5005
f 4905/5006 1247/5007 4907/5005
f 4906/5008 4907/5005 1247/5007
f 4888/4984 4910/5009 1241/4987
f 4905/5006 1241/4987 4910/5009
f 4908/5010 1246/5011 4910/5009
f 4909/5012 4910/5009 1246/5011
f 1247/5007 4909/5012 4912/5013
f 4913/5014 4912/5013 4909/5012
f 4913/5014 4911/5015 4902/5003
f 304/5016 4902/5003 4911/5015
f 729/2187 4906/5008 2890/2186
f 4914/5017 2890/2186 4906/5008
f 4914/5017 4912/5013 4899/4998
f 1243/5004 4899/4998 4912/5013
f 320/5018 4647/4651 4917/5019
f 4918/5020 4917/5019 4647/4651
f 4915/5021 1250/5022 4918/5020
f 4916/5023 4918/5020 1250/5022
f 4643/4646 4920/5024 1181/4653
f 4915/5021 1181/4653 4920/5024
f 2895/2188 734/2203 4920/5024
f 4919/5025 4920/5024 734/2203
f 4919/5025 4923/5026 1250/5022
f 4922/5027 1250/5022 4923/5026
f 2905/2204 146/2224 4923/5026
f 4921/5028 4923/5026 146/2224
f 4916/5023 4926/5029 1249/5030
f 4925/5031 1249/5030 4926/5029
f 4922/5027 1248/5032 4926/5029
f 4924/5033 4926/5029 1248/5032
f 44/575 4627/4625 2910/2212
f 4929/5034 2910/2212 4627/4625
f 4929/5034 4927/5035 4928/5036
f 1253/5037 4928/5036 4927/5035
f 1175/4626 4624/4622 4927/5035
f 4932/5038 4927/5035 4624/4622
f 4932/5038 4930/5039 4931/5040
f 1251/5041 4931/5040 4930/5039
f 1253/5037 4931/5040 4935/5042
f 4936/5043 4935/5042 4931/5040
f 4936/5043 4933/5044 4934/5045
f 310/5046 4934/5045 4933/5044
f 4928/5036 4938/5047 736/2213
f 2913/2217 736/2213 4938/5047
f 4938/5047 4935/5042 4937/5048
f 1252/5049 4937/5048 4935/5042
f 4924/5033 4942/5050 311/5051
f 4941/5052 311/5051 4942/5050
f 4939/5053 1256/5054 4942/5050
f 4940/5055 4942/5050 1256/5054
f 4921/5028 4944/5056 1248/5032
f 4939/5053 1248/5032 4944/5056
f 2921/2225 741/2238 4944/5056
f 4943/5057 4944/5056 741/2238
f 4943/5057 4947/5058 1256/5054
f 4946/5059 1256/5054 4947/5058
f 2931/2239 149/5060 4947/5058
f 4945/5061 4947/5058 149/5060
f 4940/5055 4950/5062 1255/5063
f 4949/5064 1255/5063 4950/5062
f 4946/5059 1254/5065 4950/5062
f 4948/5066 4950/5062 1254/5065
f 4937/5048 4953/5067 144/2218
f 2936/2248 144/2218 4953/5067
f 4951/5068 1259/5069 4953/5067
f 4952/5070 4953/5067 1259/5069
f 1252/5049 4934/5045 4951/5068
f 4956/5071 4951/5068 4934/5045
f 4956/5071 4954/5072 4955/5073
f 1257/5074 4955/5073 4954/5072
f 1259/5069 4955/5073 4959/5075
f 4960/5076 4959/5075 4955/5073
f 4960/5076 4957/5077 4958/5078
f 312/5079 4958/5078 4957/5077
f 4952/5070 4962/5080 743/2249
f 2939/2253 743/2249 4962/5080
f 4962/5080 4959/5075 4961/5081
f 1258/5082 4961/5081 4959/5075
f 147/2254 4961/5081 2940/2255
f 4965/5083 2940/2255 4961/5081
f 4965/5083 4963/5084 4964/5085
f 1262/5086 4964/5085 4963/5084
f 1258/5082 4958/5078 4963/5084
f 4968/5087 4963/5084 4958/5078
f 4968/5087 4966/5088 4967/5089
f 1260/5090 4967/5089 4966/5088
f 4972/5091 4971/5092 4967/5089
f 1262/5086 4967/5089 4971/5092
f 4970/5093 4972/5091 309/5094
f 4969/5095 309/5094 4972/5091
f 744/2257 4964/5085 2943/2258
f 4974/5096 2943/2258 4964/5085
f 4974/5096 4971/5092 4973/5097
f 1261/5098 4973/5097 4971/5092
f 2927/2236 148/2237 4977/5099
f 4973/5097 4977/5099 148/2237
f 4975/5100 1264/5101 4977/5099
f 4976/5102 4977/5099 1264/5101
f 4970/5093 4980/5103 1261/5098
f 4975/5100 1261/5098 4980/5103
f 4979/5104 4980/5103 1263/5105
f 4978/5106 1263/5105 4980/5103
f 4979/5104 4983/5107 1264/5101
f 4982/5108 1264/5101 4983/5107
f 4948/5066 4983/5107 313/5109
f 4981/5110 313/5109 4983/5107
f 4976/5102 4984/5111 740/2242
f 2930/2241 740/2242 4984/5111
f 4982/5108 1254/5065 4984/5111
f 4945/5061 4984/5111 1254/5065
f 4988/5112 4987/5113 4556/5114
f 323/4520 4556/5114 4987/5113
f 1267/5115 4986/5116 4985/5117
f 4988/5112 4985/5117 4986/5116
f 4991/5118 4985/5117 4565/5119
f 1159/5120 4565/5119 4985/5117
f 1265/5121 4990/5122 4989/5123
f 4991/5118 4989/5123 4990/5122
f 4994/5124 4993/5125 4990/5122
f 1267/5115 4990/5122 4993/5125
f 161/5126 2950/2267 4992/5127
f 4994/5124 4992/5127 2950/2267
f 4996/5128 4995/5129 4986/5116
f 1266/5130 4986/5116 4995/5129
f 746/2268 2945/2261 4993/5125
f 4996/5128 4993/5125 2945/2261
f 3084/2464 5000/5131 160/4309
f 4999/5132 160/4309 5000/5131
f 4997/5133 1270/5134 5000/5131
f 4998/5135 5000/5131 1270/5134
f 3081/2458 5003/5136 784/2463
f 4997/5133 784/2463 5003/5136
f 5001/5137 1268/5138 5003/5136
f 5002/5139 5003/5136 1268/5138
f 5006/5140 5005/5141 5002/5139
f 1270/5134 5002/5139 5005/5141
f 318/5142 4575/5143 5004/5144
f 5006/5140 5004/5144 4575/5143
f 5008/5145 5007/5146 4998/5135
f 1269/5147 4998/5135 5007/5146
f 1162/5148 4572/5149 5005/5141
f 5008/5145 5005/5141 4572/5149
f 5011/5150 4989/5151 4583/5152
f 316/5153 4583/5152 4989/5151
f 5011/5150 5009/5154 5010/5155
f 1272/5156 5010/5155 5009/5154
f 5014/5157 5009/5154 4591/5158
f 1166/5159 4591/5158 5009/5154
f 5014/5157 5012/5160 5013/5161
f 1271/5162 5013/5161 5012/5160
f 1272/5156 5013/5161 5016/5163
f 5017/5164 5016/5163 5013/5161
f 5017/5164 5015/5165 3091/2473
f 172/2671 3091/2473 5015/5165
f 1265/5166 5010/5155 4992/5167
f 5018/5168 4992/5167 5010/5155
f 5018/5168 5016/5163 3087/2466
f 787/2472 3087/2466 5016/5163
f 3207/2670 5021/5169 171/5170
f 5001/5171 171/5170 5021/5169
f 5019/5172 1274/5173 5021/5169
f 5020/5174 5021/5169 1274/5173
f 3204/2664 5024/5175 816/2669
f 5019/5172 816/2669 5024/5175
f 5022/5176 1273/5177 5024/5175
f 5023/5178 5024/5175 1273/5177
f 5023/5178 5027/5179 1274/5173
f 5026/5180 1274/5173 5027/5179
f 5025/5181 319/4590 5027/5179
f 4599/5182 5027/5179 319/4590
f 5028/5183 5004/5184 5020/5174
f 1268/5185 5020/5174 5004/5184
f 5026/5180 1168/5186 5028/5183
f 4596/5187 5028/5183 1168/5186
f 5031/5188 5012/5160 4607/5189
f 317/5190 4607/5189 5012/5160
f 1276/5191 5030/5192 5029/5193
f 5031/5188 5029/5193 5030/5192
f 5034/5194 5029/5193 4615/5195
f 1172/5196 4615/5195 5029/5193
f 1275/5197 5033/5198 5032/5199
f 5034/5194 5032/5199 5033/5198
f 5037/5200 5036/5201 5033/5198
f 1276/5191 5033/5198 5036/5201
f 5037/5200 5035/5202 3213/2678
f 183/2839 3213/2678 5035/5202
f 1271/5162 5030/5192 5015/5165
f 5038/5203 5015/5165 5030/5192
f 5038/5203 5036/5201 3209/2672
f 818/2677 3209/2672 5036/5201
f 3329/2838 5041/5204 182/2663
f 5022/5176 182/2663 5041/5204
f 5039/5205 1278/5206 5041/5204
f 5040/5207 5041/5204 1278/5206
f 3326/2834 5044/5208 847/2837
f 5039/5205 847/2837 5044/5208
f 5042/5209 1277/5210 5044/5208
f 5043/5211 5044/5208 1277/5210
f 5043/5211 5047/5212 1278/5206
f 5046/5213 1278/5206 5047/5212
f 5047/5212 5045/5214 4623/4621
f 308/4623 4623/4621 5045/5214
f 5040/5207 5048/5215 1273/5177
f 5025/5181 1273/5177 5048/5215
f 5046/5213 1174/4616 5048/5215
f 4620/4618 5048/5215 1174/4616
f 5052/5216 5051/5217 4632/4628
f 314/4630 4632/4628 5051/5217
f 1281/5218 5050/5219 5049/5220
f 5052/5216 5049/5220 5050/5219
f 5055/5221 5049/5220 4641/4642
f 1179/4643 4641/4642 5049/5220
f 5055/5221 5053/5222 5054/5223
f 1279/5224 5054/5223 5053/5222
f 1281/5218 5054/5223 5057/5225
f 5058/5226 5057/5225 5054/5223
f 5058/5226 5056/5227 3579/3182
f 216/3343 3579/3182 5056/5227
f 5060/5228 5059/5229 5050/5219
f 1280/5230 5050/5219 5059/5229
f 5060/5228 5057/5225 3575/3176
f 911/3181 3575/3176 5057/5225
f 215/3169 3695/3341 5063/5231
f 5064/5232 5063/5231 3695/3341
f 5061/5233 1284/5234 5064/5232
f 5062/5235 5064/5232 1284/5234
f 3692/3337 5067/5236 940/3342
f 5061/5233 940/3342 5067/5236
f 5065/5237 1282/5238 5067/5236
f 5066/5239 5067/5236 1282/5238
f 5066/5239 5070/5240 1284/5234
f 5069/5241 1284/5234 5070/5240
f 5068/5242 330/5243 5070/5240
f 4651/5244 5070/5240 330/5243
f 5062/5235 5072/5245 1283/5246
f 5071/5247 1283/5246 5072/5245
f 5069/5241 1182/5248 5072/5245
f 4648/5249 5072/5245 1182/5248
f 321/4665 4659/4666 5053/5222
f 5075/5250 5053/5222 4659/4666
f 5074/5251 5075/5250 1286/5252
f 5073/5253 1286/5252 5075/5250
f 5073/5253 1186/4677 5078/5254
f 4667/4678 5078/5254 1186/4677
f 5077/5255 5078/5254 1285/5256
f 5076/5257 1285/5256 5078/5254
f 5077/5255 5081/5258 1286/5252
f 5080/5259 1286/5252 5081/5258
f 5079/5260 227/3513 5081/5258
f 3701/3349 5081/5258 227/3513
f 5056/5227 1279/5224 5082/5261
f 5074/5251 5082/5261 1279/5224
f 5080/5259 942/3351 5082/5261
f 3697/3345 5082/5261 942/3351
f 5065/5237 226/3338 5085/5262
f 3817/3509 5085/5262 226/3338
f 5084/5263 5085/5262 1288/5264
f 5083/5265 1288/5264 5085/5262
f 5083/5265 971/3510 5088/5266
f 3814/3505 5088/5266 971/3510
f 5087/5267 5088/5266 1287/5268
f 5086/5269 1287/5268 5088/5266
f 5090/5270 1288/5264 5091/5271
f 5087/5267 5091/5271 1288/5264
f 4675/5272 5091/5271 331/5273
f 5089/5274 331/5273 5091/5271
f 5084/5263 5092/5275 1282/5238
f 5068/5242 1282/5238 5092/5275
f 4672/5276 5092/5275 1188/5277
f 5090/5270 1188/5277 5092/5275
f 5076/5257 322/4698 5095/5278
f 4683/4699 5095/5278 322/4698
f 5094/5279 5095/5278 1290/5280
f 5093/5281 1290/5280 5095/5278
f 5093/5281 1192/4709 5098/5282
f 4691/4710 5098/5282 1192/4709
f 5098/5282 5096/5283 5097/5284
f 1289/5285 5097/5284 5096/5283
f 5100/5286 1290/5280 5101/5287
f 5097/5284 5101/5287 1290/5280
f 3823/3519 5101/5287 238/3679
f 5099/5288 238/3679 5101/5287
f 5079/5260 1285/5256 5102/5289
f 5094/5279 5102/5289 1285/5256
f 3819/3511 5102/5289 973/3517
f 5100/5286 973/3517 5102/5289
f 5086/5269 237/3506 5105/5290
f 3939/3677 5105/5290 237/3506
f 5104/5291 5105/5290 1292/5292
f 5103/5293 1292/5292 5105/5290
f 5103/5293 1002/3678 5108/5294
f 3936/3673 5108/5294 1002/3678
f 5108/5294 5106/5295 5107/5296
f 1291/5297 5107/5296 5106/5295
f 5110/5298 1292/5292 5111/5299
f 5107/5296 5111/5299 1292/5292
f 4699/5300 5111/5299 332/5301
f 5109/5302 332/5301 5111/5299
f 5089/5274 1287/5268 5112/5303
f 5104/5291 5112/5303 1287/5268
f 4696/5304 5112/5303 1194/5305
f 5110/5298 1194/5305 5112/5303
f 324/4729 4707/4730 5096/5283
f 5115/5306 5096/5283 4707/4730
f 5115/5306 5113/5307 5114/5308
f 1294/5309 5114/5308 5113/5307
f 1198/4740 4715/4741 5113/5307
f 5118/5310 5113/5307 4715/4741
f 5118/5310 5116/5311 5117/5312
f 1293/5313 5117/5312 5116/5311
f 1294/5309 5117/5312 5120/5314
f 5121/5315 5120/5314 5117/5312
f 5121/5315 5119/5316 3945/3686
f 249/3847 3945/3686 5119/5316
f 1289/5285 5114/5308 5099/5288
f 5122/5317 5099/5288 5114/5308
f 5122/5317 5120/5314 3941/3681
f 1004/3685 3941/3681 5120/5314
f 248/3674 4061/3845 5106/5295
f 5125/5318 5106/5295 4061/3845
f 5125/5318 5123/5319 5124/5320
f 1296/5321 5124/5320 5123/5319
f 1033/3846 4058/3842 5123/5319
f 5128/5322 5123/5319 4058/3842
f 5128/5322 5126/5323 5127/5324
f 1295/5325 5127/5324 5126/5323
f 1296/5321 5127/5324 5130/5326
f 5131/5327 5130/5326 5127/5324
f 5131/5327 5129/5328 4723/5329
f 333/5330 4723/5329 5129/5328
f 5109/5302 1291/5297 5132/5331
f 5124/5320 5132/5331 1291/5297
f 5132/5331 5130/5326 4720/5332
f 1200/5333 4720/5332 5130/5326
f 325/4761 4731/4762 5116/5311
f 5135/5334 5116/5311 4731/4762
f 5135/5334 5133/5335 5134/5336
f 1298/5337 5134/5336 5133/5335
f 1204/4772 4739/4773 5133/5335
f 5138/5338 5133/5335 4739/4773
f 5138/5338 5136/5339 5137/5340
f 1297/5341 5137/5340 5136/5339
f 1298/5337 5137/5340 5140/5342
f 5141/5343 5140/5342 5137/5340
f 5141/5343 5139/5344 4067/3854
f 260/4015 4067/3854 5139/5344
f 1293/5313 5134/5336 5119/5316
f 5142/5345 5119/5316 5134/5336
f 5142/5345 5140/5342 4063/3848
f 1035/3853 4063/3848 5140/5342
f 259/3843 4183/4013 5126/5323
f 5145/5346 5126/5323 4183/4013
f 5145/5346 5143/5347 5144/5348
f 1300/5349 5144/5348 5143/5347
f 1064/4014 4180/4010 5143/5347
f 5148/5350 5143/5347 4180/4010
f 5148/5350 5146/5351 5147/5352
f 1299/5353 5147/5352 5146/5351
f 1300/5349 5147/5352 5150/5354
f 5151/5355 5150/5354 5147/5352
f 5151/5355 5149/5356 4747/5357
f 334/5358 4747/5357 5149/5356
f 1295/5325 5144/5348 5129/5328
f 5152/5359 5129/5328 5144/5348
f 5152/5359 5150/5354 4744/5360
f 1206/5361 4744/5360 5150/5354
f 326/4793 4755/4794 5136/5339
f 5155/5362 5136/5339 4755/4794
f 5154/5363 5155/5362 1302/5364
f 5153/5365 1302/5364 5155/5362
f 5153/5365 1210/4805 5158/5366
f 4763/4806 5158/5366 1210/4805
f 5157/5367 5158/5366 1301/5368
f 5156/5369 1301/5368 5158/5366
f 5160/5370 1302/5364 5161/5371
f 5157/5367 5161/5371 1302/5364
f 4189/4023 5161/5371 271/4183
f 5159/5372 271/4183 5161/5371
f 5139/5344 1297/5341 5162/5373
f 5154/5363 5162/5373 1297/5341
f 4185/4017 5162/5373 1066/4021
f 5160/5370 1066/4021 5162/5373
f 270/4011 4305/4181 5146/5351
f 5165/5374 5146/5351 4305/4181
f 5165/5374 5163/5375 5164/5376
f 1304/5377 5164/5376 5163/5375
f 1095/4182 4302/4177 5163/5375
f 5168/5378 5163/5375 4302/4177
f 5168/5378 5166/5379 5167/5380
f 1303/5381 5167/5380 5166/5379
f 5170/5382 1304/5377 5171/5383
f 5167/5380 5171/5383 1304/5377
f 4771/5384 5171/5383 329/5385
f 5169/5386 329/5385 5171/5383
f 5149/5356 1299/5353 5172/5387
f 5164/5376 5172/5387 1299/5353
f 4768/5388 5172/5387 1212/5389
f 5170/5382 1212/5389 5172/5387
f 5156/5369 327/4826 5175/5390
f 4779/4827 5175/5390 327/4826
f 5174/5391 5175/5390 1305/5392
f 5173/5393 1305/5392 5175/5390
f 1215/4835 4785/4836 5173/5393
f 5177/5394 5173/5393 4785/4836
f 5177/5394 4987/5113 5176/5395
f 1266/5130 5176/5395 4987/5113
f 1305/5392 5176/5395 5178/5396
f 5179/5397 5178/5396 5176/5395
f 5179/5397 4995/5129 4311/4190
f 150/2262 4311/4190 4995/5129
f 5159/5372 1301/5368 5180/5398
f 5174/5391 5180/5398 1301/5368
f 4307/4185 5180/5398 1097/4189
f 5178/5396 1097/4189 5180/5398
f 281/4178 4407/4311 5166/5379
f 5183/5399 5166/5379 4407/4311
f 5183/5399 5181/5400 5182/5401
f 1306/5402 5182/5401 5181/5400
f 1116/4312 4404/4308 5181/5400
f 5185/5403 5181/5400 4404/4308
f 5185/5403 4999/5132 5184/5404
f 1269/5147 5184/5404 4999/5132
f 5186/5405 1306/5402 5187/5406
f 5184/5404 5187/5406 1306/5402
f 4793/5407 5187/5406 328/5408
f 5007/5146 328/5408 5187/5406
f 5169/5386 1303/5381 5188/5409
f 5182/5401 5188/5409 1303/5381
f 4790/5410 5188/5409 1217/5411
f 5186/5405 1217/5411 5188/5409
f 5191/5412 5032/5199 4799/5413
f 305/5414 4799/5413 5032/5199
f 5190/5415 5191/5412 1308/5416
f 5189/5417 1308/5416 5191/5412
f 1220/5418 4807/5419 5189/5417
f 5194/5420 5189/5417 4807/5419
f 5194/5420 5192/5421 5193/5422
f 1307/5423 5193/5422 5192/5421
f 1308/5416 5193/5422 5196/5424
f 5197/5425 5196/5424 5193/5422
f 282/5426 4413/4319 5195/5427
f 5197/5425 5195/5427 4413/4319
f 5198/5428 5035/5202 5190/5415
f 1275/5197 5190/5415 5035/5202
f 4409/4313 5198/5428 1118/4318
f 5196/5424 1118/4318 5198/5428
f 205/3175 4433/4346 5059/5229
f 5201/5429 5059/5229 4433/4346
f 5201/5429 5199/5430 5200/5431
f 1310/5432 5200/5431 5199/5430
f 1123/4347 4430/4343 5199/5430
f 5204/5433 5199/5430 4430/4343
f 5204/5433 5202/5434 5203/5435
f 1309/5436 5203/5435 5202/5434
f 1310/5432 5203/5435 5206/5437
f 5207/5438 5206/5437 5203/5435
f 5207/5438 5205/5439 4815/5440
f 302/5441 4815/5440 5205/5439
f 1280/5230 5200/5431 5051/5217
f 5208/5442 5051/5217 5200/5431
f 5208/5442 5206/5437 4812/5443
f 1222/5444 4812/5443 5206/5437
f 284/5445 4459/4389 5202/5446
f 5211/5447 5202/5446 4459/4389
f 5209/5448 1312/5449 5211/5447
f 5210/5450 5211/5447 1312/5449
f 1130/4390 4456/4384 5209/5448
f 5214/5451 5209/5448 4456/4384
f 5214/5451 5212/5452 5213/5453
f 1311/5454 5213/5453 5212/5452
f 5213/5453 5217/5455 1312/5449
f 5216/5456 1312/5449 5217/5455
f 5215/5457 315/4899 5217/5455
f 4827/5458 5217/5455 315/4899
f 1309/5459 5210/5450 5205/5460
f 5218/5461 5205/5460 5210/5450
f 5216/5456 1225/5462 5218/5461
f 4824/5463 5218/5461 1225/5462
f 5221/5464 5192/5465 4835/5466
f 306/5467 4835/5466 5192/5465
f 1314/5468 5220/5469 5219/5470
f 5221/5464 5219/5470 5220/5469
f 5224/5471 5219/5470 4843/5472
f 1229/5473 4843/5472 5219/5470
f 5224/5471 5222/5474 5223/5475
f 1313/5476 5223/5475 5222/5474
f 5227/5477 5226/5478 5223/5475
f 1314/5468 5223/5475 5226/5478
f 285/4391 4439/4356 5225/5479
f 5227/5477 5225/5479 4439/4356
f 5228/5480 5195/5481 5220/5469
f 1307/5482 5220/5469 5195/5481
f 1125/4357 4435/4350 5226/5478
f 5228/5480 5226/5478 4435/4350
f 5222/5474 307/4924 5231/5483
f 4847/4925 5231/5483 307/4924
f 5230/5484 5231/5483 1316/5485
f 5229/5486 1316/5485 5231/5483
f 5229/5486 1232/4936 5234/5487
f 4855/4937 5234/5487 1232/4936
f 5232/5488 1315/5489 5234/5487
f 5233/5490 5234/5487 1315/5489
f 1316/5485 5233/5490 5236/5491
f 5237/5492 5236/5491 5233/5490
f 5237/5492 5235/5493 4465/4398
f 288/5494 4465/4398 5235/5493
f 1313/5476 5230/5484 5225/5479
f 5238/5495 5225/5479 5230/5484
f 5238/5495 5236/5491 4461/4392
f 1132/4397 4461/4392 5236/5491
f 4859/4940 5241/5496 301/4941
f 5232/5488 301/4941 5241/5496
f 5239/5497 1318/5498 5241/5496
f 5240/5499 5241/5496 1318/5498
f 4867/4951 5244/5500 1235/4952
f 5239/5497 1235/4952 5244/5500
f 5242/5501 1317/5502 5244/5500
f 5243/5503 5244/5500 1317/5502
f 5243/5503 5247/5504 1318/5498
f 5246/5505 1318/5498 5247/5504
f 289/4406 4469/4407 5245/5506
f 5247/5504 5245/5506 4469/4407
f 5240/5499 5248/5507 1315/5489
f 5235/5493 1315/5489 5248/5507
f 5246/5505 1133/4402 5248/5507
f 4466/4400 5248/5507 1133/4402
f 5242/5501 299/4957 5251/5508
f 4871/4958 5251/5508 299/4957
f 5251/5508 5249/5509 5250/5510
f 1320/5511 5250/5510 5249/5509
f 1238/4967 4879/4968 5249/5509
f 5254/5512 5249/5509 4879/4968
f 5254/5512 5252/5513 5253/5514
f 1319/5515 5253/5514 5252/5513
f 1320/5511 5253/5514 5256/5516
f 5257/5517 5256/5516 5253/5514
f 5257/5517 5255/5518 4481/4421
f 290/4422 4481/4421 5255/5518
f 5245/5506 1317/5502 5258/5519
f 5250/5510 5258/5519 1317/5502
f 5258/5519 5256/5516 4478/4416
f 1136/4417 4478/4416 5256/5516
f 287/4383 4499/4444 5212/5452
f 5261/5520 5212/5452 4499/4444
f 5261/5520 5259/5521 5260/5522
f 1322/5523 5260/5522 5259/5521
f 1141/4445 4496/4441 5259/5521
f 5264/5524 5259/5521 4496/4441
f 5264/5524 5262/5525 5263/5526
f 1321/5527 5263/5526 5262/5525
f 1322/5523 5263/5526 5266/5528
f 5267/5529 5266/5528 5263/5526
f 4887/4982 5267/5529 303/4983
f 5265/5530 303/4983 5267/5529
f 1311/5454 5260/5522 5215/5457
f 5268/5531 5215/5457 5260/5522
f 4884/4977 5268/5531 1240/4978
f 5266/5528 1240/4978 5268/5531
f 300/4988 4895/4989 5252/5513
f 5271/5532 5252/5513 4895/4989
f 1324/5533 5270/5534 5269/5535
f 5271/5532 5269/5535 5270/5534
f 4903/5000 5274/5536 1244/5001
f 5269/5535 1244/5001 5274/5536
f 5272/5537 1323/5538 5274/5536
f 5273/5539 5274/5536 1323/5538
f 1324/5533 5273/5539 5276/5540
f 5277/5541 5276/5540 5273/5539
f 5277/5541 5275/5542 4491/4433
f 292/5543 4491/4433 5275/5542
f 1319/5515 5270/5534 5255/5518
f 5278/5544 5255/5518 5270/5534
f 5278/5544 5276/5540 4487/4427
f 1139/4432 4487/4427 5276/5540
f 4495/4440 5281/5545 291/4442
f 5262/5525 291/4442 5281/5545
f 1325/5546 5280/5547 5279/5548
f 5281/5545 5279/5548 5280/5547
f 1140/4437 4492/4435 5279/5548
f 5283/5549 5279/5548 4492/4435
f 5283/5549 5275/5542 5282/5550
f 1323/5538 5282/5550 5275/5542
f 1325/5546 5282/5550 5284/5551
f 5285/5552 5284/5551 5282/5550
f 5285/5552 5272/5537 4911/5015
f 304/5016 4911/5015 5272/5537
f 5286/5553 5265/5530 5280/5547
f 1321/5527 5280/5547 5265/5530
f 4908/5010 5286/5553 1246/5011
f 5284/5551 1246/5011 5286/5553
f 320/5554 4917/5555 5071/5247
f 5289/5556 5071/5247 4917/5555
f 5288/5557 5289/5556 1327/5558
f 5287/5559 1327/5558 5289/5556
f 5287/5559 1249/5560 5292/5561
f 4925/5562 5292/5561 1249/5560
f 5291/5563 5292/5561 1326/5564
f 5290/5565 1326/5564 5292/5561
f 5294/5566 1327/5558 5295/5567
f 5291/5563 5295/5567 1327/5558
f 4505/4453 5295/5567 295/4481
f 5293/5568 295/4481 5295/5567
f 5288/5557 5296/5569 1283/5246
f 5063/5231 1283/5246 5296/5569
f 4501/4446 5296/5569 1143/4451
f 5294/5566 1143/4451 5296/5569
f 193/2833 4525/4480 5042/5209
f 5299/5570 5042/5209 4525/4480
f 5299/5570 5297/5571 5298/5572
f 1329/5573 5298/5572 5297/5571
f 5297/5571 1148/4479 5302/5574
f 4522/4475 5302/5574 1148/4479
f 5302/5574 5300/5575 5301/5576
f 1328/5577 5301/5576 5300/5575
f 1329/5573 5301/5576 5304/5578
f 5305/5579 5304/5578 5301/5576
f 5305/5579 5303/5580 4933/5044
f 310/5046 4933/5044 5303/5580
f 1277/5210 5298/5572 5045/5214
f 5306/5581 5045/5214 5298/5572
f 5306/5581 5304/5578 4930/5039
f 1251/5041 4930/5039 5304/5578
f 5290/5565 311/5582 5309/5583
f 4941/5584 5309/5583 311/5582
f 5308/5585 5309/5583 1331/5586
f 5307/5587 1331/5586 5309/5583
f 5307/5587 1255/5588 5312/5589
f 4949/5590 5312/5589 1255/5588
f 5311/5591 5312/5589 1330/5592
f 5310/5593 1330/5592 5312/5589
f 5314/5594 1331/5586 5315/5595
f 5311/5591 5315/5595 1331/5586
f 4531/4488 5315/5595 298/5596
f 5313/5597 298/5596 5315/5595
f 5293/5568 1326/5564 5316/5598
f 5308/5585 5316/5598 1326/5564
f 4527/4483 5316/5598 1150/4487
f 5314/5594 1150/4487 5316/5598
f 5300/5575 293/4476 5319/5599
f 4551/4515 5319/5599 293/4476
f 5318/5600 5319/5599 1333/5601
f 5317/5602 1333/5601 5319/5599
f 5317/5602 1155/4516 5322/5603
f 4548/4511 5322/5603 1155/4516
f 5322/5603 5320/5604 5321/5605
f 1332/5606 5321/5605 5320/5604
f 1333/5601 5321/5605 5324/5607
f 5325/5608 5324/5607 5321/5605
f 5325/5608 5323/5609 4957/5077
f 312/5079 4957/5077 5323/5609
f 1328/5577 5318/5600 5303/5580
f 5326/5610 5303/5580 5318/5600
f 5326/5610 5324/5607 4954/5072
f 1257/5074 4954/5072 5324/5607
f 296/4512 4547/4513 5320/5604
f 5329/5611 5320/5604 4547/4513
f 5329/5611 5327/5612 5328/5613
f 1335/5614 5328/5613 5327/5612
f 1154/4507 4544/4508 5327/5612
f 5332/5615 5327/5612 4544/4508
f 5332/5615 5330/5616 5331/5617
f 1334/5618 5331/5617 5330/5616
f 5335/5619 5334/5620 5331/5617
f 1335/5614 5331/5617 5334/5620
f 5333/5621 309/5094 5335/5619
f 4969/5095 5335/5619 309/5094
f 1332/5606 5328/5613 5323/5609
f 5336/5622 5323/5609 5328/5613
f 5336/5622 5334/5620 4966/5088
f 1260/5090 4966/5088 5334/5620
f 4535/4495 5339/5623 297/4497
f 5330/5616 297/4497 5339/5623
f 5337/5624 1336/5625 5339/5623
f 5338/5626 5339/5623 1336/5625
f 4532/4490 5341/5627 1151/4492
f 5337/5624 1151/4492 5341/5627
f 5313/5597 1330/5592 5341/5627
f 5340/5628 5341/5627 1330/5592
f 5340/5628 5343/5629 1336/5625
f 5342/5630 1336/5625 5343/5629
f 5310/5593 313/5631 5343/5629
f 4981/5632 5343/5629 313/5631
f 5338/5626 5344/5633 1334/5618
f 5333/5621 1334/5618 5344/5633
f 5342/5630 1263/5634 5344/5633
f 4978/5635 5344/5633 1263/5634
f 1338/7 1341/1 335/10
f 1337/3 335/10 1341/1
f 1339/6 338/21 1341/1
f 1340/2 1341/1 338/21
f 1343/13 1345/8 2/26
f 1342/9 2/26 1345/8
f 1344/12 339/5 1345/8
f 1338/7 1345/8 339/5
f 1346/18 1349/14 336/11
f 1344/12 336/11 1349/14
f 1347/17 337/22 1349/14
f 1348/15 1349/14 337/22
f 1348/15 1352/19 339/5
f 1339/6 339/5 1352/19
f 1350/23 12/4530 1352/19
f 1351/20 1352/19 12/4530
f 1354/29 1356/24 340/32
f 1353/25 340/32 1356/24
f 1355/28 336/11 1356/24
f 1343/13 1356/24 336/11
f 1358/35 1360/30 3/46
f 1357/31 3/46 1360/30
f 1359/34 343/27 1360/30
f 1354/29 1360/30 343/27
f 1361/40 1364/36 341/33
f 1359/34 341/33 1364/36
f 1362/39 342/42 1364/36
f 1363/37 1364/36 342/42
f 1363/37 1366/41 343/27
f 1355/28 343/27 1366/41
f 1365/43 13/16 1366/41
f 1346/18 1366/41 13/16
f 1368/49 1370/44 344/52
f 1367/45 344/52 1370/44
f 1369/48 341/33 1370/44
f 1358/35 1370/44 341/33
f 1372/55 1374/50 4/66
f 1371/51 4/66 1374/50
f 1373/54 347/47 1374/50
f 1368/49 1374/50 347/47
f 1375/60 1378/56 345/53
f 1373/54 345/53 1378/56
f 1376/59 346/62 1378/56
f 1377/57 1378/56 346/62
f 1377/57 1380/61 347/47
f 1369/48 347/47 1380/61
f 1379/63 14/38 1380/61
f 1361/40 1380/61 14/38
f 1384/64 1381/65 1382/69
f 348/70 1382/69 1381/65
f 1383/68 345/53 1384/64
f 1372/55 1384/64 345/53
f 1388/71 1385/72 1386/75
f 5/84 1386/75 1385/72
f 351/67 1382/69 1387/73
f 1388/71 1387/73 1382/69
f 1392/76 1387/73 1389/80
f 349/74 1389/80 1387/73
f 1390/79 350/82 1392/76
f 1391/77 1392/76 350/82
f 1391/77 1394/81 351/67
f 1383/68 351/67 1394/81
f 1393/83 15/58 1394/81
f 1375/60 1394/81 15/58
f 1398/85 1395/86 1396/89
f 352/90 1396/89 1395/86
f 349/74 1386/75 1397/87
f 1398/85 1397/87 1386/75
f 1402/91 1399/92 1400/95
f 6/1988 1400/95 1399/92
f 355/88 1396/89 1401/93
f 1402/91 1401/93 1396/89
f 1406/97 1401/93 1403/100
f 353/94 1403/100 1401/93
f 354/103 1405/96 1404/98
f 1406/97 1404/98 1405/96
f 1408/101 1397/87 1405/96
f 355/88 1405/96 1397/87
f 16/78 1389/80 1407/102
f 1408/101 1407/102 1389/80
f 1412/106 1409/107 1410/110
f 356/113 1410/110 1409/107
f 353/123 1400/104 1411/108
f 1412/106 1411/108 1400/104
f 1414/116 1416/111 7/127
f 1413/112 7/127 1416/111
f 1415/115 359/109 1416/111
f 1410/110 1416/111 359/109
f 1417/121 1420/117 357/114
f 1415/115 357/114 1420/117
f 1418/120 358/126 1420/117
f 1419/118 1420/117 358/126
f 1422/124 1411/108 1419/118
f 359/109 1419/118 1411/108
f 17/5636 1403/122 1421/125
f 1422/124 1421/125 1403/122
f 1426/128 1423/129 1424/132
f 360/135 1424/132 1423/129
f 357/114 1414/116 1425/130
f 1426/128 1425/130 1414/116
f 1428/138 1430/133 8/147
f 1427/134 8/147 1430/133
f 1429/137 363/131 1430/133
f 1424/132 1430/133 363/131
f 1431/143 1434/139 361/136
f 1429/137 361/136 1434/139
f 1432/142 362/146 1434/139
f 1433/140 1434/139 362/146
f 1436/144 1425/130 1433/140
f 363/131 1433/140 1425/130
f 18/119 1417/121 1435/145
f 1436/144 1435/145 1417/121
f 1440/148 1437/149 1438/152
f 364/155 1438/152 1437/149
f 361/136 1428/138 1439/150
f 1440/148 1439/150 1428/138
f 1442/158 1444/153 9/167
f 1441/154 9/167 1444/153
f 1443/157 367/151 1444/153
f 1438/152 1444/153 367/151
f 1445/163 1448/159 365/156
f 1443/157 365/156 1448/159
f 1446/162 366/166 1448/159
f 1447/160 1448/159 366/166
f 1450/164 1439/150 1447/160
f 367/151 1447/160 1439/150
f 19/141 1431/143 1449/165
f 1450/164 1449/165 1431/143
f 1454/168 1451/169 1452/172
f 368/175 1452/172 1451/169
f 365/156 1442/158 1453/170
f 1454/168 1453/170 1442/158
f 1456/178 1458/173 10/187
f 1455/174 10/187 1458/173
f 1457/177 371/171 1458/173
f 1452/172 1458/173 371/171
f 1459/183 1462/179 369/176
f 1457/177 369/176 1462/179
f 1460/182 370/186 1462/179
f 1461/180 1462/179 370/186
f 1464/184 1453/170 1461/180
f 371/171 1461/180 1453/170
f 20/161 1445/163 1463/185
f 1464/184 1463/185 1445/163
f 1468/188 1465/189 1466/192
f 372/195 1466/192 1465/189
f 369/176 1456/178 1467/190
f 1468/188 1467/190 1456/178
f 1470/198 1472/193 11/2053
f 1469/194 11/2053 1472/193
f 1471/197 375/191 1472/193
f 1466/192 1472/193 375/191
f 1473/203 1476/199 373/196
f 1471/197 373/196 1476/199
f 1474/202 374/206 1476/199
f 1475/200 1476/199 374/206
f 1478/204 1467/190 1475/200
f 375/191 1475/200 1467/190
f 21/181 1459/183 1477/205
f 1478/204 1477/205 1459/183
f 1350/208 337/216 1482/210
f 1479/211 1482/210 337/216
f 1481/209 1482/210 378/225
f 1480/212 378/225 1482/210
f 1483/217 1485/214 13/232
f 1347/215 13/232 1485/214
f 1479/211 1485/214 379/213
f 1484/218 379/213 1485/214
f 1484/218 376/219 1489/221
f 1486/222 1489/221 376/219
f 1488/220 1489/221 377/229
f 1487/223 377/229 1489/221
f 1480/212 379/213 1492/227
f 1488/220 1492/227 379/213
f 1491/226 1492/227 23/413
f 1490/228 23/413 1492/227
f 1493/235 1495/230 342/238
f 1365/231 342/238 1495/230
f 1494/234 376/219 1495/230
f 1483/217 1495/230 376/219
f 1496/241 1498/236 14/252
f 1362/237 14/252 1498/236
f 1497/240 382/233 1498/236
f 1493/235 1498/236 382/233
f 1499/246 1502/242 380/239
f 1497/240 380/239 1502/242
f 1500/245 381/248 1502/242
f 1501/243 1502/242 381/248
f 1501/243 1504/247 382/233
f 1494/234 382/233 1504/247
f 1486/222 1504/247 24/224
f 1503/249 24/224 1504/247
f 1505/255 1507/250 346/258
f 1379/251 346/258 1507/250
f 1506/254 380/239 1507/250
f 1496/241 1507/250 380/239
f 1508/261 1510/256 15/272
f 1376/257 15/272 1510/256
f 1509/260 385/253 1510/256
f 1505/255 1510/256 385/253
f 1511/266 1514/262 383/259
f 1509/260 383/259 1514/262
f 384/268 1513/263 1512/264
f 1514/262 1512/264 1513/263
f 1513/263 1516/267 385/253
f 1506/254 385/253 1516/267
f 1515/269 25/244 1516/267
f 1499/246 1516/267 25/244
f 1517/275 1519/270 350/278
f 1393/271 350/278 1519/270
f 1518/274 383/259 1519/270
f 1508/261 1519/270 383/259
f 1520/281 1522/276 16/292
f 1390/277 16/292 1522/276
f 1521/280 388/273 1522/276
f 1517/275 1522/276 388/273
f 1523/286 1526/282 386/279
f 1521/280 386/279 1526/282
f 387/289 1525/283 1524/285
f 1526/282 1524/285 1525/283
f 1525/283 1528/287 388/273
f 1518/274 388/273 1528/287
f 26/265 1511/266 1527/288
f 1528/287 1527/288 1511/266
f 1529/295 1531/290 354/296
f 1407/291 354/296 1531/290
f 1530/294 386/279 1531/290
f 1520/281 1531/290 386/279
f 1534/297 1404/298 1532/301
f 17/5637 1532/301 1404/298
f 1533/300 391/293 1534/297
f 1529/295 1534/297 391/293
f 1535/306 1538/302 389/299
f 1533/300 389/299 1538/302
f 1536/305 390/308 1538/302
f 1537/303 1538/302 390/308
f 1537/303 1540/307 391/293
f 1530/294 391/293 1540/307
f 1539/309 27/284 1540/307
f 1523/286 1540/307 27/284
f 1543/312 1421/313 1541/316
f 358/319 1541/316 1421/313
f 389/329 1532/310 1542/314
f 1543/312 1542/314 1532/310
f 1544/322 1546/317 18/333
f 1418/318 18/333 1546/317
f 1545/321 394/315 1546/317
f 1541/316 1546/317 394/315
f 1547/327 1550/323 392/320
f 1545/321 392/320 1550/323
f 1548/326 393/332 1550/323
f 1549/324 1550/323 393/332
f 1552/330 1542/314 1549/324
f 394/315 1549/324 1542/314
f 28/499 1535/328 1551/331
f 1552/330 1551/331 1535/328
f 1555/334 1435/335 1553/338
f 362/341 1553/338 1435/335
f 392/320 1544/322 1554/336
f 1555/334 1554/336 1544/322
f 1556/344 1558/339 19/353
f 1432/340 19/353 1558/339
f 1557/343 397/337 1558/339
f 1553/338 1558/339 397/337
f 1559/349 1562/345 395/342
f 1557/343 395/342 1562/345
f 1560/348 396/352 1562/345
f 1561/346 1562/345 396/352
f 1564/350 1554/336 1561/346
f 397/337 1561/346 1554/336
f 29/325 1547/327 1563/351
f 1564/350 1563/351 1547/327
f 1567/354 1449/355 1565/358
f 366/361 1565/358 1449/355
f 395/342 1556/344 1566/356
f 1567/354 1566/356 1556/344
f 1568/364 1570/359 20/373
f 1446/360 20/373 1570/359
f 1569/363 400/357 1570/359
f 1565/358 1570/359 400/357
f 1571/369 1574/365 398/362
f 1569/363 398/362 1574/365
f 1572/368 399/372 1574/365
f 1573/366 1574/365 399/372
f 1576/370 1566/356 1573/366
f 400/357 1573/366 1566/356
f 30/347 1559/349 1575/371
f 1576/370 1575/371 1559/349
f 1579/374 1463/375 1577/378
f 370/381 1577/378 1463/375
f 398/362 1568/364 1578/377
f 1579/374 1578/377 1568/364
f 1580/384 1582/379 21/393
f 1460/380 21/393 1582/379
f 1581/383 403/376 1582/379
f 1577/378 1582/379 403/376
f 1583/389 1586/385 401/382
f 1581/383 401/382 1586/385
f 1584/388 402/391 1586/385
f 1585/386 1586/385 402/391
f 1585/386 1588/390 403/376
f 1578/377 403/376 1588/390
f 31/367 1571/369 1587/392
f 1588/390 1587/392 1571/369
f 1591/394 1477/395 1589/398
f 374/401 1589/398 1477/395
f 1590/397 401/382 1591/394
f 1580/384 1591/394 401/382
f 1592/404 1594/399 22/4575
f 1474/400 22/4575 1594/399
f 1593/403 406/396 1594/399
f 1589/398 1594/399 406/396
f 1595/409 1598/405 404/402
f 1593/403 404/402 1598/405
f 1596/408 405/411 1598/405
f 1597/406 1598/405 405/411
f 1597/406 1600/410 406/396
f 1590/397 406/396 1600/410
f 1599/412 32/387 1600/410
f 1583/389 1600/410 32/387
f 1490/228 377/229 1604/415
f 1601/416 1604/415 377/229
f 1603/414 1604/415 409/428
f 1602/417 409/428 1604/415
f 1487/223 24/224 1607/419
f 1605/420 1607/419 24/224
f 1601/416 1607/419 410/418
f 1606/421 410/418 1607/419
f 1606/421 407/422 1611/424
f 1608/425 1611/424 407/422
f 1610/423 1611/424 408/432
f 1609/426 408/432 1611/424
f 1602/417 410/418 1614/430
f 1610/423 1614/430 410/418
f 1613/429 1614/430 34/581
f 1612/431 34/581 1614/430
f 1503/249 381/248 1617/433
f 1615/434 1617/433 381/248
f 1605/420 1617/433 407/422
f 1616/435 407/422 1617/433
f 1618/440 1620/437 25/244
f 1500/245 25/244 1620/437
f 1619/439 413/436 1620/437
f 1615/434 1620/437 413/436
f 1624/441 1619/439 1621/445
f 411/438 1621/445 1619/439
f 1622/443 412/448 1624/441
f 1623/442 1624/441 412/448
f 1616/435 413/436 1626/446
f 1623/442 1626/446 413/436
f 1608/425 1626/446 35/427
f 1625/447 35/427 1626/446
f 1629/449 1515/269 1627/452
f 384/268 1627/452 1515/269
f 411/438 1618/440 1628/450
f 1629/449 1628/450 1618/440
f 1632/453 1512/264 1630/456
f 26/265 1630/456 1512/264
f 416/451 1627/452 1631/455
f 1632/453 1631/455 1627/452
f 1633/461 1636/458 414/454
f 1631/455 414/454 1636/458
f 1636/458 1634/460 1635/457
f 415/463 1635/457 1634/460
f 1638/462 1628/450 1635/457
f 416/451 1635/457 1628/450
f 36/444 1621/445 1637/464
f 1638/462 1637/464 1621/445
f 1639/468 1641/465 387/289
f 1527/288 387/289 1641/465
f 1640/467 414/454 1641/465
f 1630/456 1641/465 414/454
f 1642/472 1644/469 27/284
f 1524/285 27/284 1644/469
f 1643/471 419/466 1644/469
f 1639/468 1644/469 419/466
f 1645/477 1648/473 417/470
f 1643/471 417/470 1648/473
f 1646/476 418/479 1648/473
f 1647/474 1648/473 418/479
f 1647/474 1650/478 419/466
f 1640/467 419/466 1650/478
f 1649/480 37/459 1650/478
f 1633/461 1650/478 37/459
f 1651/484 1653/481 390/308
f 1539/309 390/308 1653/481
f 1652/483 417/470 1653/481
f 1642/472 1653/481 417/470
f 1654/488 1656/485 28/304
f 1536/305 28/304 1656/485
f 1655/487 422/482 1656/485
f 1651/484 1656/485 422/482
f 1657/493 1660/489 420/486
f 1655/487 420/486 1660/489
f 1658/492 421/495 1660/489
f 1659/490 1660/489 421/495
f 1659/490 1662/494 422/482
f 1652/483 422/482 1662/494
f 1661/496 38/475 1662/494
f 1645/477 1662/494 38/475
f 1663/502 1665/497 393/332
f 1551/331 393/332 1665/497
f 1664/501 420/514 1665/497
f 1654/498 1665/497 420/514
f 1666/506 1668/503 29/325
f 1548/326 29/325 1668/503
f 1667/505 425/500 1668/503
f 1663/502 1668/503 425/500
f 1669/511 1672/507 423/504
f 1667/505 423/504 1672/507
f 1670/510 424/515 1672/507
f 1671/508 1672/507 424/515
f 1671/508 1674/512 425/500
f 1664/501 425/500 1674/512
f 1673/516 39/667 1674/512
f 1657/513 1674/512 39/667
f 1675/520 1677/517 396/352
f 1563/351 396/352 1677/517
f 1676/519 423/504 1677/517
f 1666/506 1677/517 423/504
f 1678/524 1680/521 30/347
f 1560/348 30/347 1680/521
f 1679/523 428/518 1680/521
f 1675/520 1680/521 428/518
f 1681/529 1684/525 426/522
f 1679/523 426/522 1684/525
f 1682/528 427/531 1684/525
f 1683/526 1684/525 427/531
f 1683/526 1686/530 428/518
f 1676/519 428/518 1686/530
f 1685/532 40/509 1686/530
f 1669/511 1686/530 40/509
f 1687/536 1689/533 399/372
f 1575/371 399/372 1689/533
f 1688/535 426/522 1689/533
f 1678/524 1689/533 426/522
f 1690/540 1692/537 31/367
f 1572/368 31/367 1692/537
f 1691/539 431/534 1692/537
f 1687/536 1692/537 431/534
f 1693/545 1696/541 429/538
f 1691/539 429/538 1696/541
f 1694/544 430/547 1696/541
f 1695/542 1696/541 430/547
f 1695/542 1698/546 431/534
f 1688/535 431/534 1698/546
f 1697/548 41/527 1698/546
f 1681/529 1698/546 41/527
f 1699/552 1701/549 402/391
f 1587/392 402/391 1701/549
f 1700/551 429/538 1701/549
f 1690/540 1701/549 429/538
f 1702/556 1704/553 32/387
f 1584/388 32/387 1704/553
f 1703/555 434/550 1704/553
f 1699/552 1704/553 434/550
f 1705/561 1708/557 432/554
f 1703/555 432/554 1708/557
f 1706/560 433/563 1708/557
f 1707/558 1708/557 433/563
f 1707/558 1710/562 434/550
f 1700/551 434/550 1710/562
f 1709/564 42/543 1710/562
f 1693/545 1710/562 42/543
f 1711/568 1713/565 405/411
f 1599/412 405/411 1713/565
f 1712/567 432/554 1713/565
f 1702/556 1713/565 432/554
f 1714/572 1716/569 33/407
f 1596/408 33/407 1716/569
f 1715/571 437/566 1716/569
f 1711/568 1716/569 437/566
f 1717/577 1720/573 435/570
f 1715/571 435/570 1720/573
f 1718/576 436/579 1720/573
f 1719/574 1720/573 436/579
f 1719/574 1722/578 437/566
f 1712/567 437/566 1722/578
f 1721/580 43/559 1722/578
f 1705/561 1722/578 43/559
f 1612/431 408/432 1726/583
f 1723/584 1726/583 408/432
f 1725/582 1726/583 440/596
f 1724/585 440/596 1726/583
f 1609/426 35/427 1729/587
f 1727/588 1729/587 35/427
f 1723/584 1729/587 441/586
f 1728/589 441/586 1729/587
f 1728/589 438/590 1733/592
f 1730/593 1733/592 438/590
f 1732/591 1733/592 439/599
f 1731/594 439/599 1733/592
f 1724/585 441/586 1736/598
f 1732/591 1736/598 441/586
f 45/750 1735/597 1734/600
f 1736/598 1734/600 1735/597
f 1625/447 412/448 1739/601
f 1737/602 1739/601 412/448
f 1727/588 1739/601 438/590
f 1738/603 438/590 1739/601
f 1742/605 1622/443 1740/606
f 36/444 1740/606 1622/443
f 444/604 1737/602 1741/608
f 1742/605 1741/608 1737/602
f 442/607 1743/611 1741/608
f 1746/609 1741/608 1743/611
f 1746/609 1744/613 1745/610
f 443/616 1745/610 1744/613
f 1745/610 1748/614 444/604
f 1738/603 444/604 1748/614
f 1747/615 46/595 1748/614
f 1730/593 1748/614 46/595
f 415/463 1749/618 1637/464
f 1751/617 1637/464 1749/618
f 1751/617 1750/620 1740/606
f 442/607 1740/606 1750/620
f 37/459 1752/624 1634/460
f 1754/621 1634/460 1752/624
f 1754/621 1753/623 1749/618
f 447/619 1749/618 1753/623
f 1758/625 1753/623 1755/629
f 445/622 1755/629 1753/623
f 1758/625 1756/627 1757/626
f 446/631 1757/626 1756/627
f 447/619 1757/626 1750/620
f 1760/630 1750/620 1757/626
f 1760/630 1759/632 1743/611
f 47/612 1743/611 1759/632
f 1761/636 1763/633 418/479
f 1649/480 418/479 1763/633
f 1762/635 445/622 1763/633
f 1752/624 1763/633 445/622
f 1764/640 1766/637 38/475
f 1646/476 38/475 1766/637
f 1765/639 450/634 1766/637
f 1761/636 1766/637 450/634
f 1767/645 1770/641 448/638
f 1765/639 448/638 1770/641
f 1768/644 449/648 1770/641
f 1769/642 1770/641 449/648
f 1769/642 1772/646 450/634
f 1762/635 450/634 1772/646
f 48/628 1755/629 1771/647
f 1772/646 1771/647 1755/629
f 1773/652 1775/649 421/495
f 1661/496 421/495 1775/649
f 1774/651 448/638 1775/649
f 1764/640 1775/649 448/638
f 1776/656 1778/653 39/491
f 1658/492 39/491 1778/653
f 1777/655 453/650 1778/653
f 1773/652 1778/653 453/650
f 1779/661 1782/657 451/654
f 1777/655 451/654 1782/657
f 1780/660 452/663 1782/657
f 1781/658 1782/657 452/663
f 1781/658 1784/662 453/650
f 1774/651 453/650 1784/662
f 1783/664 49/643 1784/662
f 1767/645 1784/662 49/643
f 1785/670 1787/665 424/515
f 1673/516 424/515 1787/665
f 1786/669 451/682 1787/665
f 1776/666 1787/665 451/682
f 1788/674 1790/671 40/509
f 1670/510 40/509 1790/671
f 1789/673 456/668 1790/671
f 1785/670 1790/671 456/668
f 1791/679 1794/675 454/672
f 1789/673 454/672 1794/675
f 1792/678 455/683 1794/675
f 1793/676 1794/675 455/683
f 1793/676 1796/680 456/668
f 1786/669 456/668 1796/680
f 1795/684 50/835 1796/680
f 1779/681 1796/680 50/835
f 1797/688 1799/685 427/531
f 1685/532 427/531 1799/685
f 1798/687 454/672 1799/685
f 1788/674 1799/685 454/672
f 1800/692 1802/689 41/527
f 1682/528 41/527 1802/689
f 1801/691 459/686 1802/689
f 1797/688 1802/689 459/686
f 1803/697 1806/693 457/690
f 1801/691 457/690 1806/693
f 1804/696 458/700 1806/693
f 1805/694 1806/693 458/700
f 1805/694 1808/698 459/686
f 1798/687 459/686 1808/698
f 51/677 1791/679 1807/699
f 1808/698 1807/699 1791/679
f 1809/704 1811/701 430/547
f 1697/548 430/547 1811/701
f 1810/703 457/690 1811/701
f 1800/692 1811/701 457/690
f 1812/708 1814/705 42/543
f 1694/544 42/543 1814/705
f 1813/707 462/702 1814/705
f 1809/704 1814/705 462/702
f 1815/713 1818/709 460/706
f 1813/707 460/706 1818/709
f 1816/712 461/716 1818/709
f 1817/710 1818/709 461/716
f 1817/710 1820/714 462/702
f 1810/703 462/702 1820/714
f 52/695 1803/697 1819/715
f 1820/714 1819/715 1803/697
f 1821/720 1823/717 433/563
f 1709/564 433/563 1823/717
f 1822/719 460/706 1823/717
f 1812/708 1823/717 460/706
f 1824/724 1826/721 43/559
f 1706/560 43/559 1826/721
f 1825/723 465/718 1826/721
f 1821/720 1826/721 465/718
f 1827/729 1830/725 463/722
f 1825/723 463/722 1830/725
f 1828/728 464/731 1830/725
f 1829/726 1830/725 464/731
f 1829/726 1832/730 465/718
f 1822/719 465/718 1832/730
f 53/711 1815/713 1831/732
f 1832/730 1831/732 1815/713
f 436/579 1833/734 1721/580
f 1835/733 1721/580 1833/734
f 1835/733 1834/736 1824/724
f 463/722 1824/724 1834/736
f 44/575 1836/738 1718/576
f 1838/737 1718/576 1836/738
f 1838/737 1837/739 1833/734
f 468/735 1833/734 1837/739
f 1837/739 466/740 1842/741
f 1839/743 1842/741 466/740
f 1840/744 467/747 1842/741
f 1841/742 1842/741 467/747
f 468/735 1841/742 1834/736
f 1844/746 1834/736 1841/742
f 1843/748 54/727 1844/746
f 1827/729 1844/746 54/727
f 439/599 1845/752 1734/600
f 1848/749 1734/600 1845/752
f 1848/749 1846/754 1847/751
f 471/765 1847/751 1846/754
f 1851/755 1731/594 1849/756
f 46/595 1849/756 1731/594
f 1851/755 1850/758 1845/752
f 472/753 1845/752 1850/758
f 469/757 1852/763 1850/758
f 1855/759 1850/758 1852/763
f 470/767 1854/760 1853/761
f 1855/759 1853/761 1854/760
f 472/753 1854/760 1846/754
f 1858/764 1846/754 1854/760
f 1858/764 1856/768 1857/766
f 56/917 1857/766 1856/768
f 443/616 1859/770 1747/615
f 1861/769 1747/615 1859/770
f 1861/769 1860/772 1849/756
f 469/757 1849/756 1860/772
f 47/612 1862/774 1744/613
f 1864/773 1744/613 1862/774
f 1864/773 1863/776 1859/770
f 475/771 1859/770 1863/776
f 473/775 1865/779 1863/776
f 1868/777 1863/776 1865/779
f 1868/777 1866/781 1867/778
f 474/783 1867/778 1866/781
f 475/771 1867/778 1860/772
f 1870/782 1860/772 1867/778
f 1870/782 1869/784 1852/763
f 57/762 1852/763 1869/784
f 446/631 1871/786 1759/632
f 1873/785 1759/632 1871/786
f 1873/785 1872/788 1862/774
f 473/775 1862/774 1872/788
f 1876/789 1756/627 1874/792
f 48/628 1874/792 1756/627
f 1876/789 1875/790 1871/786
f 478/787 1871/786 1875/790
f 1880/794 1875/790 1877/797
f 476/791 1877/797 1875/790
f 477/799 1879/793 1878/795
f 1880/794 1878/795 1879/793
f 478/787 1879/793 1872/788
f 1882/798 1872/788 1879/793
f 1882/798 1881/800 1865/779
f 58/780 1865/779 1881/800
f 1885/801 1771/647 1883/804
f 449/648 1883/804 1771/647
f 476/791 1874/792 1884/802
f 1885/801 1884/802 1874/792
f 1886/808 1888/805 49/643
f 1768/644 49/643 1888/805
f 1887/807 481/803 1888/805
f 1883/804 1888/805 481/803
f 1889/813 1892/810 479/806
f 1887/807 479/806 1892/810
f 480/816 1891/809 1890/812
f 1892/810 1890/812 1891/809
f 1894/814 1884/802 1891/809
f 481/803 1891/809 1884/802
f 59/796 1877/797 1893/815
f 1894/814 1893/815 1877/797
f 1895/820 1897/817 452/663
f 1783/664 452/663 1897/817
f 1896/819 479/806 1897/817
f 1886/808 1897/817 479/806
f 1898/824 1900/821 50/659
f 1780/660 50/659 1900/821
f 1899/823 484/818 1900/821
f 1895/820 1900/821 484/818
f 1901/829 1904/825 482/822
f 1899/823 482/822 1904/825
f 1902/828 483/831 1904/825
f 1903/826 1904/825 483/831
f 1903/826 1906/830 484/818
f 1896/819 484/818 1906/830
f 1905/832 60/811 1906/830
f 1889/813 1906/830 60/811
f 1907/838 1909/833 455/683
f 1795/684 455/683 1909/833
f 1908/837 482/850 1909/833
f 1898/834 1909/833 482/850
f 1910/842 1912/839 51/677
f 1792/678 51/677 1912/839
f 1911/841 487/836 1912/839
f 1907/838 1912/839 487/836
f 1913/847 1916/843 485/840
f 1911/841 485/840 1916/843
f 1914/846 486/851 1916/843
f 1915/844 1916/843 486/851
f 1915/844 1918/848 487/836
f 1908/837 487/836 1918/848
f 1917/852 61/1003 1918/848
f 1901/849 1918/848 61/1003
f 1921/853 1807/699 1919/856
f 458/700 1919/856 1807/699
f 485/840 1910/842 1920/854
f 1921/853 1920/854 1910/842
f 1922/860 1924/857 52/695
f 1804/696 52/695 1924/857
f 1923/859 490/855 1924/857
f 1919/856 1924/857 490/855
f 1925/865 1928/861 488/858
f 1923/859 488/858 1928/861
f 1926/864 489/868 1928/861
f 1927/862 1928/861 489/868
f 1930/866 1920/854 1927/862
f 490/855 1927/862 1920/854
f 62/845 1913/847 1929/867
f 1930/866 1929/867 1913/847
f 1933/869 1819/715 1931/872
f 461/716 1931/872 1819/715
f 488/858 1922/860 1932/870
f 1933/869 1932/870 1922/860
f 1934/876 1936/873 53/711
f 1816/712 53/711 1936/873
f 1935/875 493/871 1936/873
f 1931/872 1936/873 493/871
f 1937/881 1940/877 491/874
f 1935/875 491/874 1940/877
f 1938/880 492/884 1940/877
f 1939/878 1940/877 492/884
f 1942/882 1932/870 1939/878
f 493/871 1939/878 1932/870
f 63/863 1925/865 1941/883
f 1942/882 1941/883 1925/865
f 1943/888 1945/885 464/731
f 1831/732 464/731 1945/885
f 491/874 1934/876 1944/887
f 1945/885 1944/887 1934/876
f 1946/892 1948/889 54/727
f 1828/728 54/727 1948/889
f 1947/891 496/886 1948/889
f 1943/888 1948/889 496/886
f 1949/897 1952/893 494/890
f 1947/891 494/890 1952/893
f 1950/896 495/899 1952/893
f 1951/894 1952/893 495/899
f 1951/894 1954/898 496/886
f 1944/887 496/886 1954/898
f 64/879 1937/881 1953/900
f 1954/898 1953/900 1937/881
f 1843/748 467/747 1957/901
f 1955/902 1957/901 467/747
f 1956/903 494/890 1957/901
f 1946/892 1957/901 494/890
f 1840/744 55/745 1960/905
f 1958/908 1960/905 55/745
f 1955/902 1960/905 499/904
f 1959/907 499/904 1960/905
f 1961/913 1964/910 497/906
f 1959/907 497/906 1964/910
f 1962/912 498/915 1964/910
f 1963/909 1964/910 498/915
f 1963/909 1966/914 499/904
f 1956/903 499/904 1966/914
f 1965/916 65/895 1966/914
f 1949/897 1966/914 65/895
f 1970/919 1856/768 1967/920
f 470/767 1967/920 1856/768
f 1969/918 1970/919 502/932
f 1968/921 502/932 1970/919
f 1973/923 1853/761 1971/926
f 57/762 1971/926 1853/761
f 1967/920 1973/923 503/922
f 1972/924 503/922 1973/923
f 1977/928 1972/924 1974/931
f 500/925 1974/931 1972/924
f 501/936 1976/927 1975/929
f 1977/928 1975/929 1976/927
f 1968/921 503/922 1980/934
f 1976/927 1980/934 503/922
f 1979/933 1980/934 67/1086
f 1978/935 67/1086 1980/934
f 474/783 1981/940 1869/784
f 1983/937 1869/784 1981/940
f 500/925 1971/926 1982/938
f 1983/937 1982/938 1971/926
f 58/780 1984/942 1866/781
f 1986/941 1866/781 1984/942
f 1986/941 1985/944 1981/940
f 506/939 1981/940 1985/944
f 1990/946 1985/944 1987/949
f 504/943 1987/949 1985/944
f 505/952 1989/945 1988/947
f 1990/946 1988/947 1989/945
f 1992/950 1982/938 1989/945
f 506/939 1989/945 1982/938
f 68/930 1974/931 1991/951
f 1992/950 1991/951 1974/931
f 1995/953 1881/800 1993/956
f 477/799 1993/956 1881/800
f 1995/953 1994/954 1984/942
f 504/943 1984/942 1994/954
f 1998/957 1878/795 1996/960
f 59/796 1996/960 1878/795
f 509/955 1993/956 1997/958
f 1998/957 1997/958 1993/956
f 2002/962 1997/958 1999/965
f 507/959 1999/965 1997/958
f 508/968 2001/961 2000/963
f 2002/962 2000/963 2001/961
f 2004/966 1994/954 2001/961
f 509/955 2001/961 1994/954
f 69/948 1987/949 2003/967
f 2004/966 2003/967 1987/949
f 2007/969 1893/815 2005/972
f 480/816 2005/972 1893/815
f 507/959 1996/960 2006/970
f 2007/969 2006/970 1996/960
f 2010/973 1890/812 2008/976
f 60/811 2008/976 1890/812
f 512/971 2005/972 2009/974
f 2010/973 2009/974 2005/972
f 2014/978 2009/974 2011/981
f 510/975 2011/981 2009/974
f 511/984 2013/977 2012/979
f 2014/978 2012/979 2013/977
f 2016/982 2006/970 2013/977
f 512/971 2013/977 2006/970
f 70/964 1999/965 2015/983
f 2016/982 2015/983 1999/965
f 2019/985 1905/832 2017/988
f 483/831 2017/988 1905/832
f 510/975 2008/976 2018/986
f 2019/985 2018/986 2008/976
f 2020/992 2022/989 61/827
f 1902/828 61/827 2022/989
f 2021/991 515/987 2022/989
f 2017/988 2022/989 515/987
f 2023/997 2026/993 513/990
f 2021/991 513/990 2026/993
f 514/1000 2025/994 2024/996
f 2026/993 2024/996 2025/994
f 2028/998 2018/986 2025/994
f 515/987 2025/994 2018/986
f 71/980 2011/981 2027/999
f 2028/998 2027/999 2011/981
f 2029/1006 2031/1001 486/851
f 1917/852 486/851 2031/1001
f 2030/1005 513/1018 2031/1001
f 2020/1002 2031/1001 513/1018
f 2032/1010 2034/1007 62/845
f 1914/846 62/845 2034/1007
f 2033/1009 518/1004 2034/1007
f 2029/1006 2034/1007 518/1004
f 2035/1015 2038/1011 516/1008
f 2033/1009 516/1008 2038/1011
f 2036/1014 517/1019 2038/1011
f 2037/1012 2038/1011 517/1019
f 2037/1012 2040/1016 518/1004
f 2030/1005 518/1004 2040/1016
f 2039/1020 72/1170 2040/1016
f 2023/1017 2040/1016 72/1170
f 2043/1021 1929/867 2041/1024
f 489/868 2041/1024 1929/867
f 516/1008 2032/1010 2042/1022
f 2043/1021 2042/1022 2032/1010
f 2044/1028 2046/1025 63/863
f 1926/864 63/863 2046/1025
f 2045/1027 521/1023 2046/1025
f 2041/1024 2046/1025 521/1023
f 2047/1033 2050/1029 519/1026
f 2045/1027 519/1026 2050/1029
f 2048/1032 520/1036 2050/1029
f 2049/1030 2050/1029 520/1036
f 2052/1034 2042/1022 2049/1030
f 521/1023 2049/1030 2042/1022
f 2051/1035 73/1013 2052/1034
f 2035/1015 2052/1034 73/1013
f 2055/1037 1941/883 2053/1040
f 492/884 2053/1040 1941/883
f 519/1026 2044/1028 2054/1038
f 2055/1037 2054/1038 2044/1028
f 2056/1044 2058/1041 64/879
f 1938/880 64/879 2058/1041
f 2057/1043 524/1039 2058/1041
f 2053/1040 2058/1041 524/1039
f 2059/1049 2062/1045 522/1042
f 2057/1043 522/1042 2062/1045
f 2060/1048 523/1052 2062/1045
f 2061/1046 2062/1045 523/1052
f 2064/1050 2054/1038 2061/1046
f 524/1039 2061/1046 2054/1038
f 74/1031 2047/1033 2063/1051
f 2064/1050 2063/1051 2047/1033
f 2065/1056 2067/1053 495/899
f 1953/900 495/899 2067/1053
f 522/1042 2056/1044 2066/1055
f 2067/1053 2066/1055 2056/1044
f 2068/1060 2070/1057 65/895
f 1950/896 65/895 2070/1057
f 2069/1059 527/1054 2070/1057
f 2065/1056 2070/1057 527/1054
f 525/1058 2071/1063 2069/1059
f 2074/1062 2069/1059 2071/1063
f 2074/1062 2072/1065 2073/1061
f 526/1068 2073/1061 2072/1065
f 2076/1066 2066/1055 2073/1061
f 527/1054 2073/1061 2066/1055
f 75/1047 2059/1049 2075/1067
f 2076/1066 2075/1067 2059/1049
f 2077/1072 2079/1069 498/915
f 1965/916 498/915 2079/1069
f 2078/1071 525/1058 2079/1069
f 2068/1060 2079/1069 525/1058
f 66/911 2080/1074 1962/912
f 2082/1073 1962/912 2080/1074
f 2082/1073 2081/1076 2077/1072
f 530/1070 2077/1072 2081/1076
f 528/1075 2083/1079 2081/1076
f 2086/1077 2081/1076 2083/1079
f 2086/1077 2084/1081 2085/1078
f 529/1083 2085/1078 2084/1081
f 530/1070 2085/1078 2078/1071
f 2088/1082 2078/1071 2085/1078
f 2088/1082 2087/1084 2071/1063
f 76/1064 2071/1063 2087/1084
f 501/936 2089/1088 1978/935
f 2092/1085 1978/935 2089/1088
f 2092/1085 2090/1090 2091/1087
f 533/1101 2091/1087 2090/1090
f 68/930 2093/1092 1975/929
f 2095/1091 1975/929 2093/1092
f 2095/1091 2094/1094 2089/1088
f 534/1089 2089/1088 2094/1094
f 531/1093 2096/1097 2094/1094
f 2099/1095 2094/1094 2096/1097
f 2099/1095 2097/1099 2098/1096
f 532/1103 2098/1096 2097/1099
f 534/1089 2098/1096 2090/1090
f 2102/1100 2090/1090 2098/1096
f 2102/1100 2100/1104 2101/1102
f 78/1254 2101/1102 2100/1104
f 505/952 2103/1106 1991/951
f 2105/1105 1991/951 2103/1106
f 2105/1105 2104/1108 2093/1092
f 531/1093 2093/1092 2104/1108
f 2108/1109 1988/947 2106/1112
f 69/948 2106/1112 1988/947
f 2108/1109 2107/1110 2103/1106
f 537/1107 2103/1106 2107/1110
f 2112/1113 2107/1110 2109/1117
f 535/1111 2109/1117 2107/1110
f 2112/1113 2110/1115 2111/1114
f 536/1119 2111/1114 2110/1115
f 537/1107 2111/1114 2104/1108
f 2114/1118 2104/1108 2111/1114
f 2114/1118 2113/1120 2096/1097
f 79/1098 2096/1097 2113/1120
f 2003/967 508/968 2117/1121
f 2115/1122 2117/1121 508/968
f 2106/1112 2117/1121 535/1111
f 2116/1123 535/1111 2117/1121
f 2000/963 70/964 2120/1125
f 2118/1126 2120/1125 70/964
f 2115/1122 2120/1125 540/1124
f 2119/1127 540/1124 2120/1125
f 2119/1127 538/1128 2124/1130
f 2121/1131 2124/1130 538/1128
f 2123/1129 2124/1130 539/1136
f 2122/1132 539/1136 2124/1130
f 2116/1123 540/1124 2126/1134
f 2123/1129 2126/1134 540/1124
f 2109/1117 2126/1134 80/1116
f 2125/1135 80/1116 2126/1134
f 2015/983 511/984 2129/1137
f 2127/1138 2129/1137 511/984
f 2118/1126 2129/1137 538/1128
f 2128/1139 538/1128 2129/1137
f 2012/979 71/980 2132/1141
f 2130/1142 2132/1141 71/980
f 2127/1138 2132/1141 543/1140
f 2131/1143 543/1140 2132/1141
f 2131/1143 541/1144 2136/1146
f 2133/1147 2136/1146 541/1144
f 2135/1145 2136/1146 542/1152
f 2134/1148 542/1152 2136/1146
f 2128/1139 543/1140 2138/1150
f 2135/1145 2138/1150 543/1140
f 2121/1131 2138/1150 81/1133
f 2137/1151 81/1133 2138/1150
f 514/1000 2139/1154 2027/999
f 2141/1153 2027/999 2139/1154
f 2130/1142 2141/1153 541/1144
f 2140/1155 541/1144 2141/1153
f 72/995 2142/1158 2024/996
f 2144/1157 2024/996 2142/1158
f 2144/1157 2143/1160 2139/1154
f 546/1156 2139/1154 2143/1160
f 544/1159 2145/1163 2143/1160
f 2148/1161 2143/1160 2145/1163
f 2148/1161 2146/1165 2147/1162
f 545/1168 2147/1162 2146/1165
f 2140/1155 546/1156 2150/1166
f 2147/1162 2150/1166 546/1156
f 2133/1147 2150/1166 82/1149
f 2149/1167 82/1149 2150/1166
f 517/1019 2151/1172 2039/1020
f 2153/1169 2039/1020 2151/1172
f 2153/1169 2152/1174 2142/1171
f 544/1185 2142/1171 2152/1174
f 73/1013 2154/1176 2036/1014
f 2156/1175 2036/1014 2154/1176
f 2156/1175 2155/1178 2151/1172
f 549/1173 2151/1172 2155/1178
f 547/1177 2157/1181 2155/1178
f 2160/1179 2155/1178 2157/1181
f 2160/1179 2158/1183 2159/1180
f 548/1187 2159/1180 2158/1183
f 549/1173 2159/1180 2152/1174
f 2162/1184 2152/1174 2159/1180
f 2162/1184 2161/1188 2145/1186
f 83/1338 2145/1186 2161/1188
f 2051/1035 520/1036 2165/1189
f 2163/1190 2165/1189 520/1036
f 2154/1176 2165/1189 547/1177
f 2164/1191 547/1177 2165/1189
f 74/1031 2166/1194 2048/1032
f 2168/1193 2048/1032 2166/1194
f 2168/1193 2167/1196 2163/1190
f 552/1192 2163/1190 2167/1196
f 550/1195 2169/1199 2167/1196
f 2172/1197 2167/1196 2169/1199
f 2172/1197 2170/1201 2171/1198
f 551/1204 2171/1198 2170/1201
f 2164/1191 552/1192 2174/1202
f 2171/1198 2174/1202 552/1192
f 2157/1181 2174/1202 84/1182
f 2173/1203 84/1182 2174/1202
f 2063/1051 523/1052 2177/1205
f 2175/1206 2177/1205 523/1052
f 2166/1194 2177/1205 550/1195
f 2176/1207 550/1195 2177/1205
f 75/1047 2178/1210 2060/1048
f 2180/1209 2060/1048 2178/1210
f 2180/1209 2179/1212 2175/1206
f 555/1208 2175/1206 2179/1212
f 553/1211 2181/1215 2179/1212
f 2184/1213 2179/1212 2181/1215
f 2184/1213 2182/1217 2183/1214
f 554/1220 2183/1214 2182/1217
f 2176/1207 555/1208 2186/1218
f 2183/1214 2186/1218 555/1208
f 2169/1199 2186/1218 85/1200
f 2185/1219 85/1200 2186/1218
f 526/1068 2187/1222 2075/1067
f 2189/1221 2075/1067 2187/1222
f 2178/1210 2189/1221 553/1211
f 2188/1224 553/1211 2189/1221
f 76/1064 2190/1226 2072/1065
f 2192/1225 2072/1065 2190/1226
f 2192/1225 2191/1228 2187/1222
f 558/1223 2187/1222 2191/1228
f 556/1227 2193/1231 2191/1228
f 2196/1229 2191/1228 2193/1231
f 2196/1229 2194/1233 2195/1230
f 557/1235 2195/1230 2194/1233
f 558/1223 2195/1230 2188/1224
f 2198/1234 2188/1224 2195/1230
f 2181/1215 2198/1234 86/1216
f 2197/1236 86/1216 2198/1234
f 529/1083 2199/1238 2087/1084
f 2201/1237 2087/1084 2199/1238
f 2201/1237 2200/1240 2190/1226
f 556/1227 2190/1226 2200/1240
f 77/1080 2202/1242 2084/1081
f 2204/1241 2084/1081 2202/1242
f 2204/1241 2203/1244 2199/1238
f 561/1239 2199/1238 2203/1244
f 559/1243 2205/1247 2203/1244
f 2208/1245 2203/1244 2205/1247
f 2208/1245 2206/1249 2207/1246
f 560/1251 2207/1246 2206/1249
f 561/1239 2207/1246 2200/1240
f 2210/1250 2200/1240 2207/1246
f 2210/1250 2209/1252 2193/1231
f 87/1232 2193/1231 2209/1252
f 532/1103 2211/1256 2100/1104
f 2214/1253 2100/1104 2211/1256
f 2214/1253 2212/1258 2213/1255
f 564/1269 2213/1255 2212/1258
f 79/1098 2215/1260 2097/1099
f 2217/1259 2097/1099 2215/1260
f 2217/1259 2216/1262 2211/1256
f 565/1257 2211/1256 2216/1262
f 562/1261 2218/1265 2216/1262
f 2221/1263 2216/1262 2218/1265
f 2221/1263 2219/1267 2220/1264
f 563/1271 2220/1264 2219/1267
f 565/1257 2220/1264 2212/1258
f 2224/1268 2212/1258 2220/1264
f 2224/1268 2222/1272 2223/1270
f 89/1422 2223/1270 2222/1272
f 536/1119 2225/1274 2113/1120
f 2227/1273 2113/1120 2225/1274
f 2227/1273 2226/1276 2215/1260
f 562/1261 2215/1260 2226/1276
f 2230/1277 2110/1115 2228/1278
f 80/1116 2228/1278 2110/1115
f 2230/1277 2229/1280 2225/1274
f 568/1275 2225/1274 2229/1280
f 566/1279 2231/1283 2229/1280
f 2234/1281 2229/1280 2231/1283
f 2234/1281 2232/1285 2233/1282
f 567/1287 2233/1282 2232/1285
f 568/1275 2233/1282 2226/1276
f 2236/1286 2226/1276 2233/1282
f 2236/1286 2235/1288 2218/1265
f 90/1266 2218/1265 2235/1288
f 2125/1135 539/1136 2239/1289
f 2237/1290 2239/1289 539/1136
f 2228/1278 2239/1289 566/1279
f 2238/1291 566/1279 2239/1289
f 2122/1132 81/1133 2242/1293
f 2240/1294 2242/1293 81/1133
f 2237/1290 2242/1293 571/1292
f 2241/1295 571/1292 2242/1293
f 2241/1295 569/1296 2246/1298
f 2243/1299 2246/1298 569/1296
f 2245/1297 2246/1298 570/1304
f 2244/1300 570/1304 2246/1298
f 2238/1291 571/1292 2248/1302
f 2245/1297 2248/1302 571/1292
f 2231/1283 2248/1302 91/1284
f 2247/1303 91/1284 2248/1302
f 2137/1151 542/1152 2251/1305
f 2249/1306 2251/1305 542/1152
f 2240/1294 2251/1305 569/1296
f 2250/1307 569/1296 2251/1305
f 2134/1148 82/1149 2254/1309
f 2252/1310 2254/1309 82/1149
f 2254/1309 2253/1312 2249/1306
f 574/1308 2249/1306 2253/1312
f 572/1311 2255/1315 2253/1312
f 2258/1313 2253/1312 2255/1315
f 2258/1313 2256/1317 2257/1314
f 573/1319 2257/1314 2256/1317
f 574/1308 2257/1314 2250/1307
f 2260/1318 2250/1307 2257/1314
f 2260/1318 2259/1320 2243/1299
f 92/1301 2243/1299 2259/1320
f 545/1168 2261/1322 2149/1167
f 2263/1321 2149/1167 2261/1322
f 2263/1321 2262/1324 2252/1310
f 572/1311 2252/1310 2262/1324
f 83/1164 2264/1326 2146/1165
f 2266/1325 2146/1165 2264/1326
f 2266/1325 2265/1328 2261/1322
f 577/1323 2261/1322 2265/1328
f 575/1327 2267/1331 2265/1328
f 2270/1329 2265/1328 2267/1331
f 2270/1329 2268/1333 2269/1330
f 576/1335 2269/1330 2268/1333
f 577/1323 2269/1330 2262/1324
f 2272/1334 2262/1324 2269/1330
f 2272/1334 2271/1336 2255/1315
f 93/1316 2255/1315 2271/1336
f 548/1187 2273/1340 2161/1188
f 2275/1337 2161/1188 2273/1340
f 2275/1337 2274/1342 2264/1339
f 575/1353 2264/1339 2274/1342
f 84/1182 2276/1344 2158/1183
f 2278/1343 2158/1183 2276/1344
f 2278/1343 2277/1346 2273/1340
f 580/1341 2273/1340 2277/1346
f 578/1345 2279/1349 2277/1346
f 2282/1347 2277/1346 2279/1349
f 2282/1347 2280/1351 2281/1348
f 579/1356 2281/1348 2280/1351
f 2274/1342 580/1341 2284/1352
f 2281/1348 2284/1352 580/1341
f 2267/1354 2284/1352 94/1505
f 2283/1355 94/1505 2284/1352
f 2173/1203 551/1204 2287/1357
f 2285/1358 2287/1357 551/1204
f 2276/1344 2287/1357 578/1345
f 2286/1359 578/1345 2287/1357
f 85/1200 2288/1362 2170/1201
f 2290/1361 2170/1201 2288/1362
f 2290/1361 2289/1364 2285/1358
f 583/1360 2285/1358 2289/1364
f 581/1363 2291/1367 2289/1364
f 2294/1365 2289/1364 2291/1367
f 2294/1365 2292/1369 2293/1366
f 582/1372 2293/1366 2292/1369
f 2286/1359 583/1360 2296/1370
f 2293/1366 2296/1370 583/1360
f 2279/1349 2296/1370 95/1350
f 2295/1371 95/1350 2296/1370
f 2185/1219 554/1220 2299/1373
f 2297/1374 2299/1373 554/1220
f 2288/1362 2299/1373 581/1363
f 2298/1375 581/1363 2299/1373
f 86/1216 2300/1378 2182/1217
f 2302/1377 2182/1217 2300/1378
f 2302/1377 2301/1380 2297/1374
f 586/1376 2297/1374 2301/1380
f 584/1379 2303/1383 2301/1380
f 2306/1381 2301/1380 2303/1383
f 2306/1381 2304/1385 2305/1382
f 585/1388 2305/1382 2304/1385
f 2298/1375 586/1376 2308/1386
f 2305/1382 2308/1386 586/1376
f 2291/1367 2308/1386 96/1368
f 2307/1387 96/1368 2308/1386
f 557/1235 2309/1390 2197/1236
f 2311/1389 2197/1236 2309/1390
f 2300/1378 2311/1389 584/1379
f 2310/1392 584/1379 2311/1389
f 87/1232 2312/1394 2194/1233
f 2314/1393 2194/1233 2312/1394
f 2314/1393 2313/1396 2309/1390
f 589/1391 2309/1390 2313/1396
f 587/1395 2315/1399 2313/1396
f 2318/1397 2313/1396 2315/1399
f 2318/1397 2316/1401 2317/1398
f 588/1404 2317/1398 2316/1401
f 589/1391 2317/1398 2310/1392
f 2320/1402 2310/1392 2317/1398
f 2303/1383 2320/1402 97/1384
f 2319/1403 97/1384 2320/1402
f 560/1251 2321/1406 2209/1252
f 2323/1405 2209/1252 2321/1406
f 2323/1405 2322/1408 2312/1394
f 587/1395 2312/1394 2322/1408
f 88/1248 2324/1410 2206/1249
f 2326/1409 2206/1249 2324/1410
f 2326/1409 2325/1412 2321/1406
f 592/1407 2321/1406 2325/1412
f 590/1411 2327/1415 2325/1412
f 2330/1413 2325/1412 2327/1415
f 2330/1413 2328/1417 2329/1414
f 591/1420 2329/1414 2328/1417
f 592/1407 2329/1414 2322/1408
f 2332/1418 2322/1408 2329/1414
f 2315/1399 2332/1418 98/1400
f 2331/1419 98/1400 2332/1418
f 563/1271 2333/1424 2222/1272
f 2336/1421 2222/1272 2333/1424
f 2335/1423 2336/1421 595/1436
f 2334/1425 595/1436 2336/1421
f 90/1266 2337/1428 2219/1267
f 2339/1427 2219/1267 2337/1428
f 2333/1424 2339/1427 596/1426
f 2338/1429 596/1426 2339/1427
f 2338/1429 593/1430 2343/1432
f 2340/1433 2343/1432 593/1430
f 2342/1431 2343/1432 594/1440
f 2341/1434 594/1440 2343/1432
f 2334/1425 596/1426 2346/1438
f 2342/1431 2346/1438 596/1426
f 2345/1437 2346/1438 100/1589
f 2344/1439 100/1589 2346/1438
f 567/1287 2347/1442 2235/1288
f 2349/1441 2235/1288 2347/1442
f 2337/1428 2349/1441 593/1430
f 2348/1443 593/1430 2349/1441
f 91/1284 2350/1446 2232/1285
f 2352/1445 2232/1285 2350/1446
f 2347/1442 2352/1445 599/1444
f 2351/1447 599/1444 2352/1445
f 2351/1447 597/1448 2356/1450
f 2353/1451 2356/1450 597/1448
f 2355/1449 2356/1450 598/1456
f 2354/1452 598/1456 2356/1450
f 2348/1443 599/1444 2358/1454
f 2355/1449 2358/1454 599/1444
f 2340/1433 2358/1454 101/1435
f 2357/1455 101/1435 2358/1454
f 2247/1303 570/1304 2361/1457
f 2359/1458 2361/1457 570/1304
f 2350/1446 2361/1457 597/1448
f 2360/1459 597/1448 2361/1457
f 2244/1300 92/1301 2364/1461
f 2362/1462 2364/1461 92/1301
f 2359/1458 2364/1461 602/1460
f 2363/1463 602/1460 2364/1461
f 2363/1463 600/1464 2368/1466
f 2365/1467 2368/1466 600/1464
f 2367/1465 2368/1466 601/1472
f 2366/1468 601/1472 2368/1466
f 2360/1459 602/1460 2370/1470
f 2367/1465 2370/1470 602/1460
f 2353/1451 2370/1470 102/1453
f 2369/1471 102/1453 2370/1470
f 573/1319 2371/1474 2259/1320
f 2373/1473 2259/1320 2371/1474
f 2362/1462 2373/1473 600/1464
f 2372/1475 600/1464 2373/1473
f 93/1316 2374/1478 2256/1317
f 2376/1477 2256/1317 2374/1478
f 2371/1474 2376/1477 605/1476
f 2375/1479 605/1476 2376/1477
f 2375/1479 603/1480 2380/1482
f 2377/1483 2380/1482 603/1480
f 2379/1481 2380/1482 604/1488
f 2378/1484 604/1488 2380/1482
f 2372/1475 605/1476 2382/1486
f 2379/1481 2382/1486 605/1476
f 2365/1467 2382/1486 103/1469
f 2381/1487 103/1469 2382/1486
f 576/1335 2383/1490 2271/1336
f 2385/1489 2271/1336 2383/1490
f 2374/1478 2385/1489 603/1480
f 2384/1491 603/1480 2385/1489
f 94/1332 2386/1494 2268/1333
f 2388/1493 2268/1333 2386/1494
f 2383/1490 2388/1493 608/1492
f 2387/1495 608/1492 2388/1493
f 2387/1495 606/1496 2392/1498
f 2389/1499 2392/1498 606/1496
f 2391/1497 2392/1498 607/1504
f 2390/1500 607/1504 2392/1498
f 2384/1491 608/1492 2394/1502
f 2391/1497 2394/1502 608/1492
f 2377/1483 2394/1502 104/1485
f 2393/1503 104/1485 2394/1502
f 2283/1355 579/1356 2397/1507
f 2395/1508 2397/1507 579/1356
f 2386/1506 2397/1507 606/1520
f 2396/1509 606/1520 2397/1507
f 95/1350 2398/1512 2280/1351
f 2400/1511 2280/1351 2398/1512
f 2395/1508 2400/1511 611/1510
f 2399/1513 611/1510 2400/1511
f 2399/1513 609/1514 2404/1516
f 2401/1517 2404/1516 609/1514
f 2403/1515 2404/1516 610/1524
f 2402/1518 610/1524 2404/1516
f 2396/1509 611/1510 2406/1522
f 2403/1515 2406/1522 611/1510
f 2389/1521 2406/1522 105/1673
f 2405/1523 105/1673 2406/1522
f 2295/1371 582/1372 2409/1525
f 2407/1526 2409/1525 582/1372
f 2398/1512 2409/1525 609/1514
f 2408/1527 609/1514 2409/1525
f 96/1368 2410/1530 2292/1369
f 2412/1529 2292/1369 2410/1530
f 2407/1526 2412/1529 614/1528
f 2411/1531 614/1528 2412/1529
f 2411/1531 612/1532 2416/1534
f 2413/1535 2416/1534 612/1532
f 2415/1533 2416/1534 613/1540
f 2414/1536 613/1540 2416/1534
f 2408/1527 614/1528 2418/1538
f 2415/1533 2418/1538 614/1528
f 2401/1517 2418/1538 106/1519
f 2417/1539 106/1519 2418/1538
f 2307/1387 585/1388 2421/1541
f 2419/1542 2421/1541 585/1388
f 2410/1530 2421/1541 612/1532
f 2420/1543 612/1532 2421/1541
f 97/1384 2422/1546 2304/1385
f 2424/1545 2304/1385 2422/1546
f 2419/1542 2424/1545 617/1544
f 2423/1547 617/1544 2424/1545
f 2423/1547 615/1548 2428/1550
f 2425/1551 2428/1550 615/1548
f 2427/1549 2428/1550 616/1556
f 2426/1552 616/1556 2428/1550
f 2420/1543 617/1544 2430/1554
f 2427/1549 2430/1554 617/1544
f 2413/1535 2430/1554 107/1537
f 2429/1555 107/1537 2430/1554
f 2319/1403 588/1404 2433/1557
f 2431/1558 2433/1557 588/1404
f 2422/1546 2433/1557 615/1548
f 2432/1559 615/1548 2433/1557
f 98/1400 2434/1562 2316/1401
f 2436/1561 2316/1401 2434/1562
f 2431/1558 2436/1561 620/1560
f 2435/1563 620/1560 2436/1561
f 2435/1563 618/1564 2440/1566
f 2437/1567 2440/1566 618/1564
f 2439/1565 2440/1566 619/1572
f 2438/1568 619/1572 2440/1566
f 2432/1559 620/1560 2442/1570
f 2439/1565 2442/1570 620/1560
f 2425/1551 2442/1570 108/1553
f 2441/1571 108/1553 2442/1570
f 2331/1419 591/1420 2445/1573
f 2443/1574 2445/1573 591/1420
f 2434/1562 2445/1573 618/1564
f 2444/1575 618/1564 2445/1573
f 99/1416 2446/1578 2328/1417
f 2448/1577 2328/1417 2446/1578
f 2443/1574 2448/1577 623/1576
f 2447/1579 623/1576 2448/1577
f 2447/1579 621/1580 2452/1582
f 2449/1583 2452/1582 621/1580
f 2451/1581 2452/1582 622/1588
f 2450/1584 622/1588 2452/1582
f 2444/1575 623/1576 2454/1586
f 2451/1581 2454/1586 623/1576
f 2437/1567 2454/1586 109/1569
f 2453/1587 109/1569 2454/1586
f 2344/1439 594/1440 2458/1591
f 2455/1592 2458/1591 594/1440
f 2457/1590 2458/1591 626/1604
f 2456/1593 626/1604 2458/1591
f 2341/1434 101/1435 2461/1595
f 2459/1596 2461/1595 101/1435
f 2455/1592 2461/1595 627/1594
f 2460/1597 627/1594 2461/1595
f 2460/1597 624/1598 2465/1600
f 2462/1601 2465/1600 624/1598
f 2464/1599 2465/1600 625/1608
f 2463/1602 625/1608 2465/1600
f 2456/1593 627/1594 2468/1606
f 2464/1599 2468/1606 627/1594
f 2467/1605 2468/1606 111/1758
f 2466/1607 111/1758 2468/1606
f 2357/1455 598/1456 2471/1609
f 2469/1610 2471/1609 598/1456
f 2459/1596 2471/1609 624/1598
f 2470/1611 624/1598 2471/1609
f 2354/1452 102/1453 2474/1613
f 2472/1614 2474/1613 102/1453
f 2469/1610 2474/1613 630/1612
f 2473/1615 630/1612 2474/1613
f 2473/1615 628/1616 2478/1618
f 2475/1619 2478/1618 628/1616
f 2477/1617 2478/1618 629/1624
f 2476/1620 629/1624 2478/1618
f 2470/1611 630/1612 2480/1622
f 2477/1617 2480/1622 630/1612
f 2462/1601 2480/1622 112/1603
f 2479/1623 112/1603 2480/1622
f 2369/1471 601/1472 2483/1625
f 2481/1626 2483/1625 601/1472
f 2472/1614 2483/1625 628/1616
f 2482/1627 628/1616 2483/1625
f 2366/1468 103/1469 2486/1629
f 2484/1630 2486/1629 103/1469
f 2481/1626 2486/1629 633/1628
f 2485/1631 633/1628 2486/1629
f 2485/1631 631/1632 2490/1634
f 2487/1635 2490/1634 631/1632
f 2489/1633 2490/1634 632/1640
f 2488/1636 632/1640 2490/1634
f 2482/1627 633/1628 2492/1638
f 2489/1633 2492/1638 633/1628
f 2475/1619 2492/1638 113/1621
f 2491/1639 113/1621 2492/1638
f 2381/1487 604/1488 2495/1641
f 2493/1642 2495/1641 604/1488
f 2484/1630 2495/1641 631/1632
f 2494/1643 631/1632 2495/1641
f 2378/1484 104/1485 2498/1645
f 2496/1646 2498/1645 104/1485
f 2493/1642 2498/1645 636/1644
f 2497/1647 636/1644 2498/1645
f 2497/1647 634/1648 2502/1650
f 2499/1651 2502/1650 634/1648
f 2501/1649 2502/1650 635/1656
f 2500/1652 635/1656 2502/1650
f 2494/1643 636/1644 2504/1654
f 2501/1649 2504/1654 636/1644
f 2487/1635 2504/1654 114/1637
f 2503/1655 114/1637 2504/1654
f 2393/1503 607/1504 2507/1657
f 2505/1658 2507/1657 607/1504
f 2496/1646 2507/1657 634/1648
f 2506/1659 634/1648 2507/1657
f 2390/1500 105/1501 2510/1661
f 2508/1662 2510/1661 105/1501
f 2505/1658 2510/1661 639/1660
f 2509/1663 639/1660 2510/1661
f 2509/1663 637/1664 2514/1666
f 2511/1667 2514/1666 637/1664
f 2513/1665 2514/1666 638/1672
f 2512/1668 638/1672 2514/1666
f 2506/1659 639/1660 2516/1670
f 2513/1665 2516/1670 639/1660
f 2499/1651 2516/1670 115/1653
f 2515/1671 115/1653 2516/1670
f 2405/1523 610/1524 2519/1675
f 2517/1676 2519/1675 610/1524
f 2508/1674 2519/1675 637/1688
f 2518/1677 637/1688 2519/1675
f 2402/1518 106/1519 2522/1679
f 2520/1680 2522/1679 106/1519
f 2517/1676 2522/1679 642/1678
f 2521/1681 642/1678 2522/1679
f 2521/1681 640/1682 2526/1684
f 2523/1685 2526/1684 640/1682
f 2525/1683 2526/1684 641/1692
f 2524/1686 641/1692 2526/1684
f 2518/1677 642/1678 2528/1690
f 2525/1683 2528/1690 642/1678
f 2511/1689 2528/1690 116/1841
f 2527/1691 116/1841 2528/1690
f 2417/1539 613/1540 2531/1693
f 2529/1694 2531/1693 613/1540
f 2520/1680 2531/1693 640/1682
f 2530/1695 640/1682 2531/1693
f 2414/1536 107/1537 2534/1697
f 2532/1698 2534/1697 107/1537
f 2529/1694 2534/1697 645/1696
f 2533/1699 645/1696 2534/1697
f 2533/1699 643/1700 2538/1702
f 2535/1703 2538/1702 643/1700
f 2537/1701 2538/1702 644/1708
f 2536/1704 644/1708 2538/1702
f 2530/1695 645/1696 2540/1706
f 2537/1701 2540/1706 645/1696
f 2523/1685 2540/1706 117/1687
f 2539/1707 117/1687 2540/1706
f 2429/1555 616/1556 2543/1709
f 2541/1710 2543/1709 616/1556
f 2532/1698 2543/1709 643/1700
f 2542/1711 643/1700 2543/1709
f 2426/1552 108/1553 2546/1713
f 2544/1714 2546/1713 108/1553
f 2541/1710 2546/1713 648/1712
f 2545/1715 648/1712 2546/1713
f 2545/1715 646/1716 2550/1718
f 2547/1719 2550/1718 646/1716
f 2549/1717 2550/1718 647/1724
f 2548/1720 647/1724 2550/1718
f 2542/1711 648/1712 2552/1722
f 2549/1717 2552/1722 648/1712
f 2535/1703 2552/1722 118/1705
f 2551/1723 118/1705 2552/1722
f 2441/1571 619/1572 2555/1725
f 2553/1726 2555/1725 619/1572
f 2544/1714 2555/1725 646/1716
f 2554/1727 646/1716 2555/1725
f 2438/1568 109/1569 2558/1729
f 2556/1730 2558/1729 109/1569
f 2553/1726 2558/1729 651/1728
f 2557/1731 651/1728 2558/1729
f 2557/1731 649/1732 2562/1734
f 2559/1735 2562/1734 649/1732
f 2561/1733 2562/1734 650/1740
f 2560/1736 650/1740 2562/1734
f 2554/1727 651/1728 2564/1738
f 2561/1733 2564/1738 651/1728
f 2547/1719 2564/1738 119/1721
f 2563/1739 119/1721 2564/1738
f 2453/1587 622/1588 2567/1741
f 2565/1742 2567/1741 622/1588
f 2556/1730 2567/1741 649/1732
f 2566/1743 649/1732 2567/1741
f 2450/1584 110/1585 2570/1745
f 2568/1746 2570/1745 110/1585
f 2565/1742 2570/1745 654/1744
f 2569/1747 654/1744 2570/1745
f 2569/1747 652/1748 2574/1750
f 2571/1751 2574/1750 652/1748
f 2573/1749 2574/1750 653/1756
f 2572/1752 653/1756 2574/1750
f 2566/1743 654/1744 2576/1754
f 2573/1749 2576/1754 654/1744
f 2559/1735 2576/1754 120/1737
f 2575/1755 120/1737 2576/1754
f 625/1608 2577/1760 2466/1607
f 2580/1757 2466/1607 2577/1760
f 2580/1757 2578/1762 2579/1759
f 657/1773 2579/1759 2578/1762
f 112/1603 2581/1764 2463/1602
f 2583/1763 2463/1602 2581/1764
f 2583/1763 2582/1766 2577/1760
f 658/1761 2577/1760 2582/1766
f 655/1765 2584/1769 2582/1766
f 2587/1767 2582/1766 2584/1769
f 2587/1767 2585/1771 2586/1768
f 656/1775 2586/1768 2585/1771
f 658/1761 2586/1768 2578/1762
f 2590/1772 2578/1762 2586/1768
f 2590/1772 2588/1776 2589/1774
f 122/1926 2589/1774 2588/1776
f 2479/1623 629/1624 2593/1777
f 2591/1778 2593/1777 629/1624
f 2593/1777 2592/1780 2581/1764
f 655/1765 2581/1764 2592/1780
f 113/1621 2594/1782 2476/1620
f 2596/1781 2476/1620 2594/1782
f 2596/1781 2595/1784 2591/1778
f 661/1779 2591/1778 2595/1784
f 659/1783 2597/1787 2595/1784
f 2600/1785 2595/1784 2597/1787
f 2600/1785 2598/1789 2599/1786
f 660/1791 2599/1786 2598/1789
f 661/1779 2599/1786 2592/1780
f 2602/1790 2592/1780 2599/1786
f 2602/1790 2601/1792 2584/1769
f 123/1770 2584/1769 2601/1792
f 2491/1639 632/1640 2605/1793
f 2603/1794 2605/1793 632/1640
f 2605/1793 2604/1796 2594/1782
f 659/1783 2594/1782 2604/1796
f 114/1637 2606/1798 2488/1636
f 2608/1797 2488/1636 2606/1798
f 2608/1797 2607/1800 2603/1794
f 664/1795 2603/1794 2607/1800
f 662/1799 2609/1803 2607/1800
f 2612/1801 2607/1800 2609/1803
f 2612/1801 2610/1805 2611/1802
f 663/1807 2611/1802 2610/1805
f 664/1795 2611/1802 2604/1796
f 2614/1806 2604/1796 2611/1802
f 2614/1806 2613/1808 2597/1787
f 124/1788 2597/1787 2613/1808
f 2503/1655 635/1656 2617/1809
f 2615/1810 2617/1809 635/1656
f 2606/1798 2617/1809 662/1799
f 2616/1811 662/1799 2617/1809
f 115/1653 2618/1814 2500/1652
f 2620/1813 2500/1652 2618/1814
f 2620/1813 2619/1816 2615/1810
f 667/1812 2615/1810 2619/1816
f 665/1815 2621/1819 2619/1816
f 2624/1817 2619/1816 2621/1819
f 2624/1817 2622/1821 2623/1818
f 666/1823 2623/1818 2622/1821
f 2616/1811 667/1812 2626/1822
f 2623/1818 2626/1822 667/1812
f 2626/1822 2625/1824 2609/1803
f 125/1804 2609/1803 2625/1824
f 2515/1671 638/1672 2629/1825
f 2627/1826 2629/1825 638/1672
f 2618/1814 2629/1825 665/1815
f 2628/1827 665/1815 2629/1825
f 116/1669 2630/1830 2512/1668
f 2632/1829 2512/1668 2630/1830
f 2632/1829 2631/1832 2627/1826
f 670/1828 2627/1826 2631/1832
f 668/1831 2633/1835 2631/1832
f 2636/1833 2631/1832 2633/1835
f 2636/1833 2634/1837 2635/1834
f 669/1840 2635/1834 2634/1837
f 2628/1827 670/1828 2638/1838
f 2635/1834 2638/1838 670/1828
f 2621/1819 2638/1838 126/1820
f 2637/1839 126/1820 2638/1838
f 2527/1691 641/1692 2641/1843
f 2639/1844 2641/1843 641/1692
f 2630/1842 2641/1843 668/1856
f 2640/1845 668/1856 2641/1843
f 117/1687 2642/1848 2524/1686
f 2644/1847 2524/1686 2642/1848
f 2644/1847 2643/1850 2639/1844
f 673/1846 2639/1844 2643/1850
f 671/1849 2645/1853 2643/1850
f 2648/1851 2643/1850 2645/1853
f 2648/1851 2646/1855 2647/1852
f 672/1860 2647/1852 2646/1855
f 2640/1845 673/1846 2650/1858
f 2647/1852 2650/1858 673/1846
f 2633/1857 2650/1858 127/1990
f 2649/1859 127/1990 2650/1858
f 2539/1707 644/1708 2653/1861
f 2651/1862 2653/1861 644/1708
f 2642/1848 2653/1861 671/1849
f 2652/1863 671/1849 2653/1861
f 118/1705 2654/1866 2536/1704
f 2656/1865 2536/1704 2654/1866
f 2656/1865 2655/1868 2651/1862
f 676/1864 2651/1862 2655/1868
f 674/1867 2657/1871 2655/1868
f 2660/1869 2655/1868 2657/1871
f 2660/1869 2658/1873 2659/1870
f 675/1876 2659/1870 2658/1873
f 2652/1863 676/1864 2662/1874
f 2659/1870 2662/1874 676/1864
f 2645/1853 2662/1874 128/1854
f 2661/1875 128/1854 2662/1874
f 2551/1723 647/1724 2665/1877
f 2663/1878 2665/1877 647/1724
f 2654/1866 2665/1877 674/1867
f 2664/1879 674/1867 2665/1877
f 119/1721 2666/1882 2548/1720
f 2668/1881 2548/1720 2666/1882
f 2668/1881 2667/1884 2663/1878
f 679/1880 2663/1878 2667/1884
f 677/1883 2669/1887 2667/1884
f 2672/1885 2667/1884 2669/1887
f 2672/1885 2670/1889 2671/1886
f 678/1892 2671/1886 2670/1889
f 2664/1879 679/1880 2674/1890
f 2671/1886 2674/1890 679/1880
f 2657/1871 2674/1890 129/1872
f 2673/1891 129/1872 2674/1890
f 2563/1739 650/1740 2677/1893
f 2675/1894 2677/1893 650/1740
f 2666/1882 2677/1893 677/1883
f 2676/1895 677/1883 2677/1893
f 120/1737 2678/1898 2560/1736
f 2680/1897 2560/1736 2678/1898
f 2680/1897 2679/1900 2675/1894
f 682/1896 2675/1894 2679/1900
f 680/1899 2681/1903 2679/1900
f 2684/1901 2679/1900 2681/1903
f 2684/1901 2682/1905 2683/1902
f 681/1908 2683/1902 2682/1905
f 2676/1895 682/1896 2686/1906
f 2683/1902 2686/1906 682/1896
f 2669/1887 2686/1906 130/1888
f 2685/1907 130/1888 2686/1906
f 2575/1755 653/1756 2689/1909
f 2687/1910 2689/1909 653/1756
f 2678/1898 2689/1909 680/1899
f 2688/1911 680/1899 2689/1909
f 121/1753 2690/1914 2572/1752
f 2692/1913 2572/1752 2690/1914
f 2692/1913 2691/1916 2687/1910
f 685/1912 2687/1910 2691/1916
f 683/1915 2693/1919 2691/1916
f 2696/1917 2691/1916 2693/1919
f 2696/1917 2694/1921 2695/1918
f 684/1924 2695/1918 2694/1921
f 2688/1911 685/1912 2698/1922
f 2695/1918 2698/1922 685/1912
f 2681/1903 2698/1922 131/1904
f 2697/1923 131/1904 2698/1922
f 656/1775 2699/1928 2588/1776
f 2702/1925 2588/1776 2699/1928
f 2702/1925 2700/1930 2701/1927
f 687/1938 2701/1927 2700/1930
f 123/1770 2703/1932 2585/1771
f 2705/1931 2585/1771 2703/1932
f 2705/1931 2704/1934 2699/1928
f 688/1929 2699/1928 2704/1934
f 2704/1934 686/1933 2708/1936
f 2706/1937 2708/1936 686/1933
f 2707/1935 2708/1936 335/10
f 1342/9 335/10 2708/1936
f 2700/1930 688/1929 2710/1940
f 2707/1935 2710/1940 688/1929
f 2709/1939 2710/1940 1/4
f 1337/3 1/4 2710/1940
f 660/1791 2711/1942 2601/1792
f 2713/1941 2601/1792 2711/1942
f 2713/1941 2712/1944 2703/1932
f 686/1933 2703/1932 2712/1944
f 124/1788 2714/1946 2598/1789
f 2716/1945 2598/1789 2714/1946
f 2716/1945 2715/1948 2711/1942
f 690/1943 2711/1942 2715/1948
f 689/1947 2717/1951 2715/1948
f 2719/1949 2715/1948 2717/1951
f 2718/1950 2719/1949 340/32
f 1357/31 340/32 2719/1949
f 690/1943 2718/1950 2712/1944
f 2720/1952 2712/1944 2718/1950
f 2706/1937 2720/1952 2/26
f 1353/25 2/26 2720/1952
f 663/1807 2721/1954 2613/1808
f 2723/1953 2613/1808 2721/1954
f 2723/1953 2722/1956 2714/1946
f 689/1947 2714/1946 2722/1956
f 125/1804 2724/1958 2610/1805
f 2726/1957 2610/1805 2724/1958
f 2726/1957 2725/1960 2721/1954
f 692/1955 2721/1954 2725/1960
f 691/1959 2727/1963 2725/1960
f 2729/1961 2725/1960 2727/1963
f 2728/1962 2729/1961 344/52
f 1371/51 344/52 2729/1961
f 692/1955 2728/1962 2722/1956
f 2730/1964 2722/1956 2728/1962
f 2717/1951 2730/1964 3/46
f 1367/45 3/46 2730/1964
f 666/1823 2731/1966 2625/1824
f 2733/1965 2625/1824 2731/1966
f 2733/1965 2732/1968 2724/1958
f 691/1959 2724/1958 2732/1968
f 126/1820 2734/1970 2622/1821
f 2736/1969 2622/1821 2734/1970
f 2736/1969 2735/1972 2731/1966
f 694/1967 2731/1966 2735/1972
f 693/1971 2737/1975 2735/1972
f 2739/1973 2735/1972 2737/1975
f 2739/1973 1385/72 2738/1974
f 348/70 2738/1974 1385/72
f 694/1967 2738/1974 2732/1968
f 2740/1976 2732/1968 2738/1974
f 2740/1976 1381/65 2727/1963
f 4/66 2727/1963 1381/65
f 2637/1839 669/1840 2743/1977
f 2741/1978 2743/1977 669/1840
f 2743/1977 2742/1979 2734/1970
f 693/1971 2734/1970 2742/1979
f 127/1836 2744/1982 2634/1837
f 2746/1981 2634/1837 2744/1982
f 2746/1981 2745/1984 2741/1978
f 696/1980 2741/1978 2745/1984
f 695/1983 2747/1987 2745/1984
f 2749/1985 2745/1984 2747/1987
f 2749/1985 1399/92 2748/1986
f 352/90 2748/1986 1399/92
f 696/1980 2748/1986 2742/1979
f 2750/1989 2742/1979 2748/1986
f 2750/1989 1395/86 2737/1975
f 5/84 2737/1975 1395/86
f 2649/1859 672/1860 2753/1992
f 2751/1993 2753/1992 672/1860
f 2744/1991 2753/1992 695/2003
f 2752/1994 695/2003 2753/1992
f 128/1854 2754/1997 2646/1855
f 2756/1996 2646/1855 2754/1997
f 2756/1996 2755/1999 2751/1993
f 698/1995 2751/1993 2755/1999
f 697/1998 2757/2002 2755/1999
f 2759/2000 2755/1999 2757/2002
f 2759/2000 1413/112 2758/2001
f 356/113 2758/2001 1413/112
f 2752/1994 698/1995 2760/2005
f 2758/2001 2760/2005 698/1995
f 2747/2004 2760/2005 6/105
f 1409/107 6/105 2760/2005
f 2661/1875 675/1876 2763/2006
f 2761/2007 2763/2006 675/1876
f 2754/1997 2763/2006 697/1998
f 2762/2008 697/1998 2763/2006
f 129/1872 2764/2011 2658/1873
f 2766/2010 2658/1873 2764/2011
f 2766/2010 2765/2013 2761/2007
f 700/2009 2761/2007 2765/2013
f 699/2012 2767/2016 2765/2013
f 2769/2014 2765/2013 2767/2016
f 2769/2014 1427/134 2768/2015
f 360/135 2768/2015 1427/134
f 2762/2008 700/2009 2770/2017
f 2768/2015 2770/2017 700/2009
f 2757/2002 2770/2017 7/127
f 1423/129 7/127 2770/2017
f 2673/1891 678/1892 2773/2018
f 2771/2019 2773/2018 678/1892
f 2764/2011 2773/2018 699/2012
f 2772/2020 699/2012 2773/2018
f 130/1888 2774/2023 2670/1889
f 2776/2022 2670/1889 2774/2023
f 2776/2022 2775/2025 2771/2019
f 702/2021 2771/2019 2775/2025
f 701/2024 2777/2028 2775/2025
f 2779/2026 2775/2025 2777/2028
f 2779/2026 1441/154 2778/2027
f 364/155 2778/2027 1441/154
f 2772/2020 702/2021 2780/2029
f 2778/2027 2780/2029 702/2021
f 2767/2016 2780/2029 8/147
f 1437/149 8/147 2780/2029
f 2685/1907 681/1908 2783/2030
f 2781/2031 2783/2030 681/1908
f 2774/2023 2783/2030 701/2024
f 2782/2032 701/2024 2783/2030
f 131/1904 2784/2035 2682/1905
f 2786/2034 2682/1905 2784/2035
f 2786/2034 2785/2037 2781/2031
f 704/2033 2781/2031 2785/2037
f 703/2036 2787/2040 2785/2037
f 2789/2038 2785/2037 2787/2040
f 2789/2038 1455/174 2788/2039
f 368/175 2788/2039 1455/174
f 2782/2032 704/2033 2790/2041
f 2788/2039 2790/2041 704/2033
f 2777/2028 2790/2041 9/167
f 1451/169 9/167 2790/2041
f 2697/1923 684/1924 2793/2042
f 2791/2043 2793/2042 684/1924
f 2784/2035 2793/2042 703/2036
f 2792/2044 703/2036 2793/2042
f 132/1920 2794/2047 2694/1921
f 2796/2046 2694/1921 2794/2047
f 2796/2046 2795/2049 2791/2043
f 706/2045 2791/2043 2795/2049
f 705/2048 2797/2052 2795/2049
f 2799/2050 2795/2049 2797/2052
f 2799/2050 1469/194 2798/2051
f 372/195 2798/2051 1469/194
f 2792/2044 706/2045 2800/2054
f 2798/2051 2800/2054 706/2045
f 2787/2040 2800/2054 10/187
f 1465/189 10/187 2800/2054
f 2804/2056 1725/582 2801/2057
f 440/596 2801/2057 1725/582
f 2803/2055 2804/2056 709/2069
f 2802/2058 709/2069 2804/2056
f 2805/2063 2807/2060 45/750
f 1735/597 45/750 2807/2060
f 2806/2062 710/2059 2807/2060
f 2801/2057 2807/2060 710/2059
f 2808/2068 2811/2064 707/2061
f 2806/2062 707/2061 2811/2064
f 2809/2067 708/2072 2811/2064
f 2810/2065 2811/2064 708/2072
f 2802/2058 710/2059 2814/2071
f 2810/2065 2814/2071 710/2059
f 2812/2073 133/4861 2814/2071
f 2813/2070 2814/2071 133/4861
f 1847/751 471/765 2817/2074
f 2815/2075 2817/2074 471/765
f 2816/2076 707/2061 2817/2074
f 2805/2063 2817/2074 707/2061
f 1857/766 56/917 2820/2078
f 2818/2079 2820/2078 56/917
f 2815/2075 2820/2078 713/2077
f 2819/2080 713/2077 2820/2078
f 2819/2080 711/2081 2824/2083
f 2821/2084 2824/2083 711/2081
f 2822/2085 712/2088 2824/2083
f 2823/2082 2824/2083 712/2088
f 2823/2082 2826/2087 713/2077
f 2816/2076 713/2077 2826/2087
f 2825/2089 134/2066 2826/2087
f 2808/2068 2826/2087 134/2066
f 2827/2096 2830/2090 708/2099
f 2812/2092 708/2099 2830/2090
f 2828/2095 716/2110 2830/2090
f 2829/2091 2830/2090 716/2110
f 2831/2102 2833/2097 134/2115
f 2809/2098 134/2115 2833/2097
f 2832/2101 717/2094 2833/2097
f 2827/2096 2833/2097 717/2094
f 2834/2107 2837/2103 714/2100
f 2832/2101 714/2100 2837/2103
f 2835/2106 715/2111 2837/2103
f 2836/2104 2837/2103 715/2111
f 2836/2104 2840/2108 717/2094
f 2828/2095 717/2094 2840/2108
f 2838/2112 136/2133 2840/2108
f 2839/2109 2840/2108 136/2133
f 2841/2118 2843/2113 712/2119
f 2825/2114 712/2119 2843/2113
f 2842/2117 714/2100 2843/2113
f 2831/2102 2843/2113 714/2100
f 2822/2120 135/4884 2846/2121
f 2844/2122 2846/2121 135/4884
f 2845/2123 720/2116 2846/2121
f 2841/2118 2846/2121 720/2116
f 2847/2129 2850/2125 718/2124
f 2845/2123 718/2124 2850/2125
f 719/2132 2849/2126 2848/2128
f 2850/2125 2848/2128 2849/2126
f 2852/2130 2842/2117 2849/2126
f 720/2116 2849/2126 2842/2117
f 137/2105 2834/2107 2851/2131
f 2852/2130 2851/2131 2834/2107
f 2838/2112 715/2111 2856/2135
f 2853/2136 2856/2135 715/2111
f 2855/2134 2856/2135 723/2148
f 2854/2137 723/2148 2856/2135
f 2859/2139 2835/2106 2857/2140
f 137/2105 2857/2140 2835/2106
f 2853/2136 2859/2139 724/2138
f 2858/2142 724/2138 2859/2139
f 721/2141 2860/2145 2858/2142
f 2863/2144 2858/2142 2860/2145
f 2862/2143 2863/2144 722/2152
f 2861/2147 722/2152 2863/2144
f 2854/2137 724/2138 2866/2150
f 2862/2143 2866/2150 724/2138
f 2865/2149 2866/2150 139/4934
f 2864/2151 139/4934 2866/2150
f 719/2132 2867/2154 2851/2131
f 2869/2153 2851/2131 2867/2154
f 2869/2153 2868/2156 2857/2140
f 721/2141 2857/2140 2868/2156
f 138/2127 2870/2158 2848/2128
f 2872/2157 2848/2128 2870/2158
f 2872/2157 2871/2160 2867/2154
f 727/2155 2867/2154 2871/2160
f 725/2159 2873/2163 2871/2160
f 2876/2161 2871/2160 2873/2163
f 2876/2161 2874/2165 2875/2162
f 726/2167 2875/2162 2874/2165
f 727/2155 2875/2162 2868/2156
f 2878/2166 2868/2156 2875/2162
f 2878/2166 2877/2168 2860/2145
f 140/2146 2860/2145 2877/2168
f 2873/2163 725/2159 2882/2170
f 2879/2171 2882/2170 725/2159
f 2881/2169 2882/2170 730/2183
f 2880/2172 730/2183 2882/2170
f 2870/2158 138/2127 2885/2174
f 2883/2175 2885/2174 138/2127
f 2879/2171 2885/2174 731/2173
f 2884/2176 731/2173 2885/2174
f 2884/2176 728/2177 2889/2179
f 2886/2180 2889/2179 728/2177
f 2888/2178 2889/2179 729/2187
f 2887/2181 729/2187 2889/2179
f 2880/2172 731/2173 2892/2185
f 2888/2178 2892/2185 731/2173
f 2891/2184 2892/2185 143/4999
f 2890/2186 143/4999 2892/2185
f 1961/913 497/906 2896/2189
f 2893/2190 2896/2189 497/906
f 2895/2188 2896/2189 734/2203
f 2894/2191 734/2203 2896/2189
f 1958/908 55/745 2899/2193
f 2897/2194 2899/2193 55/745
f 2893/2190 2899/2193 735/2192
f 2898/2195 735/2192 2899/2193
f 732/2196 2900/2199 2898/2195
f 2903/2198 2898/2195 2900/2199
f 2902/2197 2903/2198 733/2206
f 2901/2201 733/2206 2903/2198
f 2894/2191 735/2192 2906/2202
f 2902/2197 2906/2202 735/2192
f 2906/2202 2904/2205 2905/2204
f 146/2224 2905/2204 2904/2205
f 466/740 2907/2208 1839/743
f 2909/2207 1839/743 2907/2208
f 2909/2207 2908/2210 2897/2194
f 732/2196 2897/2194 2908/2210
f 44/575 2910/2212 1836/738
f 2912/2211 1836/738 2910/2212
f 2912/2211 2911/2214 2907/2208
f 738/2209 2907/2208 2911/2214
f 736/2213 2913/2217 2911/2214
f 2916/2215 2911/2214 2913/2217
f 2916/2215 2914/2219 2915/2216
f 737/2221 2915/2216 2914/2219
f 738/2209 2915/2216 2908/2210
f 2918/2220 2908/2210 2915/2216
f 2918/2220 2917/2222 2900/2199
f 145/2200 2900/2199 2917/2222
f 2904/2205 733/2206 2922/2223
f 2919/2226 2922/2223 733/2206
f 2922/2223 2920/2227 2921/2225
f 741/2238 2921/2225 2920/2227
f 145/2200 2923/2230 2901/2201
f 2925/2229 2901/2201 2923/2230
f 2919/2226 2925/2229 742/2228
f 2924/2231 742/2228 2925/2229
f 2924/2231 739/2232 2929/2234
f 2926/2235 2929/2234 739/2232
f 2928/2233 2929/2234 740/2242
f 2927/2236 740/2242 2929/2234
f 2920/2227 742/2228 2932/2240
f 2928/2233 2932/2240 742/2228
f 2931/2239 2932/2240 149/5060
f 2930/2241 149/5060 2932/2240
f 737/2221 2933/2244 2917/2222
f 2935/2243 2917/2222 2933/2244
f 2935/2243 2934/2246 2923/2230
f 739/2232 2923/2230 2934/2246
f 144/2218 2936/2248 2914/2219
f 2938/2247 2914/2219 2936/2248
f 2938/2247 2937/2250 2933/2244
f 745/2245 2933/2244 2937/2250
f 743/2249 2939/2253 2937/2250
f 2942/2251 2937/2250 2939/2253
f 2942/2251 2940/2255 2941/2252
f 744/2257 2941/2252 2940/2255
f 745/2245 2941/2252 2934/2246
f 2944/2256 2934/2246 2941/2252
f 2944/2256 2943/2258 2926/2235
f 148/2237 2926/2235 2943/2258
f 2946/2265 2949/2259 746/2268
f 2945/2261 746/2268 2949/2259
f 2947/2264 749/2279 2949/2259
f 2948/2260 2949/2259 749/2279
f 2951/2271 2953/2266 161/5126
f 2950/2267 161/5126 2953/2266
f 2952/2270 750/2263 2953/2266
f 2946/2265 2953/2266 750/2263
f 2954/2276 2957/2272 747/2269
f 2952/2270 747/2269 2957/2272
f 2955/2275 748/2280 2957/2272
f 2956/2273 2957/2272 748/2280
f 2956/2273 2960/2277 750/2263
f 2947/2264 750/2263 2960/2277
f 2958/2281 151/2284 2960/2277
f 2959/2278 2960/2277 151/2284
f 2961/2287 2964/2282 748/2280
f 2958/2281 748/2280 2964/2282
f 2962/2286 753/2299 2964/2282
f 2963/2283 2964/2282 753/2299
f 2965/2291 2967/2288 162/2274
f 2955/2275 162/2274 2967/2288
f 2966/2290 754/2285 2967/2288
f 2961/2287 2967/2288 754/2285
f 2968/2296 2971/2292 751/2289
f 2966/2290 751/2289 2971/2292
f 2969/2295 752/2300 2971/2292
f 2970/2293 2971/2292 752/2300
f 2970/2293 2974/2297 754/2285
f 2962/2286 754/2285 2974/2297
f 2972/2301 152/2304 2974/2297
f 2973/2298 2974/2297 152/2304
f 2975/2307 2978/2302 752/2300
f 2972/2301 752/2300 2978/2302
f 2976/2306 757/2319 2978/2302
f 2977/2303 2978/2302 757/2319
f 2979/2311 2981/2308 163/2294
f 2969/2295 163/2294 2981/2308
f 2980/2310 758/2305 2981/2308
f 2975/2307 2981/2308 758/2305
f 2982/2316 2985/2312 755/2309
f 2980/2310 755/2309 2985/2312
f 2983/2315 756/2320 2985/2312
f 2984/2313 2985/2312 756/2320
f 2984/2313 2988/2317 758/2305
f 2976/2306 758/2305 2988/2317
f 2986/2321 153/2324 2988/2317
f 2987/2318 2988/2317 153/2324
f 2989/2327 2992/2322 756/2320
f 2986/2321 756/2320 2992/2322
f 2992/2322 2990/2326 2991/2323
f 761/2338 2991/2323 2990/2326
f 2993/2331 2995/2328 164/2314
f 2983/2315 164/2314 2995/2328
f 2994/2330 762/2325 2995/2328
f 2989/2327 2995/2328 762/2325
f 2996/2336 2999/2332 759/2329
f 2994/2330 759/2329 2999/2332
f 2999/2332 2997/2335 2998/2333
f 760/2340 2998/2333 2997/2335
f 762/2325 2998/2333 2990/2326
f 3002/2337 2990/2326 2998/2333
f 3002/2337 3000/2341 3001/2339
f 154/2343 3001/2339 3000/2341
f 760/2340 3003/2345 3000/2341
f 3006/2342 3000/2341 3003/2345
f 3006/2342 3004/2347 3005/2344
f 765/2358 3005/2344 3004/2347
f 165/2334 3007/2349 2997/2335
f 3009/2348 2997/2335 3007/2349
f 3009/2348 3008/2351 3003/2345
f 766/2346 3003/2345 3008/2351
f 763/2350 3010/2354 3008/2351
f 3013/2352 3008/2351 3010/2354
f 3013/2352 3011/2356 3012/2353
f 764/2360 3012/2353 3011/2356
f 766/2346 3012/2353 3004/2347
f 3016/2357 3004/2347 3012/2353
f 3016/2357 3014/2361 3015/2359
f 155/4244 3015/2359 3014/2361
f 764/2371 3017/2366 3014/2362
f 3020/2363 3014/2362 3017/2366
f 3020/2363 3018/2368 3019/2365
f 769/2382 3019/2365 3018/2368
f 166/5638 3021/2372 3011/2369
f 3023/2370 3011/2369 3021/2372
f 3023/2370 3022/2374 3017/2366
f 770/2367 3017/2366 3022/2374
f 3024/2379 3027/2375 767/2373
f 3022/2374 767/2373 3027/2375
f 3025/2378 768/2383 3027/2375
f 3026/2376 3027/2375 768/2383
f 3026/2376 3030/2380 770/2367
f 3018/2368 770/2367 3030/2380
f 3028/2384 156/2386 3030/2380
f 3029/2381 3030/2380 156/2386
f 768/2383 3031/2388 3028/2384
f 3034/2385 3028/2384 3031/2388
f 3034/2385 3032/2390 3033/2387
f 773/2402 3033/2387 3032/2390
f 167/2377 3035/2392 3025/2378
f 3037/2391 3025/2378 3035/2392
f 3037/2391 3036/2394 3031/2388
f 774/2389 3031/2388 3036/2394
f 3038/2399 3041/2395 771/2393
f 3036/2394 771/2393 3041/2395
f 3039/2398 772/2403 3041/2395
f 3040/2396 3041/2395 772/2403
f 3040/2396 3044/2400 774/2389
f 3032/2390 774/2389 3044/2400
f 3042/2404 157/2406 3044/2400
f 3043/2401 3044/2400 157/2406
f 772/2403 3045/2408 3042/2404
f 3048/2405 3042/2404 3045/2408
f 3048/2405 3046/2410 3047/2407
f 777/2422 3047/2407 3046/2410
f 168/2397 3049/2412 3039/2398
f 3051/2411 3039/2398 3049/2412
f 3051/2411 3050/2414 3045/2408
f 778/2409 3045/2408 3050/2414
f 3052/2419 3055/2415 775/2413
f 3050/2414 775/2413 3055/2415
f 3053/2418 776/2423 3055/2415
f 3054/2416 3055/2415 776/2423
f 3054/2416 3058/2420 778/2409
f 3046/2410 778/2409 3058/2420
f 3056/2424 158/2426 3058/2420
f 3057/2421 3058/2420 158/2426
f 776/2423 3059/2428 3056/2424
f 3062/2425 3056/2424 3059/2428
f 3062/2425 3060/2430 3061/2427
f 781/2442 3061/2427 3060/2430
f 169/2417 3063/2432 3053/2418
f 3065/2431 3053/2418 3063/2432
f 3065/2431 3064/2434 3059/2428
f 782/2429 3059/2428 3064/2434
f 3066/2439 3069/2435 779/2433
f 3064/2434 779/2433 3069/2435
f 3067/2438 780/2443 3069/2435
f 3068/2436 3069/2435 780/2443
f 3068/2436 3072/2440 782/2429
f 3060/2430 782/2429 3072/2440
f 3070/2444 159/2446 3072/2440
f 3071/2441 3072/2440 159/2446
f 780/2443 3073/2448 3070/2444
f 3076/2445 3070/2444 3073/2448
f 3076/2445 3074/2450 3075/2447
f 785/2462 3075/2447 3074/2450
f 170/2437 3077/2452 3067/2438
f 3079/2451 3067/2438 3077/2452
f 3079/2451 3078/2454 3073/2448
f 786/2449 3073/2448 3078/2454
f 3080/2459 3083/2455 783/2453
f 3078/2454 783/2453 3083/2455
f 3081/2458 784/2463 3083/2455
f 3082/2456 3083/2455 784/2463
f 3082/2456 3086/2460 786/2449
f 3074/2450 786/2449 3086/2460
f 3084/2464 160/4309 3086/2460
f 3085/2461 3086/2460 160/4309
f 3087/2466 787/2472 3090/2468
f 3088/2469 3090/2468 787/2472
f 2951/2467 3090/2468 747/2485
f 3089/2470 747/2485 3090/2468
f 3091/2473 172/2671 3094/2474
f 3092/2475 3094/2474 172/2671
f 3088/2469 3094/2474 790/2471
f 3093/2476 790/2471 3094/2474
f 3093/2476 788/2477 3098/2479
f 3095/2480 3098/2479 788/2477
f 3097/2478 3098/2479 789/2487
f 3096/2481 789/2487 3098/2479
f 3089/2470 790/2471 3100/2483
f 3097/2478 3100/2483 790/2471
f 3099/2486 162/2490 3100/2483
f 2954/2484 3100/2483 162/2490
f 3101/2493 3103/2488 789/2487
f 3099/2486 789/2487 3103/2488
f 3102/2492 751/2505 3103/2488
f 2965/2489 3103/2488 751/2505
f 3096/2481 173/2482 3106/2494
f 3104/2497 3106/2494 173/2482
f 3105/2496 793/2491 3106/2494
f 3101/2493 3106/2494 793/2491
f 3107/2502 3110/2498 791/2495
f 3105/2496 791/2495 3110/2498
f 3108/2501 792/2506 3110/2498
f 3109/2499 3110/2498 792/2506
f 3109/2499 3112/2503 793/2491
f 3102/2492 793/2491 3112/2503
f 3111/2507 163/2510 3112/2503
f 2968/2504 3112/2503 163/2510
f 3113/2513 3115/2508 792/2506
f 3111/2507 792/2506 3115/2508
f 3114/2512 755/2525 3115/2508
f 2979/2509 3115/2508 755/2525
f 3116/2517 3118/2514 174/2500
f 3108/2501 174/2500 3118/2514
f 3117/2516 796/2511 3118/2514
f 3113/2513 3118/2514 796/2511
f 794/2515 3119/2520 3117/2516
f 3122/2518 3117/2516 3119/2520
f 3120/2522 795/2526 3122/2518
f 3121/2519 3122/2518 795/2526
f 3121/2519 3124/2523 796/2511
f 3114/2512 796/2511 3124/2523
f 3123/2527 164/2530 3124/2523
f 2982/2524 3124/2523 164/2530
f 3125/2533 3127/2528 795/2526
f 3123/2527 795/2526 3127/2528
f 3126/2532 759/2545 3127/2528
f 2993/2529 3127/2528 759/2545
f 175/2521 3128/2535 3120/2522
f 3130/2534 3120/2522 3128/2535
f 3129/2537 799/2531 3130/2534
f 3125/2533 3130/2534 799/2531
f 797/2536 3131/2542 3129/2537
f 3134/2538 3129/2537 3131/2542
f 3132/2541 798/2546 3134/2538
f 3133/2539 3134/2538 798/2546
f 3133/2539 3136/2543 799/2531
f 3126/2532 799/2531 3136/2543
f 3135/2547 165/2550 3136/2543
f 2996/2544 3136/2543 165/2550
f 3137/2553 3139/2548 798/2546
f 3135/2547 798/2546 3139/2548
f 3138/2552 763/2564 3139/2548
f 3007/2549 3139/2548 763/2564
f 3140/2557 3142/2554 176/2540
f 3132/2541 176/2540 3142/2554
f 3141/2556 802/2551 3142/2554
f 3137/2553 3142/2554 802/2551
f 3143/2562 3146/2558 800/2555
f 3141/2556 800/2555 3146/2558
f 3144/2561 801/2566 3146/2558
f 3145/2559 3146/2558 801/2566
f 3145/2559 3148/2563 802/2551
f 3138/2552 802/2551 3148/2563
f 3148/2563 3147/2567 3010/2565
f 166/5639 3010/2565 3147/2567
f 801/2577 3149/2572 3147/2568
f 3151/2569 3147/2568 3149/2572
f 3151/2569 3150/2574 3021/2571
f 767/2588 3021/2571 3150/2574
f 177/2757 3152/2578 3144/2575
f 3154/2576 3144/2575 3152/2578
f 3154/2576 3153/2580 3149/2572
f 805/2573 3149/2572 3153/2580
f 3155/2585 3158/2581 803/2579
f 3153/2580 803/2579 3158/2581
f 3156/2584 804/2589 3158/2581
f 3157/2582 3158/2581 804/2589
f 3157/2582 3160/2586 805/2573
f 3150/2574 805/2573 3160/2586
f 3159/2590 167/2592 3160/2586
f 3024/2587 3160/2586 167/2592
f 804/2589 3161/2594 3159/2590
f 3163/2591 3159/2590 3161/2594
f 3163/2591 3162/2596 3035/2593
f 771/2608 3035/2593 3162/2596
f 178/2583 3164/2598 3156/2584
f 3166/2597 3156/2584 3164/2598
f 3166/2597 3165/2600 3161/2594
f 808/2595 3161/2594 3165/2600
f 3167/2605 3170/2601 806/2599
f 3165/2600 806/2599 3170/2601
f 3168/2604 807/2609 3170/2601
f 3169/2602 3170/2601 807/2609
f 3169/2602 3172/2606 808/2595
f 3162/2596 808/2595 3172/2606
f 3171/2610 168/2612 3172/2606
f 3038/2607 3172/2606 168/2612
f 807/2609 3173/2614 3171/2610
f 3175/2611 3171/2610 3173/2614
f 3175/2611 3174/2616 3049/2613
f 775/2628 3049/2613 3174/2616
f 179/2603 3176/2618 3168/2604
f 3178/2617 3168/2604 3176/2618
f 3178/2617 3177/2620 3173/2614
f 811/2615 3173/2614 3177/2620
f 3179/2625 3182/2621 809/2619
f 3177/2620 809/2619 3182/2621
f 3180/2624 810/2629 3182/2621
f 3181/2622 3182/2621 810/2629
f 3181/2622 3184/2626 811/2615
f 3174/2616 811/2615 3184/2626
f 3183/2630 169/2632 3184/2626
f 3052/2627 3184/2626 169/2632
f 810/2629 3185/2636 3183/2630
f 3187/2631 3183/2630 3185/2636
f 3187/2631 3186/2635 3063/2633
f 779/2648 3063/2633 3186/2635
f 180/2623 3188/2640 3180/2624
f 3190/2637 3180/2624 3188/2640
f 3189/2639 814/2634 3190/2637
f 3185/2636 3190/2637 814/2634
f 3191/2645 3194/2641 812/2638
f 3189/2639 812/2638 3194/2641
f 3192/2644 813/2649 3194/2641
f 3193/2642 3194/2641 813/2649
f 3193/2642 3196/2646 814/2634
f 3186/2635 814/2634 3196/2646
f 3195/2650 170/2652 3196/2646
f 3066/2647 3196/2646 170/2652
f 3197/2656 3199/2651 813/2649
f 3195/2650 813/2649 3199/2651
f 3199/2651 3198/2655 3077/2653
f 783/2668 3077/2653 3198/2655
f 3200/2660 3202/2657 181/2643
f 3192/2644 181/2643 3202/2657
f 3201/2659 817/2654 3202/2657
f 3197/2656 3202/2657 817/2654
f 3203/2665 3206/2661 815/2658
f 3201/2659 815/2658 3206/2661
f 3204/2664 816/2669 3206/2661
f 3205/2662 3206/2661 816/2669
f 3205/2662 3208/2666 817/2654
f 3198/2655 817/2654 3208/2666
f 3207/2670 171/5170 3208/2666
f 3080/2667 3208/2666 171/5170
f 3209/2672 818/2677 3212/2673
f 3210/2674 3212/2673 818/2677
f 3092/2475 3212/2673 788/2477
f 3211/2675 788/2477 3212/2673
f 3213/2678 183/2839 3216/2679
f 3214/2680 3216/2679 183/2839
f 3210/2674 3216/2679 821/2676
f 3215/2681 821/2676 3216/2679
f 3215/2681 819/2682 3220/2684
f 3217/2685 3220/2684 819/2682
f 3219/2683 3220/2684 820/2690
f 3218/2686 820/2690 3220/2684
f 3211/2675 821/2676 3222/2688
f 3219/2683 3222/2688 821/2676
f 3095/2480 3222/2688 173/2482
f 3221/2689 173/2482 3222/2688
f 3221/2689 820/2690 3225/2691
f 3223/2692 3225/2691 820/2690
f 3104/2497 3225/2691 791/2495
f 3224/2693 791/2495 3225/2691
f 3218/2686 184/2687 3228/2695
f 3226/2696 3228/2695 184/2687
f 3223/2692 3228/2695 824/2694
f 3227/2697 824/2694 3228/2695
f 3229/2701 3232/2699 822/2698
f 3227/2697 822/2698 3232/2699
f 3232/2699 3230/2703 3231/2700
f 823/2705 3231/2700 3230/2703
f 3231/2700 3234/2704 824/2694
f 3224/2693 824/2694 3234/2704
f 3233/2706 174/2500 3234/2704
f 3107/2502 3234/2704 174/2500
f 823/2705 3235/2708 3233/2706
f 3237/2707 3233/2706 3235/2708
f 3237/2707 3236/2710 3116/2517
f 794/2515 3116/2517 3236/2710
f 185/2702 3238/2712 3230/2703
f 3240/2711 3230/2703 3238/2712
f 3240/2711 3239/2714 3235/2708
f 827/2709 3235/2708 3239/2714
f 825/2713 3241/2717 3239/2714
f 3244/2715 3239/2714 3241/2717
f 3244/2715 3242/2719 3243/2716
f 826/2721 3243/2716 3242/2719
f 827/2709 3243/2716 3236/2710
f 3246/2720 3236/2710 3243/2716
f 3246/2720 3245/2722 3119/2520
f 175/2521 3119/2520 3245/2722
f 826/2721 3247/2724 3245/2722
f 3249/2723 3245/2722 3247/2724
f 3249/2723 3248/2726 3128/2535
f 797/2536 3128/2535 3248/2726
f 186/2718 3250/2728 3242/2719
f 3252/2727 3242/2719 3250/2728
f 3252/2727 3251/2730 3247/2724
f 830/2725 3247/2724 3251/2730
f 828/2729 3253/2733 3251/2730
f 3256/2731 3251/2730 3253/2733
f 3256/2731 3254/2735 3255/2732
f 829/2737 3255/2732 3254/2735
f 830/2725 3255/2732 3248/2726
f 3258/2736 3248/2726 3255/2732
f 3258/2736 3257/2738 3131/2542
f 176/2540 3131/2542 3257/2738
f 829/2737 3259/2740 3257/2738
f 3261/2739 3257/2738 3259/2740
f 3261/2739 3260/2742 3140/2557
f 800/2555 3140/2557 3260/2742
f 187/2734 3262/2744 3254/2735
f 3264/2743 3254/2735 3262/2744
f 3264/2743 3263/2746 3259/2740
f 833/2741 3259/2740 3263/2746
f 831/2745 3265/2749 3263/2746
f 3268/2747 3263/2746 3265/2749
f 3268/2747 3266/2751 3267/2748
f 832/2753 3267/2748 3266/2751
f 833/2741 3267/2748 3260/2742
f 3270/2752 3260/2742 3267/2748
f 3270/2752 3269/2754 3143/2562
f 177/2560 3143/2562 3269/2754
f 832/2763 3271/2758 3269/2755
f 3273/2756 3269/2755 3271/2758
f 3273/2756 3272/2760 3152/2578
f 803/2579 3152/2578 3272/2760
f 188/2925 3274/2764 3266/2761
f 3276/2762 3266/2761 3274/2764
f 3276/2762 3275/2766 3271/2758
f 836/2759 3271/2758 3275/2766
f 834/2765 3277/2769 3275/2766
f 3280/2767 3275/2766 3277/2769
f 3280/2767 3278/2771 3279/2768
f 835/2773 3279/2768 3278/2771
f 836/2759 3279/2768 3272/2760
f 3282/2772 3272/2760 3279/2768
f 3282/2772 3281/2774 3155/2585
f 178/2583 3155/2585 3281/2774
f 835/2773 3283/2776 3281/2774
f 3285/2775 3281/2774 3283/2776
f 3285/2775 3284/2778 3164/2598
f 806/2599 3164/2598 3284/2778
f 189/2770 3286/2780 3278/2771
f 3288/2779 3278/2771 3286/2780
f 3288/2779 3287/2782 3283/2776
f 839/2777 3283/2776 3287/2782
f 837/2781 3289/2785 3287/2782
f 3292/2783 3287/2782 3289/2785
f 3292/2783 3290/2787 3291/2784
f 838/2789 3291/2784 3290/2787
f 839/2777 3291/2784 3284/2778
f 3294/2788 3284/2778 3291/2784
f 3294/2788 3293/2790 3167/2605
f 179/2603 3167/2605 3293/2790
f 838/2789 3295/2792 3293/2790
f 3297/2791 3293/2790 3295/2792
f 3297/2791 3296/2794 3176/2618
f 809/2619 3176/2618 3296/2794
f 190/2786 3298/2796 3290/2787
f 3300/2795 3290/2787 3298/2796
f 3300/2795 3299/2798 3295/2792
f 842/2793 3295/2792 3299/2798
f 840/2797 3301/2801 3299/2798
f 3304/2799 3299/2798 3301/2801
f 3304/2799 3302/2803 3303/2800
f 841/2805 3303/2800 3302/2803
f 842/2793 3303/2800 3296/2794
f 3306/2804 3296/2794 3303/2800
f 3306/2804 3305/2806 3179/2625
f 180/2623 3179/2625 3305/2806
f 841/2805 3307/2808 3305/2806
f 3309/2807 3305/2806 3307/2808
f 3309/2807 3308/2810 3188/2640
f 812/2638 3188/2640 3308/2810
f 191/2802 3310/2812 3302/2803
f 3312/2811 3302/2803 3310/2812
f 3312/2811 3311/2814 3307/2808
f 845/2809 3307/2808 3311/2814
f 843/2813 3313/2817 3311/2814
f 3316/2815 3311/2814 3313/2817
f 3316/2815 3314/2819 3315/2816
f 844/2821 3315/2816 3314/2819
f 845/2809 3315/2816 3308/2810
f 3318/2820 3308/2810 3315/2816
f 3318/2820 3317/2822 3191/2645
f 181/2643 3191/2645 3317/2822
f 844/2821 3319/2824 3317/2822
f 3321/2823 3317/2822 3319/2824
f 3320/2826 815/2658 3321/2823
f 3200/2660 3321/2823 815/2658
f 192/2818 3322/2828 3314/2819
f 3324/2827 3314/2819 3322/2828
f 3324/2827 3323/2830 3319/2824
f 848/2825 3319/2824 3323/2830
f 3325/2835 3328/2831 846/2829
f 3323/2830 846/2829 3328/2831
f 3326/2834 847/2837 3328/2831
f 3327/2832 3328/2831 847/2837
f 3327/2832 3330/2836 848/2825
f 3320/2826 848/2825 3330/2836
f 3330/2836 3329/2838 3203/2665
f 182/2663 3203/2665 3329/2838
f 3331/2840 849/2845 3334/2841
f 3332/2842 3334/2841 849/2845
f 3214/2680 3334/2841 819/2682
f 3333/2843 819/2682 3334/2841
f 194/3009 3336/2848 3335/2846
f 3338/2847 3335/2846 3336/2848
f 3332/2842 3338/2847 852/2844
f 3337/2850 852/2844 3338/2847
f 3337/2850 850/2849 3342/2852
f 3339/2853 3342/2852 850/2849
f 3341/2851 3342/2852 851/2858
f 3340/2854 851/2858 3342/2852
f 3333/2843 852/2844 3344/2856
f 3341/2851 3344/2856 852/2844
f 3217/2685 3344/2856 184/2687
f 3343/2857 184/2687 3344/2856
f 3343/2857 851/2858 3347/2859
f 3345/2860 3347/2859 851/2858
f 3226/2696 3347/2859 822/2698
f 3346/2861 822/2698 3347/2859
f 195/2855 3348/2864 3340/2854
f 3350/2863 3340/2854 3348/2864
f 3350/2863 3349/2866 3345/2860
f 855/2862 3345/2860 3349/2866
f 853/2865 3351/2869 3349/2866
f 3354/2867 3349/2866 3351/2869
f 3354/2867 3352/2871 3353/2868
f 854/2873 3353/2868 3352/2871
f 855/2862 3353/2868 3346/2861
f 3356/2872 3346/2861 3353/2868
f 3356/2872 3355/2874 3229/2701
f 185/2702 3229/2701 3355/2874
f 854/2873 3357/2876 3355/2874
f 3359/2875 3355/2874 3357/2876
f 3359/2875 3358/2878 3238/2712
f 825/2713 3238/2712 3358/2878
f 196/2870 3360/2880 3352/2871
f 3362/2879 3352/2871 3360/2880
f 3362/2879 3361/2882 3357/2876
f 858/2877 3357/2876 3361/2882
f 856/2881 3363/2885 3361/2882
f 3366/2883 3361/2882 3363/2885
f 3366/2883 3364/2887 3365/2884
f 857/2889 3365/2884 3364/2887
f 858/2877 3365/2884 3358/2878
f 3368/2888 3358/2878 3365/2884
f 3368/2888 3367/2890 3241/2717
f 186/2718 3241/2717 3367/2890
f 857/2889 3369/2892 3367/2890
f 3371/2891 3367/2890 3369/2892
f 3371/2891 3370/2894 3250/2728
f 828/2729 3250/2728 3370/2894
f 197/2886 3372/2896 3364/2887
f 3374/2895 3364/2887 3372/2896
f 3374/2895 3373/2898 3369/2892
f 861/2893 3369/2892 3373/2898
f 3375/2903 3378/2899 859/2897
f 3373/2898 859/2897 3378/2899
f 3378/2899 3376/2902 3377/2900
f 860/2905 3377/2900 3376/2902
f 861/2893 3377/2900 3370/2894
f 3380/2904 3370/2894 3377/2900
f 3380/2904 3379/2906 3253/2733
f 187/2734 3253/2733 3379/2906
f 860/2905 3381/2908 3379/2906
f 3383/2907 3379/2906 3381/2908
f 3383/2907 3382/2910 3262/2744
f 831/2745 3262/2744 3382/2910
f 3384/2914 3386/2911 198/2901
f 3376/2902 198/2901 3386/2911
f 3386/2911 3385/2913 3381/2908
f 864/2909 3381/2908 3385/2913
f 3387/2919 3390/2915 862/2912
f 3385/2913 862/2912 3390/2915
f 3390/2915 3388/2918 3389/2916
f 863/2921 3389/2916 3388/2918
f 864/2909 3389/2916 3382/2910
f 3392/2920 3382/2910 3389/2916
f 3392/2920 3391/2922 3265/2749
f 188/2750 3265/2749 3391/2922
f 863/2931 3393/2926 3391/2923
f 3395/2924 3391/2923 3393/2926
f 3395/2924 3394/2928 3274/2764
f 834/2765 3274/2764 3394/2928
f 3396/2934 3398/2930 199/3093
f 3388/2929 199/3093 3398/2930
f 3398/2930 3397/2933 3393/2926
f 867/2927 3393/2926 3397/2933
f 3399/2939 3402/2935 865/2932
f 3397/2933 865/2932 3402/2935
f 3402/2935 3400/2938 3401/2936
f 866/2941 3401/2936 3400/2938
f 867/2927 3401/2936 3394/2928
f 3404/2940 3394/2928 3401/2936
f 3404/2940 3403/2942 3277/2769
f 189/2770 3277/2769 3403/2942
f 866/2941 3405/2944 3403/2942
f 3407/2943 3403/2942 3405/2944
f 3407/2943 3406/2946 3286/2780
f 837/2781 3286/2780 3406/2946
f 200/2937 3408/2948 3400/2938
f 3410/2947 3400/2938 3408/2948
f 3410/2947 3409/2950 3405/2944
f 870/2945 3405/2944 3409/2950
f 3411/2955 3414/2951 868/2949
f 3409/2950 868/2949 3414/2951
f 3414/2951 3412/2954 3413/2952
f 869/2957 3413/2952 3412/2954
f 870/2945 3413/2952 3406/2946
f 3416/2956 3406/2946 3413/2952
f 3416/2956 3415/2958 3289/2785
f 190/2786 3289/2785 3415/2958
f 869/2957 3417/2960 3415/2958
f 3419/2959 3415/2958 3417/2960
f 3419/2959 3418/2962 3298/2796
f 840/2797 3298/2796 3418/2962
f 201/2953 3420/2964 3412/2954
f 3422/2963 3412/2954 3420/2964
f 3422/2963 3421/2966 3417/2960
f 873/2961 3417/2960 3421/2966
f 3423/2971 3426/2967 871/2965
f 3421/2966 871/2965 3426/2967
f 3426/2967 3424/2970 3425/2968
f 872/2973 3425/2968 3424/2970
f 873/2961 3425/2968 3418/2962
f 3428/2972 3418/2962 3425/2968
f 3428/2972 3427/2974 3301/2801
f 191/2802 3301/2801 3427/2974
f 872/2973 3429/2976 3427/2974
f 3431/2975 3427/2974 3429/2976
f 3431/2975 3430/2978 3310/2812
f 843/2813 3310/2812 3430/2978
f 202/2969 3432/2982 3424/2970
f 3434/2979 3424/2970 3432/2982
f 3434/2979 3433/2981 3429/2976
f 876/2977 3429/2976 3433/2981
f 3435/2987 3438/2983 874/2980
f 3433/2981 874/2980 3438/2983
f 3438/2983 3436/2986 3437/2984
f 875/2989 3437/2984 3436/2986
f 876/2977 3437/2984 3430/2978
f 3440/2988 3430/2978 3437/2984
f 3440/2988 3439/2990 3313/2817
f 192/2818 3313/2817 3439/2990
f 875/2989 3441/2992 3439/2990
f 3443/2991 3439/2990 3441/2992
f 3443/2991 3442/2994 3322/2828
f 846/2829 3322/2828 3442/2994
f 3444/2998 3446/2995 203/2985
f 3436/2986 203/2985 3446/2995
f 3446/2995 3445/2997 3441/2992
f 879/2993 3441/2992 3445/2997
f 877/2996 3447/3001 3445/2997
f 3450/2999 3445/2997 3447/3001
f 3449/3000 3450/2999 878/3006
f 3448/3002 878/3006 3450/2999
f 879/2993 3449/3000 3442/2994
f 3452/3004 3442/2994 3449/3000
f 193/2833 3325/2835 3451/3005
f 3452/3004 3451/3005 3325/2835
f 880/3015 3454/3010 3453/3007
f 3456/3008 3453/3007 3454/3010
f 3456/3008 3455/3012 3336/2848
f 850/2849 3336/2848 3455/3012
f 205/3175 3458/3016 3457/3013
f 3460/3014 3457/3013 3458/3016
f 3460/3014 3459/3018 3454/3010
f 883/3011 3454/3010 3459/3018
f 881/3017 3461/3021 3459/3018
f 3464/3019 3459/3018 3461/3021
f 3464/3019 3462/3023 3463/3020
f 882/3025 3463/3020 3462/3023
f 883/3011 3463/3020 3455/3012
f 3466/3024 3455/3012 3463/3020
f 3466/3024 3465/3026 3339/2853
f 195/2855 3339/2853 3465/3026
f 882/3025 3467/3028 3465/3026
f 3469/3027 3465/3026 3467/3028
f 3469/3027 3468/3030 3348/2864
f 853/2865 3348/2864 3468/3030
f 206/3022 3470/3032 3462/3023
f 3472/3031 3462/3023 3470/3032
f 3472/3031 3471/3034 3467/3028
f 886/3029 3467/3028 3471/3034
f 884/3033 3473/3037 3471/3034
f 3476/3035 3471/3034 3473/3037
f 3476/3035 3474/3039 3475/3036
f 885/3041 3475/3036 3474/3039
f 886/3029 3475/3036 3468/3030
f 3478/3040 3468/3030 3475/3036
f 3478/3040 3477/3042 3351/2869
f 196/2870 3351/2869 3477/3042
f 885/3041 3479/3044 3477/3042
f 3481/3043 3477/3042 3479/3044
f 3481/3043 3480/3046 3360/2880
f 856/2881 3360/2880 3480/3046
f 207/3038 3482/3048 3474/3039
f 3484/3047 3474/3039 3482/3048
f 3484/3047 3483/3050 3479/3044
f 889/3045 3479/3044 3483/3050
f 887/3049 3485/3053 3483/3050
f 3488/3051 3483/3050 3485/3053
f 3488/3051 3486/3055 3487/3052
f 888/3057 3487/3052 3486/3055
f 889/3045 3487/3052 3480/3046
f 3490/3056 3480/3046 3487/3052
f 3490/3056 3489/3058 3363/2885
f 197/2886 3363/2885 3489/3058
f 888/3057 3491/3060 3489/3058
f 3493/3059 3489/3058 3491/3060
f 3493/3059 3492/3062 3372/2896
f 859/2897 3372/2896 3492/3062
f 208/3054 3494/3064 3486/3055
f 3496/3063 3486/3055 3494/3064
f 3496/3063 3495/3066 3491/3060
f 892/3061 3491/3060 3495/3066
f 890/3065 3497/3071 3495/3066
f 3500/3067 3495/3066 3497/3071
f 3498/3070 891/3073 3500/3067
f 3499/3068 3500/3067 891/3073
f 3499/3068 3502/3072 892/3061
f 3492/3062 892/3061 3502/3072
f 3501/3074 198/2901 3502/3072
f 3375/2903 3502/3072 198/2901
f 3503/3078 3505/3075 891/3073
f 3501/3074 891/3073 3505/3075
f 3504/3077 862/2912 3505/3075
f 3384/2914 3505/3075 862/2912
f 3506/3082 3508/3079 209/3069
f 3498/3070 209/3069 3508/3079
f 3507/3081 895/3076 3508/3079
f 3503/3078 3508/3079 895/3076
f 3509/3087 3512/3083 893/3080
f 3507/3081 893/3080 3512/3083
f 3510/3086 894/3089 3512/3083
f 3511/3084 3512/3083 894/3089
f 3511/3084 3514/3088 895/3076
f 3504/3077 895/3076 3514/3088
f 3513/3090 199/2917 3514/3088
f 3387/2919 3514/3088 199/2917
f 3515/3096 3517/3091 894/3099
f 3513/3092 894/3099 3517/3091
f 3516/3095 865/2932 3517/3091
f 3396/2934 3517/3091 865/2932
f 3518/3102 3520/3097 210/3261
f 3510/3098 210/3261 3520/3097
f 3519/3101 898/3094 3520/3097
f 3515/3096 3520/3097 898/3094
f 3521/3107 3524/3103 896/3100
f 3519/3101 896/3100 3524/3103
f 3522/3106 897/3109 3524/3103
f 3523/3104 3524/3103 897/3109
f 3523/3104 3526/3108 898/3094
f 3516/3095 898/3094 3526/3108
f 3525/3110 200/2937 3526/3108
f 3399/2939 3526/3108 200/2937
f 897/3109 3527/3112 3525/3110
f 3529/3111 3525/3110 3527/3112
f 3529/3111 3528/3114 3408/2948
f 868/2949 3408/2948 3528/3114
f 211/3105 3530/3116 3522/3106
f 3532/3115 3522/3106 3530/3116
f 3532/3115 3531/3118 3527/3112
f 901/3113 3527/3112 3531/3118
f 3533/3123 3536/3119 899/3117
f 3531/3118 899/3117 3536/3119
f 3534/3122 900/3125 3536/3119
f 3535/3120 3536/3119 900/3125
f 3535/3120 3538/3124 901/3113
f 3528/3114 901/3113 3538/3124
f 3537/3126 201/2953 3538/3124
f 3411/2955 3538/3124 201/2953
f 900/3125 3539/3128 3537/3126
f 3541/3127 3537/3126 3539/3128
f 3541/3127 3540/3130 3420/2964
f 871/2965 3420/2964 3540/3130
f 212/3121 3542/3132 3534/3122
f 3544/3131 3534/3122 3542/3132
f 3544/3131 3543/3134 3539/3128
f 904/3129 3539/3128 3543/3134
f 3545/3139 3548/3135 902/3133
f 3543/3134 902/3133 3548/3135
f 3546/3138 903/3141 3548/3135
f 3547/3136 3548/3135 903/3141
f 3547/3136 3550/3140 904/3129
f 3540/3130 904/3129 3550/3140
f 3549/3142 202/2969 3550/3140
f 3423/2971 3550/3140 202/2969
f 903/3141 3551/3146 3549/3142
f 3553/3143 3549/3142 3551/3146
f 3552/3145 874/2980 3553/3143
f 3432/2982 3553/3143 874/2980
f 213/3137 3554/3150 3546/3138
f 3556/3147 3546/3138 3554/3150
f 3555/3149 907/3144 3556/3147
f 3551/3146 3556/3147 907/3144
f 3557/3155 3560/3151 905/3148
f 3555/3149 905/3148 3560/3151
f 3558/3154 906/3157 3560/3151
f 3559/3152 3560/3151 906/3157
f 3559/3152 3562/3156 907/3144
f 3552/3145 907/3144 3562/3156
f 3561/3158 203/2985 3562/3156
f 3435/2987 3562/3156 203/2985
f 3563/3160 3565/3159 906/3157
f 3561/3158 906/3157 3565/3159
f 3444/2998 3565/3159 877/2996
f 3564/3161 877/2996 3565/3159
f 3566/3166 3568/3163 214/3153
f 3558/3154 214/3153 3568/3163
f 3567/3165 910/3162 3568/3163
f 3563/3160 3568/3163 910/3162
f 3569/3171 3572/3168 908/3164
f 3567/3165 908/3164 3572/3168
f 3570/3170 909/3173 3572/3168
f 3571/3167 3572/3168 909/3173
f 3564/3161 910/3162 3574/3172
f 3571/3167 3574/3172 910/3162
f 3447/3001 3574/3172 204/3003
f 3573/3174 204/3003 3574/3172
f 3575/3176 911/3181 3578/3177
f 3576/3178 3578/3177 911/3181
f 3578/3177 3577/3179 3458/3016
f 881/3017 3458/3016 3577/3179
f 3579/3182 216/3343 3582/3183
f 3580/3184 3582/3183 216/3343
f 3576/3178 3582/3183 914/3180
f 3581/3185 914/3180 3582/3183
f 912/3186 3583/3189 3581/3185
f 3586/3188 3581/3185 3583/3189
f 3586/3188 3584/3191 3585/3187
f 913/3193 3585/3187 3584/3191
f 3577/3179 914/3180 3588/3192
f 3585/3187 3588/3192 914/3180
f 3588/3192 3587/3194 3461/3021
f 206/3022 3461/3021 3587/3194
f 913/3193 3589/3196 3587/3194
f 3591/3195 3587/3194 3589/3196
f 3591/3195 3590/3198 3470/3032
f 884/3033 3470/3032 3590/3198
f 217/3190 3592/3200 3584/3191
f 3594/3199 3584/3191 3592/3200
f 3594/3199 3593/3202 3589/3196
f 917/3197 3589/3196 3593/3202
f 915/3201 3595/3205 3593/3202
f 3598/3203 3593/3202 3595/3205
f 3598/3203 3596/3207 3597/3204
f 916/3209 3597/3204 3596/3207
f 917/3197 3597/3204 3590/3198
f 3600/3208 3590/3198 3597/3204
f 3600/3208 3599/3210 3473/3037
f 207/3038 3473/3037 3599/3210
f 916/3209 3601/3212 3599/3210
f 3603/3211 3599/3210 3601/3212
f 3603/3211 3602/3214 3482/3048
f 887/3049 3482/3048 3602/3214
f 218/3206 3604/3216 3596/3207
f 3606/3215 3596/3207 3604/3216
f 3606/3215 3605/3218 3601/3212
f 920/3213 3601/3212 3605/3218
f 918/3217 3607/3221 3605/3218
f 3610/3219 3605/3218 3607/3221
f 3610/3219 3608/3223 3609/3220
f 919/3225 3609/3220 3608/3223
f 920/3213 3609/3220 3602/3214
f 3612/3224 3602/3214 3609/3220
f 3612/3224 3611/3226 3485/3053
f 208/3054 3485/3053 3611/3226
f 919/3225 3613/3228 3611/3226
f 3615/3227 3611/3226 3613/3228
f 3615/3227 3614/3230 3494/3064
f 890/3065 3494/3064 3614/3230
f 219/3222 3616/3232 3608/3223
f 3618/3231 3608/3223 3616/3232
f 3618/3231 3617/3234 3613/3228
f 923/3229 3613/3228 3617/3234
f 921/3233 3619/3237 3617/3234
f 3622/3235 3617/3234 3619/3237
f 3622/3235 3620/3239 3621/3236
f 922/3241 3621/3236 3620/3239
f 923/3229 3621/3236 3614/3230
f 3624/3240 3614/3230 3621/3236
f 3624/3240 3623/3242 3497/3071
f 209/3069 3497/3071 3623/3242
f 922/3241 3625/3244 3623/3242
f 3627/3243 3623/3242 3625/3244
f 3627/3243 3626/3246 3506/3082
f 893/3080 3506/3082 3626/3246
f 220/3238 3628/3248 3620/3239
f 3630/3247 3620/3239 3628/3248
f 3630/3247 3629/3250 3625/3244
f 926/3245 3625/3244 3629/3250
f 924/3249 3631/3255 3629/3250
f 3634/3251 3629/3250 3631/3255
f 3632/3254 925/3257 3634/3251
f 3633/3252 3634/3251 925/3257
f 3633/3252 3636/3256 926/3245
f 3626/3246 926/3245 3636/3256
f 3635/3258 210/3085 3636/3256
f 3509/3087 3636/3256 210/3085
f 3637/3264 3639/3259 925/3267
f 3635/3260 925/3267 3639/3259
f 3638/3263 896/3100 3639/3259
f 3518/3102 3639/3259 896/3100
f 3640/3270 3642/3265 221/3427
f 3632/3266 221/3427 3642/3265
f 3641/3269 929/3262 3642/3265
f 3637/3264 3642/3265 929/3262
f 3643/3275 3646/3271 927/3268
f 3641/3269 927/3268 3646/3271
f 3644/3274 928/3277 3646/3271
f 3645/3272 3646/3271 928/3277
f 3645/3272 3648/3276 929/3262
f 3638/3263 929/3262 3648/3276
f 3647/3278 211/3105 3648/3276
f 3521/3107 3648/3276 211/3105
f 928/3277 3649/3280 3647/3278
f 3651/3279 3647/3278 3649/3280
f 3651/3279 3650/3282 3530/3116
f 899/3117 3530/3116 3650/3282
f 3652/3284 3654/3283 222/3273
f 3644/3274 222/3273 3654/3283
f 3654/3283 3653/3286 3649/3280
f 932/3281 3649/3280 3653/3286
f 3655/3291 3658/3287 930/3285
f 3653/3286 930/3285 3658/3287
f 3656/3290 931/3293 3658/3287
f 3657/3288 3658/3287 931/3293
f 3657/3288 3660/3292 932/3281
f 3650/3282 932/3281 3660/3292
f 3659/3294 212/3121 3660/3292
f 3533/3123 3660/3292 212/3121
f 931/3293 3661/3296 3659/3294
f 3663/3295 3659/3294 3661/3296
f 3663/3295 3662/3298 3542/3132
f 902/3133 3542/3132 3662/3298
f 223/3289 3664/3300 3656/3290
f 3666/3299 3656/3290 3664/3300
f 3666/3299 3665/3302 3661/3296
f 935/3297 3661/3296 3665/3302
f 3667/3307 3670/3303 933/3301
f 3665/3302 933/3301 3670/3303
f 3668/3306 934/3309 3670/3303
f 3669/3304 3670/3303 934/3309
f 3669/3304 3672/3308 935/3297
f 3662/3298 935/3297 3672/3308
f 3671/3310 213/3137 3672/3308
f 3545/3139 3672/3308 213/3137
f 934/3309 3673/3314 3671/3310
f 3675/3311 3671/3310 3673/3314
f 3674/3313 905/3148 3675/3311
f 3554/3150 3675/3311 905/3148
f 224/3305 3676/3316 3668/3306
f 3678/3315 3668/3306 3676/3316
f 3678/3315 3677/3318 3673/3314
f 938/3312 3673/3314 3677/3318
f 3682/3319 3677/3318 3679/3323
f 936/3317 3679/3323 3677/3318
f 937/3325 3681/3320 3680/3321
f 3682/3319 3680/3321 3681/3320
f 3681/3320 3684/3324 938/3312
f 3674/3313 938/3312 3684/3324
f 3683/3326 214/3153 3684/3324
f 3557/3155 3684/3324 214/3153
f 3685/3330 3687/3327 937/3325
f 3683/3326 937/3325 3687/3327
f 3686/3329 908/3164 3687/3327
f 3566/3166 3687/3327 908/3164
f 3690/3331 3680/3321 3688/3334
f 225/3322 3688/3334 3680/3321
f 941/3328 3685/3330 3689/3332
f 3690/3331 3689/3332 3685/3330
f 3694/3336 3689/3332 3691/3339
f 939/3333 3691/3339 3689/3332
f 940/3342 3693/3335 3692/3337
f 3694/3336 3692/3337 3693/3335
f 3696/3340 3686/3329 3693/3335
f 941/3328 3693/3335 3686/3329
f 215/3169 3569/3171 3695/3341
f 3696/3340 3695/3341 3569/3171
f 942/3351 3698/3346 3697/3345
f 3700/3344 3697/3345 3698/3346
f 3700/3344 3699/3348 3580/3184
f 912/3186 3580/3184 3699/3348
f 227/3513 3702/3352 3701/3349
f 3704/3350 3701/3349 3702/3352
f 3704/3350 3703/3354 3698/3346
f 945/3347 3698/3346 3703/3354
f 943/3353 3705/3357 3703/3354
f 3708/3355 3703/3354 3705/3357
f 3708/3355 3706/3359 3707/3356
f 944/3361 3707/3356 3706/3359
f 945/3347 3707/3356 3699/3348
f 3710/3360 3699/3348 3707/3356
f 3710/3360 3709/3362 3583/3189
f 217/3190 3583/3189 3709/3362
f 944/3361 3711/3364 3709/3362
f 3713/3363 3709/3362 3711/3364
f 3713/3363 3712/3366 3592/3200
f 915/3201 3592/3200 3712/3366
f 228/3358 3714/3368 3706/3359
f 3716/3367 3706/3359 3714/3368
f 3716/3367 3715/3370 3711/3364
f 948/3365 3711/3364 3715/3370
f 946/3369 3717/3373 3715/3370
f 3720/3371 3715/3370 3717/3373
f 3720/3371 3718/3375 3719/3372
f 947/3377 3719/3372 3718/3375
f 948/3365 3719/3372 3712/3366
f 3722/3376 3712/3366 3719/3372
f 3722/3376 3721/3378 3595/3205
f 218/3206 3595/3205 3721/3378
f 3721/3378 947/3377 3725/3379
f 3723/3380 3725/3379 947/3377
f 3604/3216 3725/3379 918/3217
f 3724/3381 918/3217 3725/3379
f 3718/3375 229/3374 3728/3383
f 3726/3384 3728/3383 229/3374
f 3723/3380 3728/3383 951/3382
f 3727/3385 951/3382 3728/3383
f 3727/3385 949/3386 3732/3388
f 3729/3389 3732/3388 949/3386
f 3731/3387 3732/3388 950/3394
f 3730/3390 950/3394 3732/3388
f 3724/3381 951/3382 3734/3392
f 3731/3387 3734/3392 951/3382
f 3607/3221 3734/3392 219/3222
f 3733/3393 219/3222 3734/3392
f 3733/3393 950/3394 3737/3395
f 3735/3396 3737/3395 950/3394
f 3616/3232 3737/3395 921/3233
f 3736/3397 921/3233 3737/3395
f 3730/3390 230/3391 3740/3399
f 3738/3400 3740/3399 230/3391
f 3735/3396 3740/3399 954/3398
f 3739/3401 954/3398 3740/3399
f 3739/3401 952/3402 3744/3404
f 3741/3405 3744/3404 952/3402
f 3743/3403 3744/3404 953/3410
f 3742/3406 953/3410 3744/3404
f 3736/3397 954/3398 3746/3408
f 3743/3403 3746/3408 954/3398
f 3619/3237 3746/3408 220/3238
f 3745/3409 220/3238 3746/3408
f 3745/3409 953/3410 3749/3411
f 3747/3412 3749/3411 953/3410
f 924/3249 3628/3248 3748/3413
f 3749/3411 3748/3413 3628/3248
f 3742/3406 231/3407 3752/3415
f 3750/3416 3752/3415 231/3407
f 3747/3412 3752/3415 957/3414
f 3751/3417 957/3414 3752/3415
f 3756/3420 3751/3417 3753/3423
f 955/3418 3753/3423 3751/3417
f 956/3426 3755/3419 3754/3421
f 3756/3420 3754/3421 3755/3419
f 3758/3424 3748/3413 3755/3419
f 957/3414 3755/3419 3748/3413
f 221/3253 3631/3255 3757/3425
f 3758/3424 3757/3425 3631/3255
f 3761/3428 3757/3429 3759/3432
f 956/3433 3759/3432 3757/3429
f 927/3268 3640/3270 3760/3430
f 3761/3428 3760/3430 3640/3270
f 3764/3434 3754/3435 3762/3438
f 232/3595 3762/3438 3754/3435
f 960/3431 3759/3432 3763/3436
f 3764/3434 3763/3436 3759/3432
f 3768/3440 3763/3436 3765/3443
f 958/3437 3765/3443 3763/3436
f 959/3446 3767/3439 3766/3441
f 3768/3440 3766/3441 3767/3439
f 3770/3444 3760/3430 3767/3439
f 960/3431 3767/3439 3760/3430
f 222/3273 3643/3275 3769/3445
f 3770/3444 3769/3445 3643/3275
f 3769/3445 959/3446 3773/3447
f 3771/3448 3773/3447 959/3446
f 3652/3284 3773/3447 930/3285
f 3772/3449 930/3285 3773/3447
f 3766/3441 233/3442 3776/3451
f 3774/3452 3776/3451 233/3442
f 3771/3448 3776/3451 963/3450
f 3775/3453 963/3450 3776/3451
f 3780/3456 3775/3453 3777/3459
f 961/3454 3777/3459 3775/3453
f 962/3462 3779/3455 3778/3457
f 3780/3456 3778/3457 3779/3455
f 3782/3460 3772/3449 3779/3455
f 963/3450 3779/3455 3772/3449
f 223/3289 3655/3291 3781/3461
f 3782/3460 3781/3461 3655/3291
f 3781/3461 962/3462 3785/3463
f 3783/3464 3785/3463 962/3462
f 3664/3300 3785/3463 933/3301
f 3784/3465 933/3301 3785/3463
f 3778/3457 234/3458 3788/3467
f 3786/3468 3788/3467 234/3458
f 3783/3464 3788/3467 966/3466
f 3787/3469 966/3466 3788/3467
f 3792/3472 3787/3469 3789/3475
f 964/3470 3789/3475 3787/3469
f 965/3478 3791/3471 3790/3473
f 3792/3472 3790/3473 3791/3471
f 3794/3476 3784/3465 3791/3471
f 966/3466 3791/3471 3784/3465
f 224/3305 3667/3307 3793/3477
f 3794/3476 3793/3477 3667/3307
f 3793/3477 965/3478 3797/3479
f 3795/3482 3797/3479 965/3478
f 936/3317 3676/3316 3796/3480
f 3797/3479 3796/3480 3676/3316
f 3790/3473 235/3474 3800/3483
f 3798/3486 3800/3483 235/3474
f 969/3481 3795/3482 3799/3484
f 3800/3483 3799/3484 3795/3482
f 3804/3488 3799/3484 3801/3491
f 967/3485 3801/3491 3799/3484
f 968/3494 3803/3487 3802/3489
f 3804/3488 3802/3489 3803/3487
f 3806/3492 3796/3480 3803/3487
f 969/3481 3803/3487 3796/3480
f 225/3322 3679/3323 3805/3493
f 3806/3492 3805/3493 3679/3323
f 3809/3495 3805/3493 3807/3498
f 968/3494 3807/3498 3805/3493
f 939/3333 3688/3334 3808/3496
f 3809/3495 3808/3496 3688/3334
f 3812/3499 3802/3489 3810/3502
f 236/3490 3810/3502 3802/3489
f 972/3497 3807/3498 3811/3500
f 3812/3499 3811/3500 3807/3498
f 3816/3504 3811/3500 3813/3507
f 970/3501 3813/3507 3811/3500
f 971/3510 3815/3503 3814/3505
f 3816/3504 3814/3505 3815/3503
f 3818/3508 3808/3496 3815/3503
f 972/3497 3815/3503 3808/3496
f 226/3338 3691/3339 3817/3509
f 3818/3508 3817/3509 3691/3339
f 3822/3512 3819/3511 3820/3516
f 973/3517 3820/3516 3819/3511
f 3822/3512 3821/3514 3702/3352
f 943/3353 3702/3352 3821/3514
f 3826/3518 3823/3519 3824/3522
f 238/3679 3824/3522 3823/3519
f 976/3515 3820/3516 3825/3520
f 3826/3518 3825/3520 3820/3516
f 3830/3524 3825/3520 3827/3527
f 974/3521 3827/3527 3825/3520
f 975/3529 3829/3523 3828/3525
f 3830/3524 3828/3525 3829/3523
f 3832/3528 3821/3514 3829/3523
f 976/3515 3829/3523 3821/3514
f 3832/3528 3831/3530 3705/3357
f 228/3358 3705/3357 3831/3530
f 975/3529 3833/3532 3831/3530
f 3835/3531 3831/3530 3833/3532
f 3835/3531 3834/3534 3714/3368
f 946/3369 3714/3368 3834/3534
f 3838/3535 3828/3525 3836/3538
f 239/3526 3836/3538 3828/3525
f 979/3533 3833/3532 3837/3536
f 3838/3535 3837/3536 3833/3532
f 3842/3540 3837/3536 3839/3543
f 977/3537 3839/3543 3837/3536
f 978/3546 3841/3539 3840/3541
f 3842/3540 3840/3541 3841/3539
f 3844/3544 3834/3534 3841/3539
f 979/3533 3841/3539 3834/3534
f 3844/3544 3843/3545 3717/3373
f 229/3374 3717/3373 3843/3545
f 3843/3545 978/3546 3847/3547
f 3845/3548 3847/3547 978/3546
f 3726/3384 3847/3547 949/3386
f 3846/3549 949/3386 3847/3547
f 3840/3541 240/3542 3850/3551
f 3848/3552 3850/3551 240/3542
f 3845/3548 3850/3551 982/3550
f 3849/3553 982/3550 3850/3551
f 3849/3553 980/3554 3854/3556
f 3851/3557 3854/3556 980/3554
f 3853/3555 3854/3556 981/3562
f 3852/3558 981/3562 3854/3556
f 3846/3549 982/3550 3856/3560
f 3853/3555 3856/3560 982/3550
f 3729/3389 3856/3560 230/3391
f 3855/3561 230/3391 3856/3560
f 3855/3561 981/3562 3859/3563
f 3857/3564 3859/3563 981/3562
f 3738/3400 3859/3563 952/3402
f 3858/3565 952/3402 3859/3563
f 3862/3567 3852/3558 3860/3570
f 241/3559 3860/3570 3852/3558
f 985/3566 3857/3564 3861/3568
f 3862/3567 3861/3568 3857/3564
f 3866/3572 3861/3568 3863/3575
f 983/3569 3863/3575 3861/3568
f 984/3578 3865/3571 3864/3573
f 3866/3572 3864/3573 3865/3571
f 3868/3576 3858/3565 3865/3571
f 985/3566 3865/3571 3858/3565
f 3741/3405 3868/3576 231/3407
f 3867/3577 231/3407 3868/3576
f 3871/3579 3867/3577 3869/3582
f 984/3578 3869/3582 3867/3577
f 955/3418 3750/3416 3870/3580
f 3871/3579 3870/3580 3750/3416
f 3874/3583 3864/3573 3872/3586
f 242/3574 3872/3586 3864/3573
f 988/3581 3869/3582 3873/3584
f 3874/3583 3873/3584 3869/3582
f 3878/3588 3873/3584 3875/3591
f 986/3585 3875/3591 3873/3584
f 987/3594 3877/3587 3876/3589
f 3878/3588 3876/3589 3877/3587
f 3880/3592 3870/3580 3877/3587
f 988/3581 3877/3587 3870/3580
f 232/3422 3753/3423 3879/3593
f 3880/3592 3879/3593 3753/3423
f 3883/3596 3879/3597 3881/3600
f 987/3601 3881/3600 3879/3597
f 958/3437 3762/3438 3882/3598
f 3883/3596 3882/3598 3762/3438
f 3876/3603 243/3763 3886/3602
f 3884/3604 3886/3602 243/3763
f 3881/3600 3886/3602 991/3599
f 3885/3605 991/3599 3886/3602
f 3890/3608 3885/3605 3887/3611
f 989/3606 3887/3611 3885/3605
f 990/3614 3889/3607 3888/3609
f 3890/3608 3888/3609 3889/3607
f 3892/3612 3882/3598 3889/3607
f 991/3599 3889/3607 3882/3598
f 233/3442 3765/3443 3891/3613
f 3892/3612 3891/3613 3765/3443
f 3891/3613 990/3614 3895/3615
f 3893/3616 3895/3615 990/3614
f 3774/3452 3895/3615 961/3454
f 3894/3617 961/3454 3895/3615
f 3888/3609 244/3610 3898/3619
f 3896/3620 3898/3619 244/3610
f 3893/3616 3898/3619 994/3618
f 3897/3621 994/3618 3898/3619
f 3902/3624 3897/3621 3899/3627
f 992/3622 3899/3627 3897/3621
f 993/3630 3901/3623 3900/3625
f 3902/3624 3900/3625 3901/3623
f 3904/3628 3894/3617 3901/3623
f 994/3618 3901/3623 3894/3617
f 234/3458 3777/3459 3903/3629
f 3904/3628 3903/3629 3777/3459
f 3903/3629 993/3630 3907/3631
f 3905/3632 3907/3631 993/3630
f 3786/3468 3907/3631 964/3470
f 3906/3633 964/3470 3907/3631
f 3900/3625 245/3626 3910/3635
f 3908/3636 3910/3635 245/3626
f 3905/3632 3910/3635 997/3634
f 3909/3637 997/3634 3910/3635
f 3914/3640 3909/3637 3911/3643
f 995/3638 3911/3643 3909/3637
f 996/3646 3913/3639 3912/3641
f 3914/3640 3912/3641 3913/3639
f 3916/3644 3906/3633 3913/3639
f 997/3634 3913/3639 3906/3633
f 235/3474 3789/3475 3915/3645
f 3916/3644 3915/3645 3789/3475
f 3915/3645 996/3646 3919/3647
f 3917/3650 3919/3647 996/3646
f 967/3485 3798/3486 3918/3648
f 3919/3647 3918/3648 3798/3486
f 3912/3641 246/3642 3922/3651
f 3920/3652 3922/3651 246/3642
f 1000/3649 3917/3650 3921/3653
f 3922/3651 3921/3653 3917/3650
f 3926/3656 3921/3653 3923/3659
f 998/3654 3923/3659 3921/3653
f 999/3662 3925/3655 3924/3657
f 3926/3656 3924/3657 3925/3655
f 3928/3660 3918/3648 3925/3655
f 1000/3649 3925/3655 3918/3648
f 236/3490 3801/3491 3927/3661
f 3928/3660 3927/3661 3801/3491
f 3931/3663 3927/3661 3929/3666
f 999/3662 3929/3666 3927/3661
f 970/3501 3810/3502 3930/3664
f 3931/3663 3930/3664 3810/3502
f 3924/3657 247/3658 3934/3667
f 3932/3668 3934/3667 247/3658
f 1003/3665 3929/3666 3933/3669
f 3934/3667 3933/3669 3929/3666
f 3938/3672 3933/3669 3935/3675
f 1001/3670 3935/3675 3933/3669
f 1002/3678 3937/3671 3936/3673
f 3938/3672 3936/3673 3937/3671
f 3940/3676 3930/3664 3937/3671
f 1003/3665 3937/3671 3930/3664
f 237/3506 3813/3507 3939/3677
f 3940/3676 3939/3677 3813/3507
f 3941/3681 1004/3685 3944/3680
f 3942/3682 3944/3680 1004/3685
f 974/3521 3824/3522 3943/3683
f 3944/3680 3943/3683 3824/3522
f 3945/3686 249/3847 3948/3687
f 3946/3688 3948/3687 249/3847
f 3942/3682 3948/3687 1007/3684
f 3947/3689 1007/3684 3948/3687
f 3947/3689 1005/3690 3952/3692
f 3949/3693 3952/3692 1005/3690
f 3951/3691 3952/3692 1006/3698
f 3950/3694 1006/3698 3952/3692
f 3943/3683 1007/3684 3954/3696
f 3951/3691 3954/3696 1007/3684
f 239/3526 3827/3527 3953/3697
f 3954/3696 3953/3697 3827/3527
f 3953/3697 1006/3698 3957/3699
f 3955/3700 3957/3699 1006/3698
f 977/3537 3836/3538 3956/3701
f 3957/3699 3956/3701 3836/3538
f 3950/3694 250/3695 3960/3703
f 3958/3704 3960/3703 250/3695
f 3955/3700 3960/3703 1010/3702
f 3959/3705 1010/3702 3960/3703
f 3959/3705 1008/3706 3964/3708
f 3961/3709 3964/3708 1008/3706
f 3963/3707 3964/3708 1009/3714
f 3962/3710 1009/3714 3964/3708
f 3956/3701 1010/3702 3966/3712
f 3963/3707 3966/3712 1010/3702
f 240/3542 3839/3543 3965/3713
f 3966/3712 3965/3713 3839/3543
f 3965/3713 1009/3714 3969/3715
f 3967/3716 3969/3715 1009/3714
f 3848/3552 3969/3715 980/3554
f 3968/3717 980/3554 3969/3715
f 3962/3710 251/3711 3972/3719
f 3970/3720 3972/3719 251/3711
f 3967/3716 3972/3719 1013/3718
f 3971/3721 1013/3718 3972/3719
f 3971/3721 1011/3722 3976/3724
f 3973/3725 3976/3724 1011/3722
f 3975/3723 3976/3724 1012/3730
f 3974/3726 1012/3730 3976/3724
f 3968/3717 1013/3718 3978/3728
f 3975/3723 3978/3728 1013/3718
f 3851/3557 3978/3728 241/3559
f 3977/3729 241/3559 3978/3728
f 3977/3729 1012/3730 3981/3731
f 3979/3732 3981/3731 1012/3730
f 983/3569 3860/3570 3980/3733
f 3981/3731 3980/3733 3860/3570
f 3974/3726 252/3727 3984/3735
f 3982/3736 3984/3735 252/3727
f 3979/3732 3984/3735 1016/3734
f 3983/3737 1016/3734 3984/3735
f 3983/3737 1014/3738 3988/3740
f 3985/3741 3988/3740 1014/3738
f 3987/3739 3988/3740 1015/3746
f 3986/3742 1015/3746 3988/3740
f 3980/3733 1016/3734 3990/3744
f 3987/3739 3990/3744 1016/3734
f 242/3574 3863/3575 3989/3745
f 3990/3744 3989/3745 3863/3575
f 3989/3745 1015/3746 3993/3747
f 3991/3748 3993/3747 1015/3746
f 986/3585 3872/3586 3992/3749
f 3993/3747 3992/3749 3872/3586
f 3986/3742 253/3743 3996/3751
f 3994/3752 3996/3751 253/3743
f 3991/3748 3996/3751 1019/3750
f 3995/3753 1019/3750 3996/3751
f 3995/3753 1017/3754 4000/3756
f 3997/3757 4000/3756 1017/3754
f 3999/3755 4000/3756 1018/3762
f 3998/3758 1018/3762 4000/3756
f 3992/3749 1019/3750 4002/3760
f 3999/3755 4002/3760 1019/3750
f 243/3590 3875/3591 4001/3761
f 4002/3760 4001/3761 3875/3591
f 4001/3764 1018/3769 4005/3765
f 4003/3766 4005/3765 1018/3769
f 3884/3604 4005/3765 989/3606
f 4004/3767 989/3606 4005/3765
f 3998/3770 254/3931 4008/3771
f 4006/3772 4008/3771 254/3931
f 4003/3766 4008/3771 1022/3768
f 4007/3773 1022/3768 4008/3771
f 4007/3773 1020/3774 4012/3776
f 4009/3777 4012/3776 1020/3774
f 4011/3775 4012/3776 1021/3782
f 4010/3778 1021/3782 4012/3776
f 4004/3767 1022/3768 4014/3780
f 4011/3775 4014/3780 1022/3768
f 244/3610 3887/3611 4013/3781
f 4014/3780 4013/3781 3887/3611
f 4013/3781 1021/3782 4017/3783
f 4015/3784 4017/3783 1021/3782
f 3896/3620 4017/3783 992/3622
f 4016/3785 992/3622 4017/3783
f 4010/3778 255/3779 4020/3787
f 4018/3788 4020/3787 255/3779
f 4015/3784 4020/3787 1025/3786
f 4019/3789 1025/3786 4020/3787
f 4019/3789 1023/3790 4024/3792
f 4021/3793 4024/3792 1023/3790
f 4023/3791 4024/3792 1024/3798
f 4022/3794 1024/3798 4024/3792
f 4016/3785 1025/3786 4026/3796
f 4023/3791 4026/3796 1025/3786
f 245/3626 3899/3627 4025/3797
f 4026/3796 4025/3797 3899/3627
f 4025/3797 1024/3798 4029/3799
f 4027/3800 4029/3799 1024/3798
f 3908/3636 4029/3799 995/3638
f 4028/3801 995/3638 4029/3799
f 4022/3794 256/3795 4032/3803
f 4030/3804 4032/3803 256/3795
f 4027/3800 4032/3803 1028/3802
f 4031/3805 1028/3802 4032/3803
f 4031/3805 1026/3806 4036/3808
f 4033/3809 4036/3808 1026/3806
f 4035/3807 4036/3808 1027/3814
f 4034/3810 1027/3814 4036/3808
f 4028/3801 1028/3802 4038/3812
f 4035/3807 4038/3812 1028/3802
f 246/3642 3911/3643 4037/3813
f 4038/3812 4037/3813 3911/3643
f 4037/3813 1027/3814 4041/3815
f 4039/3816 4041/3815 1027/3814
f 3920/3652 4041/3815 998/3654
f 4040/3817 998/3654 4041/3815
f 4034/3810 257/3811 4044/3819
f 4042/3820 4044/3819 257/3811
f 4039/3816 4044/3819 1031/3818
f 4043/3821 1031/3818 4044/3819
f 4043/3821 1029/3822 4048/3824
f 4045/3825 4048/3824 1029/3822
f 4047/3823 4048/3824 1030/3830
f 4046/3826 1030/3830 4048/3824
f 4040/3817 1031/3818 4050/3828
f 4047/3823 4050/3828 1031/3818
f 247/3658 3923/3659 4049/3829
f 4050/3828 4049/3829 3923/3659
f 4049/3829 1030/3830 4053/3831
f 4051/3832 4053/3831 1030/3830
f 3932/3668 4053/3831 1001/3670
f 4052/3833 1001/3670 4053/3831
f 4046/3826 258/3827 4056/3835
f 4054/3836 4056/3835 258/3827
f 4051/3832 4056/3835 1034/3834
f 4055/3837 1034/3834 4056/3835
f 4055/3837 1032/3838 4060/3840
f 4057/3841 4060/3840 1032/3838
f 4059/3839 4060/3840 1033/3846
f 4058/3842 1033/3846 4060/3840
f 4052/3833 1034/3834 4062/3844
f 4059/3839 4062/3844 1034/3834
f 248/3674 3935/3675 4061/3845
f 4062/3844 4061/3845 3935/3675
f 4063/3848 1035/3853 4066/3849
f 4064/3850 4066/3849 1035/3853
f 3946/3688 4066/3849 1005/3690
f 4065/3851 1005/3690 4066/3849
f 4067/3854 260/4015 4070/3855
f 4068/3856 4070/3855 260/4015
f 4064/3850 4070/3855 1038/3852
f 4069/3857 1038/3852 4070/3855
f 4069/3857 1036/3858 4074/3860
f 4071/3861 4074/3860 1036/3858
f 4073/3859 4074/3860 1037/3866
f 4072/3862 1037/3866 4074/3860
f 4065/3851 1038/3852 4076/3864
f 4073/3859 4076/3864 1038/3852
f 3949/3693 4076/3864 250/3695
f 4075/3865 250/3695 4076/3864
f 4075/3865 1037/3866 4079/3867
f 4077/3868 4079/3867 1037/3866
f 3958/3704 4079/3867 1008/3706
f 4078/3869 1008/3706 4079/3867
f 4072/3862 261/3863 4082/3871
f 4080/3872 4082/3871 261/3863
f 4077/3868 4082/3871 1041/3870
f 4081/3873 1041/3870 4082/3871
f 4081/3873 1039/3874 4086/3876
f 4083/3877 4086/3876 1039/3874
f 4085/3875 4086/3876 1040/3882
f 4084/3878 1040/3882 4086/3876
f 4078/3869 1041/3870 4088/3880
f 4085/3875 4088/3880 1041/3870
f 3961/3709 4088/3880 251/3711
f 4087/3881 251/3711 4088/3880
f 4087/3881 1040/3882 4091/3883
f 4089/3884 4091/3883 1040/3882
f 3970/3720 4091/3883 1011/3722
f 4090/3885 1011/3722 4091/3883
f 4084/3878 262/3879 4094/3887
f 4092/3888 4094/3887 262/3879
f 4089/3884 4094/3887 1044/3886
f 4093/3889 1044/3886 4094/3887
f 4093/3889 1042/3890 4098/3892
f 4095/3893 4098/3892 1042/3890
f 4097/3891 4098/3892 1043/3898
f 4096/3894 1043/3898 4098/3892
f 4090/3885 1044/3886 4100/3896
f 4097/3891 4100/3896 1044/3886
f 3973/3725 4100/3896 252/3727
f 4099/3897 252/3727 4100/3896
f 4099/3897 1043/3898 4103/3899
f 4101/3900 4103/3899 1043/3898
f 3982/3736 4103/3899 1014/3738
f 4102/3901 1014/3738 4103/3899
f 4096/3894 263/3895 4106/3903
f 4104/3904 4106/3903 263/3895
f 4101/3900 4106/3903 1047/3902
f 4105/3905 1047/3902 4106/3903
f 4105/3905 1045/3906 4110/3908
f 4107/3909 4110/3908 1045/3906
f 4109/3907 4110/3908 1046/3914
f 4108/3910 1046/3914 4110/3908
f 4102/3901 1047/3902 4112/3912
f 4109/3907 4112/3912 1047/3902
f 3985/3741 4112/3912 253/3743
f 4111/3913 253/3743 4112/3912
f 4111/3913 1046/3914 4115/3915
f 4113/3916 4115/3915 1046/3914
f 3994/3752 4115/3915 1017/3754
f 4114/3917 1017/3754 4115/3915
f 4108/3910 264/3911 4118/3919
f 4116/3920 4118/3919 264/3911
f 4113/3916 4118/3919 1050/3918
f 4117/3921 1050/3918 4118/3919
f 4117/3921 1048/3922 4122/3924
f 4119/3925 4122/3924 1048/3922
f 4121/3923 4122/3924 1049/3930
f 4120/3926 1049/3930 4122/3924
f 4114/3917 1050/3918 4124/3928
f 4121/3923 4124/3928 1050/3918
f 3997/3757 4124/3928 254/3759
f 4123/3929 254/3759 4124/3928
f 4123/3932 1049/3937 4127/3933
f 4125/3934 4127/3933 1049/3937
f 4006/3772 4127/3933 1020/3774
f 4126/3935 1020/3774 4127/3933
f 4120/3938 265/4099 4130/3939
f 4128/3940 4130/3939 265/4099
f 4125/3934 4130/3939 1053/3936
f 4129/3941 1053/3936 4130/3939
f 4129/3941 1051/3942 4134/3944
f 4131/3945 4134/3944 1051/3942
f 4133/3943 4134/3944 1052/3950
f 4132/3946 1052/3950 4134/3944
f 4126/3935 1053/3936 4136/3948
f 4133/3943 4136/3948 1053/3936
f 4009/3777 4136/3948 255/3779
f 4135/3949 255/3779 4136/3948
f 4135/3949 1052/3950 4139/3951
f 4137/3952 4139/3951 1052/3950
f 4018/3788 4139/3951 1023/3790
f 4138/3953 1023/3790 4139/3951
f 4132/3946 266/3947 4142/3955
f 4140/3956 4142/3955 266/3947
f 4137/3952 4142/3955 1056/3954
f 4141/3957 1056/3954 4142/3955
f 4141/3957 1054/3958 4146/3960
f 4143/3961 4146/3960 1054/3958
f 4145/3959 4146/3960 1055/3966
f 4144/3962 1055/3966 4146/3960
f 4138/3953 1056/3954 4148/3964
f 4145/3959 4148/3964 1056/3954
f 4021/3793 4148/3964 256/3795
f 4147/3965 256/3795 4148/3964
f 4147/3965 1055/3966 4151/3967
f 4149/3968 4151/3967 1055/3966
f 4030/3804 4151/3967 1026/3806
f 4150/3969 1026/3806 4151/3967
f 4144/3962 267/3963 4154/3971
f 4152/3972 4154/3971 267/3963
f 4149/3968 4154/3971 1059/3970
f 4153/3973 1059/3970 4154/3971
f 4153/3973 1057/3974 4158/3976
f 4155/3977 4158/3976 1057/3974
f 4157/3975 4158/3976 1058/3982
f 4156/3978 1058/3982 4158/3976
f 4150/3969 1059/3970 4160/3980
f 4157/3975 4160/3980 1059/3970
f 4033/3809 4160/3980 257/3811
f 4159/3981 257/3811 4160/3980
f 4159/3981 1058/3982 4163/3983
f 4161/3984 4163/3983 1058/3982
f 4042/3820 4163/3983 1029/3822
f 4162/3985 1029/3822 4163/3983
f 4156/3978 268/3979 4166/3987
f 4164/3988 4166/3987 268/3979
f 4161/3984 4166/3987 1062/3986
f 4165/3989 1062/3986 4166/3987
f 4165/3989 1060/3990 4170/3992
f 4167/3993 4170/3992 1060/3990
f 4169/3991 4170/3992 1061/3998
f 4168/3994 1061/3998 4170/3992
f 4162/3985 1062/3986 4172/3996
f 4169/3991 4172/3996 1062/3986
f 4045/3825 4172/3996 258/3827
f 4171/3997 258/3827 4172/3996
f 4171/3997 1061/3998 4175/3999
f 4173/4000 4175/3999 1061/3998
f 4054/3836 4175/3999 1032/3838
f 4174/4001 1032/3838 4175/3999
f 4168/3994 269/3995 4178/4003
f 4176/4004 4178/4003 269/3995
f 4173/4000 4178/4003 1065/4002
f 4177/4005 1065/4002 4178/4003
f 4177/4005 1063/4006 4182/4008
f 4179/4009 4182/4008 1063/4006
f 4181/4007 4182/4008 1064/4014
f 4180/4010 1064/4014 4182/4008
f 4174/4001 1065/4002 4184/4012
f 4181/4007 4184/4012 1065/4002
f 4057/3841 4184/4012 259/3843
f 4183/4013 259/3843 4184/4012
f 4188/4016 4185/4017 4186/4020
f 1066/4021 4186/4020 4185/4017
f 1036/3858 4068/3856 4187/4018
f 4188/4016 4187/4018 4068/3856
f 4192/4022 4189/4023 4190/4026
f 271/4183 4190/4026 4189/4023
f 1069/4019 4186/4020 4191/4024
f 4192/4022 4191/4024 4186/4020
f 4196/4028 4191/4024 4193/4031
f 1067/4025 4193/4031 4191/4024
f 1068/4034 4195/4027 4194/4029
f 4196/4028 4194/4029 4195/4027
f 4198/4032 4187/4018 4195/4027
f 1069/4019 4195/4027 4187/4018
f 261/3863 4071/3861 4197/4033
f 4198/4032 4197/4033 4071/3861
f 4201/4035 4197/4033 4199/4038
f 1068/4034 4199/4038 4197/4033
f 4080/3872 4201/4035 1039/3874
f 4200/4036 1039/3874 4201/4035
f 4204/4039 4194/4029 4202/4042
f 272/4030 4202/4042 4194/4029
f 1072/4037 4199/4038 4203/4040
f 4204/4039 4203/4040 4199/4038
f 4208/4044 4203/4040 4205/4047
f 1070/4041 4205/4047 4203/4040
f 1071/4050 4207/4043 4206/4045
f 4208/4044 4206/4045 4207/4043
f 4210/4048 4200/4036 4207/4043
f 1072/4037 4207/4043 4200/4036
f 262/3879 4083/3877 4209/4049
f 4210/4048 4209/4049 4083/3877
f 4213/4051 4209/4049 4211/4054
f 1071/4050 4211/4054 4209/4049
f 4092/3888 4213/4051 1042/3890
f 4212/4052 1042/3890 4213/4051
f 4216/4055 4206/4045 4214/4058
f 273/4046 4214/4058 4206/4045
f 1075/4053 4211/4054 4215/4056
f 4216/4055 4215/4056 4211/4054
f 4220/4060 4215/4056 4217/4063
f 1073/4057 4217/4063 4215/4056
f 1074/4066 4219/4059 4218/4061
f 4220/4060 4218/4061 4219/4059
f 4222/4064 4212/4052 4219/4059
f 1075/4053 4219/4059 4212/4052
f 263/3895 4095/3893 4221/4065
f 4222/4064 4221/4065 4095/3893
f 4221/4065 1074/4066 4225/4067
f 4223/4068 4225/4067 1074/4066
f 4104/3904 4225/4067 1045/3906
f 4224/4069 1045/3906 4225/4067
f 4228/4071 4218/4061 4226/4074
f 274/4062 4226/4074 4218/4061
f 4223/4068 4228/4071 1078/4070
f 4227/4072 1078/4070 4228/4071
f 4232/4076 4227/4072 4229/4079
f 1076/4073 4229/4079 4227/4072
f 1077/4082 4231/4075 4230/4077
f 4232/4076 4230/4077 4231/4075
f 4234/4080 4224/4069 4231/4075
f 1078/4070 4231/4075 4224/4069
f 264/3911 4107/3909 4233/4081
f 4234/4080 4233/4081 4107/3909
f 4233/4081 1077/4082 4237/4083
f 4235/4084 4237/4083 1077/4082
f 4116/3920 4237/4083 1048/3922
f 4236/4085 1048/3922 4237/4083
f 4230/4077 275/4078 4240/4087
f 4238/4088 4240/4087 275/4078
f 4235/4084 4240/4087 1081/4086
f 4239/4089 1081/4086 4240/4087
f 4244/4092 4239/4089 4241/4095
f 1079/4090 4241/4095 4239/4089
f 1080/4098 4243/4091 4242/4093
f 4244/4092 4242/4093 4243/4091
f 4246/4096 4236/4085 4243/4091
f 1081/4086 4243/4091 4236/4085
f 265/3927 4119/3925 4245/4097
f 4246/4096 4245/4097 4119/3925
f 4245/4100 1080/4105 4249/4101
f 4247/4102 4249/4101 1080/4105
f 4128/3940 4249/4101 1051/3942
f 4248/4103 1051/3942 4249/4101
f 4242/4106 276/4248 4252/4107
f 4250/4108 4252/4107 276/4248
f 4247/4102 4252/4107 1084/4104
f 4251/4109 1084/4104 4252/4107
f 4256/4112 4251/4109 4253/4115
f 1082/4110 4253/4115 4251/4109
f 1083/4118 4255/4111 4254/4113
f 4256/4112 4254/4113 4255/4111
f 4258/4116 4248/4103 4255/4111
f 1084/4104 4255/4111 4248/4103
f 266/3947 4131/3945 4257/4117
f 4258/4116 4257/4117 4131/3945
f 4257/4117 1083/4118 4261/4119
f 4259/4120 4261/4119 1083/4118
f 4140/3956 4261/4119 1054/3958
f 4260/4121 1054/3958 4261/4119
f 4254/4113 277/4114 4264/4123
f 4262/4124 4264/4123 277/4114
f 4259/4120 4264/4123 1087/4122
f 4263/4125 1087/4122 4264/4123
f 4268/4128 4263/4125 4265/4131
f 1085/4126 4265/4131 4263/4125
f 1086/4134 4267/4127 4266/4129
f 4268/4128 4266/4129 4267/4127
f 4270/4132 4260/4121 4267/4127
f 1087/4122 4267/4127 4260/4121
f 267/3963 4143/3961 4269/4133
f 4270/4132 4269/4133 4143/3961
f 4269/4133 1086/4134 4273/4135
f 4271/4136 4273/4135 1086/4134
f 4152/3972 4273/4135 1057/3974
f 4272/4137 1057/3974 4273/4135
f 4266/4129 278/4130 4276/4139
f 4274/4140 4276/4139 278/4130
f 4271/4136 4276/4139 1090/4138
f 4275/4141 1090/4138 4276/4139
f 4280/4144 4275/4141 4277/4147
f 1088/4142 4277/4147 4275/4141
f 1089/4150 4279/4143 4278/4145
f 4280/4144 4278/4145 4279/4143
f 4282/4148 4272/4137 4279/4143
f 1090/4138 4279/4143 4272/4137
f 268/3979 4155/3977 4281/4149
f 4282/4148 4281/4149 4155/3977
f 4281/4149 1089/4150 4285/4151
f 4283/4152 4285/4151 1089/4150
f 4164/3988 4285/4151 1060/3990
f 4284/4153 1060/3990 4285/4151
f 4278/4145 279/4146 4288/4155
f 4286/4156 4288/4155 279/4146
f 4283/4152 4288/4155 1093/4154
f 4287/4157 1093/4154 4288/4155
f 4292/4160 4287/4157 4289/4163
f 1091/4158 4289/4163 4287/4157
f 1092/4166 4291/4159 4290/4161
f 4292/4160 4290/4161 4291/4159
f 4294/4164 4284/4153 4291/4159
f 1093/4154 4291/4159 4284/4153
f 269/3995 4167/3993 4293/4165
f 4294/4164 4293/4165 4167/3993
f 4293/4165 1092/4166 4297/4167
f 4295/4168 4297/4167 1092/4166
f 4176/4004 4297/4167 1063/4006
f 4296/4169 1063/4006 4297/4167
f 4290/4161 280/4162 4300/4171
f 4298/4172 4300/4171 280/4162
f 4295/4168 4300/4171 1096/4170
f 4299/4173 1096/4170 4300/4171
f 4304/4176 4299/4173 4301/4179
f 1094/4174 4301/4179 4299/4173
f 1095/4182 4303/4175 4302/4177
f 4304/4176 4302/4177 4303/4175
f 4306/4180 4296/4169 4303/4175
f 1096/4170 4303/4175 4296/4169
f 270/4011 4179/4009 4305/4181
f 4306/4180 4305/4181 4179/4009
f 4310/4184 4307/4185 4308/4188
f 1097/4189 4308/4188 4307/4185
f 1067/4025 4190/4026 4309/4186
f 4310/4184 4309/4186 4190/4026
f 4311/4190 150/2262 4313/4191
f 2948/2260 4313/4191 150/2262
f 4308/4188 4313/4191 1099/4187
f 4312/4192 1099/4187 4313/4191
f 4312/4192 749/2279 4316/4194
f 2959/2278 4316/4194 749/2279
f 4315/4193 4316/4194 1098/4198
f 4314/4195 1098/4198 4316/4194
f 4318/4196 4309/4186 4315/4193
f 1099/4187 4315/4193 4309/4186
f 272/4030 4193/4031 4317/4197
f 4318/4196 4317/4197 4193/4031
f 4321/4199 4317/4197 4319/4202
f 1098/4198 4319/4202 4317/4197
f 1070/4041 4202/4042 4320/4200
f 4321/4199 4320/4200 4202/4042
f 4314/4195 151/2284 4323/4203
f 2963/2283 4323/4203 151/2284
f 1101/4201 4319/4202 4322/4204
f 4323/4203 4322/4204 4319/4202
f 4322/4204 753/2299 4326/4206
f 2973/2298 4326/4206 753/2299
f 1100/4210 4325/4205 4324/4207
f 4326/4206 4324/4207 4325/4205
f 4328/4208 4320/4200 4325/4205
f 1101/4201 4325/4205 4320/4200
f 273/4046 4205/4047 4327/4209
f 4328/4208 4327/4209 4205/4047
f 4331/4211 4327/4209 4329/4214
f 1100/4210 4329/4214 4327/4209
f 1073/4057 4214/4058 4330/4212
f 4331/4211 4330/4212 4214/4058
f 4324/4207 152/2304 4333/4215
f 2977/2303 4333/4215 152/2304
f 1103/4213 4329/4214 4332/4216
f 4333/4215 4332/4216 4329/4214
f 4332/4216 757/2319 4336/4218
f 2987/2318 4336/4218 757/2319
f 1102/4222 4335/4217 4334/4219
f 4336/4218 4334/4219 4335/4217
f 4338/4220 4330/4212 4335/4217
f 1103/4213 4335/4217 4330/4212
f 274/4062 4217/4063 4337/4221
f 4338/4220 4337/4221 4217/4063
f 4341/4223 4337/4221 4339/4226
f 1102/4222 4339/4226 4337/4221
f 1076/4073 4226/4074 4340/4224
f 4341/4223 4340/4224 4226/4074
f 4343/4227 4334/4219 2991/2323
f 153/2324 2991/2323 4334/4219
f 1105/4225 4339/4226 4342/4228
f 4343/4227 4342/4228 4339/4226
f 4346/4230 4342/4228 3001/2339
f 761/2338 3001/2339 4342/4228
f 1104/4234 4345/4229 4344/4231
f 4346/4230 4344/4231 4345/4229
f 4348/4232 4340/4224 4345/4229
f 1105/4225 4345/4229 4340/4224
f 275/4078 4229/4079 4347/4233
f 4348/4232 4347/4233 4229/4079
f 4351/4235 4347/4233 4349/4236
f 1104/4234 4349/4236 4347/4233
f 4238/4088 4351/4235 1079/4090
f 4350/4237 1079/4090 4351/4235
f 4353/4239 4344/4231 3005/2344
f 154/2343 3005/2344 4344/4231
f 1107/4238 4349/4236 4352/4240
f 4353/4239 4352/4240 4349/4236
f 4356/4242 4352/4240 3015/2359
f 765/2358 3015/2359 4352/4240
f 1106/4247 4355/4241 4354/4243
f 4356/4242 4354/4243 4355/4241
f 4358/4245 4350/4237 4355/4241
f 1107/4238 4355/4241 4350/4237
f 276/4094 4241/4095 4357/4246
f 4358/4245 4357/4246 4241/4095
f 4357/4249 1106/4254 4361/4250
f 4359/4251 4361/4250 1106/4254
f 4250/4108 4361/4250 1082/4110
f 4360/4252 1082/4110 4361/4250
f 4354/4255 155/2364 4363/4256
f 3019/2365 4363/4256 155/2364
f 4359/4251 4363/4256 1109/4253
f 4362/4257 1109/4253 4363/4256
f 4366/4259 4362/4257 3029/2381
f 769/2382 3029/2381 4362/4257
f 1108/4263 4365/4258 4364/4260
f 4366/4259 4364/4260 4365/4258
f 4368/4261 4360/4252 4365/4258
f 1109/4253 4365/4258 4360/4252
f 277/4114 4253/4115 4367/4262
f 4368/4261 4367/4262 4253/4115
f 4367/4262 1108/4263 4371/4264
f 4369/4265 4371/4264 1108/4263
f 4262/4124 4371/4264 1085/4126
f 4370/4266 1085/4126 4371/4264
f 4364/4260 156/2386 4373/4268
f 3033/2387 4373/4268 156/2386
f 4369/4265 4373/4268 1111/4267
f 4372/4269 1111/4267 4373/4268
f 4376/4271 4372/4269 3043/2401
f 773/2402 3043/2401 4372/4269
f 1110/4275 4375/4270 4374/4272
f 4376/4271 4374/4272 4375/4270
f 4378/4273 4370/4266 4375/4270
f 1111/4267 4375/4270 4370/4266
f 278/4130 4265/4131 4377/4274
f 4378/4273 4377/4274 4265/4131
f 4377/4274 1110/4275 4381/4276
f 4379/4277 4381/4276 1110/4275
f 4274/4140 4381/4276 1088/4142
f 4380/4278 1088/4142 4381/4276
f 4374/4272 157/2406 4383/4280
f 3047/2407 4383/4280 157/2406
f 4379/4277 4383/4280 1113/4279
f 4382/4281 1113/4279 4383/4280
f 4386/4283 4382/4281 3057/2421
f 777/2422 3057/2421 4382/4281
f 1112/4287 4385/4282 4384/4284
f 4386/4283 4384/4284 4385/4282
f 4388/4285 4380/4278 4385/4282
f 1113/4279 4385/4282 4380/4278
f 279/4146 4277/4147 4387/4286
f 4388/4285 4387/4286 4277/4147
f 4387/4286 1112/4287 4391/4288
f 4389/4289 4391/4288 1112/4287
f 4286/4156 4391/4288 1091/4158
f 4390/4290 1091/4158 4391/4288
f 4384/4284 158/2426 4393/4292
f 3061/2427 4393/4292 158/2426
f 4389/4289 4393/4292 1115/4291
f 4392/4293 1115/4291 4393/4292
f 4396/4295 4392/4293 3071/2441
f 781/2442 3071/2441 4392/4293
f 1114/4299 4395/4294 4394/4296
f 4396/4295 4394/4296 4395/4294
f 4398/4297 4390/4290 4395/4294
f 1115/4291 4395/4294 4390/4290
f 280/4162 4289/4163 4397/4298
f 4398/4297 4397/4298 4289/4163
f 4397/4298 1114/4299 4401/4300
f 4399/4301 4401/4300 1114/4299
f 4298/4172 4401/4300 1094/4174
f 4400/4302 1094/4174 4401/4300
f 4394/4296 159/2446 4403/4304
f 3075/2447 4403/4304 159/2446
f 4399/4301 4403/4304 1117/4303
f 4402/4305 1117/4303 4403/4304
f 4406/4307 4402/4305 3085/2461
f 785/2462 3085/2461 4402/4305
f 1116/4312 4405/4306 4404/4308
f 4406/4307 4404/4308 4405/4306
f 4408/4310 4400/4302 4405/4306
f 1117/4303 4405/4306 4400/4302
f 281/4178 4301/4179 4407/4311
f 4408/4310 4407/4311 4301/4179
f 4409/4313 1118/4318 4412/4314
f 4410/4315 4412/4314 1118/4318
f 4412/4314 4411/4316 3331/2840
f 849/2845 3331/2840 4411/4316
f 4414/4323 4416/4320 282/5426
f 4413/4319 282/5426 4416/4320
f 4410/4315 4416/4320 1121/4317
f 4415/4322 1121/4317 4416/4320
f 4417/4328 4420/4324 1119/4321
f 4415/4322 1119/4321 4420/4324
f 4418/4327 1120/4330 4420/4324
f 4419/4325 4420/4324 1120/4330
f 4419/4325 4422/4329 1121/4317
f 4411/4316 1121/4317 4422/4329
f 4421/4331 194/3009 4422/4329
f 3335/2846 4422/4329 194/3009
f 4423/4333 4425/4332 1120/4330
f 4421/4331 1120/4330 4425/4332
f 3453/3007 4425/4332 880/3015
f 4424/4334 880/3015 4425/4332
f 4426/4339 4428/4336 283/4326
f 4418/4327 283/4326 4428/4336
f 4427/4338 1124/4335 4428/4336
f 4423/4333 4428/4336 1124/4335
f 4429/4342 4432/4341 1122/4337
f 4427/4338 1122/4337 4432/4341
f 4431/4340 4432/4341 1123/4347
f 4430/4343 1123/4347 4432/4341
f 4424/4334 1124/4335 4434/4345
f 4431/4340 4434/4345 1124/4335
f 3457/3013 4434/4345 205/3175
f 4433/4346 205/3175 4434/4345
f 4436/4354 4438/4348 1125/4357
f 4435/4350 1125/4357 4438/4348
f 4437/4353 1119/4368 4438/4348
f 4414/4349 4438/4348 1119/4368
f 4440/4360 4442/4355 285/4391
f 4439/4356 285/4391 4442/4355
f 4441/4359 1128/4352 4442/4355
f 4436/4354 4442/4355 1128/4352
f 4443/4365 4446/4361 1126/4358
f 4441/4359 1126/4358 4446/4361
f 4444/4364 1127/4369 4446/4361
f 4445/4362 4446/4361 1127/4369
f 4445/4362 4448/4366 1128/4352
f 4437/4353 1128/4352 4448/4366
f 4447/4370 283/4373 4448/4366
f 4417/4367 4448/4366 283/4373
f 4449/4376 4451/4371 1127/4369
f 4447/4370 1127/4369 4451/4371
f 4450/4375 1122/4386 4451/4371
f 4426/4372 4451/4371 1122/4386
f 286/4363 4452/4378 4444/4364
f 4454/4377 4444/4364 4452/4378
f 4454/4377 4453/4380 4449/4376
f 1131/4374 4449/4376 4453/4380
f 1129/4379 4455/4385 4453/4380
f 4458/4381 4453/4380 4455/4385
f 4456/4384 1130/4390 4458/4381
f 4457/4382 4458/4381 1130/4390
f 4457/4382 4460/4388 1131/4374
f 4450/4375 1131/4374 4460/4388
f 4429/4387 4460/4388 284/5445
f 4459/4389 284/5445 4460/4388
f 4461/4392 1132/4397 4464/4393
f 4462/4394 4464/4393 1132/4397
f 4440/4360 4464/4393 1126/4358
f 4463/4395 1126/4358 4464/4393
f 4465/4398 288/5494 4468/4399
f 4466/4400 4468/4399 288/5494
f 4462/4394 4468/4399 1135/4396
f 4467/4401 1135/4396 4468/4399
f 4467/4401 1133/4402 4472/4404
f 4469/4407 4472/4404 1133/4402
f 4472/4404 4470/4405 4471/4403
f 1134/4410 4471/4403 4470/4405
f 4463/4395 1135/4396 4474/4408
f 4471/4403 4474/4408 1135/4396
f 4474/4408 4473/4409 4443/4365
f 286/4363 4443/4365 4473/4409
f 1134/4410 4475/4412 4473/4409
f 4477/4411 4473/4409 4475/4412
f 4477/4411 4476/4414 4452/4378
f 1129/4379 4452/4378 4476/4414
f 289/4406 4478/4416 4470/4405
f 4480/4415 4470/4405 4478/4416
f 4480/4415 4479/4418 4475/4412
f 1138/4413 4475/4412 4479/4418
f 1136/4417 4481/4421 4479/4418
f 4484/4419 4479/4418 4481/4421
f 4484/4419 4482/4423 4483/4420
f 1137/4425 4483/4420 4482/4423
f 1138/4413 4483/4420 4476/4414
f 4486/4424 4476/4414 4483/4420
f 4486/4424 4485/4426 4455/4385
f 287/4383 4455/4385 4485/4426
f 4487/4427 1139/4432 4490/4428
f 4488/4429 4490/4428 1139/4432
f 4482/4423 4490/4428 1137/4425
f 4489/4430 1137/4425 4490/4428
f 4491/4433 292/5543 4494/4434
f 4492/4435 4494/4434 292/5543
f 4488/4429 4494/4434 1142/4431
f 4493/4436 1142/4431 4494/4434
f 4493/4436 1140/4437 4498/4439
f 4495/4440 4498/4439 1140/4437
f 4497/4438 4498/4439 1141/4445
f 4496/4441 1141/4445 4498/4439
f 4489/4430 1142/4431 4500/4443
f 4497/4438 4500/4443 1142/4431
f 4485/4426 4500/4443 287/4383
f 4499/4444 287/4383 4500/4443
f 4501/4446 1143/4451 4504/4447
f 4502/4448 4504/4447 1143/4451
f 3570/3170 4504/4447 909/3173
f 4503/4449 909/3173 4504/4447
f 4508/4452 4505/4453 4506/4454
f 295/4481 4506/4454 4505/4453
f 4502/4448 4508/4452 1146/4450
f 4507/4455 1146/4450 4508/4452
f 4507/4455 1144/4456 4512/4458
f 4509/4461 4512/4458 1144/4456
f 1145/4464 4511/4457 4510/4459
f 4512/4458 4510/4459 4511/4457
f 4503/4449 1146/4450 4514/4462
f 4511/4457 4514/4462 1146/4450
f 3573/3174 4514/4462 204/3003
f 4513/4463 204/3003 4514/4462
f 1145/4464 4515/4466 4513/4463
f 4517/4465 4513/4463 4515/4466
f 4517/4465 4516/4468 3448/3002
f 878/3006 3448/3002 4516/4468
f 4520/4469 4510/4459 4518/4470
f 294/4460 4518/4470 4510/4459
f 4520/4469 4519/4472 4515/4466
f 1149/4467 4515/4466 4519/4472
f 1147/4471 4521/4477 4519/4472
f 4524/4473 4519/4472 4521/4477
f 4524/4473 4522/4475 4523/4474
f 1148/4479 4523/4474 4522/4475
f 1149/4467 4523/4474 4516/4468
f 4526/4478 4516/4468 4523/4474
f 193/2833 3451/3005 4525/4480
f 4526/4478 4525/4480 3451/3005
f 4530/4482 4527/4483 4528/4484
f 1150/4487 4528/4484 4527/4483
f 4506/4454 4530/4482 1144/4456
f 4529/4485 1144/4456 4530/4482
f 4531/4488 298/5596 4534/4489
f 4532/4490 4534/4489 298/5596
f 4528/4484 4534/4489 1153/4486
f 4533/4491 1153/4486 4534/4489
f 4533/4491 1151/4492 4538/4494
f 4535/4495 4538/4494 1151/4492
f 4537/4493 4538/4494 1152/4500
f 4536/4496 1152/4500 4538/4494
f 4529/4485 1153/4486 4540/4498
f 4537/4493 4540/4498 1153/4486
f 294/4460 4509/4461 4539/4499
f 4540/4498 4539/4499 4509/4461
f 4543/4501 4539/4499 4541/4504
f 1152/4500 4541/4504 4539/4499
f 1147/4471 4518/4470 4542/4502
f 4543/4501 4542/4502 4518/4470
f 4546/4505 4536/4496 4544/4508
f 297/4497 4544/4508 4536/4496
f 1156/4503 4541/4504 4545/4506
f 4546/4505 4545/4506 4541/4504
f 4550/4510 4545/4506 4547/4513
f 1154/4507 4547/4513 4545/4506
f 1155/4516 4549/4509 4548/4511
f 4550/4510 4548/4511 4549/4509
f 4552/4514 4542/4502 4549/4509
f 1156/4503 4549/4509 4542/4502
f 293/4476 4521/4477 4551/4515
f 4552/4514 4551/4515 4521/4477
f 4554/4523 4557/4517 1157/4526
f 4553/4519 1157/4526 4557/4517
f 4555/4522 1159/4534 4557/4517
f 4556/4518 4557/4517 1159/4534
f 1340/2 4560/4524 1/4
f 4558/4525 1/4 4560/4524
f 4559/4527 1160/4521 4560/4524
f 4554/4523 4560/4524 1160/4521
f 1351/20 4563/4528 338/21
f 4559/4527 338/21 4563/4528
f 4561/4531 1158/4535 4563/4528
f 4562/4529 4563/4528 1158/4535
f 4562/4529 4566/4532 1160/4521
f 4555/4522 1160/4521 4566/4532
f 4564/4536 316/5640 4566/4532
f 4565/4533 4566/4532 316/5640
f 4570/4537 4567/4538 4568/4541
f 1161/4544 4568/4541 4567/4538
f 373/196 1470/198 4569/4539
f 4570/4537 4569/4539 1470/198
f 4572/4547 4574/4542 328/4849
f 4571/4543 328/4849 4574/4542
f 4573/4546 1164/4540 4574/4542
f 4568/4541 4574/4542 1164/4540
f 4575/4552 4578/4548 1162/4545
f 4573/4546 1162/4545 4578/4548
f 4576/4551 1163/4555 4578/4548
f 4577/4549 4578/4548 1163/4555
f 4580/4553 4569/4539 4577/4549
f 1164/4540 4577/4549 4569/4539
f 22/201 1473/203 4579/4554
f 4580/4553 4579/4554 1473/203
f 4581/4560 4584/4556 1158/4563
f 4564/4558 1158/4563 4584/4556
f 4582/4561 1166/4572 4584/4556
f 4583/4557 4584/4556 1166/4572
f 4561/4564 12/207 4586/4565
f 1481/209 4586/4565 12/207
f 4581/4560 4586/4565 1167/4562
f 4585/4566 1167/4562 4586/4565
f 4585/4566 378/225 4589/4568
f 1491/226 4589/4568 378/225
f 4588/4567 4589/4568 1165/4574
f 4587/4569 1165/4574 4589/4568
f 4582/4561 1167/4562 4592/4570
f 4588/4567 4592/4570 1167/4562
f 4590/4573 317/4597 4592/4570
f 4591/4571 4592/4570 317/4597
f 4595/4576 4579/4577 4593/4580
f 1163/4583 4593/4580 4579/4577
f 404/402 1592/404 4594/4578
f 4595/4576 4594/4578 1592/404
f 4596/4586 4598/4581 318/5641
f 4576/4582 318/5641 4598/4581
f 1170/4579 4593/4580 4597/4584
f 4598/4581 4597/4584 4593/4580
f 4602/4588 4597/4584 4599/4591
f 1168/4585 4599/4591 4597/4584
f 1169/4594 4601/4587 4600/4589
f 4602/4588 4600/4589 4601/4587
f 4604/4592 4594/4578 4601/4587
f 1170/4579 4601/4587 4594/4578
f 33/407 1595/409 4603/4593
f 4604/4592 4603/4593 1595/409
f 4605/4600 4608/4595 1165/4574
f 4590/4573 1165/4574 4608/4595
f 4606/4599 1172/4608 4608/4595
f 4607/4596 4608/4595 1172/4608
f 4587/4569 23/413 4610/4601
f 1603/414 4610/4601 23/413
f 4609/4602 1173/4598 4610/4601
f 4605/4600 4610/4601 1173/4598
f 4609/4602 409/428 4613/4603
f 1613/429 4613/4603 409/428
f 4611/4605 1171/4609 4613/4603
f 4612/4604 4613/4603 1171/4609
f 4612/4604 4616/4606 1173/4598
f 4606/4599 1173/4598 4616/4606
f 4614/4610 305/4853 4616/4606
f 4615/4607 4616/4606 305/4853
f 4619/4611 4603/4593 4617/4614
f 1169/4594 4617/4614 4603/4593
f 435/570 1714/572 4618/4612
f 4619/4611 4618/4612 1714/572
f 4620/4618 4622/4615 319/4590
f 4600/4589 319/4590 4622/4615
f 1176/4613 4617/4614 4621/4617
f 4622/4615 4621/4617 4617/4614
f 4626/4620 4621/4617 4623/4621
f 1174/4616 4623/4621 4621/4617
f 4625/4619 4626/4620 1175/4626
f 4624/4622 1175/4626 4626/4620
f 4628/4624 4618/4612 4625/4619
f 1176/4613 4625/4619 4618/4612
f 44/575 1717/577 4627/4625
f 4628/4624 4627/4625 1717/577
f 4630/4633 4633/4627 1177/4636
f 4629/4629 1177/4636 4633/4627
f 4631/4632 1179/4643 4633/4627
f 4632/4628 4633/4627 1179/4643
f 56/917 1969/918 4634/4635
f 4636/4634 4634/4635 1969/918
f 4635/4637 1180/4631 4636/4634
f 4630/4633 4636/4634 1180/4631
f 4635/4637 502/932 4639/4639
f 1979/933 4639/4639 502/932
f 4638/4638 4639/4639 1178/4645
f 4637/4640 1178/4645 4639/4639
f 4631/4632 1180/4631 4642/4641
f 4638/4638 4642/4641 1180/4631
f 4641/4642 4642/4641 321/4665
f 4640/4644 321/4665 4642/4641
f 1181/4653 4644/4650 4643/4646
f 4646/4647 4643/4646 4644/4650
f 4646/4647 4645/4648 2080/1074
f 528/1075 2080/1074 4645/4648
f 4648/4656 4650/4652 320/5018
f 4647/4651 320/5018 4650/4652
f 1184/4649 4644/4650 4649/4654
f 4650/4652 4649/4654 4644/4650
f 4654/4658 4649/4654 4651/4661
f 1182/4655 4651/4661 4649/4654
f 1183/4664 4653/4657 4652/4659
f 4654/4658 4652/4659 4653/4657
f 4656/4662 4645/4648 4653/4657
f 1184/4649 4653/4657 4645/4648
f 77/1080 2083/1079 4655/4663
f 4656/4662 4655/4663 2083/1079
f 1178/4645 4657/4668 4640/4644
f 4660/4667 4640/4644 4657/4668
f 4660/4667 4658/4670 4659/4666
f 1186/4677 4659/4666 4658/4670
f 67/1086 2091/1087 4637/4640
f 4662/4671 4637/4640 2091/1087
f 4662/4671 4661/4672 4657/4668
f 1187/4669 4657/4668 4661/4672
f 533/1101 2101/1102 4661/4672
f 4665/4673 4661/4672 2101/1102
f 4665/4673 4663/4675 4664/4674
f 1185/4679 4664/4674 4663/4675
f 1187/4669 4664/4674 4658/4670
f 4668/4676 4658/4670 4664/4674
f 4668/4676 4666/4680 4667/4678
f 322/4698 4667/4678 4666/4680
f 1183/4664 4669/4682 4655/4663
f 4671/4681 4655/4663 4669/4682
f 4671/4681 4670/4684 2202/1242
f 559/1243 2202/1242 4670/4684
f 4674/4685 4652/4659 4672/4686
f 330/4660 4672/4686 4652/4659
f 4674/4685 4673/4688 4669/4682
f 1190/4683 4669/4682 4673/4688
f 1188/4687 4675/4691 4673/4688
f 4678/4689 4673/4688 4675/4691
f 4678/4689 4676/4693 4677/4690
f 1189/4695 4677/4690 4676/4693
f 1190/4683 4677/4690 4670/4684
f 4680/4694 4670/4684 4677/4690
f 4680/4694 4679/4696 2205/1247
f 88/1248 2205/1247 4679/4696
f 1185/4679 4681/4700 4666/4680
f 4684/4697 4666/4680 4681/4700
f 4684/4697 4682/4702 4683/4699
f 1192/4709 4683/4699 4682/4702
f 78/1254 2213/1255 4663/4675
f 4686/4703 4663/4675 2213/1255
f 4686/4703 4685/4704 4681/4700
f 1193/4701 4681/4700 4685/4704
f 564/1269 2223/1270 4685/4704
f 4689/4705 4685/4704 2223/1270
f 4688/4706 4689/4705 1191/4712
f 4687/4707 1191/4712 4689/4705
f 1193/4701 4688/4706 4682/4702
f 4692/4708 4682/4702 4688/4706
f 4692/4708 4690/4711 4691/4710
f 324/4729 4691/4710 4690/4711
f 1189/4695 4693/4714 4679/4696
f 4695/4713 4679/4696 4693/4714
f 4695/4713 4694/4716 2324/1410
f 590/1411 2324/1410 4694/4716
f 331/4692 4696/4718 4676/4693
f 4698/4717 4676/4693 4696/4718
f 4698/4717 4697/4720 4693/4714
f 1196/4715 4693/4714 4697/4720
f 1194/4719 4699/4723 4697/4720
f 4702/4721 4697/4720 4699/4723
f 4702/4721 4700/4725 4701/4722
f 1195/4728 4701/4722 4700/4725
f 1196/4715 4701/4722 4694/4716
f 4704/4726 4694/4716 4701/4722
f 2327/1415 4704/4726 99/1416
f 4703/4727 99/1416 4704/4726
f 4690/4711 1191/4712 4708/4731
f 4705/4732 4708/4731 1191/4712
f 4707/4730 4708/4731 1198/4740
f 4706/4733 1198/4740 4708/4731
f 4687/4707 89/1422 4710/4735
f 2335/1423 4710/4735 89/1422
f 4705/4732 4710/4735 1199/4734
f 4709/4736 1199/4734 4710/4735
f 4709/4736 595/1436 4713/4738
f 2345/1437 4713/4738 595/1436
f 4712/4737 4713/4738 1197/4744
f 4711/4739 1197/4744 4713/4738
f 4706/4733 1199/4734 4716/4742
f 4712/4737 4716/4742 1199/4734
f 4715/4741 4716/4742 325/4761
f 4714/4743 325/4761 4716/4742
f 4703/4727 1195/4728 4719/4745
f 4717/4746 4719/4745 1195/4728
f 2446/1578 4719/4745 621/1580
f 4718/4747 621/1580 4719/4745
f 332/4724 4720/4750 4700/4725
f 4722/4749 4700/4725 4720/4750
f 4717/4746 4722/4749 1202/4748
f 4721/4751 1202/4748 4722/4749
f 4721/4751 1200/4752 4726/4754
f 4723/4755 4726/4754 1200/4752
f 4725/4753 4726/4754 1201/4760
f 4724/4756 1201/4760 4726/4754
f 4718/4747 1202/4748 4728/4758
f 4725/4753 4728/4758 1202/4748
f 2449/1583 4728/4758 110/1585
f 4727/4759 110/1585 4728/4758
f 4714/4743 1197/4744 4732/4763
f 4729/4764 4732/4763 1197/4744
f 4731/4762 4732/4763 1204/4772
f 4730/4765 1204/4772 4732/4763
f 4711/4739 100/1589 4734/4767
f 2457/1590 4734/4767 100/1589
f 4729/4764 4734/4767 1205/4766
f 4733/4768 1205/4766 4734/4767
f 4733/4768 626/1604 4737/4770
f 2467/1605 4737/4770 626/1604
f 4736/4769 4737/4770 1203/4776
f 4735/4771 1203/4776 4737/4770
f 4730/4765 1205/4766 4740/4774
f 4736/4769 4740/4774 1205/4766
f 4739/4773 4740/4774 326/4793
f 4738/4775 326/4793 4740/4774
f 4727/4759 1201/4760 4743/4777
f 4741/4778 4743/4777 1201/4760
f 2568/1746 4743/4777 652/1748
f 4742/4779 652/1748 4743/4777
f 4724/4756 333/4757 4746/4781
f 4744/4782 4746/4781 333/4757
f 4741/4778 4746/4781 1208/4780
f 4745/4783 1208/4780 4746/4781
f 4745/4783 1206/4784 4750/4786
f 4747/4787 4750/4786 1206/4784
f 4749/4785 4750/4786 1207/4792
f 4748/4788 1207/4792 4750/4786
f 4742/4779 1208/4780 4752/4790
f 4749/4785 4752/4790 1208/4780
f 2571/1751 4752/4790 121/1753
f 4751/4791 121/1753 4752/4790
f 1203/4776 4753/4796 4738/4775
f 4756/4795 4738/4775 4753/4796
f 4755/4794 4756/4795 1210/4805
f 4754/4798 1210/4805 4756/4795
f 111/1758 2579/1759 4735/4771
f 4758/4799 4735/4771 2579/1759
f 4758/4799 4757/4800 4753/4796
f 1211/4797 4753/4796 4757/4800
f 657/1773 2589/1774 4757/4800
f 4761/4801 4757/4800 2589/1774
f 4761/4801 4759/4803 4760/4802
f 1209/4807 4760/4802 4759/4803
f 1211/4797 4760/4802 4754/4798
f 4764/4804 4754/4798 4760/4802
f 4764/4804 4762/4808 4763/4806
f 327/4826 4763/4806 4762/4808
f 4751/4791 1207/4792 4767/4809
f 4765/4810 4767/4809 1207/4792
f 2690/1914 4767/4809 683/1915
f 4766/4811 683/1915 4767/4809
f 334/4789 4768/4814 4748/4788
f 4770/4813 4748/4788 4768/4814
f 4770/4813 4769/4816 4765/4810
f 1214/4812 4765/4810 4769/4816
f 1212/4815 4771/4819 4769/4816
f 4774/4817 4769/4816 4771/4819
f 4774/4817 4772/4821 4773/4818
f 1213/4824 4773/4818 4772/4821
f 4766/4811 1214/4812 4776/4822
f 4773/4818 4776/4822 1214/4812
f 2693/1919 4776/4822 132/1920
f 4775/4823 132/1920 4776/4822
f 1209/4807 4777/4828 4762/4808
f 4780/4825 4762/4808 4777/4828
f 4780/4825 4778/4830 4779/4827
f 1215/4835 4779/4827 4778/4830
f 122/1926 2701/1927 4759/4803
f 4782/4831 4759/4803 2701/1927
f 4782/4831 4781/4832 4777/4828
f 1216/4829 4777/4828 4781/4832
f 4781/4832 687/1938 4784/4834
f 2709/1939 4784/4834 687/1938
f 4783/4833 4784/4834 1157/4526
f 4558/4525 1157/4526 4784/4834
f 4778/4830 1216/4829 4786/4837
f 4783/4833 4786/4837 1216/4829
f 4785/4836 4786/4837 323/4520
f 4553/4519 323/4520 4786/4837
f 4775/4823 1213/4824 4789/4838
f 4787/4839 4789/4838 1213/4824
f 2794/2047 4789/4838 705/2048
f 4788/4840 705/2048 4789/4838
f 329/4820 4790/4843 4772/4821
f 4792/4842 4772/4821 4790/4843
f 4792/4842 4791/4845 4787/4839
f 1218/4841 4787/4839 4791/4845
f 1217/4844 4793/4848 4791/4845
f 4795/4846 4791/4845 4793/4848
f 4795/4846 4571/4543 4794/4847
f 1161/4544 4794/4847 4571/4543
f 4788/4840 1218/4841 4796/4850
f 4794/4847 4796/4850 1218/4841
f 2797/2052 4796/4850 11/2053
f 4567/4538 11/2053 4796/4850
f 4797/4854 4800/4851 1171/4609
f 4614/4610 1171/4609 4800/4851
f 4799/4852 4800/4851 1220/4863
f 4798/4856 1220/4863 4800/4851
f 34/581 2803/2055 4611/4605
f 4802/4857 4611/4605 2803/2055
f 4802/4857 4801/4858 4797/4854
f 1221/4855 4797/4854 4801/4858
f 2813/2070 4805/4860 709/2069
f 4801/4858 709/2069 4805/4860
f 4803/4862 1219/4867 4805/4860
f 4804/4859 4805/4860 1219/4867
f 4798/4856 1221/4855 4808/4865
f 4804/4859 4808/4865 1221/4855
f 4807/4864 4808/4865 306/5642
f 4806/4866 306/5642 4808/4865
f 4634/4635 1177/4636 4811/4868
f 4809/4869 4811/4868 1177/4636
f 2818/2079 4811/4868 711/2081
f 4810/4870 711/2081 4811/4868
f 4629/4629 314/4630 4814/4872
f 4812/4873 4814/4872 314/4630
f 4809/4869 4814/4872 1224/4871
f 4813/4874 1224/4871 4814/4872
f 4813/4874 1222/4875 4818/4877
f 4815/4878 4818/4877 1222/4875
f 4817/4876 4818/4877 1223/4883
f 4816/4879 1223/4883 4818/4877
f 4810/4870 1224/4871 4820/4881
f 4817/4876 4820/4881 1224/4871
f 2821/2084 4820/4881 135/2086
f 4819/4882 135/2086 4820/4881
f 4819/4885 1223/4890 4823/4886
f 4821/4889 4823/4886 1223/4890
f 2844/2122 4823/4886 718/2124
f 4822/4887 718/2124 4823/4886
f 4816/4891 302/5643 4826/4892
f 4824/4895 4826/4892 302/5643
f 1227/4888 4821/4889 4825/4893
f 4826/4892 4825/4893 4821/4889
f 4830/4897 4825/4893 4827/4900
f 1225/4894 4827/4900 4825/4893
f 1226/4903 4829/4896 4828/4898
f 4830/4897 4828/4898 4829/4896
f 4832/4901 4822/4887 4829/4896
f 1227/4888 4829/4896 4822/4887
f 2847/2129 4832/4901 138/2127
f 4831/4902 138/2127 4832/4901
f 4833/4910 4836/4904 1219/4913
f 4806/4906 1219/4913 4836/4904
f 4834/4909 1229/4920 4836/4904
f 4835/4905 4836/4904 1229/4920
f 2829/2091 4838/4911 133/2093
f 4803/4912 133/2093 4838/4911
f 4837/4914 1230/4908 4838/4911
f 4833/4910 4838/4911 1230/4908
f 2839/2109 4841/4915 716/2110
f 4837/4914 716/2110 4841/4915
f 4840/4916 4841/4915 1228/4922
f 4839/4917 1228/4922 4841/4915
f 4840/4916 4844/4918 1230/4908
f 4834/4909 1230/4908 4844/4918
f 307/4924 4843/4919 4842/4921
f 4844/4918 4842/4921 4843/4919
f 1228/4922 4845/4926 4842/4921
f 4848/4923 4842/4921 4845/4926
f 4848/4923 4846/4928 4847/4925
f 1232/4936 4847/4925 4846/4928
f 4839/4917 136/2133 4850/4929
f 2855/2134 4850/4929 136/2133
f 4845/4926 4850/4929 1233/4927
f 4849/4930 1233/4927 4850/4929
f 4849/4930 723/2148 4853/4932
f 2865/2149 4853/4932 723/2148
f 1231/4939 4852/4931 4851/4933
f 4853/4932 4851/4933 4852/4931
f 4856/4935 4846/4928 4852/4931
f 1233/4927 4852/4931 4846/4928
f 301/4941 4855/4937 4854/4938
f 4856/4935 4854/4938 4855/4937
f 4860/4942 4854/4938 4857/4945
f 1231/4939 4857/4945 4854/4938
f 1235/4952 4859/4940 4858/4943
f 4860/4942 4858/4943 4859/4940
f 2864/2151 4862/4946 139/4934
f 4851/4933 139/4934 4862/4946
f 1236/4944 4857/4945 4861/4947
f 4862/4946 4861/4947 4857/4945
f 4865/4949 4861/4947 2861/2147
f 722/2152 2861/2147 4861/4947
f 1234/4955 4864/4948 4863/4950
f 4865/4949 4863/4950 4864/4948
f 4868/4953 4858/4943 4864/4948
f 1236/4944 4864/4948 4858/4943
f 299/4957 4867/4951 4866/4954
f 4868/4953 4866/4954 4867/4951
f 1234/4955 4869/4959 4866/4954
f 4872/4956 4866/4954 4869/4959
f 4872/4956 4870/4960 4871/4958
f 1238/4967 4871/4958 4870/4960
f 4863/4950 140/2146 4874/4962
f 2877/2168 4874/4962 140/2146
f 4869/4959 4874/4962 1239/4961
f 4873/4963 1239/4961 4874/4962
f 4873/4963 726/2167 4877/4965
f 2874/2165 4877/4965 726/2167
f 4876/4964 4877/4965 1237/4971
f 4875/4966 1237/4971 4877/4965
f 4870/4960 1239/4961 4880/4969
f 4876/4964 4880/4969 1239/4961
f 4879/4968 4880/4969 300/4988
f 4878/4970 300/4988 4880/4969
f 4831/4902 1226/4903 4883/4972
f 4881/4973 4883/4972 1226/4903
f 2883/2175 4883/4972 728/2177
f 4882/4974 728/2177 4883/4972
f 4886/4976 4828/4898 4884/4977
f 315/4899 4884/4977 4828/4898
f 4881/4973 4886/4976 1242/4975
f 4885/4979 1242/4975 4886/4976
f 1240/4978 4887/4982 4885/4979
f 4890/4981 4885/4979 4887/4982
f 4889/4980 4890/4981 1241/4987
f 4888/4984 1241/4987 4890/4981
f 4882/4974 1242/4975 4892/4985
f 4889/4980 4892/4985 1242/4975
f 2886/2180 4892/4985 142/2182
f 4891/4986 142/2182 4892/4985
f 4878/4970 1237/4971 4896/4990
f 4893/4993 4896/4990 1237/4971
f 1244/5001 4895/4989 4894/4992
f 4896/4990 4894/4992 4895/4989
f 4875/4966 141/2164 4898/4994
f 2881/2169 4898/4994 141/2164
f 4893/4993 4898/4994 1245/4991
f 4897/4995 1245/4991 4898/4994
f 4897/4995 730/2183 4901/4997
f 2891/2184 4901/4997 730/2183
f 1243/5004 4900/4996 4899/4998
f 4901/4997 4899/4998 4900/4996
f 4904/5002 4894/4992 4900/4996
f 1245/4991 4900/4996 4894/4992
f 4902/5003 304/5016 4904/5002
f 4903/5000 4904/5002 304/5016
f 1241/4987 4905/5006 4891/4986
f 4907/5005 4891/4986 4905/5006
f 4907/5005 4906/5008 2887/2181
f 729/2187 2887/2181 4906/5008
f 303/4983 4908/5010 4888/4984
f 4910/5009 4888/4984 4908/5010
f 4910/5009 4909/5012 4905/5006
f 1247/5007 4905/5006 4909/5012
f 4909/5012 1246/5011 4913/5014
f 4911/5015 4913/5014 1246/5011
f 4912/5013 4913/5014 1243/5004
f 4902/5003 1243/5004 4913/5014
f 4906/5008 1247/5007 4914/5017
f 4912/5013 4914/5017 1247/5007
f 2890/2186 4914/5017 143/4999
f 4899/4998 143/4999 4914/5017
f 1181/4653 4915/5021 4647/4651
f 4918/5020 4647/4651 4915/5021
f 4918/5020 4916/5023 4917/5019
f 1249/5030 4917/5019 4916/5023
f 66/911 2895/2188 4643/4646
f 4920/5024 4643/4646 2895/2188
f 4920/5024 4919/5025 4915/5021
f 1250/5022 4915/5021 4919/5025
f 734/2203 2905/2204 4919/5025
f 4923/5026 4919/5025 2905/2204
f 4923/5026 4921/5028 4922/5027
f 1248/5032 4922/5027 4921/5028
f 1250/5022 4922/5027 4916/5023
f 4926/5029 4916/5023 4922/5027
f 4926/5029 4924/5033 4925/5031
f 311/5051 4925/5031 4924/5033
f 4627/4625 1175/4626 4929/5034
f 4927/5035 4929/5034 1175/4626
f 2910/2212 4929/5034 736/2213
f 4928/5036 736/2213 4929/5034
f 4624/4622 308/4623 4932/5038
f 4930/5039 4932/5038 308/4623
f 4927/5035 4932/5038 1253/5037
f 4931/5040 1253/5037 4932/5038
f 4931/5040 1251/5041 4936/5043
f 4933/5044 4936/5043 1251/5041
f 4935/5042 4936/5043 1252/5049
f 4934/5045 1252/5049 4936/5043
f 4928/5036 1253/5037 4938/5047
f 4935/5042 4938/5047 1253/5037
f 4938/5047 4937/5048 2913/2217
f 144/2218 2913/2217 4937/5048
f 1248/5032 4939/5053 4924/5033
f 4942/5050 4924/5033 4939/5053
f 4942/5050 4940/5055 4941/5052
f 1255/5063 4941/5052 4940/5055
f 146/2224 2921/2225 4921/5028
f 4944/5056 4921/5028 2921/2225
f 4944/5056 4943/5057 4939/5053
f 1256/5054 4939/5053 4943/5057
f 741/2238 2931/2239 4943/5057
f 4947/5058 4943/5057 2931/2239
f 4947/5058 4945/5061 4946/5059
f 1254/5065 4946/5059 4945/5061
f 1256/5054 4946/5059 4940/5055
f 4950/5062 4940/5055 4946/5059
f 4950/5062 4948/5066 4949/5064
f 313/5109 4949/5064 4948/5066
f 4937/5048 1252/5049 4953/5067
f 4951/5068 4953/5067 1252/5049
f 4953/5067 4952/5070 2936/2248
f 743/2249 2936/2248 4952/5070
f 4934/5045 310/5046 4956/5071
f 4954/5072 4956/5071 310/5046
f 4951/5068 4956/5071 1259/5069
f 4955/5073 1259/5069 4956/5071
f 4955/5073 1257/5074 4960/5076
f 4957/5077 4960/5076 1257/5074
f 4959/5075 4960/5076 1258/5082
f 4958/5078 1258/5082 4960/5076
f 4952/5070 1259/5069 4962/5080
f 4959/5075 4962/5080 1259/5069
f 2939/2253 4962/5080 147/2254
f 4961/5081 147/2254 4962/5080
f 4961/5081 1258/5082 4965/5083
f 4963/5084 4965/5083 1258/5082
f 2940/2255 4965/5083 744/2257
f 4964/5085 744/2257 4965/5083
f 4958/5078 312/5079 4968/5087
f 4966/5088 4968/5087 312/5079
f 4967/5089 1262/5086 4968/5087
f 4963/5084 4968/5087 1262/5086
f 4969/5095 4972/5091 1260/5090
f 4967/5089 1260/5090 4972/5091
f 4970/5093 1261/5098 4972/5091
f 4971/5092 4972/5091 1261/5098
f 4964/5085 1262/5086 4974/5096
f 4971/5092 4974/5096 1262/5086
f 2943/2258 4974/5096 148/2237
f 4973/5097 148/2237 4974/5096
f 1261/5098 4975/5100 4973/5097
f 4977/5099 4973/5097 4975/5100
f 4977/5099 4976/5102 2927/2236
f 740/2242 2927/2236 4976/5102
f 4980/5103 4970/5093 4978/5106
f 309/5094 4978/5106 4970/5093
f 4980/5103 4979/5104 4975/5100
f 1264/5101 4975/5100 4979/5104
f 4983/5107 4979/5104 4981/5110
f 1263/5105 4981/5110 4979/5104
f 4983/5107 4948/5066 4982/5108
f 1254/5065 4982/5108 4948/5066
f 1264/5101 4982/5108 4976/5102
f 4984/5111 4976/5102 4982/5108
f 4984/5111 4945/5061 2930/2241
f 149/5060 2930/2241 4945/5061
f 4985/5117 4988/5112 1159/5120
f 4556/5114 1159/5120 4988/5112
f 4986/5116 1266/5130 4988/5112
f 4987/5113 4988/5112 1266/5130
f 4989/5123 4991/5118 316/5644
f 4565/5119 316/5644 4991/5118
f 4990/5122 1267/5115 4991/5118
f 4985/5117 4991/5118 1267/5115
f 4992/5127 4994/5124 1265/5121
f 4990/5122 1265/5121 4994/5124
f 2950/2267 746/2268 4994/5124
f 4993/5125 4994/5124 746/2268
f 4993/5125 4996/5128 1267/5115
f 4986/5116 1267/5115 4996/5128
f 2945/2261 150/2262 4996/5128
f 4995/5129 4996/5128 150/2262
f 784/2463 4997/5133 3084/2464
f 5000/5131 3084/2464 4997/5133
f 5000/5131 4998/5135 4999/5132
f 1269/5147 4999/5132 4998/5135
f 171/2457 5001/5137 3081/2458
f 5003/5136 3081/2458 5001/5137
f 5003/5136 5002/5139 4997/5133
f 1270/5134 4997/5133 5002/5139
f 5004/5144 5006/5140 1268/5138
f 5002/5139 1268/5138 5006/5140
f 4575/5143 1162/5148 5006/5140
f 5005/5141 5006/5140 1162/5148
f 5005/5141 5008/5145 1270/5134
f 4998/5135 1270/5134 5008/5145
f 4572/5149 328/5408 5008/5145
f 5007/5146 5008/5145 328/5408
f 1166/5159 5009/5154 4583/5152
f 5011/5150 4583/5152 5009/5154
f 5010/5155 1265/5166 5011/5150
f 4989/5151 5011/5150 1265/5166
f 5012/5160 5014/5157 317/5190
f 4591/5158 317/5190 5014/5157
f 5009/5154 5014/5157 1272/5156
f 5013/5161 1272/5156 5014/5157
f 5013/5161 1271/5162 5017/5164
f 5015/5165 5017/5164 1271/5162
f 5016/5163 5017/5164 787/2472
f 3091/2473 787/2472 5017/5164
f 5010/5155 1272/5156 5018/5168
f 5016/5163 5018/5168 1272/5156
f 4992/5167 5018/5168 161/2465
f 3087/2466 161/2465 5018/5168
f 816/2669 5019/5172 3207/2670
f 5021/5169 3207/2670 5019/5172
f 5021/5169 5020/5174 5001/5171
f 1268/5185 5001/5171 5020/5174
f 182/2663 5022/5176 3204/2664
f 5024/5175 3204/2664 5022/5176
f 5024/5175 5023/5178 5019/5172
f 1274/5173 5019/5172 5023/5178
f 1273/5177 5025/5181 5023/5178
f 5027/5179 5023/5178 5025/5181
f 5027/5179 4599/5182 5026/5180
f 1168/5186 5026/5180 4599/5182
f 1274/5173 5026/5180 5020/5174
f 5028/5183 5020/5174 5026/5180
f 4596/5187 318/5645 5028/5183
f 5004/5184 5028/5183 318/5645
f 5029/5193 5031/5188 1172/5196
f 4607/5189 1172/5196 5031/5188
f 5030/5192 1271/5162 5031/5188
f 5012/5160 5031/5188 1271/5162
f 5032/5199 5034/5194 305/5414
f 4615/5195 305/5414 5034/5194
f 5033/5198 1276/5191 5034/5194
f 5029/5193 5034/5194 1276/5191
f 5035/5202 5037/5200 1275/5197
f 5033/5198 1275/5197 5037/5200
f 5036/5201 5037/5200 818/2677
f 3213/2678 818/2677 5037/5200
f 5036/5201 5038/5203 1276/5191
f 5030/5192 1276/5191 5038/5203
f 5015/5165 5038/5203 172/2671
f 3209/2672 172/2671 5038/5203
f 847/2837 5039/5205 3329/2838
f 5041/5204 3329/2838 5039/5205
f 5041/5204 5040/5207 5022/5176
f 1273/5177 5022/5176 5040/5207
f 193/2833 5042/5209 3326/2834
f 5044/5208 3326/2834 5042/5209
f 5044/5208 5043/5211 5039/5205
f 1278/5206 5039/5205 5043/5211
f 5043/5211 1277/5210 5047/5212
f 5045/5214 5047/5212 1277/5210
f 5047/5212 4623/4621 5046/5213
f 1174/4616 5046/5213 4623/4621
f 1278/5206 5046/5213 5040/5207
f 5048/5215 5040/5207 5046/5213
f 5048/5215 4620/4618 5025/5181
f 319/4590 5025/5181 4620/4618
f 5049/5220 5052/5216 1179/4643
f 4632/4628 1179/4643 5052/5216
f 5050/5219 1280/5230 5052/5216
f 5051/5217 5052/5216 1280/5230
f 4641/4642 321/4665 5055/5221
f 5053/5222 5055/5221 321/4665
f 5049/5220 5055/5221 1281/5218
f 5054/5223 1281/5218 5055/5221
f 5054/5223 1279/5224 5058/5226
f 5056/5227 5058/5226 1279/5224
f 5057/5225 5058/5226 911/3181
f 3579/3182 911/3181 5058/5226
f 5057/5225 5060/5228 1281/5218
f 5050/5219 1281/5218 5060/5228
f 205/3175 5059/5229 3575/3176
f 5060/5228 3575/3176 5059/5229
f 940/3342 5061/5233 3695/3341
f 5064/5232 3695/3341 5061/5233
f 5064/5232 5062/5235 5063/5231
f 1283/5246 5063/5231 5062/5235
f 226/3338 5065/5237 3692/3337
f 5067/5236 3692/3337 5065/5237
f 5067/5236 5066/5239 5061/5233
f 1284/5234 5061/5233 5066/5239
f 1282/5238 5068/5242 5066/5239
f 5070/5240 5066/5239 5068/5242
f 5070/5240 4651/5244 5069/5241
f 1182/5248 5069/5241 4651/5244
f 1284/5234 5069/5241 5062/5235
f 5072/5245 5062/5235 5069/5241
f 5072/5245 4648/5249 5071/5247
f 320/5554 5071/5247 4648/5249
f 5075/5250 4659/4666 5073/5253
f 1186/4677 5073/5253 4659/4666
f 1279/5224 5053/5222 5074/5251
f 5075/5250 5074/5251 5053/5222
f 5078/5254 4667/4678 5076/5257
f 322/4698 5076/5257 4667/4678
f 1286/5252 5073/5253 5077/5255
f 5078/5254 5077/5255 5073/5253
f 1285/5256 5079/5260 5077/5255
f 5081/5258 5077/5255 5079/5260
f 5081/5258 3701/3349 5080/5259
f 942/3351 5080/5259 3701/3349
f 5082/5261 5074/5251 5080/5259
f 1286/5252 5080/5259 5074/5251
f 216/3343 5056/5227 3697/3345
f 5082/5261 3697/3345 5056/5227
f 5085/5262 3817/3509 5083/5265
f 971/3510 5083/5265 3817/3509
f 1282/5238 5065/5237 5084/5263
f 5085/5262 5084/5263 5065/5237
f 5088/5266 3814/3505 5086/5269
f 237/3506 5086/5269 3814/3505
f 1288/5264 5083/5265 5087/5267
f 5088/5266 5087/5267 5083/5265
f 5091/5271 5087/5267 5089/5274
f 1287/5268 5089/5274 5087/5267
f 1188/5277 5090/5270 4675/5272
f 5091/5271 4675/5272 5090/5270
f 5092/5275 5084/5263 5090/5270
f 1288/5264 5090/5270 5084/5263
f 5092/5275 4672/5276 5068/5242
f 330/5243 5068/5242 4672/5276
f 5095/5278 4683/4699 5093/5281
f 1192/4709 5093/5281 4683/4699
f 1285/5256 5076/5257 5094/5279
f 5095/5278 5094/5279 5076/5257
f 5098/5282 4691/4710 5096/5283
f 324/4729 5096/5283 4691/4710
f 1290/5280 5093/5281 5097/5284
f 5098/5282 5097/5284 5093/5281
f 5097/5284 1289/5285 5101/5287
f 5099/5288 5101/5287 1289/5285
f 973/3517 5100/5286 3823/3519
f 5101/5287 3823/3519 5100/5286
f 5102/5289 5094/5279 5100/5286
f 1290/5280 5100/5286 5094/5279
f 227/3513 5079/5260 3819/3511
f 5102/5289 3819/3511 5079/5260
f 5105/5290 3939/3677 5103/5293
f 1002/3678 5103/5293 3939/3677
f 1287/5268 5086/5269 5104/5291
f 5105/5290 5104/5291 5086/5269
f 3936/3673 248/3674 5108/5294
f 5106/5295 5108/5294 248/3674
f 1292/5292 5103/5293 5107/5296
f 5108/5294 5107/5296 5103/5293
f 5111/5299 5107/5296 5109/5302
f 1291/5297 5109/5302 5107/5296
f 1194/5305 5110/5298 4699/5300
f 5111/5299 4699/5300 5110/5298
f 5112/5303 5104/5291 5110/5298
f 1292/5292 5110/5298 5104/5291
f 331/5273 5089/5274 4696/5304
f 5112/5303 4696/5304 5089/5274
f 4707/4730 1198/4740 5115/5306
f 5113/5307 5115/5306 1198/4740
f 5096/5283 5115/5306 1289/5285
f 5114/5308 1289/5285 5115/5306
f 4715/4741 325/4761 5118/5310
f 5116/5311 5118/5310 325/4761
f 5113/5307 5118/5310 1294/5309
f 5117/5312 1294/5309 5118/5310
f 5117/5312 1293/5313 5121/5315
f 5119/5316 5121/5315 1293/5313
f 5120/5314 5121/5315 1004/3685
f 3945/3686 1004/3685 5121/5315
f 5114/5308 1294/5309 5122/5317
f 5120/5314 5122/5317 1294/5309
f 5099/5288 5122/5317 238/3679
f 3941/3681 238/3679 5122/5317
f 4061/3845 1033/3846 5125/5318
f 5123/5319 5125/5318 1033/3846
f 5106/5295 5125/5318 1291/5297
f 5124/5320 1291/5297 5125/5318
f 4058/3842 259/3843 5128/5322
f 5126/5323 5128/5322 259/3843
f 5123/5319 5128/5322 1296/5321
f 5127/5324 1296/5321 5128/5322
f 5127/5324 1295/5325 5131/5327
f 5129/5328 5131/5327 1295/5325
f 5130/5326 5131/5327 1200/5333
f 4723/5329 1200/5333 5131/5327
f 5124/5320 1296/5321 5132/5331
f 5130/5326 5132/5331 1296/5321
f 332/5301 5109/5302 4720/5332
f 5132/5331 4720/5332 5109/5302
f 4731/4762 1204/4772 5135/5334
f 5133/5335 5135/5334 1204/4772
f 5116/5311 5135/5334 1293/5313
f 5134/5336 1293/5313 5135/5334
f 4739/4773 326/4793 5138/5338
f 5136/5339 5138/5338 326/4793
f 5133/5335 5138/5338 1298/5337
f 5137/5340 1298/5337 5138/5338
f 5137/5340 1297/5341 5141/5343
f 5139/5344 5141/5343 1297/5341
f 5140/5342 5141/5343 1035/3853
f 4067/3854 1035/3853 5141/5343
f 5134/5336 1298/5337 5142/5345
f 5140/5342 5142/5345 1298/5337
f 5119/5316 5142/5345 249/3847
f 4063/3848 249/3847 5142/5345
f 4183/4013 1064/4014 5145/5346
f 5143/5347 5145/5346 1064/4014
f 5126/5323 5145/5346 1295/5325
f 5144/5348 1295/5325 5145/5346
f 4180/4010 270/4011 5148/5350
f 5146/5351 5148/5350 270/4011
f 5143/5347 5148/5350 1300/5349
f 5147/5352 1300/5349 5148/5350
f 5147/5352 1299/5353 5151/5355
f 5149/5356 5151/5355 1299/5353
f 5150/5354 5151/5355 1206/5361
f 4747/5357 1206/5361 5151/5355
f 5144/5348 1300/5349 5152/5359
f 5150/5354 5152/5359 1300/5349
f 5129/5328 5152/5359 333/5330
f 4744/5360 333/5330 5152/5359
f 4755/4794 1210/4805 5155/5362
f 5153/5365 5155/5362 1210/4805
f 1297/5341 5136/5339 5154/5363
f 5155/5362 5154/5363 5136/5339
f 5158/5366 4763/4806 5156/5369
f 327/4826 5156/5369 4763/4806
f 1302/5364 5153/5365 5157/5367
f 5158/5366 5157/5367 5153/5365
f 5161/5371 5157/5367 5159/5372
f 1301/5368 5159/5372 5157/5367
f 1066/4021 5160/5370 4189/4023
f 5161/5371 4189/4023 5160/5370
f 5162/5373 5154/5363 5160/5370
f 1302/5364 5160/5370 5154/5363
f 260/4015 5139/5344 4185/4017
f 5162/5373 4185/4017 5139/5344
f 4305/4181 1095/4182 5165/5374
f 5163/5375 5165/5374 1095/4182
f 5146/5351 5165/5374 1299/5353
f 5164/5376 1299/5353 5165/5374
f 4302/4177 281/4178 5168/5378
f 5166/5379 5168/5378 281/4178
f 5163/5375 5168/5378 1304/5377
f 5167/5380 1304/5377 5168/5378
f 5171/5383 5167/5380 5169/5386
f 1303/5381 5169/5386 5167/5380
f 1212/5389 5170/5382 4771/5384
f 5171/5383 4771/5384 5170/5382
f 5172/5387 5164/5376 5170/5382
f 1304/5377 5170/5382 5164/5376
f 334/5358 5149/5356 4768/5388
f 5172/5387 4768/5388 5149/5356
f 5175/5390 4779/4827 5173/5393
f 1215/4835 5173/5393 4779/4827
f 1301/5368 5156/5369 5174/5391
f 5175/5390 5174/5391 5156/5369
f 4785/4836 323/4520 5177/5394
f 4987/5113 5177/5394 323/4520
f 5173/5393 5177/5394 1305/5392
f 5176/5395 1305/5392 5177/5394
f 5176/5395 1266/5130 5179/5397
f 4995/5129 5179/5397 1266/5130
f 5178/5396 5179/5397 1097/4189
f 4311/4190 1097/4189 5179/5397
f 5180/5398 5174/5391 5178/5396
f 1305/5392 5178/5396 5174/5391
f 271/4183 5159/5372 4307/4185
f 5180/5398 4307/4185 5159/5372
f 4407/4311 1116/4312 5183/5399
f 5181/5400 5183/5399 1116/4312
f 5166/5379 5183/5399 1303/5381
f 5182/5401 1303/5381 5183/5399
f 4404/4308 160/4309 5185/5403
f 4999/5132 5185/5403 160/4309
f 5181/5400 5185/5403 1306/5402
f 5184/5404 1306/5402 5185/5403
f 5187/5406 5184/5404 5007/5146
f 1269/5147 5007/5146 5184/5404
f 1217/5411 5186/5405 4793/5407
f 5187/5406 4793/5407 5186/5405
f 5188/5409 5182/5401 5186/5405
f 1306/5402 5186/5405 5182/5401
f 329/5385 5169/5386 4790/5410
f 5188/5409 4790/5410 5169/5386
f 4799/5413 1220/5418 5191/5412
f 5189/5417 5191/5412 1220/5418
f 5190/5415 1275/5197 5191/5412
f 5032/5199 5191/5412 1275/5197
f 4807/5419 306/5646 5194/5420
f 5192/5421 5194/5420 306/5646
f 5189/5417 5194/5420 1308/5416
f 5193/5422 1308/5416 5194/5420
f 5195/5427 5197/5425 1307/5423
f 5193/5422 1307/5423 5197/5425
f 4413/4319 1118/4318 5197/5425
f 5196/5424 5197/5425 1118/4318
f 5198/5428 5190/5415 5196/5424
f 1308/5416 5196/5424 5190/5415
f 183/2839 5035/5202 4409/4313
f 5198/5428 4409/4313 5035/5202
f 4433/4346 1123/4347 5201/5429
f 5199/5430 5201/5429 1123/4347
f 5059/5229 5201/5429 1280/5230
f 5200/5431 1280/5230 5201/5429
f 4430/4343 284/4344 5204/5433
f 5202/5434 5204/5433 284/4344
f 5199/5430 5204/5433 1310/5432
f 5203/5435 1310/5432 5204/5433
f 5203/5435 1309/5436 5207/5438
f 5205/5439 5207/5438 1309/5436
f 5206/5437 5207/5438 1222/5444
f 4815/5440 1222/5444 5207/5438
f 5200/5431 1310/5432 5208/5442
f 5206/5437 5208/5442 1310/5432
f 5051/5217 5208/5442 314/4630
f 4812/5443 314/4630 5208/5442
f 4459/4389 1130/4390 5211/5447
f 5209/5448 5211/5447 1130/4390
f 5202/5446 5211/5447 1309/5459
f 5210/5450 1309/5459 5211/5447
f 4456/4384 287/4383 5214/5451
f 5212/5452 5214/5451 287/4383
f 5214/5451 5213/5453 5209/5448
f 1312/5449 5209/5448 5213/5453
f 1311/5454 5215/5457 5213/5453
f 5217/5455 5213/5453 5215/5457
f 5217/5455 4827/5458 5216/5456
f 1225/5462 5216/5456 4827/5458
f 1312/5449 5216/5456 5210/5450
f 5218/5461 5210/5450 5216/5456
f 5205/5460 5218/5461 302/5647
f 4824/5463 302/5647 5218/5461
f 5219/5470 5221/5464 1229/5473
f 4835/5466 1229/5473 5221/5464
f 5220/5469 1307/5482 5221/5464
f 5192/5465 5221/5464 1307/5482
f 307/4924 5222/5474 4843/5472
f 5224/5471 4843/5472 5222/5474
f 5223/5475 1314/5468 5224/5471
f 5219/5470 5224/5471 1314/5468
f 5223/5475 1313/5476 5227/5477
f 5225/5479 5227/5477 1313/5476
f 4439/4356 1125/4357 5227/5477
f 5226/5478 5227/5477 1125/4357
f 5226/5478 5228/5480 1314/5468
f 5220/5469 1314/5468 5228/5480
f 4435/4350 282/4351 5228/5480
f 5195/5481 5228/5480 282/4351
f 5231/5483 4847/4925 5229/5486
f 1232/4936 5229/5486 4847/4925
f 5231/5483 5230/5484 5222/5474
f 1313/5476 5222/5474 5230/5484
f 301/4941 5232/5488 4855/4937
f 5234/5487 4855/4937 5232/5488
f 5234/5487 5233/5490 5229/5486
f 1316/5485 5229/5486 5233/5490
f 1315/5489 5235/5493 5233/5490
f 5237/5492 5233/5490 5235/5493
f 5236/5491 5237/5492 1132/4397
f 4465/4398 1132/4397 5237/5492
f 5230/5484 1316/5485 5238/5495
f 5236/5491 5238/5495 1316/5485
f 5225/5479 5238/5495 285/4391
f 4461/4392 285/4391 5238/5495
f 1235/4952 5239/5497 4859/4940
f 5241/5496 4859/4940 5239/5497
f 5241/5496 5240/5499 5232/5488
f 1315/5489 5232/5488 5240/5499
f 299/4957 5242/5501 4867/4951
f 5244/5500 4867/4951 5242/5501
f 5244/5500 5243/5503 5239/5497
f 1318/5498 5239/5497 5243/5503
f 1317/5502 5245/5506 5243/5503
f 5247/5504 5243/5503 5245/5506
f 5247/5504 4469/4407 5246/5505
f 1133/4402 5246/5505 4469/4407
f 1318/5498 5246/5505 5240/5499
f 5248/5507 5240/5499 5246/5505
f 5248/5507 4466/4400 5235/5493
f 288/5494 5235/5493 4466/4400
f 5251/5508 4871/4958 5249/5509
f 1238/4967 5249/5509 4871/4958
f 1317/5502 5242/5501 5250/5510
f 5251/5508 5250/5510 5242/5501
f 4879/4968 300/4988 5254/5512
f 5252/5513 5254/5512 300/4988
f 5249/5509 5254/5512 1320/5511
f 5253/5514 1320/5511 5254/5512
f 5253/5514 1319/5515 5257/5517
f 5255/5518 5257/5517 1319/5515
f 5256/5516 5257/5517 1136/4417
f 4481/4421 1136/4417 5257/5517
f 5250/5510 1320/5511 5258/5519
f 5256/5516 5258/5519 1320/5511
f 5245/5506 5258/5519 289/4406
f 4478/4416 289/4406 5258/5519
f 4499/4444 1141/4445 5261/5520
f 5259/5521 5261/5520 1141/4445
f 5212/5452 5261/5520 1311/5454
f 5260/5522 1311/5454 5261/5520
f 4496/4441 291/4442 5264/5524
f 5262/5525 5264/5524 291/4442
f 5259/5521 5264/5524 1322/5523
f 5263/5526 1322/5523 5264/5524
f 5263/5526 1321/5527 5267/5529
f 5265/5530 5267/5529 1321/5527
f 1240/4978 5266/5528 4887/4982
f 5267/5529 4887/4982 5266/5528
f 5260/5522 1322/5523 5268/5531
f 5266/5528 5268/5531 1322/5523
f 5268/5531 4884/4977 5215/5457
f 315/4899 5215/5457 4884/4977
f 1244/5001 5269/5535 4895/4989
f 5271/5532 4895/4989 5269/5535
f 5252/5513 5271/5532 1319/5515
f 5270/5534 1319/5515 5271/5532
f 304/5016 5272/5537 4903/5000
f 5274/5536 4903/5000 5272/5537
f 5274/5536 5273/5539 5269/5535
f 1324/5533 5269/5535 5273/5539
f 1323/5538 5275/5542 5273/5539
f 5277/5541 5273/5539 5275/5542
f 5276/5540 5277/5541 1139/4432
f 4491/4433 1139/4432 5277/5541
f 5270/5534 1324/5533 5278/5544
f 5276/5540 5278/5544 1324/5533
f 5255/5518 5278/5544 290/4422
f 4487/4427 290/4422 5278/5544
f 5279/5548 5281/5545 1140/4437
f 4495/4440 1140/4437 5281/5545
f 5280/5547 1321/5527 5281/5545
f 5262/5525 5281/5545 1321/5527
f 4492/4435 292/5543 5283/5549
f 5275/5542 5283/5549 292/5543
f 5279/5548 5283/5549 1325/5546
f 5282/5550 1325/5546 5283/5549
f 5282/5550 1323/5538 5285/5552
f 5272/5537 5285/5552 1323/5538
f 5284/5551 5285/5552 1246/5011
f 4911/5015 1246/5011 5285/5552
f 5284/5551 5286/5553 1325/5546
f 5280/5547 1325/5546 5286/5553
f 303/4983 5265/5530 4908/5010
f 5286/5553 4908/5010 5265/5530
f 5289/5556 4917/5555 5287/5559
f 1249/5560 5287/5559 4917/5555
f 1283/5246 5071/5247 5288/5557
f 5289/5556 5288/5557 5071/5247
f 5292/5561 4925/5562 5290/5565
f 311/5582 5290/5565 4925/5562
f 1327/5558 5287/5559 5291/5563
f 5292/5561 5291/5563 5287/5559
f 5295/5567 5291/5563 5293/5568
f 1326/5564 5293/5568 5291/5563
f 1143/4451 5294/5566 4505/4453
f 5295/5567 4505/4453 5294/5566
f 5296/5569 5288/5557 5294/5566
f 1327/5558 5294/5566 5288/5557
f 215/3169 5063/5231 4501/4446
f 5296/5569 4501/4446 5063/5231
f 4525/4480 1148/4479 5299/5570
f 5297/5571 5299/5570 1148/4479
f 5042/5209 5299/5570 1277/5210
f 5298/5572 1277/5210 5299/5570
f 5302/5574 4522/4475 5300/5575
f 293/4476 5300/5575 4522/4475
f 5297/5571 5302/5574 1329/5573
f 5301/5576 1329/5573 5302/5574
f 5301/5576 1328/5577 5305/5579
f 5303/5580 5305/5579 1328/5577
f 5304/5578 5305/5579 1251/5041
f 4933/5044 1251/5041 5305/5579
f 5298/5572 1329/5573 5306/5581
f 5304/5578 5306/5581 1329/5573
f 5045/5214 5306/5581 308/4623
f 4930/5039 308/4623 5306/5581
f 5309/5583 4941/5584 5307/5587
f 1255/5588 5307/5587 4941/5584
f 1326/5564 5290/5565 5308/5585
f 5309/5583 5308/5585 5290/5565
f 5312/5589 4949/5590 5310/5593
f 313/5631 5310/5593 4949/5590
f 1331/5586 5307/5587 5311/5591
f 5312/5589 5311/5591 5307/5587
f 5315/5595 5311/5591 5313/5597
f 1330/5592 5313/5597 5311/5591
f 1150/4487 5314/5594 4531/4488
f 5315/5595 4531/4488 5314/5594
f 5316/5598 5308/5585 5314/5594
f 1331/5586 5314/5594 5308/5585
f 295/4481 5293/5568 4527/4483
f 5316/5598 4527/4483 5293/5568
f 5319/5599 4551/4515 5317/5602
f 1155/4516 5317/5602 4551/4515
f 5300/5575 5319/5599 1328/5577
f 5318/5600 1328/5577 5319/5599
f 4548/4511 296/4512 5322/5603
f 5320/5604 5322/5603 296/4512
f 5317/5602 5322/5603 1333/5601
f 5321/5605 1333/5601 5322/5603
f 5321/5605 1332/5606 5325/5608
f 5323/5609 5325/5608 1332/5606
f 5324/5607 5325/5608 1257/5074
f 4957/5077 1257/5074 5325/5608
f 5318/5600 1333/5601 5326/5610
f 5324/5607 5326/5610 1333/5601
f 5303/5580 5326/5610 310/5046
f 4954/5072 310/5046 5326/5610
f 4547/4513 1154/4507 5329/5611
f 5327/5612 5329/5611 1154/4507
f 5320/5604 5329/5611 1332/5606
f 5328/5613 1332/5606 5329/5611
f 4544/4508 297/4497 5332/5615
f 5330/5616 5332/5615 297/4497
f 5327/5612 5332/5615 1335/5614
f 5331/5617 1335/5614 5332/5615
f 5333/5621 5335/5619 1334/5618
f 5331/5617 1334/5618 5335/5619
f 4969/5095 1260/5090 5335/5619
f 5334/5620 5335/5619 1260/5090
f 5334/5620 5336/5622 1335/5614
f 5328/5613 1335/5614 5336/5622
f 5323/5609 5336/5622 312/5079
f 4966/5088 312/5079 5336/5622
f 1151/4492 5337/5624 4535/4495
f 5339/5623 4535/4495 5337/5624
f 5339/5623 5338/5626 5330/5616
f 1334/5618 5330/5616 5338/5626
f 298/5596 5313/5597 4532/4490
f 5341/5627 4532/4490 5313/5597
f 5341/5627 5340/5628 5337/5624
f 1336/5625 5337/5624 5340/5628
f 1330/5592 5310/5593 5340/5628
f 5343/5629 5340/5628 5310/5593
f 5343/5629 4981/5632 5342/5630
f 1263/5634 5342/5630 4981/5632
f 1336/5625 5342/5630 5338/5626
f 5344/5633 5338/5626 5342/5630
f 5344/5633 4978/5635 5333/5621
f 309/5094 5333/5621 4978/5635
